participant_id,session_id,trial_id,movement_label,timestamp,shoulder_width,head_offset_x,head_offset_y,torso_dx,torso_dy,movement_speed,head_offset_z,torso_dz,movement_speed_3d
P01,session_02,001,neutral,0.0003116130828857422,0.5277257190015802,0.004210438811475763,-0.8459884742328945,0.0,0.0,0.0,-1.8209459311012381,0.0,0.0
P01,session_02,001,neutral,0.12449955940246582,0.5420396432039656,0.013485196877290313,-0.8374682429199378,-0.013183429195764268,0.015153097670391044,0.16173306720176137,-2.0266422788770693,-0.025126303741210203,0.2590230054359923
P01,session_02,001,neutral,0.1600644588470459,0.543391393971706,0.010296827068716527,-0.8391661773822935,0.002923048639998351,0.0024834382270461537,0.10784736330538511,-1.9981502053344755,0.13789542905742203,3.8787896072723256
P01,session_02,001,neutral,0.20464324951171875,0.5473972828663943,0.008963661884726856,-0.8500088106649955,-0.001554421501757378,0.01701528324556875,0.38327951728794135,-1.9531732735812628,0.005873574728900636,0.4052938894715822
P01,session_02,001,neutral,0.2419419288635254,0.5468600840646567,0.008952384983091664,-0.8483687049277842,6.520585388466832e-05,-0.0014490250304550322,0.038888546170233504,-1.8579179970899014,0.07956427555524705,2.1335204727108916
P01,session_02,001,neutral,0.2703566551208496,0.5487137504887868,0.00708323760928005,-0.8470754864990592,-0.001722946018942502,0.005708139577675156,0.20983835836800982,-1.835776375372364,-0.034724212516276935,1.2399346838959862
P01,session_02,001,neutral,0.29799842834472656,0.5483525214659049,0.007335435498232035,-0.8456656918758315,-0.00022079215460950544,-0.0022350959651239164,0.08125292321056989,-1.8055960656982026,0.09232919198783271,3.341193225469942
P01,session_02,001,neutral,0.3298013210296631,0.5470967504644393,0.006164612410483571,-0.8446005996229518,-0.0009924815168097184,-0.00013073660859756438,0.03147686168534142,-1.8276039574404879,0.008777465243686267,0.27778495637047784
P01,session_02,001,neutral,0.3618505001068115,0.546386532647788,0.008142468973309436,-0.8445685623866572,-0.001073024593653131,-0.0011087784440097013,0.048143974471327414,-1.7300759925087112,0.17370987741591837,5.420317618301368
P01,session_02,001,neutral,0.3938422203063965,0.5433408953148018,0.015160961737369319,-0.8467562805158695,-0.0026170919978725973,-0.0033972529173553617,0.13404763341953377,-1.8038675531068915,-0.08704244984568298,2.7240806760108347
P01,session_02,001,neutral,0.425792932510376,0.5419415818450177,0.016904907516723088,-0.8488503607820854,-0.0016558569400797927,-0.00010563917445097412,0.051930712962708174,-1.7708689654066638,0.03147940164703485,0.9866164632243228
P01,session_02,001,neutral,0.45886874198913574,0.5411508511903593,0.01823820508137767,-0.8497609307164149,-0.0007892660287972294,-0.0001977088960249837,0.024599611347460283,-1.8045140141524638,-0.031118526616536225,0.9411458862776855
P01,session_02,001,neutral,0.48944783210754395,0.5411170139068909,0.021311239974155065,-0.8479585726040598,-0.0003972049363375626,4.9788305941369466e-05,0.013091075369710936,-1.7913795852457555,0.059556011524342714,1.9476497389568563
P01,session_02,001,neutral,0.5217752456665039,0.5405578864249203,0.022103429584430255,-0.8488970233029999,-0.0007630893092619478,-8.672346531818827e-05,0.023756972255774847,-1.86839707609075,-0.150279829204277,4.648741581009065
P01,session_02,001,neutral,0.5536069869995117,0.5405514730689798,0.02222134603885205,-0.8474681741152545,4.642213868731288e-05,8.666936106467441e-05,0.00308870422491736,-1.8406026239822615,-0.08564074130043546,2.6904213891841224
P01,session_02,001,neutral,0.5855810642242432,0.5402640165024096,0.01963589738264098,-0.8460527704267307,-0.0010133354166472072,0.0015598304614334827,0.058174812527725404,-1.8466934718077825,0.009605283401988473,0.30598946646476016
P01,session_02,001,neutral,0.6179625988006592,0.5402409456798637,0.020194756185978865,-0.8431847461846597,0.0001226039270742407,-0.0005788449974308246,0.0182723516597558,-1.8610279300640387,0.01573291104329327,0.4862040499761438
P01,session_02,001,neutral,0.6504170894622803,0.5404755573531576,0.016260149074733377,-0.8442171623712652,0.00026316006646409526,0.001307997891376596,0.041110128107404144,-1.8547898372614533,0.08008626649176605,2.4679906478811486
P01,session_02,001,neutral,0.6975483894348145,0.5404607850732085,0.016705620511243666,-0.843557959830614,9.161915168451761e-05,-0.0003262226309753874,0.007189363037693551,-1.8414402609506049,-0.015325405424476602,0.3252435406794434
P01,session_02,001,neutral,0.7296884059906006,0.5405156026968321,0.017856231095026737,-0.8484593702562057,-0.0001031610279317932,0.0022644700252051025,0.07052947916729264,-1.9063111740253424,-0.061960630630496984,1.9291241569526374
P01,session_02,001,neutral,0.7616219520568848,0.5400802781488672,0.01963487983665772,-0.8459003108931861,0.00022878159714124333,-0.0022807527672556367,0.07178026980907858,-1.811933970880317,0.0718313791519194,2.2505468910366786
P01,session_02,001,neutral,0.7936351299285889,0.5407036837431292,0.021156390589505622,-0.8451173336435078,-0.0006639197865933636,0.0008830400482347996,0.0345103099034732,-1.9133620931246171,-0.030964385467678882,0.9678541831658923
P01,session_02,001,neutral,0.8260321617126465,0.5406456581980341,0.01995953050350913,-0.8441498297322287,0.00013469445957829074,-0.0018352292378719188,0.056800434100844656,-1.8960972148981985,0.042425722970445064,1.3107871116180425
P01,session_02,001,neutral,0.8576512336730957,0.5408469101663463,0.01800200599111924,-0.847226098535492,-0.0004627555389655227,0.0010941264565014787,0.03757108076505568,-1.8409446318392628,0.16777238433217853,5.306183253971433
P01,session_02,001,neutral,0.8906517028808594,0.5409534628665311,0.020064638385721964,-0.8464793180790399,0.0008278155644379291,-0.0007349851886840418,0.033545427010337234,-1.8593667258338704,-0.02521567748805124,0.7648365733788131
P01,session_02,001,neutral,0.9220030307769775,0.5416704915755594,0.019305826457050868,-0.8466088961073821,0.0007406145763892073,0.0017073584083284958,0.059361769700348475,-1.857829766707043,0.0044094929735847875,0.15266172576066514
P01,session_02,001,neutral,0.9537365436553955,0.5374745153576985,0.020458559356648247,-0.8506994165586622,-0.0019150355577674742,-0.0014524815831056255,0.07574176760787009,-1.8438438045527918,-0.02637270172783567,0.8345121662414535
P01,session_02,001,neutral,0.9854252338409424,0.5373355509519515,0.020842469494284917,-0.8487610184063291,-0.00022298959550964704,-0.0012629513939435824,0.04047141384570437,-1.7832946616525938,-0.07067325362592256,2.230603054189987
P01,session_02,001,neutral,1.0177624225616455,0.5369357268479463,0.02159403415779317,-0.8521275780155863,-0.00040512698304649995,-0.00223338807286273,0.07019270752960442,-1.8139480461976292,0.013586185089146677,0.42596436392149806
P01,session_02,001,neutral,1.0495827198028564,0.5370620981517092,0.023780363543544698,-0.8513305945050675,-0.00011858510060882089,-0.0005772214396504234,0.018518893295382276,-1.8052800016614345,0.046029802871765835,1.4466733088174593
P01,session_02,001,neutral,1.082529067993164,0.5368458126521651,0.022501470165540657,-0.8506062174484275,-0.00034607269608204753,-0.001022396670475308,0.032761750409168004,-1.8018390667673392,0.0062021623074068975,0.19107991757349146
P01,session_02,001,neutral,1.1297106742858887,0.5350414593068709,0.02069847636408269,-0.8479902300828613,0.0020799573604666144,-0.0019642386181458883,0.06063483303556318,-1.8329832073315304,-0.14749833961761935,3.1267710625271525
P01,session_02,001,neutral,1.1619079113006592,0.5374731979157412,0.017803575342007123,-0.8488553845616902,0.0011818111129510164,0.0026014982047210845,0.08874530886776391,-1.8300656014011811,0.011049061971414397,0.3544573564915514
P01,session_02,001,neutral,1.193861722946167,0.5372699916894044,0.020532966729875167,-0.8463147455278842,6.060088542480798e-05,4.8924467683918205e-05,0.0024374239177716492,-1.8266532443929955,-0.0062753950292326445,0.19640468567813738
P01,session_02,001,neutral,1.2258870601654053,0.5369051196546792,0.019724297755522265,-0.8473829059712694,0.0003605774635842244,0.0003673493925493222,0.016073032607213156,-1.8309423372250402,0.005887276359513824,0.18453315213707863
P01,session_02,001,neutral,1.2578153610229492,0.5376520453536099,0.012977056376460142,-0.8468130983731628,2.084186848094951e-05,0.0006176620757532456,0.019356295021654858,-1.8757989549289162,0.04947887292628053,1.5498078846092844
P01,session_02,001,neutral,1.2897882461547852,0.5380589119257058,0.012001931174762923,-0.8473271685883988,-0.00018045601362052743,0.0009323006817865923,0.029700310621699137,-1.8662876136894102,0.0257528400395469,0.806006143742478
P01,session_02,001,neutral,1.322322130203247,0.5379123414159512,0.01662595135106211,-0.8465437179946911,-0.00015654309340584326,-0.0009288980725685252,0.02895431972149893,-1.8333471112860609,0.0226604923038909,0.6971212908918987
P01,session_02,001,neutral,1.3539142608642578,0.5359875443801134,0.018953105033579304,-0.8498860163043928,-0.0022060625368832292,-0.002643905524285706,0.10899524373360443,-1.8816232185288666,-0.019509048027997192,0.627073906264279
P01,session_02,001,neutral,1.3857548236846924,0.5359916628089112,0.01905793637994751,-0.8552810741357009,-0.00012999797306039964,-0.0010288077397504595,0.032568153898830804,-1.8078171181766167,0.07668818408302905,2.408726106565262
P01,session_02,001,neutral,1.4179401397705078,0.535888348020866,0.018881118818973214,-0.8544385925133541,0.00017137125070334103,0.0015072216896193245,0.04713120928666782,-1.8554955922991143,-0.05826077517177625,1.8107797923415843
P01,session_02,001,neutral,1.4498085975646973,0.536033410232858,0.021195358232681847,-0.8522333601788568,-3.613862341824325e-07,0.00022011201555819236,0.006906901916831348,-1.828478185749645,-0.04492061469722836,1.4095804152949085
P01,session_02,001,neutral,1.4817516803741455,0.536476964614461,0.021097950446226726,-0.8541799563307486,-0.00011665902012985172,0.003025357255367488,0.09478125977565705,-1.9124540350999575,-0.06458076698645548,2.023965466523423
P01,session_02,001,neutral,1.5141372680664062,0.5360833185445637,0.022474018564509684,-0.8510204836367622,-0.0006684466984768898,-0.0022505595221590092,0.07249306885898166,-1.8971544655983368,-0.005985388705215764,0.19852545902647512
P01,session_02,001,neutral,1.5615453720092773,0.5361800335659815,0.025462953025433426,-0.8502367263695227,-0.00022030194596773346,-0.002371101479257611,0.05023009889011404,-1.8919712041327246,0.002860256840803981,0.07850536446749964
P01,session_02,001,neutral,1.593766450881958,0.5362851747355907,0.025048980372945878,-0.8510824402672218,8.644190564640557e-05,-0.0002637436735440957,0.008613866286062104,-1.8923130103752792,0.009540646752962635,0.29622481073423934
P01,session_02,001,neutral,1.6257245540618896,0.5369383619095276,0.026196972917273718,-0.8485355505745833,-0.0007012397842223563,0.0006496208987287049,0.029911032487534205,-1.827500452170521,0.15915448374008007,4.9801877614431715
P01,session_02,001,neutral,1.6579368114471436,0.5371821631392792,0.027301792162386748,-0.8475684663930665,-0.00011531307502993913,-4.1442803486824404e-05,0.003803959507293718,-1.8719401156115474,-0.10903973306598175,3.385040688428822
P01,session_02,001,neutral,1.6901402473449707,0.5383147862511872,0.02760519994663282,-0.8491850755049438,-0.00021303397097166145,0.006147535915965497,0.19101148151240818,-1.8804825843410156,0.04111132118475017,1.290823706917231
P01,session_02,001,neutral,1.7219233512878418,0.5383837324493311,0.02723153244870265,-0.848142873426609,0.00028455324520483305,-0.0020830150018593266,0.06614712863499701,-1.8872061807168,0.03672800227059282,1.1574742397555817
P01,session_02,001,neutral,1.7545442581176758,0.5370282269229718,0.027344885075014206,-0.84714864180621,-1.687044656436444e-05,-0.002612921401435971,0.08010126379698514,-1.841069516657433,0.021942013572996466,0.6773891893514323
P01,session_02,001,neutral,1.7858805656433105,0.5349472202973263,0.027528029287286978,-0.8384273903945191,-0.0010316520677845647,-0.0045446061901677215,0.1487166549134864,-1.7867838880536049,0.0663948022721173,2.1239947100799226
P01,session_02,001,neutral,1.8174355030059814,0.5355006372414846,0.027854814605144364,-0.8365734013164626,0.00046798773246859473,-0.0010725484100528907,0.03708459120219975,-1.8725789762010419,-0.16500360334884565,5.2292213710816045
P01,session_02,001,neutral,1.849630355834961,0.5356488046958058,0.027718280268059683,-0.8295874536938184,0.00033680343723788803,-0.0018319859218521417,0.057856721720859004,-1.887102787575282,-0.011077931573727828,0.3489203749271433
P01,session_02,001,neutral,1.8817479610443115,0.5365177002252598,0.02580140510251752,-0.8318578064928108,0.00013411991323842345,0.0026379601075554896,0.08224048371981642,-1.903823447431068,-0.05475394770685567,1.706777980456782
P01,session_02,001,neutral,1.9136502742767334,0.53653681757155,0.025094444159962013,-0.8332900742962562,9.942683395974148e-06,0.0006487739780166371,0.02033865558057133,-1.8494586460348124,0.12566515884883753,3.93911353808535
P01,session_02,001,neutral,1.9619896411895752,0.5370990270649483,0.02513035032721485,-0.8438464355238794,-0.00025604741347146434,-0.0002981902264591287,0.008130774636385991,-1.8510379147997735,-0.0034049950217090496,0.07090709211660257
P01,session_02,001,neutral,1.993412971496582,0.5373297631300051,0.02824031000029357,-0.8438754296012441,7.762151483778573e-05,0.0003869705673620801,0.01256005493513981,-1.8540597939544265,-0.02278988751861497,0.7253624804631567
P01,session_02,001,neutral,2.0255072116851807,0.5373213176673945,0.02830126577318079,-0.8449294315122979,1.5141841100146113e-05,0.00030527726525715826,0.009523595281969019,-1.8728549180649787,-0.005124847636966486,0.15996497417963243
P01,session_02,001,neutral,2.058095693588257,0.537326925052986,0.030670588368163804,-0.8422908975204493,-0.0010617758612646965,0.000257186756271549,0.03352350724096931,-1.875185995007209,0.014161356166709778,0.4358421322708856
P01,session_02,001,neutral,2.089780330657959,0.5375909304318894,0.029798667415345332,-0.842781542247341,0.00025304128629802106,0.001017099020639674,0.03307922366665896,-1.887618228566936,-0.07912056910319815,2.4973462908815476
P01,session_02,001,neutral,2.1219942569732666,0.5365049475024493,0.030422946695030217,-0.8361100815457293,-0.0001628974920152391,-0.0038943193777392507,0.12099502594503449,-1.8251809636427851,0.14926715199708418,4.635201290133171
P01,session_02,001,neutral,2.1537768840789795,0.5355626037139484,0.03078907274546589,-0.8346277989640587,-0.0002413678110835238,-0.002707771224743347,0.08553438846323617,-1.8337247095122038,-0.0007494783547154906,0.08872549414580533
P01,session_02,001,neutral,2.186300039291382,0.5357787811493324,0.027701293308949236,-0.8327137583435886,0.00022661341896933014,-0.0004996175083904083,0.016868243735868493,-1.9017904022961052,-0.07361623689134643,2.2635651606730325
P01,session_02,001,neutral,2.217839002609253,0.5370960477722435,0.02758613371003611,-0.8331916721939819,0.00023332654589445131,0.0023470264538034487,0.07478355710977702,-1.9139663087002137,-0.04036072048184545,1.2818930361182803
P01,session_02,001,neutral,2.2497637271881104,0.5371061092357369,0.027466680898362517,-0.8331990357927341,4.966072453530861e-06,0.0009962107802312075,0.031205379878335344,-1.920035394794211,-0.05617926337070919,1.7600181801814048
P01,session_02,001,neutral,2.281494379043579,0.5360885406917252,0.028989785047940923,-0.8349613459531217,-0.0024488348500866252,0.0021002719781219683,0.1016724482136425,-1.9465236749065875,0.038846998527473496,1.228488123179693
P01,session_02,001,neutral,2.3138604164123535,0.5362230284986498,0.021494182535728858,-0.8382450796805504,-0.0001902442530651925,0.0016561198518365778,0.05150494731873441,-1.9363964056752128,-0.071197508359549,2.2003626976566313
P01,session_02,001,neutral,2.3453845977783203,0.536248149824337,0.021262342279612583,-0.8424713507100923,0.00012924109991855137,-0.0008977129593568525,0.028770564001037544,-1.8420108467809282,0.12177315402261271,3.862956189733093
P01,session_02,001,neutral,2.3939757347106934,0.5354643644036086,0.025487189636468177,-0.8413601901945147,-0.000679098481219143,-0.0014982298910738935,0.033852925597839804,-1.831910494126182,0.10598227459164024,2.181365701142482
P01,session_02,001,neutral,2.4260661602020264,0.5356306893589925,0.026519987783421874,-0.8411331479987566,-0.0003229605467647822,0.0001615220031455186,0.011252562931961665,-1.8545504050536146,-0.002208784182180778,0.06974374460599579
P01,session_02,001,neutral,2.4576621055603027,0.5366472249127627,0.02555907366665578,-0.8401362830507667,0.0008378180596667658,0.00046448879800171206,0.030319106308033344,-1.9208572713135672,-0.05264994964264696,1.6666272626892018
P01,session_02,001,neutral,2.4902021884918213,0.5374055524789374,0.02651586268077923,-0.84071471728222,-0.0008169489694127054,0.001237443526013991,0.045568168880658115,-1.919262292624604,-0.002564309732215199,0.0910309305881881
P01,session_02,001,neutral,2.5218381881713867,0.5377857273026698,0.024654484192745355,-0.8411096379294375,0.000398252275889489,0.00019678478142121694,0.014041517096842909,-1.9596290709390018,-0.06392310622140288,2.020629989204976
P01,session_02,001,neutral,2.5533812046051025,0.5376308133199039,0.02674868440721206,-0.8419178537908105,-5.87032190615718e-05,0.0012259493793821737,0.038910484237924536,-1.872657826789206,0.12158725477701739,3.8548453219283
P01,session_02,001,neutral,2.585698366165161,0.537343574836739,0.028596872398941302,-0.8421562036077921,-0.0002930351784391009,0.00031807641683509865,0.013382480463751827,-1.8504837080627388,-0.03368060429842203,1.0422753504091824
P01,session_02,001,neutral,2.618147134780884,0.5373528515700116,0.02585655957028748,-0.8433899892141966,1.533506729539356e-05,0.00024247708577020125,0.007487542142853345,-1.8336966894047375,-0.03917632726238008,1.2073518447366374
P01,session_02,001,neutral,2.649707794189453,0.5381116772294484,0.02706001565598937,-0.8434266326183086,-0.0005969196437965753,0.0013654716847100172,0.04721839234143806,-1.8670438828263707,-0.11643203429331622,3.6894530434616106
P01,session_02,001,neutral,2.6817409992218018,0.5381385907635519,0.0250429270666329,-0.8427389371667213,-0.00043916645375515157,-0.0005250060506429806,0.02136750043807123,-1.8627013369113157,0.026093520661962296,0.8148574701793567
P01,session_02,001,neutral,2.7133541107177734,0.5375834496400643,0.016626116570945162,-0.8427549072498718,0.00026163763152102385,-0.0006486750559227672,0.022125387494895597,-1.8508352216751853,0.007608141810505831,0.2416790304089741
P01,session_02,001,neutral,2.745603084564209,0.5389034982365419,0.018855943568766957,-0.8413222843287337,-0.0014942264290162138,0.0006282282142017502,0.050262700480740816,-1.8623959793334872,0.005889667159031118,0.18942142374513593
P01,session_02,001,neutral,2.778076171875,0.539029821412942,0.018800106022659975,-0.8435410182989345,-0.00013921724697069803,0.0003912789741110524,0.012789296160403316,-1.821030010290601,0.13588059437099265,4.184425944672329
P01,session_02,001,neutral,2.826273202896118,0.5392145268897606,0.019060840733732973,-0.8434310863129972,-0.00018990730890500724,0.00029348306469312817,0.007252874371647882,-1.8350406665919479,-0.015527216203019138,0.3222428914809781
P01,session_02,001,neutral,2.8578968048095703,0.5392214329685424,0.019228504358022435,-0.8443488061667128,-1.337513974197501e-05,0.0001310984771403501,0.004167109149544117,-1.8929264069919574,-0.0687022619568282,2.172503579084118
P01,session_02,001,neutral,2.8899576663970947,0.5390305861857112,0.0245407645999852,-0.8455864448088226,0.0005255194817413368,0.0008426004104932112,0.030973869099828757,-1.9017032091839052,0.008594911208216677,0.26986452070454064
P01,session_02,001,neutral,2.922198534011841,0.5401688375710869,0.02326729038308741,-0.8472972915149192,-8.35859369829281e-06,0.003724346594122494,0.11551661755067125,-1.9083276031933263,0.03690272221395988,1.150408985325098
P01,session_02,001,neutral,2.9539308547973633,0.540036579167199,0.01937515035120583,-0.8499695610756615,-0.00016979274912774447,-1.1809750000272145e-05,0.005363709824764033,-1.8538550144545194,0.11125810955162925,3.50614884086232
P01,session_02,001,neutral,2.985562562942505,0.5395949602663076,0.01970619650441772,-0.8477951244223909,-0.0002806144619967414,-0.0029318225628446634,0.09310977463984708,-1.8577354791334089,-0.01727026469530779,0.5538619518868196
P01,session_02,001,neutral,3.0174593925476074,0.539849643654071,0.01999559944616285,-0.850897745001665,-0.00024128662879971695,8.573314294479447e-05,0.008027921485649526,-1.8929043264772547,-0.036251677082964825,1.1365575163522634
P01,session_02,001,neutral,3.050201892852783,0.539931881557867,0.02386312205243101,-0.8499845745956375,8.668602264202328e-05,-0.00034260435691756667,0.010793339513826451,-1.8911350116253793,-0.053277571733769284,1.627204499174929
P01,session_02,001,neutral,3.0814578533172607,0.5412453767246886,0.023954994748498916,-0.8512106585712755,-0.0013851659613285012,0.0012196343271921016,0.059047532482280764,-1.8739087863579909,-0.060359702852737104,1.9320446771490194
P01,session_02,001,neutral,3.113431215286255,0.5411875825530854,0.026528888245677344,-0.8475408308633685,0.0007318862783678376,-0.00340752109648584,0.10900430866155958,-1.891709858662856,-0.18075952791438837,5.654492150750865
P01,session_02,001,neutral,3.1454851627349854,0.5415210839935073,0.026376119716275424,-0.847976848859477,-0.00019773882772821663,0.0020620312823047093,0.06462513508338756,-1.8737953929931084,0.04370878375256265,1.365131186287252
P01,session_02,001,neutral,3.1777143478393555,0.5428583942889336,0.025899799537310392,-0.8503754910880458,0.0003853215727328408,0.004715210623038427,0.14679019738819593,-1.8803199208356203,0.03111869373640305,0.976638328265202
P01,session_02,001,neutral,3.2098288536071777,0.5416358006131604,0.024534312212254713,-0.8497600238369715,-0.0009275057101839892,-0.0024535220088578325,0.08167594105171057,-1.8265239670400863,0.10437694526418101,3.2511756047144824
P01,session_02,001,neutral,3.258068799972534,0.5412603239432718,0.023781070087200425,-0.8597417556867489,-7.591532239547905e-05,-0.0009339993572398994,0.01942538377188977,-1.8585007647288887,0.09118231356916148,1.89028254567856
P01,session_02,001,neutral,3.2903473377227783,0.5413662335594515,0.02427981054375451,-0.8590826783265976,-0.00023915185507876238,-0.0003625056029679807,0.013454312392486545,-1.8596546928417854,0.03690642844467363,1.1434527736469775
P01,session_02,001,neutral,3.3219752311706543,0.5417458131983136,0.02239267815365462,-0.8574463696758406,0.0003608213072970031,-0.00029827307945789767,0.014801619480405474,-1.8959930738554325,-0.04339341068553622,1.372077970936591
P01,session_02,001,neutral,3.3533365726470947,0.5417394980276454,0.022488976869333488,-0.8576897821915136,-9.306701668042426e-05,-6.117365009524563e-05,0.0035512458074520945,-1.859866045890576,0.013619155185312098,0.434280228872861
P01,session_02,001,neutral,3.385540246963501,0.542607524605981,0.020062215701154445,-0.8585279160316669,-0.0015454179265429536,8.738451416289222e-05,0.04806552463922387,-1.869672281881851,0.007553391627661251,0.23942490643847184
P01,session_02,001,neutral,3.417945146560669,0.5419038949930823,0.019616856865226327,-0.8580075341214862,2.3414370839174818e-05,-0.0008473169971090227,0.026157786536125258,-1.8602984085339695,-0.02964781806308756,0.915291610533434
P01,session_02,001,neutral,3.4497416019439697,0.5424372732425919,0.019161455657577185,-0.8436009948832667,0.0005087446389511739,0.0008545052911371913,0.03127659924602039,-1.8679357650542783,-0.17318953690626146,5.446908784309297
P01,session_02,001,neutral,3.482182025909424,0.5414859007314834,0.019193635663478422,-0.844982288724766,-0.0011886565388638433,4.4525773947346815e-05,0.03666691259005588,-1.905909297442373,0.06559637187155004,2.02238897526388
P01,session_02,001,neutral,3.5134379863739014,0.5416342632654149,0.016948764765136588,-0.8464482375830762,0.000737596583678244,0.0014111739491315658,0.05094429859344124,-1.8602117887005185,-0.03038087436499571,0.9733367077280711
P01,session_02,001,neutral,3.5461244583129883,0.54156235284544,0.015818561113003934,-0.8473814632519784,-0.00034686954808295665,0.0008353044652125806,0.027670844718579772,-1.8876723076927844,0.0442145655389179,1.35296998671205
P01,session_02,001,neutral,3.5778262615203857,0.5413504741794232,0.014410498902460584,-0.8473954701739741,2.8599414277554168e-05,-8.378885183914812e-05,0.0027927526042990382,-1.888422270018632,-0.015324083656909114,0.48339015014401215
P01,session_02,001,neutral,3.610105514526367,0.5416357060230143,0.014204442860031412,-0.8507835966353875,-4.5063687205446816e-05,0.0004795238510323187,0.01492093533844137,-1.9035932328059118,0.018793098203550143,0.5823947961335898
P01,session_02,001,neutral,3.6576740741729736,0.5419642720918992,0.014175320342155996,-0.8483398782706715,2.249068893327438e-05,0.0006082934009288049,0.012796457204601201,-1.8997198398535078,-0.021830155545825743,0.45909820769049553
P01,session_02,001,neutral,3.690506935119629,0.5416488830074014,0.01357269832401043,-0.8530693995441798,0.00027722571957810346,-0.0023466660593442715,0.07197010618431245,-1.9207350002131445,-0.01800762206877845,0.5531652387509065
P01,session_02,001,neutral,3.7218008041381836,0.5411233417878554,0.015550030668957006,-0.8531041093017704,0.0004976982437076049,-6.542899975374273e-05,0.01604086004293235,-1.9345600540370147,0.015801213590360103,0.5051847424379591
P01,session_02,001,neutral,3.754143238067627,0.5407419753171481,0.016234708141915626,-0.853563525290481,-0.0006490196146353623,-0.00014070542426665078,0.02053329501512815,-1.8730799496196426,0.11774963466752801,3.6407744584321278
P01,session_02,001,neutral,3.7857606410980225,0.540767024784036,0.016448793371150953,-0.8534231880372231,-2.4372930433807287e-05,-0.00011545797458185702,0.0037322000443746066,-1.9035959407775715,-0.053426179956571236,1.689775413279779
P01,session_02,001,neutral,3.817859172821045,0.5410009983450436,0.02019116010431932,-0.8518108304279253,0.00022000518557259072,0.0002565418839966335,0.0105287871026541,-1.9139575806499587,-0.08724564200225944,2.7180774908463223
P01,session_02,001,neutral,3.8497538566589355,0.5423191876730011,0.019116472027042267,-0.8514360188941748,6.678220705604913e-05,0.0016933912449554856,0.053134484281203084,-1.9459346797935717,-0.041257830453012075,1.2946553073597906
P01,session_02,001,neutral,3.8813867568969727,0.5414317283890311,0.01988082069025311,-0.8509448226949372,-0.0006833656268060205,-9.907838326627765e-07,0.021603025328432432,-1.8930425610093367,0.029178116001775566,0.9226506921304898
P01,session_02,001,neutral,3.9141030311584473,0.5414111600065966,0.018830163010760924,-0.8582114682069661,-7.444922455766667e-06,-0.00016486168395579421,0.005044269348976366,-1.925387652927221,-0.024045338071730146,0.7349829688659891
P01,session_02,001,neutral,3.945491313934326,0.5411391035141843,0.018348720103768656,-0.8555722095056314,0.0007021709527087586,0.0005316777487754941,0.02805991910331858,-1.9150971930250698,-0.011719958653904307,0.3744392881554302
P01,session_02,001,neutral,3.9774856567382812,0.5415696614911955,0.018336939035107455,-0.8552863002111972,0.0001659140243408228,0.0009501398156778264,0.030146487218595083,-1.882542514166421,0.2044293004483487,6.3896163465617715
P01,session_02,002,neutral,0.0022575855255126953,0.5612727591290771,0.025215074268007825,-0.8475134144237305,0.0,0.0,0.0,-1.9018251345718902,0.0,0.0
P01,session_02,002,neutral,0.0491328239440918,0.5565342908843511,0.028166452902524074,-0.8521358773479464,-0.004658916429197841,-0.0020095648562209545,0.10824137126389924,-1.8784947945288408,0.099652236524715,2.128657362661811
P01,session_02,002,neutral,0.0813751220703125,0.5561797220141224,0.026979546680423874,-0.8529999278345544,0.0005162012589782495,-0.000499938521437387,0.022287845055742144,-1.8699767971657208,-0.024744357988182843,0.7677737622708911
P01,session_02,002,neutral,0.11337995529174805,0.555870165934732,0.02775836706788222,-0.8527892840641,-0.0001563512992588294,-0.0003958844384833935,0.013299270956781193,-1.8844388250293203,0.017161622576546427,0.536384614151466
P01,session_02,002,neutral,0.14565491676330566,0.5559395050892925,0.024527286521670445,-0.8550276964846434,3.252612729118754e-05,-0.0007633655585109363,0.02367340377357737,-1.9088748372011368,-0.0175143345152555,0.5431762490845182
P01,session_02,002,neutral,0.17746925354003906,0.5555756100649586,0.02573950657177222,-0.8504074437154774,-0.0006689590132887524,3.191713512874588e-05,0.02105088641882369,-1.917751578090503,0.01587941843347804,0.4995714701504504
P01,session_02,002,neutral,0.20891141891479492,0.5564835434041588,0.02653146531573464,-0.8484528664872579,-0.0007839340449179287,-0.0004806000901143252,0.029245012733428045,-1.8949238952652443,-0.027466557568179614,0.8740474742576627
P01,session_02,002,neutral,0.24175071716308594,0.5570577689344418,0.025475681568737675,-0.848312332352267,0.0006236572614694958,0.000703411668601165,0.028626449917214355,-1.8800008446380396,-0.014048492049714674,0.42875185334299915
P01,session_02,002,neutral,0.27391505241394043,0.5566940658365364,0.02324362343616257,-0.8513755039736982,-0.0006047923038095621,-0.0011173714811226786,0.03950177118609804,-1.8889988248544638,0.012613738549762572,0.3941498067560779
P01,session_02,002,neutral,0.305530309677124,0.5566005096938205,0.023202125476259435,-0.850651792115796,6.714351069266518e-05,-0.0006074506609316479,0.01933086251205269,-1.8722679625066687,-0.019627242194834808,0.6211164020806474
P01,session_02,002,neutral,0.33728742599487305,0.5566683314043482,0.02478408593497757,-0.8512757200133428,0.00011276219247235758,2.500175377309958e-05,0.0036370005097505066,-1.9210734065848776,-0.03747765567434926,1.1801396977289431
P01,session_02,002,neutral,0.36943602561950684,0.5545116145859431,0.027106229958900115,-0.851709637962738,-0.00220274589554225,-0.0011785241429169322,0.07770792846654322,-1.8995979160696799,0.09492907705561208,2.953843851041426
P01,session_02,002,neutral,0.40134572982788086,0.5544608521633949,0.027249577165445533,-0.8516630216170336,-0.00016150559204500573,0.00014184649551768705,0.006736266903584303,-1.901704467851112,-0.006073545512511013,0.19045454108245968
P01,session_02,002,neutral,0.43385934829711914,0.5549834785010951,0.02773756523714903,-0.8514219577449309,-0.0005382432801049187,-0.00017844336116415782,0.01744044282370325,-1.898950189088313,-0.0057188600227444765,0.17675375627596113
P01,session_02,002,neutral,0.4811389446258545,0.5556503863225003,0.028258256566229815,-0.8575129187271231,-0.0006096559209512031,-0.0004017263376008543,0.015442445483004361,-1.8807829783181254,-0.022759111083202044,0.48162042087278234
P01,session_02,002,neutral,0.5135722160339355,0.5554436949282004,0.02661477665823998,-0.8561580341146168,-0.00036600747118741304,-0.0012864318887619167,0.04123808113585674,-1.891984475899802,0.008865359298808924,0.27643472835505845
P01,session_02,002,neutral,0.5455882549285889,0.5551474189692905,0.026159087951529273,-0.8562903849080621,0.0002461393919497657,-0.00048707147288118305,0.017045575886156697,-1.8765151879510178,-0.018400033483333963,0.5749657155415498
P01,session_02,002,neutral,0.5780150890350342,0.5555639152079823,0.02469734192375566,-0.8553107007864047,0.0007559290029655463,-0.00016570437952423032,0.023865346696115605,-1.892880072394158,-0.017011761982965553,0.525162430693168
P01,session_02,002,neutral,0.6093614101409912,0.5554079124982896,0.024713467909305488,-0.854824190131107,-7.733522727117819e-05,0.00016913140423851077,0.0059328675546464465,-1.8827366652149875,0.08856856811696752,2.825491484891682
P01,session_02,002,neutral,0.6414499282836914,0.5557463061987906,0.025840005234246823,-0.8553816732132354,-0.0012910939862360417,0.00046713406355300543,0.04278799165155221,-1.8936744858355825,-0.029028298447599157,0.9056432855718957
P01,session_02,002,neutral,0.6734251976013184,0.5566029379830724,0.026499658448278854,-0.8553651865167243,-0.0008133619101102389,0.0016034592842401674,0.05622952454810353,-1.8933486545057088,-0.04002496092800332,1.2530097235380886
P01,session_02,002,neutral,0.7053589820861816,0.5567196122837834,0.026927540131298514,-0.8561056036935869,-0.00011684700476940033,-0.0005977920065329944,0.019073989670474308,-1.873640771284076,-0.043270516216771845,1.355141702887363
P01,session_02,002,neutral,0.7370970249176025,0.5558974232211159,0.027089761122482587,-0.8555016905722426,-0.0001409438185614436,-0.0002648928898866842,0.009454132640371211,-1.8737257806499579,0.06476657963324438,2.0406826921934265
P01,session_02,002,neutral,0.7689225673675537,0.5558226695573708,0.027783674357507032,-0.8549023370805102,-6.582999095850336e-05,-5.2063466683532286e-05,0.002637180076739354,-1.8556024877750203,-0.037808746873902545,1.18800300383996
P01,session_02,002,neutral,0.8011682033538818,0.5553671642481681,0.027296334209507063,-0.8550709183537996,-3.085586703009932e-07,-0.0004347725820484603,0.013483148284779757,-1.8691255915014484,0.025711469554086274,0.7974767573366197
P01,session_02,002,neutral,0.8334839344024658,0.5552708266243376,0.027021078255096215,-0.8549642224269386,0.00012638340657846776,-0.00026465509197937126,0.009075557690264614,-1.882428578180393,0.026539602962787567,0.8213097013880555
P01,session_02,002,neutral,0.8657763004302979,0.555149311608658,0.026692531594776,-0.854118225334559,0.0003242613726398236,-5.797811058333836e-06,0.010043030009245349,-1.8781269702562524,-0.005211829515674178,0.16170726474115024
P01,session_02,002,neutral,0.9131698608398438,0.5546852742376552,0.026399839248154505,-0.8509421846593324,0.0002900927726500665,-0.0008390218526097956,0.01873158349386518,-1.8827021482272777,0.0029541187891340987,0.06508538032081909
P01,session_02,002,neutral,0.9454450607299805,0.5547407144124129,0.026628276830210854,-0.8517900419242067,6.923548601948968e-05,-0.0009066826751122618,0.028174025023104187,-1.9005869395911839,-0.03895635687236208,1.207334680972994
P01,session_02,002,neutral,0.9775168895721436,0.5549008934933619,0.02677838278830502,-0.8515270293959698,-0.00015822220289000253,0.0008472890267456483,0.026875161802426103,-1.922798784752489,-0.013367896382799527,0.41767669627967347
P01,session_02,002,neutral,1.0092966556549072,0.5549957919920809,0.030667775397234177,-0.8485478223269399,-0.0002258415634687155,9.434788730060824e-05,0.0077016580371308315,-1.9182314662854785,0.007530191097322279,0.23707436185946754
P01,session_02,002,neutral,1.0414350032806396,0.5547918680192387,0.03096901779186895,-0.8443447218706632,0.00019983104597052614,8.154395908152115e-05,0.0067156010517668745,-1.9254055136773824,-0.0259627531985935,0.8078713496935226
P01,session_02,002,neutral,1.0734245777130127,0.5546239981786303,0.0317595399774413,-0.8450055463761491,-0.0007910358006336333,0.00042202905175691986,0.02802708997533662,-1.8424708071965132,0.07578231781991497,2.369135027008699
P01,session_02,002,neutral,1.105729103088379,0.5547291062908408,0.02961557170315629,-0.8477502461117981,3.1321150729229805e-05,-2.5841292454132995e-05,0.001256952588368067,-1.8358533891565636,-0.04377676114032338,1.3551284058010282
P01,session_02,002,neutral,1.137406826019287,0.5541051632542092,0.031026262767673105,-0.845076428020385,-0.0005353987616105459,0.0001729712609713713,0.017761577427761962,-1.8745681344416139,0.08609233062690047,2.7178143248992392
P01,session_02,002,neutral,1.1692819595336914,0.5540254169734827,0.028880877555206654,-0.8450827373389793,-8.543568053399001e-05,2.479826773251654e-05,0.0027909481042453265,-1.8539834499308476,-0.030037506954811076,0.9423533451157907
P01,session_02,002,neutral,1.2015125751495361,0.5532440242753179,0.029247773729564115,-0.8455722593488182,-0.00036607558957635166,-0.0007690240395529553,0.02642548470214802,-1.874774999602034,0.03784830781607053,1.1745940620114843
P01,session_02,002,neutral,1.233041763305664,0.5523746370362197,0.02963286180467688,-0.8445263710420899,-0.00029999270774866735,-0.0007657563061151631,0.026084472536607804,-1.883615028517166,-0.0035009085599380474,0.11405976429063419
P01,session_02,002,neutral,1.2654664516448975,0.5534441853377577,0.029415556641237975,-0.8442399256952854,-0.0005616433070192304,0.00039282722192764005,0.021137837582626,-1.8864073953127027,-0.04717507610391199,1.4550657884527562
P01,session_02,002,neutral,1.3137080669403076,0.555245976692862,0.029732882785067506,-0.8422356208789028,0.0016368182040456124,0.0007997439373113943,0.03776298857281612,-1.9130404743754408,-0.06847780626183937,1.4199780410272214
P01,session_02,002,neutral,1.3455476760864258,0.5557898627391967,0.030324791468804627,-0.8440178611662968,-0.0006091007650157222,0.0035037939378411726,0.11169556156229783,-1.8640082404556724,0.021845854653566508,0.6951541024227988
P01,session_02,002,neutral,1.3775155544281006,0.5559888643039448,0.030853767005359165,-0.852859045557121,-0.00036219123313874696,-0.0002556833183471693,0.013868510977130167,-1.8643420921314044,-0.012456172998078312,0.38989326376060907
P01,session_02,002,neutral,1.4094939231872559,0.5562255798994867,0.03006780483146831,-0.8522097074772185,0.00016234606982842238,0.00010957020224393523,0.0061248239514947005,-1.8671487393826887,-0.015174642527589537,0.4745678743573264
P01,session_02,002,neutral,1.441361665725708,0.5556477953985006,0.030444052610977664,-0.8507579071119694,-0.00030379019839869186,-0.0022533788144993364,0.07135003056962431,-1.8411089389934792,0.008933679150949949,0.28927351154250697
P01,session_02,002,neutral,1.4732441902160645,0.5547470445506623,0.028662559760528755,-0.8499438769968112,0.0006776136016390592,-0.0005200324788508983,0.026790937836037716,-1.8816521061639826,0.07514670778258672,2.3571396334223342
P01,session_02,002,neutral,1.5052592754364014,0.555444685066918,0.029725411589672335,-0.8471198443697756,0.001148643843083882,-0.0006382248931933285,0.041044550538194766,-1.937835777788895,-0.06897217816329328,2.154755922657976
P01,session_02,002,neutral,1.5376336574554443,0.5554693472844037,0.028659800469844822,-0.8456934917359269,3.115869275463801e-05,0.00022914985235481523,0.007143257722480862,-1.9162190162895851,0.04185477583604223,1.2928560208026505
P01,session_02,002,neutral,1.5690810680389404,0.55517847432726,0.03231602596247269,-0.8441196852387804,-0.00026609481258223905,-6.248423680567405e-05,0.00869173739647353,-1.9088429746344786,-4.106567109651259e-06,0.008692718301521383
P01,session_02,002,neutral,1.6009571552276611,0.556364199272428,0.023969446764923553,-0.8504428860817345,0.0011192258153263999,0.0025210937458074356,0.08653400462763838,-1.9033764703868974,-0.07450360985199861,2.3388897685753767
P01,session_02,002,neutral,1.6332907676696777,0.5564114237697679,0.025227249715202616,-0.8475522377674396,-0.0014798686379432495,0.0008757332258520275,0.053182108199231574,-1.8616420203551771,0.0069578209931410355,0.22166285121001084
P01,session_02,002,neutral,1.6653265953063965,0.5566028602566242,0.027664428478506056,-0.8472926447092658,-0.00034449722761759673,-5.156214333163594e-05,0.010873282415165483,-1.906065117933773,-0.018538919658808193,0.578795468435029
P01,session_02,002,neutral,1.697615146636963,0.5566984485731185,0.025780552893573512,-0.8486195602042862,0.00017802748212125414,0.0008595427012295464,0.027185658554133352,-1.886174861089283,-0.008146088966532497,0.2537507948633038
P01,session_02,002,neutral,1.7456438541412354,0.5546441904511669,0.029963159871827127,-0.8468869555434835,-0.001608557773648567,-0.0008336033036722352,0.037721739821631545,-1.858955785472918,0.14499275892215796,3.019112631542315
P01,session_02,002,neutral,1.7773692607879639,0.553969361766869,0.02992703308061643,-0.8460687708628419,-0.00015977940947698948,-0.002537372339387949,0.08013760324795434,-1.8760821881437628,0.08244329710884475,2.599887532630794
P01,session_02,002,neutral,1.8093364238739014,0.5533359121246482,0.029027789017645873,-0.8451654538298522,0.0005753392312882148,-0.0018874476838928315,0.0617254894354356,-1.8880261604322919,-0.011639763404771583,0.36931108342840263
P01,session_02,002,neutral,1.841386318206787,0.5556077912488774,0.027601318650402405,-0.8356803204682475,0.00167144914551241,-0.0001363506860464217,0.0523247097315252,-1.9945451304096775,-0.09023500129181604,2.815940121215292
P01,session_02,002,neutral,1.873746395111084,0.5544161489598521,0.0265929735115089,-0.8393333411026823,0.0009293065333776672,-0.0009547861317592622,0.04117346580137449,-1.9381009205064503,-0.02221337189032395,0.6876774306441362
P01,session_02,002,neutral,1.9054877758026123,0.5544296900570733,0.026826754787652812,-0.8404593955931848,-5.550009030383607e-06,0.0011599384490716498,0.03654383336237904,-1.951108039768377,-0.03159288215517846,0.9959922491909409
P01,session_02,002,neutral,1.9374010562896729,0.553826602524093,0.027539644680444206,-0.8411828261843531,-0.0006186725212002205,0.0002949954563120474,0.02147706302694095,-1.929053988360205,0.01155072413222132,0.3625776329420155
P01,session_02,002,neutral,1.9694342613220215,0.5540820020776904,0.027754616772449097,-0.8430936706531622,-0.00022497692309026492,0.002310575258409324,0.07247174410371564,-1.905959741766248,-0.0028919303652699133,0.11576907071489548
P01,session_02,002,neutral,2.000952959060669,0.5541787390710584,0.02786322893534024,-0.8515564328339561,-0.00014529323994984857,-0.0002764161204190697,0.00990762744971032,-1.9003593221123551,-0.0025343163600912606,0.08101486352798062
P01,session_02,002,neutral,2.033491611480713,0.5542139828835032,0.027464376123370486,-0.8516347257427893,0.0002046774226048525,0.00018863931651831136,0.008554381730942761,-1.882820391377773,-0.0015308661295044318,0.047818991233148936
P01,session_02,002,neutral,2.065232276916504,0.5545811399308304,0.028331896947878264,-0.8511736003369488,-0.0001615243001736189,0.0008195111295509235,0.026315691300307083,-1.8729617332502342,-0.03386254917286987,1.06717514942687
P01,session_02,002,neutral,2.097182512283325,0.5542715985262089,0.028477368491519616,-0.8516017962533949,1.1224163054671154e-05,-1.8550113790953524e-05,0.0006786030049552086,-1.8896637712993174,0.023540013748051366,0.7367715280550704
P01,session_02,002,neutral,2.129744052886963,0.5538123663937026,0.02897468515104509,-0.851901457611092,-6.160246795403113e-05,-0.0003404750510986285,0.010626127131207206,-1.8811236617788374,0.010481809926204054,0.3220830136800367
P01,session_02,002,neutral,2.17767333984375,0.5531739958799334,0.030388120395380212,-0.8510506003966726,-0.00016769981905012348,-0.001764626093700986,0.03698316631679819,-1.8945198465648951,0.07687930242912062,1.6044414471943913
P01,session_02,002,neutral,2.2096846103668213,0.5526139239212403,0.02982074349505158,-0.8502499436875802,0.0006035681099306247,-0.0015359188483324046,0.05155230810744891,-1.9036943469169247,0.002028189467980515,0.08168202612096928
P01,session_02,002,neutral,2.2409865856170654,0.5521613635107842,0.02881320339373183,-0.8460566757364459,-4.533810668405293e-06,-0.0008282300560318955,0.02645975081682538,-1.90181572330561,0.0029490009570832644,0.09785649973848833
P01,session_02,002,neutral,2.273263692855835,0.552050619584125,0.028849565825371164,-0.845866482226672,-1.3091305258312108e-05,-0.00035818890882020963,0.011104714583243944,-1.8993305644585412,-0.07593850497664424,2.352731002082607
P01,session_02,002,neutral,2.3054683208465576,0.5522787108271893,0.022104295105439924,-0.8520896598675978,0.0020367863821467206,0.001521903491520194,0.07895061761955417,-1.9499834619808585,-0.029048347404815635,0.9054415949478088
P01,session_02,002,neutral,2.3373239040374756,0.5528896115679112,0.02308816467066464,-0.8506231522547465,-0.0008224361154505172,-0.00041472848042970156,0.02891445387885295,-1.9311803122701823,-0.0019665105000359483,0.0681681143753781
P01,session_02,002,neutral,2.369547128677368,0.5529964011491316,0.02276637396847219,-0.8515086045727802,0.00011782233516295135,0.0010403395576835278,0.03249178878890185,-1.9395294129375744,-0.0028965297366886516,0.09558158600613902
P01,session_02,002,neutral,2.4019598960876465,0.5531236519078137,0.021033526891524677,-0.8551006360254456,0.00019558453140485884,0.003807217237905986,0.11761531090631161,-1.9420057957104095,-0.037646708673209045,1.167417646634183
P01,session_02,002,neutral,2.4338536262512207,0.5530278457603702,0.024333179337970808,-0.8543029607076578,-0.0003499845156635276,-0.00027510523557815203,0.013957765173540713,-1.9085188874451657,-0.025001003359890934,0.7840088380860635
P01,session_02,002,neutral,2.4653213024139404,0.5528131615644435,0.028184708225129144,-0.8556555734399861,0.0006308583095125094,0.0010224627156224793,0.038179524517126806,-1.9164723933433156,-0.0024654257571890344,0.08715541634672883
P01,session_02,002,neutral,2.497164487838745,0.5524122306210033,0.029723530297485447,-0.8572507577657986,-0.0006791288534201429,0.0005098760188011654,0.026669090679411846,-1.8472801687235183,0.041120629633094895,1.2916232262422507
P01,session_02,002,neutral,2.529033899307251,0.5519779213800967,0.02881388389705371,-0.8566991614039929,-0.0003896593547333007,-2.3162513950476097e-05,0.012248333249197175,-1.8565387986029365,0.04862019546919873,1.5256561120642136
P01,session_02,002,neutral,2.5616371631622314,0.5515739942993484,0.030438015779676,-0.8558402947868773,0.0006336533981187185,-0.0011004037609111763,0.038947178257429715,-1.8492290605253638,-0.012620738538705389,0.38905481782247403
P01,session_02,002,neutral,2.609758138656616,0.5515378760521438,0.029100671731133218,-0.8562933355022416,0.0008692332474448872,0.0005741213597800595,0.021647952329743925,-1.873604936690729,0.03466298911322634,0.7206553596407966
P01,session_02,002,neutral,2.641261339187622,0.5507314654878411,0.030216066924220686,-0.8571245893619787,-0.0007610873710483402,-0.0003039046305099704,0.0260138450736356,-1.8491862167999082,0.0029860956852717116,0.09829194491790626
P01,session_02,002,neutral,2.6733644008636475,0.5510550819706072,0.03271130984957121,-0.8559407108553637,-0.00025927051251517546,-6.262729526336528e-05,0.008308464800378473,-1.8540492488425142,-0.016129773467894973,0.5025059236805919
P01,session_02,002,neutral,2.7054905891418457,0.5509548461998045,0.030128411603128912,-0.8564284505196631,0.00258484663024807,0.00030297003256224495,0.08100997257257064,-1.856958909239855,-0.018727832109218537,0.5885478943858313
P01,session_02,002,neutral,2.7374205589294434,0.5507696665600048,0.030205705803693774,-0.8581045448047409,-0.00020979923458639254,0.002072479330425797,0.06523875138568755,-1.9167002941658442,0.10214599726640745,3.199728526436694
P01,session_02,002,neutral,2.7693145275115967,0.5509504361313762,0.02872468023548297,-0.857913168752702,0.0003588636006695555,9.087550953383627e-06,0.011255377139366456,-1.8811405192489699,-0.1418950490573269,4.448976074553557
P01,session_02,002,neutral,2.800966501235962,0.5510008146715407,0.02874278299020226,-0.8570142738179932,-1.077695817798034e-05,-0.00016080249266316464,0.005091727438095988,-1.9161153900523105,0.04370006510123025,1.3806520459334748
P01,session_02,002,neutral,2.8338444232940674,0.5501172842310641,0.02717759366151813,-0.8568403387936036,0.0007800990881463791,-0.0028834371406858475,0.09085427135045633,-1.8911539176370455,-0.026463506187386326,0.81001344159995
P01,session_02,002,neutral,2.8655381202697754,0.5503225568193069,0.028033586338645052,-0.8574629099868077,0.00016215145591180326,0.0014304311785770633,0.04542204278806863,-1.88941443341353,0.029281923747328676,0.9250195672502606
P01,session_02,002,neutral,2.897510528564453,0.5493906181833208,0.025874610385014058,-0.8589284477290591,0.0002753669866456617,-0.0004095583844717549,0.015435906260453347,-1.86662132991123,-0.034346406937027764,1.0743623736780903
P01,session_02,002,neutral,2.9296178817749023,0.5499560235546779,0.02698077738070521,-0.8578600592118727,9.54021527474391e-05,0.001148781730243091,0.035902564662798966,-1.8960253912683405,0.05845754039385598,1.8210440589395775
P01,session_02,002,neutral,2.9617466926574707,0.550016026022327,0.028798066161465092,-0.8543287401730728,1.7745411261114804e-06,-0.004460519085270937,0.13883238488220542,-1.864406218669626,-0.05491148188308645,1.7147335652904736
P01,session_02,002,neutral,3.009293794631958,0.5504801397499418,0.02849386175217261,-0.8496257302809502,0.00026162564739203714,0.001656700762719861,0.03527515659518806,-1.8800688362015125,0.09379042601848331,1.972894617889832
P01,session_02,002,neutral,3.0413546562194824,0.5501025562657265,0.02852960464263641,-0.851427048691707,0.00024255922171329529,-8.153478780021429e-05,0.007981577874165554,-1.8756877482465966,-0.06456057229070875,2.013703819392675
P01,session_02,002,neutral,3.0730254650115967,0.5503287406734126,0.02575865462905202,-0.8542469443308954,-0.0013020844399176806,0.003579666059346352,0.12027242462236229,-1.8495117576826794,0.05962137927032988,1.8863722594406291
P01,session_02,002,neutral,3.105280637741089,0.5504430194472342,0.029316122317644463,-0.8536816615999795,-0.00041659892397655115,-0.0006871757155254256,0.024913682320703134,-1.8350385083180183,-0.025719711436477083,0.7977716468995828
P01,session_02,002,neutral,3.136979818344116,0.5494666075547258,0.02925244520572848,-0.8510689388611303,0.0001347559050071198,-0.00017074324369587972,0.00686182275019506,-1.8811079300958098,0.05964333237891398,1.8815542821858964
P01,session_02,002,neutral,3.1689834594726562,0.5494332713688085,0.029590099667925383,-0.8518591888131324,-0.0003384832189293833,-0.0006119574818254562,0.021851585052238266,-1.8684511264566062,-0.046157280896502,1.4424164486066948
P01,session_02,002,neutral,3.2013163566589355,0.5493778103502089,0.031798338940310075,-0.8532389324989138,0.00018619066712935057,-0.0011349100289935591,0.03557001452373653,-1.8849918728841717,-0.02004441736595383,0.6209584021667631
P01,session_02,002,neutral,3.233334541320801,0.5494921334993862,0.031137255935927102,-0.8537465247966619,9.030314312146222e-05,0.00026689595633676614,0.008799966605327525,-1.9134600108907454,0.027369038651967374,0.8548419977444731
P01,session_02,002,neutral,3.265622615814209,0.5494876989172218,0.03138802589510929,-0.8538039633410356,6.128731246296553e-06,0.001463573563551438,0.04532900826466189,-1.8904553421034669,-0.025956695451737552,0.8051866140972351
P01,session_02,002,neutral,3.2976436614990234,0.549035772203479,0.02863642878638965,-0.8567053591443207,0.00015814828590871933,-0.0014057746039004679,0.044178519746542355,-1.8841637781261673,-0.01945405758708411,0.6091438831260054
P01,session_02,002,neutral,3.329345941543579,0.5502799333454774,0.028716895367627997,-0.8591393503436938,-0.00023933984365215075,0.003926814437708399,0.12409522494154368,-1.884297310604859,0.007197661417971565,0.25874009973359835
P01,session_02,002,neutral,3.3615314960479736,0.5499041040982269,0.03210958134282361,-0.8522954560844214,-0.001171963922891901,-0.0007510952962396724,0.043248988151926904,-1.896012932737457,0.02599383707559927,0.8087815172118976
P01,session_02,002,neutral,3.393199920654297,0.5496613818818232,0.032463621343581446,-0.8521675221223234,-0.0002336992634115626,-0.00041499545551930867,0.015039385105727582,-1.895285031538301,-0.02102970765143528,0.664229448189795
P01,session_02,002,neutral,3.4412999153137207,0.5496951947859614,0.032557722451989096,-0.8574641710657679,-7.560433302645724e-05,-0.0015497668408470996,0.032258005623003384,-1.8921743922967644,-0.0063279118936410885,0.1354545587324443
P01,session_02,002,neutral,3.4738123416900635,0.5491934618056503,0.03371836205534825,-0.8569022355335424,0.00041806231800344153,-0.0009734166485391658,0.03258428604703404,-1.9167172359498321,0.09389498415194507,2.8881560335727925
P01,session_02,002,neutral,3.5052225589752197,0.549264111020295,0.033577442468075445,-0.8568405235209184,0.0002252411696480728,0.00010406806706052481,0.007899354096866255,-1.899860094091101,-0.055750831598951944,1.7749442235013857
P01,session_02,002,neutral,3.5376195907592773,0.5493722559309332,0.03212588411210693,-0.8569158602417042,0.0006692027946544666,0.00026689994728436897,0.02223857167342198,-1.9048700230764775,0.0061813648055362505,0.19209197094116817
P01,session_02,002,neutral,3.569307327270508,0.5494281388663932,0.031948186429698266,-0.8575648265362711,6.203978977351841e-05,0.0005811534930128754,0.01844421969908744,-1.888295358379363,-0.016992122093050763,0.5365536439951961
P01,session_02,002,neutral,3.601531982421875,0.5492260257712247,0.028501067936693082,-0.8585134323013422,6.454512498817728e-05,-7.732392022543306e-05,0.003125640819493223,-1.8899602928396613,-0.10190538438349878,3.16234366765695
P01,session_02,002,neutral,3.6334824562072754,0.549843855334713,0.029156547309404174,-0.8580494261571304,0.0009637962504733384,3.197884278989805e-05,0.03018191972348272,-1.9083231885114817,0.009415790849486278,0.29624109128461334
P01,session_02,002,neutral,3.6655778884887695,0.5496859172635825,0.028647016781207502,-0.8516738999246642,0.0005674622497582376,0.0034986773457362855,0.11043309475173126,-1.914845938479042,0.0185582086448188,0.5886708731634192
P01,session_02,002,neutral,3.6973743438720703,0.549561539826803,0.02887559619361875,-0.8518586258662999,-0.00011038368376228062,0.0005205467847870949,0.01673525247431828,-1.931589386023356,0.036903751893865265,1.1607453607000142
P01,session_02,002,neutral,3.729304790496826,0.5501034193265486,0.028915007537756325,-0.8496075712307506,4.591403604524518e-05,0.0004448921109186471,0.01400716581473215,-1.9066814389218862,-0.019368951229375878,0.6067598937301392
P01,session_02,002,neutral,3.7613062858581543,0.5486847048448574,0.030302072172982725,-0.8527803742643913,-0.001462212109712085,-0.0016402869003620012,0.06866581578117611,-1.8734893769646945,0.0004524245748721908,0.07010610670585728
P01,session_02,002,neutral,3.7936956882476807,0.5486390563569332,0.03119710561268598,-0.8527543119325137,-2.034300986208098e-05,-0.0010811399874098738,0.03338534459937474,-1.8457588202200244,-0.05982447352832132,1.8473402064970916
P01,session_02,002,neutral,3.8257977962493896,0.5487849695958663,0.03117129710757013,-0.8508143863386753,3.4022715654258606e-05,-0.0007678326841748801,0.023941919604475927,-1.8788420200942169,0.00013318549104879366,0.024298726805723134
P01,session_02,002,neutral,3.8732690811157227,0.5488903836634559,0.029493088221618183,-0.8576384491776202,-9.607603090631057e-05,0.0013040712688939065,0.027545191404953755,-1.891623570780579,-0.019848699874734498,0.41902646933658494
P01,session_02,002,neutral,3.9059441089630127,0.5472194972796794,0.030208263957163223,-0.8579319442986635,0.001273619935405628,-0.001274287087162947,0.05513820534975898,-1.9257880905608136,0.038171400947862824,1.1695137677486662
P01,session_02,002,neutral,3.937030076980591,0.5477242264542077,0.031383580621999675,-0.8582879103959976,-0.002715893324401614,0.00047250670157527393,0.08867955745646738,-1.9259991811343693,0.05496239414044015,1.7702997975240835
P01,session_02,002,neutral,3.969210624694824,0.547909257062286,0.03147029102364566,-0.8582471830362322,-3.388671866411542e-05,5.711244718671138e-05,0.002063634699977699,-1.9362275715404638,-0.031668335233366436,0.9840853283371708
P01,session_02,003,neutral,0.0011599063873291016,0.5501681729544203,0.00950626929332193,-0.8708396227427208,0.0,0.0,0.0,-1.8574532859847146,0.0,0.0
P01,session_02,003,neutral,0.032617807388305664,0.5511576939594727,0.009888255226536982,-0.867697576251305,0.0008607216645372944,0.0005265012468651612,0.03207405135516617,-1.8959239065000775,0.008881254677529937,0.28413800400414385
P01,session_02,003,neutral,0.06464791297912598,0.5508899169253025,0.012816612694750472,-0.866612487586771,0.00029325448536936054,-0.001505561468031048,0.0478879398936088,-1.8779638283007727,-0.023917355972962146,0.7482488519439577
P01,session_02,003,neutral,0.09637618064880371,0.5511015518627188,0.01902109889276856,-0.866276499027186,0.0014325326574788988,-2.8012265515579113e-05,0.04515867450573076,-1.8812195529965485,0.0061700800239348885,0.19964083371786998
P01,session_02,003,neutral,0.1294403076171875,0.5513130528420783,0.02037267282107607,-0.8629954136210966,0.00035711396865858026,-0.00011378995709007552,0.011335689303023365,-1.8904414246534387,-0.009401266792096625,0.2845602150835795
P01,session_02,003,neutral,0.16071820259094238,0.552634917503316,0.02107888995116985,-0.8601316022259203,0.0016515219064801414,0.0003778712968663042,0.05416602741597407,-1.9455363524401743,-0.03872428501657799,1.239256292688904
P01,session_02,003,neutral,0.19274663925170898,0.552907352805805,0.019055350985843458,-0.8568138367939375,-0.0006409381494272728,-0.0029220333040620543,0.0934014165002671,-1.9465018319457081,0.008920688307826347,0.2937676691652067
P01,session_02,003,neutral,0.22492170333862305,0.5528206340971272,0.01924133615433097,-0.8574647492565092,-3.8087110842551225e-05,-0.000774033598694056,0.02408604649862134,-1.882044285106617,0.0550392714703642,1.7107884217863738
P01,session_02,003,neutral,0.2567598819732666,0.5528847257288722,0.020351198529930347,-0.8571672553268269,0.00034739342266128616,-0.0001064051540142564,0.01141157888553559,-1.8840758233019317,0.023389297461314094,0.7347191387348391
P01,session_02,003,neutral,0.28858470916748047,0.5528753130160939,0.02051503656294756,-0.8582780451971562,-8.678582297776194e-06,-4.7058399664339244e-05,0.0015036049357847494,-1.8642592004023941,-0.04173597607297915,1.3114290692097212
P01,session_02,003,neutral,0.3221149444580078,0.5526816443328649,0.021139025053040224,-0.8586500862286662,-0.0003124575582457635,0.0002626595506454593,0.012173813891133745,-1.848511856132369,-0.016457122607019422,0.4909653608071498
P01,session_02,003,neutral,0.3686075210571289,0.5526888793624909,0.02118754812142415,-0.8585478249364401,-1.914245942461395e-05,-0.0004172516930356697,0.00898402705884162,-1.8446289156380635,-0.02781129742291835,0.5982553747947084
P01,session_02,003,neutral,0.4003562927246094,0.5534745159430886,0.02268973846663162,-0.8584942113966919,0.0002930023562084279,0.0010885483107800382,0.035506641227272574,-1.870768675421259,-0.017625129605274605,0.5562780018531132
P01,session_02,003,neutral,0.4328751564025879,0.5524828462051365,0.022657184102115476,-0.8591613899600539,0.0006783003407945276,-0.0006309657709072798,0.02848795078957979,-1.9060550015585145,0.06651701896193082,2.0456886303696935
P01,session_02,003,neutral,0.46465253829956055,0.5524612421880855,0.022638218484897693,-0.8595782102145363,-1.5104498978977698e-06,0.00021173270890174095,0.006663169958798985,-1.8921339249335938,-0.01244675449434815,0.3917426362205857
P01,session_02,003,neutral,0.4963703155517578,0.5520863335470104,0.022634806075736466,-0.862639777578593,0.0003200009787947675,-0.001163350386978076,0.038040466826976115,-1.9147299322045066,0.07903435780368938,2.492090364994365
P01,session_02,003,neutral,0.528313398361206,0.5520574424917302,0.022731893380480366,-0.8626743415874157,1.767979168601902e-05,-0.0001869469270494164,0.005878614366644802,-1.9207100843928095,0.016600325687381963,0.5197177690037621
P01,session_02,003,neutral,0.5606496334075928,0.5521979880898578,0.022171076503805332,-0.861635773291387,0.0002614324078676367,0.002785356139067065,0.0865158916163933,-1.9284142486536426,-0.1062228369514547,3.2860866665994073
P01,session_02,003,neutral,0.5926430225372314,0.5511760273314813,0.026908917811860483,-0.8595915663310149,-0.001856413440314547,-0.0007975928482762304,0.06315371028603052,-1.910809099541624,-0.008773710577528192,0.28141301766820376
P01,session_02,003,neutral,0.6245684623718262,0.5513306988050072,0.022600178447106493,-0.8551756731841323,7.797470762544097e-06,0.0004888216853080504,0.01531330107948893,-1.9170473500048628,-0.02360625488268688,0.7395768652698633
P01,session_02,003,neutral,0.6564526557922363,0.5514270851708479,0.022260549548827367,-0.8530954067745877,-0.00011863054862588664,-0.00015392246126948755,0.006094964965146456,-1.8724793880623951,0.011017724379191173,0.34560818098952895
P01,session_02,003,neutral,0.6886417865753174,0.5518350018144944,0.023043165207440184,-0.8536412619212554,-0.00028299069250416957,-0.00022164003855670075,0.011166974328716637,-1.8745497082474785,0.022533646946289308,0.7001280624249748
P01,session_02,003,neutral,0.7203092575073242,0.5527753085596726,0.023778010437600243,-0.852169160534757,-7.175952052087793e-05,-0.00029118945930372783,0.009470323696934464,-1.871573425374506,0.0020405636457058217,0.06512942314948135
P01,session_02,003,neutral,0.7699506282806396,0.5523043952679102,0.023156295759276326,-0.8560404810407637,0.0006376718125622567,4.262836741478171e-06,0.012845859229977595,-1.8659235024839493,-0.0006118519722989996,0.017802603388338143
P01,session_02,003,neutral,0.8006100654602051,0.5523645064727616,0.026547676652734917,-0.8576275603856671,7.081473859287332e-05,0.0011630342896060781,0.03800422588957374,-1.8639618903746609,-0.001162467771697335,0.05368338692900735
P01,session_02,003,neutral,0.8326349258422852,0.5527757986151055,0.026243500885665707,-0.8576877909625611,0.00027924726298400886,8.135613859308221e-05,0.009082228647188193,-1.8541226266329085,-0.011072602810883734,0.34586949523284133
P01,session_02,003,neutral,0.864753007888794,0.5527379216617737,0.027076520493880617,-0.8578497093684669,0.00040327696284816507,5.828496514992532e-05,0.012686533076571083,-1.8573726997021482,0.0005597729030402634,0.021556991720005258
P01,session_02,003,neutral,0.896467924118042,0.5523025967229704,0.023050069701652652,-0.8582800781466832,0.0006310367925677501,-4.78626392755222e-05,0.019954311673928464,-1.8618595546850076,0.012801313441361243,0.4041299261570086
P01,session_02,003,neutral,0.9288828372955322,0.5522732436125233,0.024561314519518616,-0.8573251673745946,4.389890247770167e-05,-0.0003995960330023121,0.012401703073959682,-1.9140683707687267,0.016035375987414186,0.4948467421501815
P01,session_02,003,neutral,0.9627113342285156,0.5523990153028774,0.026165638674006238,-0.8565275555848212,-7.404735769611129e-05,0.0003598512756525044,0.010860391911367655,-1.9015434020074387,0.003690336875139821,0.10962885957510815
P01,session_02,003,neutral,1.0005695819854736,0.5521024543402255,0.027969255361676305,-0.8573931874630419,0.00029059969089593703,7.751484278379596e-05,0.007944378653888844,-1.91475942004429,-0.022012541980036562,0.5815006729561223
P01,session_02,003,neutral,1.038630485534668,0.553365461502573,0.028209895714274263,-0.8561397377088735,-0.0010444658718966355,0.00042191175602331927,0.029596323683999833,-1.887538812946616,0.0015449273210728794,0.0502351037879786
P01,session_02,003,neutral,1.0756464004516602,0.5498515846452086,0.020972094258456697,-0.8596768262449652,0.001500992608752019,-0.00027794101803437133,0.04123926423826064,-1.8862976675168117,-0.025650113137314547,0.6941742878169964
P01,session_02,003,neutral,1.1132349967956543,0.5517378441206805,0.02217560399241753,-0.8569071893737156,-0.0017016056093343201,0.004865866346234429,0.13713773404902133,-1.8812245852009106,0.04181097328427321,1.1207532025706242
P01,session_02,003,neutral,1.1520793437957764,0.5515847362148653,0.022243083916631753,-0.8551754793932865,-3.0419093210252384e-05,-0.0016698083049073711,0.04299429608143083,-1.856875327305942,-0.03619145383665366,0.9326960007250713
P01,session_02,003,neutral,1.1880972385406494,0.5514976376750016,0.02489788002500658,-0.8548553684556705,0.00023763603639789563,-0.00047948710652837473,0.014857717138183806,-1.8791397729347457,0.07336066267653722,2.0368379391786022
P01,session_02,003,neutral,1.22890043258667,0.5522821101543214,0.024386042410536705,-0.8528546707388428,0.0008134117488723207,0.000257885048369571,0.020912901380509188,-1.8846775448670292,-0.003470898555383799,0.08759736766609484
P01,session_02,003,neutral,1.2669200897216797,0.5522980233536395,0.024827047611049,-0.855101298556554,-1.5958841917703572e-05,0.0007414723475609967,0.019506858453411546,-1.88185808618347,-0.004496643160392473,0.1198694006502724
P01,session_02,003,neutral,1.307384967803955,0.5532493695131601,0.02390089724748458,-0.8537272690076363,0.0004774033134341729,0.000799398044723625,0.023010130364289498,-1.896756681503798,-0.024211121866053537,0.598766643690291
P01,session_02,003,neutral,1.3480744361877441,0.5513376261030842,0.023096088479798566,-0.856780673677113,0.001400554100620752,-0.0026449445271120807,0.07355397373661592,-1.8797476590627613,-0.037695067664071116,0.9293238500052561
P01,session_02,003,neutral,1.3873310089111328,0.551000317741525,0.022635026585686703,-0.8592517881649734,-0.00040253394898017174,-0.00034480888504801567,0.013501566640219403,-1.8975256450634643,0.03340611244914837,0.8510757457283677
P01,session_02,003,neutral,1.4238758087158203,0.5518842023790346,0.023286788649434415,-0.8562658598151761,-0.0009500268442654818,-1.7496337840418133e-05,0.02600063341129141,-1.9019195865599758,0.0030975538113093347,0.08865871331597822
P01,session_02,003,neutral,1.4627044200897217,0.5518758679122661,0.024121010022181467,-0.8566736527877223,-2.3085794399629652e-05,-0.0009713314242482773,0.0250229326540939,-1.893119059657344,0.002821111076563866,0.07684376834240758
P01,session_02,003,neutral,1.499232292175293,0.5514837944568596,0.024429381591398784,-0.8576996193203972,-0.0003213773696000933,-0.0007444044503516537,0.02219716676771114,-1.8810024518999247,0.015054532978509162,0.41273556253009747
P01,session_02,003,neutral,1.5339934825897217,0.5521375397051915,0.024701940996871848,-0.8590019833655079,0.0007865691277332405,0.0025543188081468614,0.07688698755354365,-1.876227886088795,-0.02208336344475062,0.639923680510466
P01,session_02,003,neutral,1.5684068202972412,0.5528920494571328,0.025706018118439,-0.8585830265035933,0.0006541081256816344,0.00072024662343288,0.028272183630873523,-1.8896360119120381,-0.04186378248532307,1.21682724242231
P01,session_02,003,neutral,1.6002731323242188,0.5528816806984831,0.02563227492915728,-0.8588032074880465,1.7788193624926587e-06,0.0010499885564240756,0.03294984566496485,-1.8889355041156382,0.0012423166620414638,0.05104452293748234
P01,session_02,003,neutral,1.6412854194641113,0.5525889946462539,0.029187388099096306,-0.8560835826091928,-0.001150939427090386,-0.0009009368632199291,0.03563871944929651,-1.8799381123932855,-0.011615209184141663,0.2854464410009101
P01,session_02,003,neutral,1.6748130321502686,0.5534279009003641,0.02962157880477825,-0.8544915534320775,-0.0005022358997380602,1.8578393331864123e-05,0.014990014561204357,-1.8674507707384251,0.00881278204040452,0.2632785446226382
P01,session_02,003,neutral,1.7078349590301514,0.5534779419132104,0.029556278289607843,-0.8548695074476252,-0.0001649289096471795,-0.0004327566591036179,0.014024612117993315,-1.8466863323442937,0.010444205317866412,0.3165917059313629
P01,session_02,003,neutral,1.738091230392456,0.5538690046346452,0.029194888946317218,-0.8548156191269365,0.00040476713498225383,-0.0005004638248547615,0.021273664617128877,-1.8465110537657312,0.000925839243346248,0.037268262974322695
P01,session_02,003,neutral,1.7651877403259277,0.553884432020196,0.02807104977135992,-0.8579692711799123,0.0009961513886439686,-2.5073609998411417e-05,0.03677473219033719,-1.8994168626674166,-0.014240895776587013,0.5268470270418779
P01,session_02,003,neutral,1.79548978805542,0.5541197838518768,0.02798465087295847,-0.8572936755997818,0.0005744446672336559,-3.818605563615811e-05,0.018999127625388093,-1.885619332945356,-0.011854887863833761,0.39168504340061877
P01,session_02,003,neutral,1.8247098922729492,0.5537340434280145,0.027119670454770258,-0.858347333630916,-0.00036846957861510555,0.00044132927436828413,0.019675743098763715,-1.9464512795250362,0.07106765670634892,2.432228909220657
P01,session_02,003,neutral,1.8578081130981445,0.5536736296279878,0.02930090795872279,-0.8572507798201858,5.972051930911846e-05,5.974743256703153e-05,0.002552300363690551,-1.910069089719186,-0.004723034544423843,0.1427203591041003
P01,session_02,003,neutral,1.8891806602478027,0.554680768540942,0.026929765762214862,-0.8572182249754234,-0.001545589022710741,0.001382978862377226,0.06610875363997498,-1.9007169328864602,-0.005432920167693441,0.1853637493507252
P01,session_02,003,neutral,1.9261572360992432,0.5527771074286009,0.022160720802353307,-0.8576499614375319,-0.001122108219604988,-0.0021925130911774394,0.06660903178314355,-1.8891954808152853,-0.01291192724401277,0.3554882111735255
P01,session_02,003,neutral,1.961172103881836,0.5533401937406759,0.02383421505611463,-0.8591095673477804,0.0005911289168331117,-0.0004621636586346801,0.02142953533375844,-1.8720068793069655,-0.02519190495796496,0.7197821631085924
P01,session_02,003,neutral,1.999687910079956,0.5516050401937687,0.02227189973513384,-0.860650843148869,0.0013001522543488147,-0.0013671879570855837,0.04898482182776538,-1.8447564356025639,0.014531633056771779,0.3804567593588216
P01,session_02,003,neutral,2.0373916625976562,0.5523521629487113,0.023616244915268092,-0.8594744075303091,-0.0004937044130907668,4.6131774890588296e-05,0.013151343674922418,-1.858453298675571,0.03365010828631706,0.892583873083044
P01,session_02,003,neutral,2.0747251510620117,0.551835724353963,0.025196548271034312,-0.8543007970042568,-0.0005721643065172652,-0.0016760155824679607,0.047436994540990256,-1.8480095933592393,-0.07013353469937385,1.8791678523850792
P01,session_02,003,neutral,2.1116323471069336,0.5500556929210411,0.022646266217576698,-0.8568168677164714,-0.0016939550329952621,-0.00028791546602708533,0.04655592927834722,-1.8609042300835372,0.004566770568402516,0.13220513660257166
P01,session_02,003,neutral,2.1489923000335693,0.5500817628797571,0.02488382735283516,-0.8523377833222543,0.00012330909754087153,3.418630955548767e-05,0.0034250657659074518,-1.877039390765154,0.017864730574153467,0.4781908819873656
P01,session_02,003,neutral,2.1849136352539062,0.5500539894525811,0.019980726090779406,-0.8536449101475634,-3.215625861508633e-05,0.0011247917925007451,0.03132543218227434,-1.8973116906021363,-0.05899243084802734,1.6425659379237318
P01,session_02,003,neutral,2.229543685913086,0.5510092391821412,0.019055507171026765,-0.8529149135503186,0.0007219369846516596,0.00042771835512541996,0.018801863480223408,-1.8820575238236383,0.03847599201787375,0.862314532272313
P01,session_02,003,neutral,2.2620444297790527,0.5515153708001845,0.018598873264747923,-0.8527533954643397,0.0004464955146248248,0.0006684396255373916,0.02473318350276486,-1.8822022404249776,0.0033064795672601015,0.10469882139223806
P01,session_02,003,neutral,2.2995214462280273,0.5515075256010604,0.018354589203611243,-0.8558822172593701,0.00025762580814919745,4.171727821524498e-05,0.006963777026850644,-1.8799730935062458,-0.0014829627798717201,0.040178019613556236
P01,session_02,003,neutral,2.333911180496216,0.5529714728845668,0.020777925275648843,-0.8542514892348025,0.0008738648003919033,0.0008593536082303466,0.03563893323884082,-1.8860842382321537,0.020363096506595915,0.5931987318359543
P01,session_02,003,neutral,2.365900754928589,0.5531609199370793,0.02095035235648284,-0.8550601581532711,-8.558267116599439e-05,0.0007250147975327582,0.02282145164187209,-1.88990211227377,0.005180593585966964,0.1635464046239337
P01,session_02,003,neutral,2.392707586288452,0.5539629936148839,0.021568988786618008,-0.8547704353542462,-0.0003536168793081959,0.0006525207864185468,0.0276861539847407,-1.885847963078508,-0.00181467381042823,0.07313728334432099
P01,session_02,003,neutral,2.4197158813476562,0.5513702260539635,0.020109897531428226,-0.8583566925539402,0.0011193500576623051,-0.0005053263648213285,0.04547226563579687,-1.8989794267765943,0.015519962324679101,0.5764332288285873
P01,session_02,003,neutral,2.4645025730133057,0.5512277059734063,0.022116190955373254,-0.8571949262548971,-0.0005446814331740457,-0.0009930184012216683,0.02528857156061764,-1.8755366483416283,-0.025319563322792202,0.5659020836106706
P01,session_02,003,neutral,2.4971413612365723,0.5493166289912562,0.01472345051853156,-0.856640657416728,0.0015709222145722636,0.0003660480286552201,0.04941990509260356,-1.890782761955957,0.023584598726656844,0.7242821894155907
P01,session_02,003,neutral,2.528855800628662,0.549056579221522,0.018461572505444567,-0.8560782654373104,-0.00029951232925478553,-0.0009522733425962229,0.031476658281721845,-1.8666777260573695,0.005730982242818531,0.18342670450203594
P01,session_02,003,neutral,2.5606558322906494,0.5497739554294461,0.018442862975322757,-0.8576722182910806,0.0008241155336753298,0.0001847961621613984,0.02655910530268438,-1.8680886557726775,0.003646973130458316,0.11771974312185048
P01,session_02,003,neutral,2.592938184738159,0.5508895750258621,0.019801269782710098,-0.857347622375891,-0.0010378399395909845,0.0009527294096009397,0.04364090573077955,-1.8655738041034269,1.8150060582653752e-05,0.043644527193662
P01,session_02,003,neutral,2.624664306640625,0.5507315508005547,0.020035948652830708,-0.857135062943082,-0.00018527302662531435,-0.0004329125120124176,0.014842408632698067,-1.8822516797855822,-0.0008494555196643656,0.03061337104829845
P01,session_02,003,neutral,2.656853675842285,0.5504617292286509,0.020627158455147728,-0.8589971338696202,-0.00026087642936837164,-0.0005273834800201947,0.018278674405136662,-1.8797788007954714,-0.007627353285800743,0.2376565240021826
P01,session_02,003,neutral,2.688499927520752,0.5503309808191944,0.020731268208679304,-0.8590953997730862,-5.675281776034687e-05,-9.877589655999302e-05,0.003599765796598049,-1.8833766448191698,0.010370765143922468,0.3277288858850059
P01,session_02,003,neutral,2.720883846282959,0.5500181353511028,0.022147136546988022,-0.8564147544606183,0.00022145104637460484,-0.0012830289520685755,0.04020513869698894,-1.8710160497472466,0.026457737787215205,0.8179910121285273
P01,session_02,003,neutral,2.75323486328125,0.5521028981981578,0.024360004890238776,-0.8553141196236828,-0.0011810612938100173,0.0024119727963670973,0.08301480148703658,-1.8828799542144545,-0.00246017662572403,0.11258109955001266
P01,session_02,003,neutral,2.785170316696167,0.5519559099405993,0.024747757389629678,-0.855048874028923,0.00021612459218017135,-0.0007172566566788824,0.023457026387408663,-1.8624013461510636,0.011533448163696879,0.3619097000020958
P01,session_02,003,neutral,2.8167803287506104,0.5533049747766648,0.02461176784590703,-0.8543103892156347,-0.0011752501838625119,0.0016365006684981186,0.06373873651543902,-1.8744723892390138,0.007296332548017852,0.23946210361219872
P01,session_02,003,neutral,2.848524332046509,0.5532544000798334,0.025310845114969345,-0.8544464994573884,-0.0006367115210863714,-0.00021444573311716112,0.02116477060688083,-1.8668199188095347,-0.03249289181879035,1.0238102841579921
P01,session_02,003,neutral,2.8964791297912598,0.5526414017015823,0.026350901897875572,-0.8557356229595189,0.0007307250555070243,-0.00020600134403696115,0.015831726826775108,-1.8907789951154481,-0.033141598690067796,0.6912821044588326
P01,session_02,003,neutral,2.9293954372406006,0.5526511834977502,0.02711872062436531,-0.8564085197360236,-4.47586621008074e-06,0.0005788966718700812,0.017587451920955878,-1.863991523835382,0.034245472523465284,1.0405287849649507
P01,session_02,003,neutral,2.9607417583465576,0.553572712616121,0.026689911660711,-0.8552252328473464,0.0007699940879231827,0.0003346466177612658,0.026783713221154165,-1.8674422332060525,-0.004840666556096418,0.15673083776059868
P01,session_02,003,neutral,2.9923806190490723,0.5534846596590252,0.025631057604382227,-0.8577955091439189,-6.484271263722434e-05,0.0007200677567760855,0.02285105773218552,-1.8795653561566796,-0.02841914617432657,0.8985260644195705
P01,session_02,003,neutral,3.024341583251953,0.5532862801607037,0.019840029399864383,-0.8582463484820011,-0.0004619259059560358,0.0003920236414946831,0.01895603581007149,-1.8628866757589846,0.02908631742971409,0.9102549712652743
P01,session_02,003,neutral,3.0567545890808105,0.5528775505546063,0.021026974344309467,-0.8587819163126557,0.000251758724101031,-0.0001851064037175764,0.0096407268940154,-1.8877442671865123,0.039820651247610514,1.2285771187607941
P01,session_02,003,neutral,3.0889570713043213,0.5530084702853358,0.02046534011801622,-0.8594081017466214,0.0001520407128536435,0.0006961133851769652,0.02212636391286239,-1.884411025918442,-0.0044983302870181836,0.1414304534419292
P01,session_02,003,neutral,3.1204984188079834,0.5528628659705307,0.02135724553540568,-0.8594346655148323,-0.0001818635168758946,-0.00045280579229566936,0.015470566798359139,-1.896200612310114,0.06606231668878254,2.0945243001773024
P01,session_02,003,neutral,3.153154134750366,0.5522977016954121,0.022596262889685716,-0.8577713899607505,0.000484107637023378,-0.0026999732180908145,0.08399847578646889,-1.8758424389578907,-0.024251707037189586,0.7473834483650361
P01,session_02,003,neutral,3.1847758293151855,0.5522567813087352,0.023660163109654648,-0.849180643291938,1.5555299127147713e-05,5.034898208370794e-05,0.0016664865369877737,-1.907594387448239,0.025130078166982706,0.7947117877465837
P01,session_02,003,neutral,3.2168493270874023,0.5514021584045846,0.02356692922624345,-0.8479301522528327,-0.00014249821437497187,-0.0022940780235712805,0.07166351065978532,-1.8476125523601952,-0.06441740823167465,2.00970915040147
P01,session_02,003,neutral,3.2488977909088135,0.5512850665244481,0.023553392308630423,-0.8463075751853498,7.314281601125786e-05,-0.002005453840036684,0.06261726735427289,-1.8494501334453048,0.019207665684753857,0.6025940673677491
P01,session_02,003,neutral,3.2806174755096436,0.5513037876973034,0.026009104871477614,-0.8465696136928722,0.00013232021301572136,0.00023515184419094592,0.008506518053791297,-1.8619918741044381,-0.01464279722197977,0.46170960496039737
P01,session_02,003,neutral,3.328444242477417,0.551160764938374,0.02648602295853884,-0.8498135358416483,-0.00042658691774515934,0.002439833305130029,0.05178784853415322,-1.880259629181873,-0.025369140355061305,0.5329602052524117
P01,session_02,003,neutral,3.3607256412506104,0.5495001600610204,0.028621556342384977,-0.850039055319626,-0.0014984950437855902,-0.001521951823909634,0.06616326887030965,-1.8657823916744631,-0.02594981552742395,0.8065810408577951
P01,session_02,003,neutral,3.393084764480591,0.549645050547844,0.024005793010626768,-0.8489826316823367,0.0010037126511554027,-0.0005263777877220458,0.0350245407033149,-1.888069572713095,-0.010137923411778098,0.31524582685340924
P01,session_02,003,neutral,3.4242191314697266,0.5523752703461935,0.022469712650929907,-0.8520675515140429,-0.001036033157840414,0.006279917481577546,0.20443016780574655,-1.8810856008391434,0.0041316425037199395,0.2437251285458417
P01,session_02,003,neutral,3.4566590785980225,0.5522596555301156,0.022361954990987552,-0.8524053953055304,0.00012800339115077433,0.00012789546249044486,0.005577932358699726,-1.8576076615413857,-0.06257862920677777,1.9290688288288163
P01,session_02,003,neutral,3.4887826442718506,0.5523737595210332,0.023213505244729534,-0.8542082085382142,0.0009734907644563949,-0.00010321243857980594,0.030474416566067575,-1.8614382721013787,0.04176812618335058,1.3005902626913093
P01,session_02,003,neutral,3.5208821296691895,0.5526911509162569,0.021655195678089847,-0.8568712522380499,-0.0004520837188802692,-3.893182789021402e-05,0.014135957367051895,-1.8655410445964007,-0.016421951872765638,0.5117907461836985
P01,session_02,003,neutral,3.5532305240631104,0.5520968271316805,0.0225213952066018,-0.8579559256453096,0.00040589096260143883,-0.001092182311575611,0.03601925557059417,-1.863479106471594,0.0023295175038820486,0.0805190346705177
P01,session_02,003,neutral,3.5862534046173096,0.5516777536118854,0.02532363635886718,-0.8582452300945924,0.00030423418020401237,0.00034579002752002186,0.01394714295812764,-1.8759285102239378,0.016936634564602752,0.5130653522311326
P01,session_02,003,neutral,3.6166465282440186,0.5517589707524734,0.027284467017396983,-0.8582127202660713,-5.7024540657490134e-05,0.0007712558996431936,0.02544526698675436,-1.8830274364949688,0.008322666217835374,0.2750135304488366
P01,session_02,003,neutral,3.6486289501190186,0.552521819825222,0.030123658574431035,-0.8570325062864053,0.00015654366406208015,0.0014098503889239903,0.04435294910056815,-1.892149403048309,-0.019798694387789844,0.6206360949780179
P01,session_02,003,neutral,3.6802752017974854,0.5520029772142526,0.024324219298174108,-0.8570646559590991,0.0007061006723450864,0.0010242873384356751,0.03931217804661078,-1.8933758708742352,0.026727544978051267,0.8454866522373644
P01,session_02,003,neutral,3.7284417152404785,0.5495620570086431,0.027574203282096397,-0.8567002767411858,-0.001979813967203099,-0.0024450328991196817,0.06531684608415493,-1.8776003177647955,-0.024335878219719626,0.5094492629251185
P01,session_02,003,neutral,3.7605504989624023,0.5503094904519791,0.02666580847953662,-0.8569737737310428,-0.0008626846407200319,0.001392556245482503,0.05101782062507908,-1.8909422910897542,0.03795815126946482,1.1832737880627282
P01,session_02,003,neutral,3.792994260787964,0.5503939121756498,0.022168402734242577,-0.855475325772455,6.536927990414084e-05,0.00022801411279878823,0.007311095729943423,-1.8488821334012067,-0.0673434348646089,2.075710361874081
P01,session_02,003,neutral,3.8242969512939453,0.5495998866164216,0.022973902545463085,-0.8569026216812806,0.0006786862153498294,-0.0015603384345390973,0.05435793419277146,-1.9008202503619218,0.06301985968237359,2.01397469605357
P01,session_02,003,neutral,3.8566768169403076,0.5497877611742185,0.023823768563507895,-0.8591809436862932,0.00031152739085403384,0.002581281159749128,0.08029717916758543,-1.9191089292237498,-0.05674053759790509,1.7541788755007528
P01,session_02,003,neutral,3.8886964321136475,0.550152948967833,0.023972607190245673,-0.859084783763166,0.0008458527102249106,-0.0001431197195180258,0.026792180777838646,-1.915861859928034,0.000342739767369625,0.028851304557679
P01,session_02,003,neutral,3.921003818511963,0.5493020357188563,0.023017556366689666,-0.8603173741723578,7.256591747630793e-05,-8.496316020029775e-05,0.003458474974606726,-1.9171102387690364,0.0019566484096191173,0.060662168045306726
P01,session_02,003,neutral,3.9528284072875977,0.5492796929909891,0.02308882340221388,-0.8580449229139898,-4.341924304699249e-05,-0.0007256344348771978,0.02284184413694643,-1.8989778557225878,0.012110238634591404,0.3812158144422025
P01,session_02,003,neutral,3.9853482246398926,0.5493455463896758,0.023116042620254976,-0.8582909494118175,-0.00023863480183724752,0.0001571097211982197,0.00878571050154565,-1.8807130031938435,0.03916483319100972,1.2043694737632078
P01,session_02,004,neutral,0.001514434814453125,0.5509575775444829,0.01851614541768697,-0.8806698551381339,0.0,0.0,0.0,-1.8508673167585639,0.0,0.0
P01,session_02,004,neutral,0.03425264358520508,0.5512759917129814,0.018744574228931065,-0.8785479077253612,0.00022104036361904894,0.00048243698072427825,0.016209316930984256,-1.867226030971536,-0.004295305541010359,0.1321991042092538
P01,session_02,004,neutral,0.06584692001342773,0.5491177377007009,0.023669177719019403,-0.8751186374185644,-0.0019590418503155137,-0.001586782651198877,0.07979471104690232,-1.9185345515865018,0.09341757493505036,2.9578644338954594
P01,session_02,004,neutral,0.09811568260192871,0.5506142731141821,0.024177873984500983,-0.8731978052763062,0.0007270690502984707,0.0008555632009281564,0.034794404243217836,-1.9462262603992584,-0.06748078162583501,2.091500142386249
P01,session_02,004,neutral,0.1299903392791748,0.5512774070174151,0.027396838688261527,-0.8715715256611954,-0.0017846311195751964,0.00251424490095809,0.09672997078375074,-1.9265682938400635,-0.014569272892529345,0.46720333029792116
P01,session_02,004,neutral,0.161590576171875,0.551797023313779,0.0291963607084795,-0.8680820089676113,-0.0004911765720421026,0.00015673578492631955,0.01631563279678404,-1.9210295824946513,0.0015518030918342568,0.05174677967751345
P01,session_02,004,neutral,0.19364404678344727,0.5519513054642428,0.03054192224819289,-0.86534751640935,0.00024796963828244346,0.001129078520658503,0.036064349401106185,-1.9245605847324647,0.005672686811708797,0.1806129875979654
P01,session_02,004,neutral,0.24193835258483887,0.5516663347177004,0.03226985705042461,-0.8540768554751593,-9.872587964132968e-05,4.6891416431559045e-05,0.0022631228707241146,-1.9163769904199464,0.0077740350117132175,0.16098799115455192
P01,session_02,004,neutral,0.273817777633667,0.5513373989138358,0.03216916255351911,-0.8521201148180437,0.0002574620582827119,-0.0018739108071565763,0.05933340536328978,-1.9188777205122751,-1.4729878413193154e-05,0.05933520440614578
P01,session_02,004,neutral,0.3052675724029541,0.5508033922967661,0.034690950303781894,-0.8487382394285015,0.00015588228395058544,-0.00025711649195875807,0.00956061962967531,-1.914512908618969,0.0012177863814216683,0.039884430228603086
P01,session_02,004,neutral,0.33727264404296875,0.5512184103188885,0.03489315298020943,-0.8427109173095154,-0.00018312245026200845,0.0005735890389222461,0.01881300166007984,-1.9058646618709438,-0.004998940121051128,0.15732103692344387
P01,session_02,004,neutral,0.3696329593658447,0.55131165907748,0.03346325138513755,-0.842566651502875,-8.938345354515488e-05,0.0005635455114655213,0.01763239918458121,-1.8930068087063008,-0.016517559483896983,0.5107308670896481
P01,session_02,004,neutral,0.40172290802001953,0.5524559174014881,0.033921336442978595,-0.8501820197908379,0.00011757347436786993,-7.870598720014784e-05,0.004409029392117703,-1.887222194884747,-0.02657174007003648,0.8280510833784992
P01,session_02,004,neutral,0.4340088367462158,0.5522252935588267,0.03372397653405897,-0.8501973516219475,-7.148020285003027e-05,0.00041760197029334407,0.013122601505262737,-1.8903883538554866,0.04168893269723666,1.2913082307360975
P01,session_02,004,neutral,0.4666783809661865,0.5530938488638689,0.03288516208956258,-0.8524049868670196,0.0008298242095342241,0.0023685323709292483,0.0768205383704917,-1.9008548588423426,-0.029762214682907955,0.9142411552070174
P01,session_02,004,neutral,0.4980478286743164,0.5528518389186219,0.03324232216262143,-0.8486623623798736,-0.0002112327246746733,0.0006629424647311809,0.022180229750980374,-1.8962552253617126,-0.0037992241851784164,0.12312651252139097
P01,session_02,004,neutral,0.5299394130706787,0.5530320958926614,0.03329015865944142,-0.8438119755041763,-0.00011202166768173591,0.0007576787240433948,0.024016212741078326,-1.8945025221569578,-0.000353673219480569,0.026453042897304168
P01,session_02,004,neutral,0.56134033203125,0.5530802257413929,0.033566772863646545,-0.844180558393818,-0.00015665503434964478,1.3309413873716488e-05,0.005006840785183449,-1.9271646286055937,0.06305345599526525,2.0080193220443414
P01,session_02,004,neutral,0.5936646461486816,0.5517665988206771,0.035141093280239406,-0.845938979982099,-0.00117346321252204,-0.003501363715947263,0.11424130503679791,-1.9255703980213725,0.17115640770122884,5.29620640985027
P01,session_02,004,neutral,0.6414303779602051,0.5519025940871081,0.036931135393457465,-0.8407904099426605,-8.336133165328662e-05,-0.0006757465291071927,0.014254338664353338,-1.8507060985181554,-0.07954501614067218,1.6653765583301947
P01,session_02,004,neutral,0.6736323833465576,0.5545416610912755,0.03346252442804293,-0.84704831976627,0.0010233198170322849,0.0024837523095366156,0.0834202779748348,-1.872124810066294,-0.07326867779656282,2.2768118078790116
P01,session_02,004,neutral,0.7057161331176758,0.553730820561492,0.03380167313361211,-0.8461686104296499,0.00014956843802088493,-0.0021736131478630656,0.06790830439891286,-1.8739687402018148,-0.001834379659253624,0.08877210881125325
P01,session_02,004,neutral,0.7378654479980469,0.5535066765111175,0.03319214482718237,-0.8469863771732122,0.0006483071090515288,0.0003400169751602188,0.02277066361179386,-1.8953083546089677,0.017826796564655082,0.55496738967692
P01,session_02,004,neutral,0.7696006298065186,0.5528708324667753,0.03306974980065671,-0.8474178722935927,0.0005639911354531396,-0.0005653522284898836,0.025163458514913743,-1.9131872218193717,0.012232614787120854,0.3862795898309666
P01,session_02,004,neutral,0.8016772270202637,0.5511639347684812,0.03209060949571628,-0.8430065477940092,-0.0009741406425325228,-0.001342219622806978,0.05170324614969449,-1.8594682028700147,0.09570075115780605,2.9839549306055395
P01,session_02,004,neutral,0.8339393138885498,0.552204442848708,0.03132181611827271,-0.8451879802586727,2.1938693553607092e-05,0.0015397023084645922,0.04772966501836894,-1.8658148355902158,-0.1395015410159722,4.324272017191633
P01,session_02,004,neutral,0.8677072525024414,0.552100000308471,0.02396629514306936,-0.8452015275936461,0.00015015868548388307,0.00014596174550136418,0.006201438493464865,-1.8704172602686215,-0.01539837037110379,0.45604780360654396
P01,session_02,004,neutral,0.8983650207519531,0.5521570966580075,0.022300583684339938,-0.8538492841106856,6.397310262570834e-05,-0.00017007318825024845,0.005926949258573041,-1.885149780739429,0.014935432299868334,0.48720237810298217
P01,session_02,004,neutral,0.9298534393310547,0.5518092998644494,0.025923505869772427,-0.8540952666976255,-4.669023829517097e-05,-0.00019842676170787527,0.0064736791105491865,-1.8957425472124987,-0.003527826912019165,0.11222257279980763
P01,session_02,004,neutral,0.9612035751342773,0.5516103175832158,0.0262775819813034,-0.8556392515036174,0.0002661142009883605,-0.00016548732060244612,0.009995915033233604,-1.9130922084707789,-0.00784489860881351,0.2504344857535066
P01,session_02,004,neutral,0.9937078952789307,0.551576998976863,0.02677703905178018,-0.8555712043604626,5.700283038875852e-06,-0.00010946704679395714,0.003372332089831257,-1.927060269130051,0.07946724061157687,2.444823206835195
P01,session_02,004,neutral,1.025320053100586,0.5530799269051542,0.029468311047710007,-0.8553669632511947,0.0008388841882374122,0.00263440322213011,0.08745823639879895,-1.8997919626476447,-0.07414196210844487,2.346992352540692
P01,session_02,004,neutral,1.073772668838501,0.5529378302238613,0.024949032804792052,-0.8525311861197894,-0.00010375392577694853,-0.0008463086454803355,0.017597498375113388,-1.8896130911946356,-0.027354816852843186,0.5648426117884973
P01,session_02,004,neutral,1.1058883666992188,0.5530586323861476,0.02480385593861667,-0.8637925920406605,0.0003234798822711874,-0.0003981663918210568,0.01597370052361863,-1.8800699794198594,-0.042873586038894504,1.3350684553298982
P01,session_02,004,neutral,1.137676477432251,0.5554623177623914,0.02748958480766677,-0.8623549772358208,-0.0026033464198623327,0.0025688608353282524,0.11505509550000326,-1.8840396860948998,0.014478419226278735,0.4697737739734546
P01,session_02,004,neutral,1.1697719097137451,0.5555966761268483,0.02725555622930625,-0.8627377660587523,0.0001233188428104792,-0.0011639925571933008,0.03646957633709847,-1.893385266947549,0.024032369650080987,0.7496661073460371
P01,session_02,004,neutral,1.2021262645721436,0.5548631026940637,0.026785873143099215,-0.8482402724893936,-0.0002997349423254649,0.00010070836248727654,0.009773065135988199,-1.8928289269083338,-0.005952213345321333,0.1842288705904446
P01,session_02,004,neutral,1.233780860900879,0.5533932686052502,0.02743126038093915,-0.8497243073621482,-0.000676780522448541,-0.0008438349650868297,0.03417218341976355,-1.8832967679808577,-0.018365541055823675,0.5811910804050444
P01,session_02,004,neutral,1.2659361362457275,0.5524888910760941,0.030327709269403556,-0.8493371459426797,0.0003453767537228817,-0.002238374725310952,0.07043520667236493,-1.907926430341135,0.04289320090218451,1.3357980586830833
P01,session_02,004,neutral,1.2978863716125488,0.552713263544374,0.031985085837855996,-0.8429394037286448,5.090051965385071e-05,0.0011050912609170235,0.034624561180255684,-1.9196818251206158,0.06371814939937502,1.994594134009389
P01,session_02,004,neutral,1.3304328918457031,0.5546008630041348,0.03229900924265342,-0.841563612809804,0.0005786483207273831,0.001543581641668245,0.05064988567680953,-1.9135261979577598,-0.11444506567950968,3.5167181209169747
P01,session_02,004,neutral,1.361602544784546,0.5541965263361569,0.031006803200584174,-0.8458080631122294,0.00032554482134208894,-0.00011405832187760821,0.011066771696728147,-1.9045671001253814,0.1707851287783374,5.479222931069375
P01,session_02,004,neutral,1.3933460712432861,0.5554985110347399,0.03015903857821363,-0.8453068076919186,0.0008964460668472528,-6.920809888133556e-06,0.028241121316220065,-1.9133412115416244,-0.1325408057154691,4.175460392267645
P01,session_02,004,neutral,1.4254751205444336,0.5552064956667533,0.029123122649301704,-0.8428619756449387,-0.0007227059142481145,0.0005951806277733242,0.029139959286337672,-1.919455592164335,0.0025102472995868963,0.08338739039699634
P01,session_02,004,neutral,1.4576983451843262,0.5553532188794755,0.02871261504298544,-0.8490185684954994,-0.00012609633769978157,-1.3362267512393068e-05,0.003935122999570687,-1.9200703696592165,-0.0045836334028254684,0.14230068711903934
P01,session_02,004,neutral,1.505253791809082,0.555163042795569,0.029817136352130416,-0.8406464035766831,-0.0008852179599319288,0.0008070568107711715,0.025189430652735174,-1.926259350356285,0.1038871720667742,2.184693563178952
P01,session_02,004,neutral,1.5380589962005615,0.5546856768782561,0.03157329191066608,-0.8433431485951063,0.0005227629959432352,-0.0010065461050901173,0.03457387076395265,-1.9245192691741155,-0.005144646589126401,0.16059000672540874
P01,session_02,004,neutral,1.5697247982025146,0.5548955985263523,0.031261482383965374,-0.8408444738231208,0.0016330045961527654,-0.0014043562930810471,0.06801707914411412,-1.926952351789841,0.03902153375929458,1.2341683016518714
P01,session_02,004,neutral,1.6012849807739258,0.5589461639923043,0.030622769558661226,-0.8339024822706783,0.001004752245982065,0.0016418449081563727,0.06099092962051822,-1.9142225156384018,-0.17724849607208354,5.616537461538007
P01,session_02,004,neutral,1.6335289478302002,0.5575832314665676,0.03068249644703326,-0.8450873151046399,-0.0003631866404801161,-0.0021064825147846735,0.06629340680392319,-1.9162783305964315,0.018491304389571955,0.5773000444991305
P01,session_02,004,neutral,1.665410041809082,0.556632339515502,0.03065907119875639,-0.8455467933231937,-4.890916241923001e-05,-1.1564728059719412e-05,0.0015764147342553186,-1.9560041085197921,0.054843768598338845,1.720260655495043
P01,session_02,004,neutral,1.6977546215057373,0.5565168424690746,0.030593514356603783,-0.8457234525019192,8.370102454636179e-05,-2.854295974613617e-05,0.002734119367854825,-1.9244700753772366,-0.041393958796040776,1.2797833098826985
P01,session_02,004,neutral,1.7294776439666748,0.5564922534471981,0.03164790959148609,-0.8461746858449382,-1.1848797152938674e-05,0.0008823538164601925,0.02781681255240447,-1.9240799526625791,0.001635294668761848,0.058575501355795104
P01,session_02,004,neutral,1.762580156326294,0.5562492081908073,0.032764599323972576,-0.845988438468009,-0.0004333598701504764,-0.00011760214069114121,0.013564935694492653,-1.9229537765844131,0.004589269505777259,0.13930014709558977
P01,session_02,004,neutral,1.7938311100006104,0.5555996234871502,0.03535018597400312,-0.8455758155470343,-0.0006587251045726397,-6.350967174089047e-05,0.021176301018824596,-1.936346649907637,0.1011543591662351,3.2369099826279113
P01,session_02,004,neutral,1.8256351947784424,0.5545533804164922,0.036403055588933,-0.8467063601904598,-0.0008907322718759246,-0.0012681293203086787,0.048726301972652514,-1.9370218568154842,0.043617935937059496,1.372322360922419
P01,session_02,004,neutral,1.8575990200042725,0.5556041696879745,0.0378841479046256,-0.8440927379991429,-0.0002075579932093569,0.00010357784853011195,0.007257172851551301,-1.9557576868983857,-0.10951850212487255,3.4263342078460646
P01,session_02,004,neutral,1.8896441459655762,0.5554195758478857,0.03948240622961467,-0.8415307762490236,-0.00017211924785544728,-0.0008559951246318916,0.027246830195153983,-1.9432542637484105,-0.007321084360149329,0.23008073347442173
P01,session_02,004,neutral,1.9374921321868896,0.5559773259823367,0.04106623308243618,-0.8355406275555819,-0.00029889303370452284,-0.0006263567250425662,0.014504625925595982,-1.9360511891721264,-0.045860837022442695,0.9585792770656764
P01,session_02,004,neutral,1.9702482223510742,0.5569509411501388,0.03985991678486312,-0.8382364308203777,0.0011815093220634654,0.0006803233441974116,0.041622173630765986,-1.915446950961886,-0.01016699199354009,0.3131630883693051
P01,session_02,004,neutral,2.0016653537750244,0.5562514252709445,0.04014911704665213,-0.8390990198755127,-0.0002899725052645708,-0.000293548774787673,0.013133586185356186,-1.9070696721452334,0.04840117814859421,1.5406542453752665
P01,session_02,004,neutral,2.033970355987549,0.5575483051853098,0.038694949490760834,-0.8411942334322802,0.001146541669466652,0.0013085694057139645,0.053855504695755875,-1.895195121037953,-0.03399615850270104,1.0537268378821332
P01,session_02,004,neutral,2.0659682750701904,0.5556569398750113,0.03951155855095347,-0.8385689526882096,-0.0006874722339845298,-0.00045825224919848046,0.025820556852261776,-1.9287994049361994,0.018386701069183248,0.5752016044878902
P01,session_02,004,neutral,2.0981247425079346,0.5557621352078127,0.035955669920163094,-0.8392819966145535,0.00010541185072226294,0.0012482650698780805,0.03895664243255178,-1.923991095309508,-0.004048978713753299,0.13180358353043656
P01,session_02,004,neutral,2.130124568939209,0.5557760910143434,0.036076048636284504,-0.841254460165904,-8.760640298871842e-05,0.0002438232987848218,0.008096428794902138,-1.9141382121640094,0.0006304443641550803,0.021300258100869746
P01,session_02,004,neutral,2.1620421409606934,0.5563288959286533,0.03233823297986896,-0.84330990067449,0.0005337542088205333,0.0026229288497282423,0.08386246462955972,-1.8571130693402946,0.007744880039587247,0.2567356031708199
P01,session_02,004,neutral,2.194088935852051,0.5564612367775369,0.03351046691601416,-0.8459385886045216,-7.526079224823271e-05,0.0003180206969364923,0.01019773615881975,-1.9003953360824768,0.04384925925415588,1.368326449174986
P01,session_02,004,neutral,2.22566819190979,0.5562973722670946,0.03241707616721933,-0.8480177586685712,-0.000169838682078527,5.1804749016618756e-05,0.005622799316418463,-1.8904415435770354,-0.01238797802311879,0.3923224314053148
P01,session_02,004,neutral,2.257228374481201,0.55607876823891,0.03299509949264549,-0.8488789197058962,-3.64169236789465e-05,-0.0011266469015140741,0.03571700837061402,-1.8917099534450617,0.0014967918365966996,0.059371593530344276
P01,session_02,004,neutral,2.2895991802215576,0.5563310547238819,0.03583456902569084,-0.8483133853807553,-0.00016160549604354198,-0.0001562083787065446,0.006943316456153259,-1.898766519719704,-0.0052025800505526585,0.16086818665914
P01,session_02,004,neutral,2.337562084197998,0.5560826492420786,0.036928593031764614,-0.8451258029998688,-0.0002901944978299859,-0.0008265699690718634,0.01826476678259174,-1.9103848263293417,-0.020151950560236387,0.42055382398402896
P01,session_02,004,neutral,2.36959171295166,0.5557225979993847,0.041050480027457925,-0.8375891965926286,-0.000322438684338362,-0.002476758120163478,0.07797962382840633,-1.9083608477773668,-0.007794355230007796,0.2555371002414886
P01,session_02,004,neutral,2.402069091796875,0.557165853703373,0.040211129657467315,-0.831601918806557,0.0008677008301204633,0.0008063487864668958,0.036472356154519985,-1.9273238506503212,-0.03585109612798918,1.1044813512778626
P01,session_02,004,neutral,2.4342305660247803,0.5575706333122082,0.03991042337477365,-0.8352126506061576,0.00015680984270192687,0.000394196025539569,0.013190946981438169,-1.924900777049766,0.004122729198904141,0.12886534502506353
P01,session_02,004,neutral,2.4653565883636475,0.5568150953552758,0.03914686901953395,-0.8408915313005965,-0.0006415380791564028,-0.0005972077911963411,0.02815927782786298,-1.8752617413471708,0.015137114059417851,0.4871315811388266
P01,session_02,004,neutral,2.497746706008911,0.5559861167159519,0.03894679211862907,-0.8418095387015994,0.0002574802702536388,8.351290955660855e-05,0.008357031501398444,-1.8868558368075004,0.007062201121304707,0.21819577212189253
P01,session_02,004,neutral,2.5303401947021484,0.5551135958067608,0.035047794802028735,-0.8464401730777519,0.0007809831844304536,-0.0005336476835937794,0.029020935640016836,-1.8573524949671356,0.11743244767508271,3.603058825792123
P01,session_02,004,neutral,2.5625393390655518,0.5552189359698649,0.03445145301193158,-0.8467280491700542,-0.00013666088795500042,0.000434727624331323,0.014152611852389677,-1.930071275041753,-0.012778920234573,0.3971236867921097
P01,session_02,004,neutral,2.593874454498291,0.5547909457335323,0.0342523068758849,-0.8474339500488408,-0.00038634066446219907,-1.369811866488609e-05,0.012337067329257045,-1.9091734087845644,-0.02526416544816697,0.8063516795253519
P01,session_02,004,neutral,2.6261770725250244,0.5547648355538068,0.03372612710694088,-0.8477892286729494,-1.9406581442400605e-05,0.0008276739108181761,0.025629544739482705,-1.9211010912831405,0.028817631878350642,0.8924825160040226
P01,session_02,004,neutral,2.6577260494232178,0.5532784904633897,0.034350545252308316,-0.8496040030106846,-0.0006490862044023174,-0.0029695751082923394,0.09634815484768872,-1.9214022485664173,0.08434234300544778,2.6751136944083207
P01,session_02,004,neutral,2.689863443374634,0.5534808330132018,0.036058599313110576,-0.8428725168311507,0.0001370496619446119,8.588319842909575e-05,0.005032642036358429,-1.9289592248063565,-0.09380795614295143,2.9189702099258357
P01,session_02,004,neutral,2.7218732833862305,0.5545774598592381,0.039520998390234686,-0.8410750123262113,0.0009590762087377291,-0.00015702474824517534,0.03036084024430581,-1.8920180072629877,-0.06689461169591063,2.0900345266069555
P01,session_02,004,neutral,2.769592046737671,0.5540138993016617,0.03954299132177648,-0.8416184709448421,0.0004863197401465472,0.00044298911123353976,0.013785657121675909,-1.9245617557939827,0.04590098783382845,0.962005263288509
P01,session_02,004,neutral,2.801840305328369,0.5547018046288459,0.03770663846665014,-0.8402061309146059,0.001851249019496735,0.0010471879860698083,0.06595410930304846,-1.9021185224356623,-0.05729215921201441,1.7778208055924711
P01,session_02,004,neutral,2.8343818187713623,0.5553662786251655,0.03851191300228672,-0.8422292982937813,-0.000861014219110176,0.003038100343715962,0.09703765749977138,-1.8876921621177376,-0.008204856439164732,0.2701636455419226
P01,session_02,004,neutral,2.867044687271118,0.5542001619833575,0.03877941370998881,-0.8424499423928218,-0.0006625933020045111,-0.0011890273506165439,0.041673676384649326,-1.8759774027929832,-0.014444953431635333,0.4442030363559965
P01,session_02,004,neutral,2.8973581790924072,0.554242712979349,0.03860739312866058,-0.8428593121233293,-4.905282101415384e-05,0.0002770294698437058,0.00928097550831795,-1.8689401997176203,0.11161886748476862,3.6821631339520176
P01,session_02,004,neutral,2.929877519607544,0.5543123150846192,0.03636923543098569,-0.843975545676985,-0.0003912576803615626,5.2097796869745326e-05,0.012137729966265618,-1.8730436494394356,-0.04075717102822759,1.253379730892868
P01,session_02,004,neutral,2.961958169937134,0.5541173561274361,0.03538892075816629,-0.8440802117537571,-0.00023132245754814204,-2.3987402014989853e-05,0.0072493181465131794,-1.8791759512668786,0.0019337019245424612,0.06071063561436798
P01,session_02,004,neutral,2.9936554431915283,0.5540400862347677,0.0352846876591325,-0.8439436628064145,9.43223669283018e-05,3.647023939400548e-05,0.0031904188835664778,-1.8907295256127585,0.008987089987660426,0.28354675395969237
P01,session_02,004,neutral,3.0255038738250732,0.5542594017758226,0.0359865340061226,-0.840092865413931,-0.0009400275385019382,-5.048968160465151e-05,0.029558206329950078,-1.9236883781398,-0.059528893931124316,1.869364855157061
P01,session_02,004,neutral,3.0581235885620117,0.5551079212023734,0.03988217004269458,-0.8367717724161428,0.0008219546836357852,3.731276976661468e-05,0.025224045155152433,-1.935298208238693,-0.031352658780081255,0.9614876688851465
P01,session_02,004,neutral,3.0895724296569824,0.5549195548147566,0.040132174001954214,-0.8380325041833011,4.215894515043804e-05,0.000932437714269943,0.029679640832946354,-1.9009522879580063,0.016350501012411256,0.5207543646002182
P01,session_02,004,neutral,3.1217501163482666,0.5551634758967495,0.035352579594227954,-0.842129036928265,0.00034671904417092093,0.00036890315797059316,0.015733399289694378,-1.9142855121992775,-0.010661660935192751,0.33171042229852393
P01,session_02,004,neutral,3.1536662578582764,0.5552435573821672,0.03449040917440176,-0.8490215782060239,0.00037164101675541517,-0.0003457699927698418,0.015904677282916734,-1.9145419758961666,0.002935234061566527,0.09333220752351677
P01,session_02,004,neutral,3.201432943344116,0.5549256140621607,0.03519653467296767,-0.8486289784269022,0.0001332825728555718,-0.000659176105260114,0.014079178918952733,-1.9270377032126482,0.014224326481928777,0.2981202377176256
P01,session_02,004,neutral,3.2335777282714844,0.554449417689556,0.036096874704798027,-0.84414880594926,-0.0005510438802717323,-0.002068238732420876,0.06658585552560695,-1.9424446879808834,0.06989505240062092,2.1754016181682743
P01,session_02,004,neutral,3.265681028366089,0.5548830671150871,0.03632230612613701,-0.8401566503566474,-0.00029779062701926857,0.0001497949425118117,0.010383460237673786,-1.9193317558214478,-0.07394115219929272,2.303249303683493
P01,session_02,004,neutral,3.2979514598846436,0.5552126090305771,0.035555759855695215,-0.8403932540973761,0.0003450914613863556,0.0007214231203970477,0.024781574266762654,-1.9099608942321145,-0.02286151757644235,0.7088687529667853
P01,session_02,004,neutral,3.330390453338623,0.5548095730533188,0.03438864377263566,-0.8460486778370679,0.00034927686932101446,-7.412850623445729e-06,0.010769616634112468,-1.9128206500578178,0.002800580337168683,0.08700289125339132
P01,session_02,004,neutral,3.3619587421417236,0.5548668745001539,0.03425454843008491,-0.8464733842651162,6.866920864034727e-05,0.0004134654424039056,0.01327690008419324,-1.8914830126767674,-0.019352605059848642,0.6131831627470535
P01,session_02,004,neutral,3.393315076828003,0.5545710693702458,0.03412148943589822,-0.8466927879551465,-0.00016229301992446983,-0.0002221049838900112,0.008772746218336885,-1.8923977140291375,0.03877013653822814,1.2364682540001364
P01,session_02,004,neutral,3.425960063934326,0.5551525229476182,0.033138029505587016,-0.8460965150967037,0.0007193538775159241,0.0002919288347710146,0.023781068975133986,-1.9060694193054977,-0.05259896763302621,1.6114172836952119
P01,session_02,004,neutral,3.4578096866607666,0.5542163476555271,0.03401694673304342,-0.8412620502247455,-0.0008473541922595838,-0.00030075689722884624,0.028230983443129718,-1.921973723384654,0.03364261382568882,1.0566727098429176
P01,session_02,004,neutral,3.490163564682007,0.554539949388238,0.034074633032751475,-0.8406032942409134,-7.549467341406108e-05,-0.0002445817823152817,0.007911513732771557,-1.9139169375286984,-0.047054799427959024,1.454400477067981
P01,session_02,004,neutral,3.521608591079712,0.5534673616764396,0.03158852845703516,-0.8433789437610051,0.0015104233817942105,0.00020025541637021333,0.048454108268259515,-1.9559709253628637,0.17464891943407962,5.554314479971632
P01,session_02,004,neutral,3.553701400756836,0.5537411212284361,0.0314230903618073,-0.8442796664960337,7.716436089948796e-05,0.00021070512496704121,0.0069919169165273964,-1.9417011159669342,-0.01626721603680731,0.5069286157374081
P01,session_02,004,neutral,3.585535764694214,0.5538490725224654,0.03181601664869092,-0.840303997893894,-9.093799616891499e-05,0.00029266968116137786,0.00962708994322808,-1.9323105670555236,-0.01042620268916167,0.32765554939929387
P01,session_02,004,neutral,3.6334502696990967,0.5540096692678064,0.034720955498461374,-0.8367580582376181,-0.00012828492399417107,-0.00043072749194730174,0.00937973593317658,-1.9081260438554917,-0.027666239519918725,0.577484618308331
P01,session_02,004,neutral,3.6652791500091553,0.5548924067857508,0.03579021095501134,-0.8331130608294335,-0.0009289922947873419,0.00034878163625767463,0.031176342499406373,-1.925568335927069,0.017011026740359297,0.5353611016470909
P01,session_02,004,neutral,3.6983721256256104,0.5551838649277504,0.03631004802644527,-0.8312915553220944,-0.0010334491811691546,-0.00029964228803689075,0.032514828055938486,-1.9023700533625418,-0.0669875242470362,2.0244829716752997
P01,session_02,004,neutral,3.730029821395874,0.5557427777285509,0.036875001292314045,-0.829622279509787,0.00040015802016523007,-0.0004297596319490959,0.018548841299079057,-1.9027171992416252,-0.028777780695044042,0.9092187680721685
P01,session_02,004,neutral,3.7620317935943604,0.5558378176369865,0.03852212198366415,-0.8437001213628362,3.9368237494514065e-05,-0.00044571761428926853,0.01398203972215976,-1.8989783139797267,-0.008475202746529235,0.2652026015827603
P01,session_02,004,neutral,3.794095993041992,0.5553320226277223,0.038213371226448585,-0.8435154571786616,0.0003911698209947006,-0.0007605513380624086,0.026673042936687312,-1.8921277611631362,0.004053858843204649,0.129212441409386
P01,session_02,004,neutral,3.8252503871917725,0.55573962919361,0.03510976168703455,-0.8442710658396186,0.0006783741133440129,0.0013009231316689653,0.04709356787740419,-1.9161402128625598,0.04503607760384234,1.4463439598056662
P01,session_02,004,neutral,3.8573665618896484,0.5558346343619317,0.0352151906474855,-0.839312682064587,-5.877790604936899e-05,0.00123014047752855,0.03834653209998024,-1.8956196672484398,0.00014141548661820817,0.038598511866508554
P01,session_02,004,neutral,3.8896334171295166,0.555107228995323,0.03583552405085833,-0.838302963446082,-0.0005273723661357643,-0.004412790823797517,0.1377324249475969,-1.9010170421843733,0.008171533612325876,0.2882794445055121
P01,session_02,004,neutral,3.922039747238159,0.5558845015494014,0.03484880731403627,-0.8354276358220046,0.00011280056581706737,0.001716938270100562,0.053095790181501915,-1.8764548364086886,-0.04473526222851447,1.3814689934863311
P01,session_02,004,neutral,3.9537429809570312,0.5569755305647333,0.025872361441135035,-0.8401307745133375,0.0008202152066137962,0.001276740494814521,0.047865915050290135,-1.8856590288243005,-0.022070311612134238,0.6977969616800478
P01,session_02,004,neutral,3.985311985015869,0.5574567023002132,0.025637521174605812,-0.8442465792067931,0.00025773660203246273,-5.0467403509364204e-05,0.00831927221668578,-1.8687627772102677,-0.02679851203086758,0.8489276022337799
P01,session_02,005,neutral,0.0006237030029296875,0.5525278192451155,0.043246157109294664,-0.850475272238504,0.0,0.0,0.0,-1.9134549192899346,0.0,0.0
P01,session_02,005,neutral,0.03310728073120117,0.5521042419044089,0.044398466207541336,-0.8494661098491932,-0.0008577615746405853,0.00020193738716405585,0.027127906344368614,-1.896322102135996,0.02558939666279722,0.7882310667336162
P01,session_02,005,neutral,0.06486129760742188,0.5516760472152208,0.04336102050576012,-0.8486884706879579,-0.0003385927431295655,-0.0013504274089989035,0.043844158658282124,-1.9075999932945262,0.007969077529934046,0.25476390211747885
P01,session_02,005,neutral,0.09720778465270996,0.5522169062336004,0.04266456094912698,-0.8478626347242638,0.0001205656463294645,1.82413556219154e-05,0.0037697379494980397,-1.902003375986845,-0.005551740392977625,0.17167488195366437
P01,session_02,005,neutral,0.12880659103393555,0.5522689254581472,0.04233581738964906,-0.8473746476068008,-0.000270599591474613,-0.0003419662201963551,0.013800494732063767,-1.8909602522386493,0.006956910705616839,0.2205958215719108
P01,session_02,005,neutral,0.1765446662902832,0.5518477518308135,0.04242577826882325,-0.8434395641124007,-1.4986279159692809e-05,-0.0018295141588933813,0.03832528913932883,-1.893815233336627,0.001773403369535108,0.05337459479956758
P01,session_02,005,neutral,0.20851492881774902,0.5527181430372459,0.041768293038628175,-0.8445589310956958,0.0007029359019278754,0.001820324547842451,0.06103587556350715,-1.886126503389307,0.010770406346838141,0.3423727248564464
P01,session_02,005,neutral,0.24138498306274414,0.5530193600071281,0.04145972267315708,-0.8436574507079111,0.0004960996832316862,-0.00033352643071133867,0.01818651036263086,-1.8719258225793411,-0.01448482277465123,0.44104438978457894
P01,session_02,005,neutral,0.2734508514404297,0.5531016214334676,0.04133694195887477,-0.8434451714412197,0.00013999938011959677,-6.341932854835578e-05,0.004793070696421555,-1.8874868106067166,0.0331528177033834,1.033908502580998
P01,session_02,005,neutral,0.30477380752563477,0.5534000673703336,0.04137862666038937,-0.8433697008628314,-0.00011395321014690548,-2.5526380722889036e-05,0.0037281687982674235,-1.8783988729976482,-0.03316342685424917,1.058764452669986
P01,session_02,005,neutral,0.3366670608520508,0.5539921944514242,0.042095270677802187,-0.8430089219542878,0.00021788548188894546,0.000254291629625096,0.010499731483876232,-1.8776508217325338,0.0014711741783736648,0.04730795997560244
P01,session_02,005,neutral,0.3683760166168213,0.5542612478101211,0.042579946710287364,-0.8428491929342019,-0.00020711992095960143,0.00010683989692282659,0.007349734582789689,-1.879569568145626,-0.013741320612781865,0.43342003608601665
P01,session_02,005,neutral,0.4008634090423584,0.5547413999313654,0.03802187929445736,-0.8474784779096725,0.0002924675228830707,0.0013774554163706709,0.04334488111888377,-1.904953902094585,-0.0030485065367376646,0.10336385601813872
P01,session_02,005,neutral,0.4323844909667969,0.5554516439025025,0.04012545286108945,-0.8422762206430882,-0.0009502295759868629,0.000559667125371972,0.03498604687140092,-1.910645941392106,0.03505154804580137,1.112553561874487
P01,session_02,005,neutral,0.4649999141693115,0.5551969501258313,0.03935568053620108,-0.8425349086395605,1.8921787375239804e-06,-0.00021246080689701886,0.0065143791418874756,-1.925610717677484,0.03902424060386514,1.1965142612564696
P01,session_02,005,neutral,0.49643540382385254,0.5551952164983992,0.039432175219516856,-0.8424747887533488,-6.059016791836512e-05,-0.0003270661290158128,0.010581386271828813,-1.8985934082526936,-0.031949765882697566,1.016414813592426
P01,session_02,005,neutral,0.5282866954803467,0.5546635214417106,0.036734798933116604,-0.8417252683573619,0.0004162766862665115,-0.001507300403979922,0.04909460462042367,-1.9102239174182978,0.04957751902311717,1.5573049347525074
P01,session_02,005,neutral,0.5765721797943115,0.5552462071297859,0.04615241177534763,-0.8408793033696685,-9.325869224085838e-05,0.0010215785262850403,0.021245027295403028,-1.9056249568895838,-0.08801210581907325,1.8228684072316614
P01,session_02,005,neutral,0.6089158058166504,0.5550295413156879,0.044690982737940185,-0.8413468406875585,0.00032027737125598857,0.00011018218128459508,0.010471925001989922,-1.8975096569728602,-0.031293404030448696,0.9675859129912906
P01,session_02,005,neutral,0.6410884857177734,0.5554125389529334,0.04659712469385042,-0.8376504287719301,-0.0003916094508345787,0.0018413813618730845,0.05851433456572817,-1.895866412824342,-0.008336896103260279,0.26565412867623894
P01,session_02,005,neutral,0.6738321781158447,0.5554242514072251,0.04157534877991012,-0.8411013590854959,-0.00019851697504118278,0.001002095553988548,0.031198974375785084,-1.9063677000580892,0.07961438841540124,2.4316421403407813
P01,session_02,005,neutral,0.7049472332000732,0.5553882741231505,0.04303174076916313,-0.8416843451347402,-5.531039316524252e-05,-9.240310165466662e-05,0.0034610906910015077,-1.913810864445961,-0.0011187375521761423,0.03612106509794914
P01,session_02,005,neutral,0.7364203929901123,0.5552775927615511,0.044756020055611724,-0.8415520401109632,-0.0014237315106606161,-0.0006304199617076789,0.049472680326131654,-1.9064278559538053,-0.015871598082427617,0.5067108610869467
P01,session_02,005,neutral,0.7688777446746826,0.5549293214616401,0.04353823985822121,-0.8420981856996551,0.00026038732232809065,-0.00036862918025368967,0.013904991859048279,-1.8948358056409282,-0.024884107661004844,0.7667970054892808
P01,session_02,005,neutral,0.8006856441497803,0.5543701480643238,0.045478688238432666,-0.8419557286338171,0.0005122953178218206,-0.0011805989269830528,0.040460319541875164,-1.946126129179027,0.0739993504707137,2.3267974903182225
P01,session_02,005,neutral,0.8326230049133301,0.555389661911571,0.04233020047530554,-0.8391503925722048,0.000875989410252998,0.00012594049806972764,0.027710376863304364,-1.9138821456205,-0.04587456424969909,1.4366591002090647
P01,session_02,005,neutral,0.8647892475128174,0.555658669900897,0.03660530525134677,-0.8386265730652156,0.00032810737433331603,-0.0002686538353960899,0.013183475998618724,-1.8907500267577408,-0.016454470850086667,0.5117145511827085
P01,session_02,005,neutral,0.8973166942596436,0.5560751543397652,0.04111663545125343,-0.8374896973044562,-0.00043312035521910847,-0.0008844626891271357,0.030276538889539857,-1.8800655941934667,-0.0007762294951204551,0.0385506321824209
P01,session_02,005,neutral,0.9288992881774902,0.557322577755753,0.03962000228170746,-0.8365514697550079,-0.0003950131652021212,0.0010886256961127362,0.03666819001231938,-1.9133468771726954,-0.019748278662725324,0.6263641762838303
P01,session_02,005,neutral,0.9604945182800293,0.5568494646819324,0.037523546927521925,-0.838737383411102,0.0003979043357767762,-0.0008315329587361743,0.02917631455490723,-1.9135238105542316,0.00015667842805561886,0.029594734064796385
P01,session_02,005,neutral,1.008559226989746,0.558046595927067,0.04036553062516016,-0.8366602446560464,-0.0004518706899089181,0.001716481116189988,0.0369286176638661,-1.9119854101072415,0.018103666145335987,0.3784579400906761
P01,session_02,005,neutral,1.0406696796417236,0.5580402026923631,0.03142755598270168,-0.8410249279523967,-0.0008573825539526943,8.29918861885474e-05,0.026825839949001555,-1.9030707069686013,-0.01228896747177038,0.383648277687744
P01,session_02,005,neutral,1.0734329223632812,0.5579662636529931,0.033314841864622295,-0.8404174989663895,-0.0005036923717512578,-2.350146004300559e-06,0.01537387061165097,-1.9237559969391893,0.02599760886782332,0.7936481790762667
P01,session_02,005,neutral,1.1054236888885498,0.5579087338347588,0.0334463332891007,-0.8397081798323753,-7.698857274743355e-05,-0.0008995577207748697,0.028222088377573652,-1.9226946139564065,0.00020304150217727315,0.028926962105838942
P01,session_02,005,neutral,1.1366398334503174,0.5574627109581513,0.0333635927288115,-0.8399839357677724,-0.00040778452105258065,-0.00025244121902399605,0.015363798858026904,-1.9246944505529213,0.0007672940694709664,0.02898662902203922
P01,session_02,005,neutral,1.1687421798706055,0.5574552987940903,0.033427842487079404,-0.8403034162576621,1.3712840668983316e-05,0.00012836074248042474,0.004021236873741499,-1.931163820885769,0.015404545439778535,0.4798741538971355
P01,session_02,005,neutral,1.200786828994751,0.5573434041600109,0.035977887211862514,-0.8371618218372237,0.000547674618910065,-0.003192123969349913,0.10107040447354279,-1.9179108769854738,-0.01368171914172688,0.43875774202505907
P01,session_02,005,neutral,1.2323923110961914,0.5574487214156991,0.0358958823428776,-0.8306401310027823,-0.00010111000357591173,-0.0005495893386703887,0.017680879990525325,-1.8995718276254476,-0.0582566837470529,1.843330965003005
P01,session_02,005,neutral,1.2643749713897705,0.5573967505642731,0.036468318418543755,-0.8250121169464062,7.732662364746658e-05,-0.00011714615897085515,0.004388817356654603,-1.8926514662917604,-0.008311175116944125,0.2599020927468368
P01,session_02,005,neutral,1.2963178157806396,0.5577386680351516,0.03443580707110976,-0.8298887769908389,-0.0007896907588257682,-0.0003461467807272825,0.026992691372367154,-1.935460194234631,0.07351854650704485,2.301723713093539
P01,session_02,005,neutral,1.3291702270507812,0.5569986620667182,0.03471070647283939,-0.8326333547142265,-0.000665109710759895,-0.0003722356460999208,0.023200362184021685,-1.9108509024854354,0.0224646646907704,0.6841991187560308
P01,session_02,005,neutral,1.360400676727295,0.5568210146683352,0.03518702282417888,-0.8326193430569825,-7.784813570429327e-05,-0.00021328622948202727,0.007270123277367563,-1.8866143243814735,-0.047582043667938514,1.5235959093712779
P01,session_02,005,neutral,1.3922691345214844,0.5571136898248865,0.03631630805487301,-0.8332077370302712,0.0005479940559987172,0.0013171329213979318,0.04476470605438187,-1.8972126071121762,0.022967819594998166,0.7220958473649371
P01,session_02,005,neutral,1.4405303001403809,0.5567249707311844,0.03579953811967639,-0.8331983013262487,0.0008199553578374389,-0.00034897184401522886,0.01846468980107474,-1.8874886806719082,0.033354058636604185,0.691362512812073
P01,session_02,005,neutral,1.4728777408599854,0.5576679371640944,0.03506773213429429,-0.8335125353694132,0.0007839257701065656,0.0015280914493440002,0.05309356217505288,-1.877201854363921,-0.01039362977547793,0.32566931780227854
P01,session_02,005,neutral,1.5046160221099854,0.5577329488830707,0.034985269066618425,-0.8331095170852864,2.7826147647314318e-05,-0.0003205016487538959,0.010136255330301741,-1.8891106714536743,-0.0169201412685471,0.5332109578969167
P01,session_02,005,neutral,1.5371851921081543,0.5576288396673004,0.03493945169844222,-0.8312984527955913,7.329944623938536e-05,-9.726940733188578e-06,0.0022703071385522947,-1.892550656348825,0.0028085205248849438,0.08626236774941654
P01,session_02,005,neutral,1.5687270164489746,0.556509718239555,0.03488564663387477,-0.8280744221228051,-0.00021063420941185455,-0.004953793150050008,0.15719665212529804,-1.887785532189622,-0.007882081259081882,0.29522415424660314
P01,session_02,005,neutral,1.6009128093719482,0.5583019172765892,0.03515690443649465,-0.8256040745084415,-0.0011237353308850538,0.0025924141436207697,0.08778686085920756,-1.910929745844294,-0.08680423717931753,2.698402063624604
P01,session_02,005,neutral,1.6327488422393799,0.5581316588438046,0.0366033296479267,-0.8258830510422613,-0.00022135552696315628,-0.0001635003313378807,0.008644041311040736,-1.868731415545958,0.03234516589127398,1.0160291223643625
P01,session_02,005,neutral,1.6648874282836914,0.5581461741423603,0.0429890033993809,-0.8271524016845965,-6.655710739815465e-05,0.0007896615012525545,0.024657632407236674,-1.8938820104577585,0.03272599354993188,1.018575827941998
P01,session_02,005,neutral,1.6968564987182617,0.5586275740133229,0.04087711450006427,-0.8279113431117555,-0.0016020891798329718,0.00037504472770708843,0.051468564573377736,-1.8904577366432704,0.003013908513098756,0.10741011433189294
P01,session_02,005,neutral,1.7284939289093018,0.5587929858700595,0.04128190795638213,-0.8277285612184402,-0.00031438698111310677,2.0693354030601032e-05,0.009958687374854724,-1.8944196547779402,-0.07904378572540169,2.4984460865559828
P01,session_02,005,neutral,1.7606866359710693,0.5570162676056445,0.0424455874625792,-0.8305799505072777,-0.0016241791347511897,-0.00035178554217347427,0.05162161786736103,-1.9144276212089495,0.01767825343667896,0.5515594571962226
P01,session_02,005,neutral,1.7925941944122314,0.5570634598941205,0.04257071016093384,-0.8322298463879451,6.794369431369074e-05,-8.174642906403106e-05,0.003331371404420884,-1.9075768095001184,-0.0028508264651502324,0.08940851608386227
P01,session_02,005,neutral,1.8244879245758057,0.5560390526238728,0.040708908691125256,-0.8239963310116154,0.0009025824834434335,-0.0008303866042748881,0.038454489565965734,-1.9233549272417056,0.019122930392611284,0.6008146304080754
P01,session_02,005,neutral,1.8727896213531494,0.555482574202026,0.04379388809874088,-0.8253375538286806,-0.0016051642729515711,0.0003755049466513377,0.03412926130630263,-1.910449231241212,0.054022843501117045,1.1189666859184626
P01,session_02,005,neutral,1.9048008918762207,0.5556287864731316,0.04344191570390489,-0.8263968243422625,0.00032982799920392054,0.00016579230727963872,0.01153195529391986,-1.902180518414429,0.0015853252442933168,0.05084889115088421
P01,session_02,005,neutral,1.936739206314087,0.5557981069686918,0.04558119335992209,-0.8274142176037318,0.00017452220073289182,0.0011267868580385556,0.03570076258086388,-1.926147171433472,0.06308381695688864,1.9754993907131748
P01,session_02,005,neutral,1.9691431522369385,0.5561461999569521,0.044022709008536234,-0.8377354221040388,-0.0005097885115041471,-0.0012387754994813939,0.041339733155767486,-1.9082043778105198,-0.03653533007494132,1.1282539366525342
P01,session_02,005,neutral,2.0009284019470215,0.5562130269387782,0.043703583873051566,-0.8384924386143304,0.00028650977353887906,4.9455050909605e-05,0.009147221363428909,-1.904217521336897,-0.037316300626726924,1.1740487683376215
P01,session_02,005,neutral,2.0327072143554688,0.5562290862377053,0.04318713105362147,-0.8373549072027793,2.6334188225627005e-05,1.2430379793174904e-05,0.0009163496930957987,-1.9063545764541838,0.007025093435180692,0.22106407564791325
P01,session_02,005,neutral,2.0647025108337402,0.5560938914844189,0.04279513930272781,-0.8347848674583301,0.00013399402095738176,7.524351781788381e-05,0.004803047591116568,-1.9030676810020317,-0.0036060884652214078,0.11280912625148938
P01,session_02,005,neutral,2.0968098640441895,0.5576961025408398,0.04100006872568111,-0.8327169071759436,0.0016231744991966445,0.00047373038248473665,0.05266370106895178,-1.894906300028173,-0.030076027795746703,0.9382125513045411
P01,session_02,005,neutral,2.1288301944732666,0.5563345926636301,0.03917044823342848,-0.8304068706987858,0.0014859790003626699,-0.005025045877864426,0.16365085792710707,-1.924180544780312,0.035830443990990356,1.1308939972156191
P01,session_02,005,neutral,2.1608052253723145,0.5563744189692493,0.03985311855830864,-0.8219501686090502,-2.6514787666261354e-05,0.00022845569575071653,0.007192775370340266,-1.9614911696230812,0.04117221585339824,1.2876565574449221
P01,session_02,005,neutral,2.19320011138916,0.5564788086932372,0.03985348835528963,-0.8220634337429361,0.0001791688524171583,3.282932492354447e-05,0.005622853592045995,-1.9184037737515598,-0.039070618743980705,1.2060867671337652
P01,session_02,005,neutral,2.2245028018951416,0.5574278958371901,0.03892034503037203,-0.8238839630900187,0.0008076538445812071,0.00013895292371274333,0.02618048970384372,-1.8894142781558598,0.0005406813841889085,0.03136500512274551
P01,session_02,005,neutral,2.2725586891174316,0.5591015129014851,0.04048374151106148,-0.8226197492156618,0.0015539435743941086,0.0027243651860829393,0.0652653494285973,-1.8810667002151737,-0.06436106199291829,1.3408853754251935
P01,session_02,005,neutral,2.305201530456543,0.5587853954259755,0.038437427231106706,-0.823179791770865,-0.0005824484943227888,7.440108505187743e-05,0.017988054441119155,-1.9555618528913266,0.10481363524963865,3.2109729323209724
P01,session_02,005,neutral,2.337186098098755,0.5594091050475359,0.03755321849081759,-0.834260455338016,0.00034344832810068155,0.0014043729595628908,0.04520177945908203,-1.97693433946897,-0.049026845946857224,1.5334944952576703
P01,session_02,005,neutral,2.368790864944458,0.559957260680641,0.03916878900938038,-0.8349919668597479,-0.0009191391793532551,0.001740694914513966,0.06228364930529428,-1.9394588984317502,0.011324363105876431,0.3636848210660356
P01,session_02,005,neutral,2.4006083011627197,0.5596594691948524,0.03242443405550652,-0.8378921354336235,-0.0003611470216417963,0.0003052869175866143,0.014862682555877374,-1.9311596795978216,0.018881513932863934,0.5936190060236088
P01,session_02,005,neutral,2.433467388153076,0.5592551760995436,0.033318608116674746,-0.838643338753757,-0.000852295900080076,5.366233506092296e-05,0.025989266710633115,-1.9281839125879714,-0.010723914077946976,0.32739385683310923
P01,session_02,005,neutral,2.464390754699707,0.5590065268904053,0.028496272083182807,-0.8424181687214543,-0.00019761801194898658,3.209443399023131e-05,0.006474302230201886,-1.907640456465729,-0.0015253919357616252,0.04975119383559445
P01,session_02,005,neutral,2.4967896938323975,0.559417621652623,0.02552454677710997,-0.8428414101990062,-0.00017415216845970653,0.0004373781899829277,0.014530553882460736,-1.8908300793058794,-0.034655935243550436,1.0697613434543654
P01,session_02,005,neutral,2.5288829803466797,0.5603471021120685,0.02870655007365009,-0.8434723655061122,-0.0008371658455542403,-0.0003868710879934909,0.028736046849853026,-1.8854874094913145,-0.01891838977533856,0.5901812198982073
P01,session_02,005,neutral,2.560746192932129,0.5605800815127123,0.032389539698336356,-0.8450205444131461,-0.00015530347428707324,-0.0002790013292455491,0.01002137450168358,-1.8610601848622748,0.002338390523411867,0.07406947235523344
P01,session_02,005,neutral,2.5926108360290527,0.560238722214727,0.032020254418893584,-0.8440495603887669,-0.0001769822803248852,-0.001755353557607623,0.05536710544585456,-1.877001346527234,0.01935139254275496,0.6098185039609154
P01,session_02,005,neutral,2.62491774559021,0.5599994190394133,0.032382864572382736,-0.8434670015306954,0.00015004952704458606,-0.0014001252019918478,0.04358642065662153,-1.864581520418179,-0.018445847267535308,0.5726179856777963
P01,session_02,005,neutral,2.656581401824951,0.5587611810291643,0.03296870945431448,-0.84366283589631,-0.0006872131347725428,-0.001684524229541016,0.05745731269617805,-1.8702317318604638,0.015059912227480373,0.4790793780870331
P01,session_02,005,neutral,2.704651355743408,0.5608973449540466,0.03183137149575169,-0.8436399955778117,0.0012652232314177543,0.002252585912543153,0.05374644622051039,-1.9125018938718419,-0.04359057928867458,0.9084068643438379
P01,session_02,005,neutral,2.7367966175079346,0.5608577681653611,0.034424486812279324,-0.8429511447343251,2.868071803904456e-05,-0.0007740472805461085,0.024096193593237506,-1.9071527079020592,0.010764740942252566,0.3357438024277137
P01,session_02,005,neutral,2.7683846950531006,0.5608167819995159,0.033044966627714244,-0.8440521334686439,-0.0006118114661729796,0.0005854004265926817,0.026806399212391977,-1.9319491053979247,0.026413643485608734,0.8366198488912806
P01,session_02,005,neutral,2.800624132156372,0.5603923801998784,0.032713479294973404,-0.848171588167478,0.00036810676282474336,-0.00040385780429676036,0.016949627287930952,-1.9223478588662302,-0.007003667580716317,0.21789936595284642
P01,session_02,005,neutral,2.8328144550323486,0.5598467138829049,0.038084913951763444,-0.8484774446460275,0.00040791120178670313,0.0004234685472204135,0.01826565014170976,-1.894436585014327,0.1022148203972099,3.1753801261123824
P01,session_02,005,neutral,2.865241527557373,0.559846356857,0.03788140171853551,-0.8478303525978178,-8.650368674699603e-06,-0.0006811167211863472,0.021006264116812237,-1.867305765397698,-0.04173576645131066,1.2872369150258327
P01,session_02,005,neutral,2.896779775619507,0.5603127453861856,0.035783754156421,-0.8491682598394537,0.0006717204499333588,0.000271741212978821,0.022975419455053065,-1.8308299078637396,-0.07648727952174698,2.4253316663277076
P01,session_02,005,neutral,2.928772211074829,0.5600209300340767,0.036201789743634395,-0.8488690131047204,-0.0002898699697454139,-0.001148996239539789,0.037039899895467084,-1.8298820130670812,0.0006997430204116848,0.043015633008673795
P01,session_02,005,neutral,2.960388660430908,0.5611052717400985,0.036277427075755694,-0.8502338919828478,0.0004761501683927213,0.0015646736172989964,0.05173000345080441,-1.8446018750604167,-0.015838555948572138,0.503623137430317
P01,session_02,005,neutral,2.9923927783966064,0.5625112054402536,0.03625985604273322,-0.8515862788208854,-0.0003270905291513814,0.002888410037380038,0.09082803980798763,-1.878611281545597,-0.022329600876946996,0.7035974090352654
P01,session_02,005,neutral,3.0248866081237793,0.5606897147800215,0.03779545427790039,-0.8506809335537451,-0.0014780777301794748,-0.0011363041468561857,0.05737633347341355,-1.8815432259170406,0.02342374221673644,0.7231471753202541
P01,session_02,005,neutral,3.057650089263916,0.5608490928093266,0.033871601737874346,-0.8520502269505591,0.0001579655829239989,0.0005432283758244188,0.01726708423206101,-1.908328471640637,-0.04314852946117207,1.317083426532238
P01,session_02,005,neutral,3.088864803314209,0.5600068665459925,0.031472702568839606,-0.8513704390213785,-0.0006526495530962947,1.553959184622306e-05,0.020914320238344965,-1.8901666094068483,0.056227325597653234,1.8014297772692887
P01,session_02,005,neutral,3.136366367340088,0.5594528808358153,0.03205383212407336,-0.8559535032888282,0.0003910053086130781,0.0006862835682373686,0.016627970364619844,-1.8889219550432215,0.0176069317575123,0.3710328243804379
P01,session_02,005,neutral,3.1687750816345215,0.5610496585006206,0.031116102914535183,-0.8538422883286306,0.0007959331084001232,0.0005797924371454448,0.030384346846727917,-1.866806844829489,-0.017332367703704606,0.5356682089547848
P01,session_02,005,neutral,3.2003042697906494,0.560176908350847,0.03226143942266613,-0.8551151085149218,-0.0010928146002445332,2.2929900818139033e-05,0.034668039368050525,-1.8741937181291344,0.009435946795607367,0.3012778269142482
P01,session_02,005,neutral,3.2324531078338623,0.5601171323070125,0.031884170823191046,-0.8578959961276476,0.00037347536676519424,0.0009136758197944104,0.0307028189606652,-1.8893982194898826,0.049680111762550036,1.5456209128231135
P01,session_02,005,neutral,3.2644855976104736,0.5597666293934888,0.031796549400940025,-0.8561605463235916,0.0005100850697821773,0.0003924898504223793,0.020092442368916535,-1.885397297265819,-0.001435633317503996,0.04911580902575634
P01,session_02,005,neutral,3.2971246242523193,0.5590162549362304,0.031065871863336612,-0.8525714030905854,0.00043141472401252184,-0.00026288189367675805,0.015478357702069177,-1.8769010710027059,0.004188677246864571,0.1292634557658616
P01,session_02,005,neutral,3.328535795211792,0.5592036487883719,0.03128535937037855,-0.8482081584468496,-0.00032049811664735595,0.0006350539277439024,0.022646261125679256,-1.86084958438556,-0.032637833443164795,1.039298550727503
P01,session_02,005,neutral,3.360783338546753,0.558676502426643,0.03157245302174887,-0.8500259892264255,0.00047132538832892287,-0.0006997198934650536,0.026161870790073868,-1.8852585843156011,-0.008307766773535147,0.25894976154286165
P01,session_02,005,neutral,3.3925230503082275,0.5571384854545703,0.03319292560127798,-0.8472645053019082,-0.0013590385936545063,-0.000839660276094495,0.05033135895372247,-1.8800180000565847,0.07811258395574545,2.46155095323642
P01,session_02,005,neutral,3.4250402450561523,0.556142426506441,0.03864770532994474,-0.8463830131678318,0.0009194287685961328,-0.0033375411665862945,0.10646269036763763,-1.899373687652262,-0.023445902490457412,0.7288483218866436
P01,session_02,005,neutral,3.45651912689209,0.556717594395595,0.03839052970739131,-0.8455550994866682,0.000587261711260551,0.0002673933818961694,0.020498557769028147,-1.8954312903248312,-0.0034389358457859605,0.11115231527524563
P01,session_02,005,neutral,3.489553689956665,0.5521547859996914,0.04111819898385359,-0.8510893048562014,-0.0039101614238595045,-0.001654212912207912,0.12852230296380407,-1.8877415137995885,0.004308385871336337,0.18310516683667355
P01,session_02,005,neutral,3.520672082901001,0.5522046807121449,0.040870473211891904,-0.8511332964174084,0.00026505870185274127,-4.9112429358308896e-05,0.008662732023495568,-1.8969537677208177,-0.05056629219157131,1.6249878591182794
P01,session_02,005,neutral,3.5685207843780518,0.5518914185746165,0.04204190808500635,-0.8512303644840691,-0.000290278809568764,-1.1880074059181115e-05,0.006071675998931879,-1.9236617949132293,0.026280154827829392,0.5492680009592854
P01,session_02,005,neutral,3.6006522178649902,0.5525114312390088,0.03882272258697725,-0.8528585817002196,0.0005863519326449893,6.381071122018511e-05,0.01835628857361636,-1.9062219611584037,-0.04418465628059831,1.3752449852069981
P01,session_02,005,neutral,3.6326723098754883,0.5522490560317713,0.04111930181160027,-0.8531051731975395,0.00015537977982498373,0.00014683976066815342,0.006676645065815709,-1.8785712190353092,0.06789590453046289,2.1204261713942585
P01,session_02,005,neutral,3.6647965908050537,0.5530960945302995,0.040759220373162514,-0.8517707209430215,-0.00086104587695526,-2.1822501887789756e-05,0.026812191412522047,-1.8402321515563662,-0.038879373483691554,1.2105769197345093
P01,session_02,005,neutral,3.696924924850464,0.5533453805601225,0.041528887909483045,-0.8507728981715564,-0.0002295177683178732,-0.00025593533616016274,0.01070005916357911,-1.88000058728891,-0.021202723792687724,0.6600252137685112
P01,session_02,005,neutral,3.7290563583374023,0.5533197260472523,0.04204658577762206,-0.8475103450272282,-2.2082986750252972e-05,-0.000247814200092473,0.0077430773155020005,-1.8939895856149882,-0.0020881887714812386,0.06544861714617352
P01,session_02,005,neutral,3.7604217529296875,0.5533888530614224,0.04197631799319114,-0.8465832008081065,6.404612543872976e-05,-0.0009692143111379605,0.030968145543425907,-1.8845379746891318,0.018309006034764763,0.5845535688165265
P01,session_02,005,neutral,3.792788505554199,0.553749008744007,0.04162795842844797,-0.8480370290439015,-0.00021885573080201851,0.0011072759880783791,0.03487212535610676,-1.885561518729495,0.013759225412956164,0.4265315904374348
P01,session_02,005,neutral,3.8246474266052246,0.553947585450317,0.04091245357669292,-0.8498218093960754,0.0008874830814683905,-3.0612140722327485e-05,0.027873225166918977,-1.882968592999735,-0.03448745481812835,1.0828642150097982
P01,session_02,005,neutral,3.85660719871521,0.5541240467636259,0.04641537171573074,-0.8519169790451929,9.445597786106698e-05,0.0024742760207819995,0.07747484223943006,-1.915739201407754,0.032573611203144205,1.0221469946793686
P01,session_02,005,neutral,3.888997793197632,0.5546309441236486,0.04259109900792473,-0.8524212711016192,-0.00038185789359949696,0.0008503880987976696,0.028779604041760165,-1.8950053820701795,-0.024438206653448535,0.7550333550469737
P01,session_02,005,neutral,3.9213387966156006,0.5544120869191749,0.04223403385982751,-0.8557672864598579,0.000739410998958089,-0.001737839601993134,0.058396498661761304,-1.8944505633428343,0.00691020909264185,0.22150347554785038
P01,session_02,005,neutral,3.9685251712799072,0.5526521978366827,0.04283443286529145,-0.8554852986171553,0.001550709535790937,-0.0010085240508884887,0.03920234269759925,-1.9297984762471367,0.17877536715096867,3.788910216887458
P01,session_02,006,raise_arms,0.0015816688537597656,0.5323315478818224,0.04315571772195129,-0.8299596541097114,0.0,0.0,0.0,-1.9330298169515172,0.0,0.0
P01,session_02,006,raise_arms,0.03417015075683594,0.532410871266842,0.043021494392788746,-0.8286912305278684,9.348020687298612e-06,0.0007307129464191383,0.02242426452463562,-1.8911797610392103,-0.05483288645970588,1.682734286603563
P01,session_02,006,raise_arms,0.06542706489562988,0.5327541641142168,0.04260873674373584,-0.8336183960533424,0.00040181775409815675,0.004893136679482092,0.15707268163978388,-1.845137085570391,0.028254758249834463,0.9174974222986853
P01,session_02,006,raise_arms,0.09752607345581055,0.5316323491133532,0.04254740197769045,-0.8354564837804811,5.7515654983695896e-05,0.00057672617784821,0.018056228654432283,-1.8544332579968485,0.008494630593388789,0.2652536814642745
P01,session_02,006,raise_arms,0.12918639183044434,0.532201933849176,0.04175944253173639,-0.8374259206289218,0.0007383915728414425,0.003085777917596518,0.1002166992029472,-1.8717777546378411,-0.00989602062401988,0.3282415290337619
P01,session_02,006,raise_arms,0.16127300262451172,0.5325858879608237,0.04123310356757878,-0.8399109573068511,0.0004971288914657852,0.0031798006818486314,0.10030434747165223,-1.8684689550162485,-0.0030109480895480906,0.13735559650223617
P01,session_02,006,raise_arms,0.19353246688842773,0.532572447167864,0.041456274189638084,-0.8420031481899006,0.00041434981718108956,0.002189739036547129,0.06908349701126638,-1.8982343291694699,0.036494204996728535,1.1333786693455559
P01,session_02,006,raise_arms,0.22555947303771973,0.5326946813938688,0.041882219874175994,-0.8419272583143723,0.00019069312949147207,0.0007751366610251857,0.02492423189849834,-1.9053710911157788,0.0069840064916938316,0.2194859239252445
P01,session_02,006,raise_arms,0.25788092613220215,0.5327992016067563,0.03953207357205962,-0.8423474595587384,6.86047357020754e-05,-2.2206343313268595e-05,0.0022310000473773567,-1.91573270749121,0.014594266128198611,0.45154047460074465
P01,session_02,006,raise_arms,0.28946518898010254,0.532997740828458,0.02776369282680336,-0.842043138538001,0.00020607302948250444,-9.086112411045169e-05,0.007130610975366149,-1.8592651264975049,-0.05255499677536084,1.663976759117169
P01,session_02,006,raise_arms,0.32190918922424316,0.5334693311017141,0.026874636982755322,-0.8477499022656928,0.00031479988982280126,0.0007368049240235893,0.02469599400676394,-1.8429065707930172,0.015139137310130455,0.4672766935666233
P01,session_02,006,raise_arms,0.36942529678344727,0.5334882010767514,0.027588678642425143,-0.8499270689503541,5.569554370754961e-05,0.0013961314226069008,0.02940564741891503,-1.84358386237161,0.0018619740895850915,0.04899232311502597
P01,session_02,006,raise_arms,0.40145349502563477,0.5332592796993831,0.028047786685554438,-0.8499316275261648,7.25973616501155e-05,-0.0004843177336873756,0.01529054296198388,-1.8590870971405373,-0.037143833713089984,1.1598236573355898
P01,session_02,006,raise_arms,0.4335029125213623,0.53335337656329,0.028576410258784987,-0.845186779951416,0.00018724467999935176,0.0006481761527879679,0.021051235847224736,-1.9143312445209943,0.058347895299272784,1.8206819470688527
P01,session_02,006,raise_arms,0.46558260917663574,0.53009786064684,0.024531722417593545,-0.8505324789861467,-0.0041370917718236006,-0.00021352514098123355,0.12913458695263813,-1.924691136813555,0.03657660928025373,1.1474688690432648
P01,session_02,006,raise_arms,0.4972047805786133,0.5287277616596255,0.026540429560154483,-0.8650992515595589,-0.0018069280980887491,-0.0008133064705781128,0.06266264326422716,-1.924087011722617,-0.01699446398496132,0.5410632753477095
P01,session_02,006,raise_arms,0.5292074680328369,0.5287696778008664,0.026727362587981238,-0.8672228599168381,1.1948666142257098e-05,0.0017397708796188305,0.0543645565100596,-1.9415741847415369,0.019590937192069068,0.6145746108769756
P01,session_02,006,raise_arms,0.5613420009613037,0.532931564127098,0.027888573875616333,-0.8694664610692645,-0.0012474684395029799,0.010652315169140609,0.33375654029417806,-1.9261295488464099,-0.08445217337621358,2.649189707372074
P01,session_02,006,raise_arms,0.5933177471160889,0.5426177536267941,0.03097734987769888,-0.8602416488428553,-0.0034246971248586672,0.0078021750685626536,0.26647413364880695,-2.0079782022722132,-0.05331873505657768,1.6886322920030634
P01,session_02,006,raise_arms,0.6259233951568604,0.5422250177157227,0.027667997572134322,-0.8523978927860942,-0.00023311189210579943,-0.0024128214445157652,0.07434467183085663,-2.073619169218901,0.09221046280503196,2.829028864685071
P01,session_02,006,raise_arms,0.6575582027435303,0.5202348268102855,0.016941617822256123,-0.8646407998470771,0.01204644718178757,-0.018417427187152387,0.695665295303398,-1.7859702490108604,0.3233360430391248,10.24454208083131
P01,session_02,006,raise_arms,0.6902248859405518,0.4605797568383653,-0.013467961174665751,-0.9149716392984039,0.038099763809339736,-0.041093230020110706,1.7154448644012288,-1.6181164536087105,0.0906536745489434,3.262513233640605
P01,session_02,006,raise_arms,0.7218985557556152,0.4548937938401725,-0.007571458968008021,-0.8597462299616341,-0.00700105347252299,-0.06372529707349246,2.0240383377455373,-1.9859571594748155,-0.026317074130173448,2.1879432513729022
P01,session_02,006,raise_arms,0.7694520950317383,0.4314724976822755,-0.010334501739790804,-0.8701497679413529,0.0013139068669850529,-0.02767033640979966,0.582533166790643,-2.0304405979757947,-0.07266189893119748,1.6352781821940772
P01,session_02,006,raise_arms,0.801443338394165,0.4315731388713911,-0.014350269410326178,-0.876637807310715,0.004140128927172046,0.006628598187264314,0.24429510981210714,-1.7880062856829986,0.05235004300845287,1.6545214755467361
P01,session_02,006,raise_arms,0.8335673809051514,0.43378258789175717,-0.006974627955580841,-0.8563643293930348,-0.0047264478240724205,-0.004712981965019899,0.20777869422249068,-1.7350390795633654,-0.049375045537119355,1.5509927517361102
P01,session_02,006,raise_arms,0.865588903427124,0.43620286670749625,-0.0034389618012972824,-0.8270953020422982,-0.0026706791034342274,-0.0223579488569853,0.7031799162552336,-1.9843137369051616,0.06427767673872666,2.1269285209422377
P01,session_02,006,raise_arms,0.8978321552276611,0.4403563696435598,-0.006427253126749986,-0.8172573295408921,0.0014955426230268056,0.0011678470224884858,0.05884959000650796,-2.162367943860395,-0.05634772210505971,1.7485724600417576
P01,session_02,006,raise_arms,0.9292380809783936,0.44152046975415654,-0.006826069151677149,-0.8115254471118631,-0.0009134342693919688,-0.003379757421224849,0.11147632979640516,-2.1301290368437433,0.02682862591852549,0.8614965048694679
P01,session_02,006,raise_arms,0.9613780975341797,0.4436899881865513,-0.006697176936834964,-0.785920020729872,-0.002113144509185284,-0.010875036928151413,0.34469300461285474,-2.031185735928729,0.16859012480055777,5.256802748211957
P01,session_02,006,raise_arms,0.9933476448059082,0.4394433490940119,-0.009339976925026855,-0.7860333820650707,0.0030433144994544575,-0.0076008092756656405,0.25610101000018803,-1.8906665673725842,0.03412916023877334,1.097841249029145
P01,session_02,006,raise_arms,1.025235652923584,0.43622699715462937,-0.012716715203568292,-0.7933698862188171,0.0035747251498563395,-0.009761057067164987,0.32598592571025237,-1.8510970064720367,0.3410057611256268,10.698823256534345
P01,session_02,006,raise_arms,1.057194471359253,0.4251268832980491,-0.011044283403830082,-0.7944078172728668,0.008776828308655138,-0.022103919185642643,0.7441664951229133,-1.965638323793733,-0.2018596903698985,6.359930827783605
P01,session_02,006,raise_arms,1.0892970561981201,0.41696767909503224,-0.0012006906983233806,-0.7985832501949709,-0.010107880165619481,-0.013195947429528692,0.517788289571111,-1.8706870613689521,-0.2059238063736293,6.435419541105509
P01,session_02,006,raise_arms,1.1222031116485596,0.4133667834478012,0.004847303950115615,-0.7907426504434344,-0.006547989663030713,-0.0137279056592549,0.462212429805398,-2.0674539002142143,0.2512969517230091,7.65077438886469
P01,session_02,006,raise_arms,1.1536705493927002,0.4105632399077266,0.003827538621173114,-0.7907470927263021,-0.0003833781264147964,-0.004748909170937956,0.15140600524563635,-2.11516395736574,0.2383952090771344,7.577446070713859
P01,session_02,006,raise_arms,1.2015259265899658,0.40763050552338814,0.0028844164214130146,-0.7852515818097143,0.0007288081895153827,-0.01075881293519739,0.22533454454812923,-2.171866371813329,-0.1214373104460181,2.5475747191325575
P01,session_02,006,raise_arms,1.233591079711914,0.40830129681350624,0.0030714615306427183,-0.7907067501186203,-0.00014229596611188165,0.011078355911035167,0.3455236808516031,-2.1746820335665413,-0.056112574862870426,1.7837401990329933
P01,session_02,006,raise_arms,1.265913724899292,0.41091430250473376,0.0007111983485422087,-0.7844898550413816,0.002906876382783166,0.008538659267002119,0.2790582875863111,-2.330217999087533,-0.42619559187245604,13.188618265767554
P01,session_02,006,raise_arms,1.2975459098815918,0.4098489465606296,0.002806595568564462,-0.8246560488805734,-0.00214633990717717,0.035756843410088425,1.1324289990175622,-2.211975991555293,-0.02820606004639109,1.4413549426620793
P01,session_02,006,raise_arms,1.3296499252319336,0.41773301329404383,-0.005219809897957178,-0.833262870909767,0.008569577329636032,0.028610608126397447,0.9303024852961695,-2.156053161964036,-0.4572830816485952,14.27414513522379
P01,session_02,006,raise_arms,1.3621180057525635,0.41663048716460754,0.011778423700469843,-0.8315233079096259,-0.001542582941216034,-0.006148729165826471,0.19524643486758916,-2.1279646977571316,0.1482154677633109,4.569132854431816
P01,session_02,006,raise_arms,1.3932876586914062,0.41653820993356144,0.012730970922319871,-0.8277985134532061,-0.0004579763898108291,-0.0009574504059441517,0.034050594386119654,-2.0993059604065154,0.06061289973308161,1.9449106903413151
P01,session_02,006,raise_arms,1.425236463546753,0.412435051674586,0.001642312360400373,-0.8419856839404632,0.001802511520159596,0.004527920500149954,0.15254126923058206,-2.101632435851267,0.09927763044139627,3.1111391668140302
P01,session_02,006,raise_arms,1.4574975967407227,0.41307512934121027,0.004275386477973189,-0.8441245893184416,0.00035489336784539255,0.003016629700417067,0.09415149107070676,-2.022264910606371,-0.21665882977022033,6.716444799693026
P01,session_02,006,raise_arms,1.4901001453399658,0.41191111969124383,0.00030036659725344905,-0.8418142337238199,0.0027520641799417245,-0.003937649449336797,0.14735211783734617,-2.1011998799397023,0.5097642782837856,15.636412997110689
P01,session_02,006,raise_arms,1.5213563442230225,0.41293110811400585,-0.00230970446031133,-0.8583024884651431,6.986310186958416e-05,0.02079719170623709,0.6653819016112077,-2.1064442248717925,-0.4531663065939552,14.513706100772849
P01,session_02,006,raise_arms,1.5539257526397705,0.41249220465875025,0.0003287709840175053,-0.8594349515000569,-0.00036478731970209524,-0.0021850391978115403,0.06801720523976854,-2.1629429049337205,0.036713470334581104,1.129288067507898
P01,session_02,006,raise_arms,1.5851998329162598,0.4112849619091317,0.0016332820521822674,-0.8641833014933074,-0.0013313712416047423,0.003906688933511746,0.13197253608800935,-2.012669216419427,0.5340667641893175,17.077487407867494
P01,session_02,006,raise_arms,1.6334073543548584,0.41056072638935215,0.002254551571894907,-0.8640807173717662,-0.0005517513924457706,0.005134677870812265,0.10712513528744419,-2.0986557439644606,-0.07430451100644962,1.5450650105547004
P01,session_02,006,raise_arms,1.665555715560913,0.41030524972810434,0.002645094777487483,-0.865028904536088,-0.000232103589347171,0.0035012741107466844,0.10914891944556458,-2.1604761019019567,0.03773515532506075,1.1788455223335892
P01,session_02,006,raise_arms,1.6975994110107422,0.4095543187775054,-0.0012711788056457532,-0.8652572631253672,-0.00014338873642022763,-0.002781181175326618,0.08690867310117446,-2.1378581313854275,-0.0464186560466562,1.4512096460763404
P01,session_02,006,raise_arms,1.7295656204223633,0.40908601757109936,-0.007397690456368979,-0.8632174564685182,0.0007104793041123287,-0.0037620981024008987,0.11977016084525263,-2.1390426179948467,0.3116909041573283,9.751372557109889
P01,session_02,006,raise_arms,1.7618863582611084,0.4016239170771008,-0.011394925037042357,-0.8594447513125298,0.004836615523810748,-0.010546247588675563,0.3589776229277486,-1.9295541448340987,-0.42651700804992626,13.201270023411743
P01,session_02,006,raise_arms,1.794145107269287,0.40130391279560046,-0.012814056776892773,-0.8645341438142441,0.00048768986516131653,0.004760156079961941,0.14833412742904925,-2.1022789908706327,-0.1832674200892608,5.683105628938049
P01,session_02,006,raise_arms,1.8258705139160156,0.4026057960314285,-0.014442111511154309,-0.8920549066409745,0.0016650493987803755,0.040963760939483604,1.2922635466426953,-2.090985594063262,-0.383888433036548,12.169155499277048
P01,session_02,006,raise_arms,1.8573157787322998,0.40153071616658914,-0.014340574662147632,-0.8783565148009683,-0.0012909393289706088,-0.01769491644124458,0.5642167281861956,-2.093801313984663,0.09803679611809954,3.1683391212606464
P01,session_02,006,raise_arms,1.8893275260925293,0.39802767515561577,-0.015600168922644618,-0.8822204591038963,0.004458431906478651,-0.000641978254532672,0.14071130131233475,-2.1709323168903154,0.1008089677742593,3.1522662950035616
P01,session_02,006,raise_arms,1.9220302104949951,0.3973045766968055,-0.020769271514450693,-0.8595946176401383,-0.001220245896668352,-0.02352743605236342,0.7204013719148914,-2.3266435075261924,0.36300772068924875,11.123594618161631
P01,session_02,006,raise_arms,1.9536964893341064,0.3975113555453964,-0.020823356168075804,-0.8911765173556242,5.829092762555536e-05,0.0327135433337493,1.033073555406692,-2.2116868963352694,-0.11032579550099565,3.633951375325851
P01,session_02,006,raise_arms,1.986670732498169,0.3966488186367507,-0.02017502642704946,-0.8756883830109098,-0.0012138481112566758,-0.013140259879388291,0.40019739319655157,-2.1455545458567538,-0.12557536899346333,3.829256444974912
P01,session_02,006,raise_arms,2.017573118209839,0.39953634741489374,-0.01932611077161822,-0.8880604869922571,-0.0008018668833026975,0.02328151497821284,0.753835646782818,-2.081483258467084,-0.21240416906160278,6.914605356154576
P01,session_02,006,raise_arms,2.065385341644287,0.3983030174380294,-0.019246707280235975,-0.8824979939049817,-0.0001084188752009374,-0.015205504071400483,0.3180335382974009,-2.0872636494323396,0.12378625935273625,2.6084691000685574
P01,session_02,006,raise_arms,2.097592830657959,0.39572640362264233,-0.019371271393734187,-0.8877021672801082,0.0051747297050616925,-0.0002853511883292402,0.1609126163418013,-2.004186061873594,0.1833997424265971,5.6965929172257885
P01,session_02,006,raise_arms,2.1293981075286865,0.39527771836097875,-0.019897960201037925,-0.8795268150390351,-0.0004382010158212457,-0.0015602429149010424,0.050954136046971694,-2.2016784253904196,0.1783434781745516,5.6075865022479805
P01,session_02,006,raise_arms,2.1617608070373535,0.3888272805555885,-0.02354202953121225,-0.8637758036148457,0.003145196750165374,-0.02624298209071213,0.8167051866890499,-2.0994295995947363,0.0061810186797510965,0.8387403229500885
P01,session_02,006,raise_arms,2.193744421005249,0.3935236678296881,-0.02694573765616741,-0.8817337642177061,0.0022118278995908575,0.02806460177273782,0.880189030104678,-2.2111962949656916,-0.01985593787269835,1.0771003572494673
P01,session_02,006,raise_arms,2.2256219387054443,0.39242300620614456,-0.025735842051092476,-0.8704575620890869,0.0008254774518058875,-0.013782766027967385,0.43314111777382486,-2.1898475372054405,-0.009298212344001834,0.5221989155500191
P01,session_02,006,raise_arms,2.2573740482330322,0.39193400829437575,-0.025592034933999936,-0.8521735348840034,2.3914307492016318e-05,-0.01005762015154692,0.31675528750787635,-2.227945680654408,-0.06395938568089904,2.0390878896211686
P01,session_02,006,raise_arms,2.289586305618286,0.4079074340514891,-0.0167174903558079,-0.8909935624040488,-0.008009438223822829,0.07425567375979432,2.318570370728098,-2.173262713970972,-0.49173408827131304,15.440506564929434
P01,session_02,006,raise_arms,2.32185435295105,0.40874823343013655,-0.017265990856821175,-0.8993810332830161,0.000803080363637525,0.010593705071957678,0.32924524497377416,-1.9980370404989958,-0.0642859469590025,2.0192706129210225
P01,session_02,006,raise_arms,2.353780746459961,0.40775567431258475,-0.01342152939356886,-0.8899009691387268,0.00022460150150401266,-0.011686440768461634,0.3661108440608844,-2.0562076701247864,0.18780449592552073,5.893803273597761
P01,session_02,006,raise_arms,2.3857901096343994,0.4059246655961219,-0.015507902779398546,-0.8873561525037772,0.0021190740646736097,-0.00973233752600678,0.3111703544110319,-1.9672728453554806,0.6796834159710569,21.236173616577
P01,session_02,006,raise_arms,2.4178810119628906,0.4071408660972401,-0.016635946850478606,-0.8843478149810113,0.001590578638128547,0.0010648996998317542,0.05964759611999496,-2.009365853486258,-0.4079888648589093,12.713676633875735
P01,session_02,006,raise_arms,2.4653801918029785,0.40537311188222774,-0.013629181052955568,-0.870010503550082,0.0008100976131969544,-0.029714092260518438,0.6258030809492485,-2.0847345242315627,0.1400962330077947,3.0151048253616564
P01,session_02,006,raise_arms,2.4977471828460693,0.40333933742633044,-0.014031069331348511,-0.8623602911588452,0.0018205499765927093,-0.007055804146466618,0.2251333951133374,-2.1016405396153885,-0.004132147479746602,0.2588117474766433
P01,session_02,006,raise_arms,2.529222011566162,0.4037992917702718,-0.014397949360898825,-0.8423269221061469,0.00012853104375353533,-0.019336855276156337,0.6143729204341492,-2.165005869365068,0.06117418974907444,2.038381602405538
P01,session_02,006,raise_arms,2.561732769012451,0.4020978354440668,-0.01391885640910634,-0.8312910074082814,-0.001001766619676623,-0.013752871180875663,0.4241459938274881,-2.174483015719648,-0.0067037427653530044,0.4716127393080641
P01,session_02,006,raise_arms,2.593674898147583,0.4025442214234945,-0.014824008628384573,-0.8337328068683082,-0.000918736128821547,0.003077556882951198,0.10054948683154549,-2.232087878171522,0.09802598735664597,3.070508814026948
P01,session_02,006,raise_arms,2.6256134510040283,0.40185397473831247,-0.01542975228065998,-0.8516393088718762,0.003976903893807877,0.016484225665290276,0.5309309264594613,-2.1160278007337565,-0.23512794890518357,7.381005109333962
P01,session_02,006,raise_arms,2.6584632396698,0.40122237087804336,-0.015010820090473085,-0.8368777227680774,-0.0005357730948850492,-0.017446682420587164,0.5313552313063733,-2.0735533697069317,0.08872504213273398,2.7527025834777556
P01,session_02,006,raise_arms,2.6899971961975098,0.40265364482245697,-0.013193024154706056,-0.8282890071945046,-0.001808995325992481,-0.0056331911650898785,0.18762403844493966,-2.284804210339951,-0.3512017395046778,11.138836071081673
P01,session_02,006,raise_arms,2.721553087234497,0.40793384360460394,-0.010937545784883911,-0.8785146242658683,-0.001897977935906645,0.058041910605874006,1.8403199043821385,-2.225385284882051,-0.04296361759951606,2.289210140571975
P01,session_02,006,raise_arms,2.754089832305908,0.4067823015618932,-0.01331004863169339,-0.9133086808810607,0.0015640672591968907,0.03387436260927241,1.0422201677870984,-2.003625619551404,0.08075150645041752,2.691808059593061
P01,session_02,006,raise_arms,2.7860445976257324,0.40559789833617954,-0.014107313943927223,-0.888747258606139,0.0007801474298791493,-0.02671355589868551,0.8363367712235638,-2.1421200324000895,-0.029945427302454707,1.256046088723444
P01,session_02,006,raise_arms,2.817178249359131,0.40557631093751156,-0.015037641503501864,-0.8903097503294747,0.00047840077113129237,-0.0013148030101915696,0.044939585169863384,-2.1232327104990008,0.07005314233225741,2.250526652162341
P01,session_02,006,raise_arms,2.8499717712402344,0.40560477048668364,-0.014067030361299927,-0.8752928044544737,-4.4636829169442184e-05,-0.01833181303699035,0.5590088020228803,-2.116364769052439,-0.00756011955045637,0.604680196983196
P01,session_02,006,raise_arms,2.8973758220672607,0.4019376382733349,-0.017730758397016634,-0.8870405598731349,0.004833099951878825,-0.005587764378343129,0.1558508343961368,-2.01445554938547,0.055536142930396507,1.1818694030710237
P01,session_02,006,raise_arms,2.929490566253662,0.396578975126023,-0.011836229807747924,-0.8745777050196805,-0.00648986361857607,-0.023844324276951993,0.7694827207310242,-2.105871298703974,-0.0220802315959211,1.0318999439651764
P01,session_02,006,raise_arms,2.961494207382202,0.3969687835316327,-0.011867737505231514,-0.8759486970448459,0.0005728576916204497,0.0022382027862237687,0.07219022686372137,-2.0640491493453244,0.08954213165390587,2.798804422158244
P01,session_02,006,raise_arms,2.9931905269622803,0.3973844738683523,-0.010917420690122944,-0.8845548135246752,-0.0003082343500264836,0.0012109635157853116,0.039423389377767036,-2.0753668149622277,-0.004884670740757284,0.1590711116785967
P01,session_02,006,raise_arms,3.0258593559265137,0.4039345178693883,-0.012127822537386162,-0.9205079133585925,0.005157449164918084,0.05032923140276098,1.5486564933710796,-2.0300897221907253,-0.15878196977128134,5.101112336107134
P01,session_02,006,raise_arms,3.057776927947998,0.4027913140302835,-0.005473816181642687,-0.9265348212506479,-0.0014850429783559342,-0.004679243088893727,0.153810044504162,-2.10277317112812,0.059488656780571296,1.8701572373810986
P01,session_02,006,raise_arms,3.0897576808929443,0.40587647940216204,-0.009353728134026747,-0.928385419590368,0.0031757943882060385,0.010929840282713313,0.35589765579873583,-2.0929893165994145,-0.0046597372019455355,0.384568486375355
P01,session_02,006,raise_arms,3.121687412261963,0.4065877806234912,-0.007640428037366142,-0.95110160968497,0.0007104835036137841,0.023481212254480112,0.7357393102432882,-2.050993165064493,-0.036050899049147746,1.3476317016218045
P01,session_02,006,raise_arms,3.153918743133545,0.4087536376328519,-0.006160294833343353,-0.9551758002417947,-0.0022757835140879584,0.00830010076549484,0.2670210287801297,-1.9977983824206602,-0.04032509975627134,1.27929231837275
P01,session_02,006,raise_arms,3.1858105659484863,0.4092187303348686,-0.00554478436373818,-0.9591562965819472,0.0008577971344474382,0.0059654352317237815,0.18897612089184435,-1.9712045239658558,0.017692571137832402,0.5860714969883798
P01,session_02,006,raise_arms,3.2174994945526123,0.40741532540004616,-0.004558179329952735,-0.9230802149121274,0.0013327149906505686,-0.0436257694315875,1.377330286325144,-1.9722241564953131,0.10848990557377804,3.6902586100318024
P01,session_02,006,raise_arms,3.249558687210083,0.40771269990951103,-0.004314002146774853,-0.9343579111330519,0.00036058444186587733,0.012023989005620817,0.37522449981981915,-2.154132643522924,-0.0939222146279248,2.95358133538827
P01,session_02,006,raise_arms,3.281992197036743,0.4053037518307465,-0.00321259884814327,-0.9255228857195817,0.0028227383729174057,-0.007286831994418693,0.24093782116279047,-2.0881646368468636,-0.0069051334416277725,0.32152442876888515
P01,session_02,006,raise_arms,3.329348087310791,0.40425137840465647,0.0003656255136718969,-0.9071363252336374,-0.0036524953018168085,-0.015111439972061314,0.3282925530307937,-2.159553292011188,0.037560990269909104,0.8584201937112396
P01,session_02,006,raise_arms,3.3615331649780273,0.40204200976758864,-0.00018568909658056134,-0.9004315585022721,0.0028475663874626645,-0.013003499804893674,0.41359650289077715,-2.0899212195816994,-0.0461767271860892,1.4931500750429294
P01,session_02,006,raise_arms,3.3936619758605957,0.4010456838427513,0.0009361024697251167,-0.8700279923520569,-0.001296141881157854,-0.0331097295938267,1.0313201426507612,-2.16360476919336,0.1509452227912246,4.809991195443513
P01,session_02,006,raise_arms,3.4257404804229736,0.4006308368632092,-0.002801098533241043,-0.8588584678452456,-0.0005747254618993573,-0.012829336275046694,0.4003367115546716,-2.1639589722513475,0.08562711990221042,2.6991529398695375
P01,session_02,006,raise_arms,3.4576759338378906,0.3989578389833066,-0.004853399030701,-0.8634958932060469,0.002267046019919954,0.0010868912661197534,0.07872523724315768,-2.1940692456709856,0.012338662309563353,0.39430148499559425
P01,session_02,006,raise_arms,3.4898037910461426,0.3989648194834642,-0.004360561343814976,-0.8631749668114851,-0.000540709606633057,0.00020265872249713112,0.01797320046599291,-2.1990760358835564,-0.09440953322893997,2.938611763312918
P01,session_02,006,raise_arms,3.522000551223755,0.39834145859590075,-0.005371079457597431,-0.8628809111922879,0.0012136280625071108,-0.0035869044293547706,0.11760989829015404,-2.1257465932774235,0.0879040909577352,2.73274739077645
P01,session_02,006,raise_arms,3.553609848022461,0.3985023159926705,-0.0027720111961473063,-0.8825012416450425,0.0001903673042624769,0.01959777364627405,0.6200295544917697,-2.222769047607819,0.01180653085171776,0.7238437220810938
P01,session_02,006,raise_arms,3.585454225540161,0.3967764683901797,-0.0007166351347766534,-0.8679116966611693,-0.0018586245058220612,-0.01844143083121617,0.5820448259428876,-2.184334160578017,-0.016630745993643895,0.7819986524917064
P01,session_02,006,raise_arms,3.61755108833313,0.40067597041783365,-0.0037278566872659654,-0.8857316530319866,0.0035251708900074456,0.02840435043775443,0.8917464437367865,-2.191631093946076,-0.2469126749965561,7.74424888453702
P01,session_02,006,raise_arms,3.6496353149414062,0.4038819747194566,-0.004668599375985619,-0.9120838550256103,0.0008739649908987605,0.033872046571868666,1.0560740675446125,-2.1474484965457714,-0.018141469974770022,1.197917585860942
P01,session_02,006,raise_arms,3.6814489364624023,0.40330648486263465,0.008251334530141931,-0.8878265404831727,0.0007646651954354506,-0.02554091117316566,0.8031891366427769,-1.932102578675535,0.06960139931254039,2.3305623479851967
P01,session_02,006,raise_arms,3.714043140411377,0.4031745112940932,0.007449573239616492,-0.88787603384301,0.0007432571832143662,-0.0005559460243615363,0.02847666214266682,-2.156117128199768,-0.10890286668323554,3.3412941201038526
P01,session_02,006,raise_arms,3.7613685131073,0.40290799973407276,0.004345586437279765,-0.886638101410088,0.0025963158280791904,0.00462226395910795,0.11202291481507447,-2.194855967241882,-0.11555389914357317,2.444258621672297
P01,session_02,006,raise_arms,3.7934930324554443,0.4011043172603452,0.0069696635707854,-0.8792253237677149,-0.002365882162402775,-0.011941976337924314,0.37896532477941974,-2.118643018391055,0.12857189789084061,4.020199446265051
P01,session_02,006,raise_arms,3.8255836963653564,0.40261599423710265,0.011279834540144138,-0.8776993402185908,-0.001239863560164283,0.0018109410148906973,0.0683910399728038,-2.1098946218446515,-0.006502214618026921,0.21385100655814096
P01,session_02,006,raise_arms,3.8578405380249023,0.4057179601312182,0.011494651641765639,-0.8902845105574009,-0.00210483816536498,0.019087994246531872,0.5953370862523711,-2.121402366500984,-0.024519093007026403,0.9655100839675638
P01,session_02,006,raise_arms,3.8896143436431885,0.4075162227114188,0.007858541278842772,-0.9114269735123195,0.002112809127482094,0.021117560321242516,0.6679398285724993,-1.9052501023760142,0.10229095495156762,3.2879094698614266
P01,session_02,006,raise_arms,3.9218571186065674,0.4055731072402405,0.00952705130609041,-0.8965829604588169,-0.0021828562423012593,-0.018155491254640183,0.5671423797204368,-2.0249777439897985,0.08865132813360808,2.80737773593909
P01,session_02,006,raise_arms,3.954040050506592,0.40392420867620826,0.005317097407724069,-0.878135108709626,0.001996281773566728,-0.017985534818445365,0.5622850999415073,-2.1524537192419775,0.18660353905772367,5.825414553405295
P01,session_02,006,raise_arms,3.9857029914855957,0.4039277553676989,0.005859712318793621,-0.8791418913659524,-7.754416579012965e-05,-0.0006180661054461618,0.019673205903982922,-2.0654792010446608,-0.12585696632215546,3.974946859903187
P01,session_02,007,raise_arms,0.00025773048400878906,0.5191945209099602,0.05356478671388259,-0.8443028482789302,0.0,0.0,0.0,-1.9380737142278481,0.0,0.0
P01,session_02,007,raise_arms,0.0483546257019043,0.5094788291856003,0.04167385986050765,-0.8623116011886149,0.009143755848460406,-0.0014921083976747467,0.19262573078134784,-1.8955038631452223,0.11614813237763111,2.422548296954046
P01,session_02,007,raise_arms,0.08069992065429688,0.5095460299850586,0.0409325848625503,-0.8642850202444996,0.0004698925003296856,0.0055610379551091,0.1725399310657232,-1.926196245650529,-0.0041637599077010605,0.21526969928913117
P01,session_02,007,raise_arms,0.11283373832702637,0.509205032723296,0.03745814069493075,-0.8670593316794438,0.0018453027016177355,0.0009956639779225766,0.06525152427814788,-1.900589326047136,-0.041812356256505936,1.302829863219019
P01,session_02,007,raise_arms,0.14502763748168945,0.5097022487649535,0.0373566399290576,-0.8692469396003341,0.00012144232000001976,0.005277917139837161,0.16398492441413318,-1.8933706088611266,0.009932484942399306,0.3493938895000946
P01,session_02,007,raise_arms,0.1762702465057373,0.5098520671205278,0.03733990519427987,-0.8684599437386938,-3.609465423634626e-05,0.0013101044297963219,0.041949171271985136,-1.933514580242427,0.03336309263777347,1.0686951545326344
P01,session_02,007,raise_arms,0.2085285186767578,0.5093462527738749,0.03572648063908202,-0.8685006541263931,-0.0006571654980762203,-0.0011138725536995954,0.040091486630293056,-1.9275609887741405,0.01138248206684375,0.35512497420520295
P01,session_02,007,raise_arms,0.24061155319213867,0.5097708964062462,0.03401426606681438,-0.8685453786170417,0.0003743041637574374,0.002102475695620261,0.06656273465402487,-1.9447290131547343,0.02443354102934385,0.7644753243390358
P01,session_02,007,raise_arms,0.2727479934692383,0.5090836028787301,0.03429970835200777,-0.8680624244251246,-0.0008022181868172793,-0.0018062276014200996,0.061499137808313516,-1.9557724050029504,0.012195900023259546,0.38445448402538634
P01,session_02,007,raise_arms,0.3047819137573242,0.506662366191056,0.032083403689826796,-0.8670770682336786,0.002437625183244718,-0.0007238496556594115,0.07937923610731144,-1.9197233128766649,0.03024031047428706,0.9473405611100363
P01,session_02,007,raise_arms,0.33635830879211426,0.5079286927011549,0.03513025341723089,-0.8655879248418166,0.00016725087829623278,0.0028018702653148588,0.08889100994662401,-1.8605536012305344,-0.16169595472078374,5.121557246603419
P01,session_02,007,raise_arms,0.3702809810638428,0.5069141524045905,0.035945747504392216,-0.8662411956194712,-0.0011550796622535715,-0.0010370260173304191,0.04575992491354312,-1.8683672514195486,0.019895008148170978,0.5882636488144093
P01,session_02,007,raise_arms,0.41559863090515137,0.503201513057533,0.032191623235531444,-0.8817681727530228,0.003665046841993275,-0.0009065043220844023,0.08331167169687233,-1.933888798255572,0.08029184652721168,1.7737142914916646
P01,session_02,007,raise_arms,0.4510977268218994,0.503238410703865,0.029959026654684286,-0.8813268158570289,-0.00012557830101783714,-0.0007040794250417665,0.02014673015983934,-1.9300201925360299,-0.0004656257447548901,0.024040271999917873
P01,session_02,007,raise_arms,0.48367786407470703,0.5029480367966422,0.02468441279447704,-0.8835155905862944,0.0003301111166062295,0.0016150024202302613,0.05059509156453337,-1.887202323193732,-0.03899737544722219,1.1980366417061037
P01,session_02,007,raise_arms,0.5170018672943115,0.5067616138676484,0.022560002739149102,-0.8800654348609511,0.0005710976222095916,0.0035375001720884926,0.10752918599359862,-1.8772309644637135,-0.024400176783814866,0.7400637664954997
P01,session_02,007,raise_arms,0.5463674068450928,0.5142940142162159,0.023643663416046228,-0.870437631053787,-0.0007992481346661706,0.012359734249987132,0.42177155135701316,-1.948763454068863,-0.036130680502922556,1.3006607829932137
P01,session_02,007,raise_arms,0.5766513347625732,0.520361704779436,0.027642542813254255,-0.8594832526383777,-0.00446666828413429,0.0012888563029383006,0.1535104872075175,-1.9817149882506002,0.0038404813667784463,0.19911736158976678
P01,session_02,007,raise_arms,0.6087510585784912,0.5184666311124695,0.026087907491418583,-0.8530325989874872,0.001657627357832275,-0.009115211647875538,0.2886226660131662,-1.9970755840188386,0.022789437420348297,0.7663827996403725
P01,session_02,007,raise_arms,0.6406185626983643,0.4928698420959534,0.02828059113858266,-0.8682079531183101,0.004938575402263614,-0.012955763680483463,0.4350862328068328,-1.8595208154408407,0.3695375482209008,11.604221216984268
P01,session_02,007,raise_arms,0.6721765995025635,0.47167631083755585,0.027163808611035817,-0.8885520587371006,0.0023741013420157035,-0.01827744325567208,0.5840346569658128,-1.6826842030571012,-0.005245838638461025,0.6072300441005216
P01,session_02,007,raise_arms,0.7043437957763672,0.461373182231784,0.035363860906071375,-0.9020235904856149,-0.01000128216228033,-0.0062119556353842234,0.3660078483889664,-1.710177618381841,0.019602883812395076,0.7108709242631382
P01,session_02,007,raise_arms,0.7367072105407715,0.42507085315185084,0.016843813650028204,-0.9414999374896567,0.012811495379381662,-0.03670157715171696,1.20115218989466,-1.9538929351724321,0.006341998878333654,1.2170323255350732
P01,session_02,007,raise_arms,0.7686612606048584,0.4216600251908733,0.007209530931037533,-0.9141044448752184,0.006635515025303754,-0.0351903590905016,1.1206871510377718,-2.0690601398831823,-0.021458116112126342,1.306481064711188
P01,session_02,007,raise_arms,0.8007211685180664,0.42265690345334156,0.00628835301707465,-0.8763065998040309,0.0016851628281097208,-0.03595336037439615,1.1226741908339584,-2.031686077909877,-0.07721146864135478,2.657168694589389
P01,session_02,007,raise_arms,0.83258056640625,0.4251238093410377,-0.003757644360360315,-0.8424523407106356,0.010309406665817105,-0.029099416086199873,0.968997219091209,-2.5719324831997126,-0.1700936255165492,5.426106946587015
P01,session_02,007,raise_arms,0.8802587985992432,0.4191016577036969,-0.009889375529195882,-0.8244583258067842,0.009323197642544356,-0.02312348141213971,0.5229274494288568,-2.453764614861784,0.024515068720959984,0.7333699611903126
P01,session_02,007,raise_arms,0.9123210906982422,0.4210672633856679,-0.004607120616366318,-0.8042530331934974,-0.001092459295826925,-0.038705192309740295,1.207668077085905,-1.9730590964019348,0.12953336230246593,4.216691969228698
P01,session_02,007,raise_arms,0.9443609714508057,0.42078756144625784,-0.0011946778376904306,-0.8078161809149454,-0.0012493902297710483,0.0008846055366820891,0.047779528175921404,-2.006149975010561,0.025574519748813633,0.7996376803912907
P01,session_02,007,raise_arms,0.9764461517333984,0.4213498038161089,-0.0005275795091786408,-0.8187360627186735,-0.0009850649985696381,0.00539002500294387,0.17077352886229394,-1.8324339909400467,0.07587102955926867,2.3708336760915154
P01,session_02,007,raise_arms,1.008563756942749,0.4200843226476474,0.0017060887809937043,-0.8162000097603099,-0.0023958740573145473,-0.005693087406581815,0.19231466692998217,-1.9408473705444107,-0.0656328420221931,2.0525454476188254
P01,session_02,007,raise_arms,1.0410330295562744,0.41486348425612773,0.0019062881117606952,-0.8065937348569283,-0.005772921268340323,-0.020162122565656325,0.6459125437332516,-2.087114030370262,0.1631742287497172,5.066835508532106
P01,session_02,007,raise_arms,1.0727334022521973,0.41496291047100314,-0.004083534467110365,-0.818027505674968,-0.0010530855701652222,-0.001383310452632636,0.05484303072627262,-2.144449827655198,0.7872983315627913,24.8356780746749
P01,session_02,007,raise_arms,1.1042993068695068,0.41382665140084884,-0.00674794046800564,-0.8753165515089358,0.00086560160571178,0.05476526220487971,1.735166571272126,-2.1236237704892305,-0.36193051758141304,11.59641961819967
P01,session_02,007,raise_arms,1.1380980014801025,0.4115780401647079,-0.01251804150317878,-0.8860803835125407,-0.002094419987902964,0.01717598897925712,0.5119491612629463,-1.835213356972314,-0.5491995186638546,16.25719682386302
P01,session_02,007,raise_arms,1.1688015460968018,0.4108551610766197,-0.01843107405044793,-0.88716616427085,0.0001501159338481174,0.012407794611479039,0.4041456067489668,-1.9967091730499638,-0.06825609935247298,2.259506497693943
P01,session_02,007,raise_arms,1.200282335281372,0.41104357352058013,-0.01833239440543916,-0.9663949082917426,-0.00012227807450280364,0.07956739076244694,2.527493331044685,-1.9299917041670906,-0.07155266657497568,3.3991608054646596
P01,session_02,007,raise_arms,1.2324047088623047,0.40517642185587993,-0.012533039790878147,-0.967527943688207,-0.008864279574264649,-0.008364995426778809,0.37942562154025994,-1.897436062569555,-0.13402414267221144,4.189515673611507
P01,session_02,007,raise_arms,1.264134407043457,0.3996312911795356,-0.009102009861360049,-0.958123783039532,-0.0039803418556787545,-0.02249399509630604,0.7199389018151878,-1.916434188882186,-0.005249041331448509,0.7387009406602663
P01,session_02,007,raise_arms,1.312199592590332,0.3985118080164272,-0.010928378504007496,-0.9586194964647433,0.0021880313980137977,-0.0041425122438368414,0.0974688305333342,-2.0788079449967714,-0.03303126847868846,0.6940957970064776
P01,session_02,007,raise_arms,1.3448283672332764,0.39917447047499777,-0.013971254690756862,-0.9254253987115503,-0.0019007288306897461,-0.02900783136376374,0.8909325375125067,-2.15256955861968,-0.09069509953754502,2.9188977007857466
P01,session_02,007,raise_arms,1.3764162063598633,0.3956168296722264,-0.0102688211742805,-0.9019608575365486,-0.0038667922964476177,-0.028863406137886714,0.9219139265489469,-2.139862766001588,0.03508923515050513,1.443573640560625
P01,session_02,007,raise_arms,1.408644437789917,0.39304441734211004,-0.011665532433182569,-0.8972412873137129,0.00019820475061887907,-0.009873462739800052,0.30642239834675955,-2.135941666451735,0.20358577454281557,6.324428672511743
P01,session_02,007,raise_arms,1.4405908584594727,0.3922012018928924,-0.013087449922907947,-0.8916791058952892,0.0013915179915071055,-0.005242821861680505,0.1697950342287083,-2.1565021863084883,0.26431226008426195,8.275353206424551
P01,session_02,007,raise_arms,1.4726932048797607,0.39231851452394234,-0.012766460185823425,-0.8773486887179217,-9.890592034858263e-05,-0.014048514884535429,0.4376272955420145,-2.1513249691146337,-0.032023659376826864,1.089321530428875
P01,session_02,007,raise_arms,1.5046565532684326,0.3924156589936134,-0.012930152713910036,-0.8772142775636503,0.0009118812583237954,-7.928741848005684e-05,0.028636604297397308,-2.142373368833816,0.3011233057444794,9.42093716926042
P01,session_02,007,raise_arms,1.5365231037139893,0.3930062361041787,-0.013844399891591728,-0.8744647499246755,0.001588256581973478,-0.0005831456045919476,0.05309414450871106,-2.2991676254450053,-0.2345634566802428,7.36099625885197
P01,session_02,007,raise_arms,1.5686120986938477,0.3933789986510731,-0.011662769831088063,-0.8762029331520742,0.00014307242130911114,0.003860796220457301,0.120397858654999,-2.2289014629909563,-0.0951673843732137,2.968175631983
P01,session_02,007,raise_arms,1.6008179187774658,0.39529689456799594,-0.010382832220103461,-0.8973143401896424,-0.0013215130580360778,0.03313481858081399,1.0296636110521173,-2.2338657961374144,-0.19095580967682985,6.017973957042455
P01,session_02,007,raise_arms,1.6326324939727783,0.39673923325127003,-0.014620698771622925,-0.9059811589210366,0.004997047997468537,0.007270536759427031,0.27730054063044807,-2.1905821412553035,-0.018924331006535452,0.6562932524391139
P01,session_02,007,raise_arms,1.6654613018035889,0.4063543065852401,-0.007689702433046554,-0.9475778819214271,-0.006688601438176928,0.06845645948090065,2.095185474717808,-2.252982409420224,-0.2808381836890032,8.80746465984787
P01,session_02,007,raise_arms,1.7124013900756836,0.4019024268963851,-0.011482908592174214,-0.9343092520067808,0.0038008669179296225,-0.017181576532999693,0.37488136901687696,-1.9205319044301898,0.34943414274897877,7.453691568854082
P01,session_02,007,raise_arms,1.7443530559539795,0.4084352888920361,-0.0028833663581490075,-0.904858167692395,-0.007731881586570033,-0.016528352584148115,0.5710945614675843,-2.264360407316016,-0.020061071054422782,0.848736221477277
P01,session_02,007,raise_arms,1.7762951850891113,0.39762967536883354,-0.010547705791148545,-0.900115339495526,0.013741622756855957,-0.02902001919055203,1.0052270038119688,-2.085850304994305,0.05115067689123354,1.89071891914524
P01,session_02,007,raise_arms,1.8083620071411133,0.401163009606534,-0.009026880106813039,-0.8848609086675303,0.0009254281204731339,-0.007341913003943074,0.2307683311758307,-2.165764973546916,0.11870883341413566,3.709106515097554
P01,session_02,007,raise_arms,1.8404440879821777,0.40084898363184746,-0.013367882887568,-0.8817641467262081,0.00045207304665343295,-0.0019455386045271002,0.062258146756554535,-2.1571508713319463,-0.20434210992571955,6.369657644630399
P01,session_02,007,raise_arms,1.872157335281372,0.40057465422395977,-0.01340237057675301,-0.8816479066155782,-9.623500539035882e-05,-0.0007431708301849975,0.023629739728731183,-2.1121590908062475,0.04479518164128751,1.412704568229827
P01,session_02,007,raise_arms,1.9052965641021729,0.3997978919813074,-0.014621552661850891,-0.8595916944764019,0.0012079023968260285,-0.027562000975811102,0.8325014604089758,-2.1204451510874596,0.16188832857382063,4.955524781657556
P01,session_02,007,raise_arms,1.936357021331787,0.40203234581817937,-0.012379385352217345,-0.8533046071829029,-0.0026682422554851854,-0.0017447040443706488,0.1026393734208829,-2.237589386142775,-0.08204512280985779,2.643458767295438
P01,session_02,007,raise_arms,1.9686024188995361,0.3962588223604318,-0.016982282580403574,-0.8422694870770592,0.0061081179172210705,-0.019736933579542867,0.6407266409764579,-2.0762254294125913,0.060763044113541186,1.9903448425612011
P01,session_02,007,raise_arms,2.000856637954712,0.39568128367623795,-0.01466046861569388,-0.8171433159731165,-0.0024713296821590063,-0.023365915059581546,0.7284703878543374,-2.021152292865385,0.0440807892801953,1.5486926270365002
P01,session_02,007,raise_arms,2.03293514251709,0.3989180316760356,-0.01111615973097542,-0.838619914320461,-0.002872518173702106,0.01892044421725934,0.5965756925062246,-2.379426578693891,-0.13981873884061924,4.399280452456442
P01,session_02,007,raise_arms,2.0643067359924316,0.39710516187134337,-0.014209091298120258,-0.839139635418731,0.0030541917565971867,-0.007294832242308904,0.2520876744981116,-2.337602465999226,-0.024131480822180765,0.8094683180377109
P01,session_02,007,raise_arms,2.0972578525543213,0.3991451792236829,-0.010345260304679933,-0.8463778852342709,-0.0021248270921336763,0.011486893808043623,0.35451801396206933,-2.2699369422682154,-0.14198051249057403,4.323382283749059
P01,session_02,007,raise_arms,2.1444942951202393,0.40030731069866327,-0.011544634099013877,-0.8478958016021425,0.0012329806352084293,0.0033463160698818635,0.07549765545564424,-2.3442149578621003,0.1364648955820507,2.88996119401662
P01,session_02,007,raise_arms,2.176314353942871,0.4018853459779247,-0.01214364708055588,-0.9051232303380322,0.0017592094389083073,0.06124404050865047,1.9254930331224753,-2.182545822980732,-0.10860302200512242,3.9187168219281143
P01,session_02,007,raise_arms,2.208183526992798,0.4003865571290701,-0.013644436154149264,-0.8930120620183707,0.0016458818132205288,-0.010571991936294236,0.3357270354796013,-2.0936983642253937,0.011018502135600343,0.48192319610106726
P01,session_02,007,raise_arms,2.2405011653900146,0.40186243048408327,-0.012358070137439866,-0.8862448543456143,-0.0003261579185274831,-0.004130592029591577,0.12821014133068787,-2.2532712872909952,0.26606714130500725,8.233875227216517
P01,session_02,007,raise_arms,2.2722370624542236,0.4007698426775279,-0.018720843644666245,-0.8669080100780787,0.0013751891715043777,-0.02736011471871858,0.8632071474584593,-2.1872780497712507,-0.03530402030622263,1.408059314703803
P01,session_02,007,raise_arms,2.3041489124298096,0.40267034537296614,-0.01565325544942293,-0.8478195768747223,-0.0020586728272903327,-0.015016828721811721,0.47497355010698955,-2.226421671993035,-0.13804106083527057,4.3516976697189484
P01,session_02,007,raise_arms,2.337484359741211,0.39963273917493114,-0.01645615644560406,-0.8313634307253712,0.0005529682602106065,-0.023090507805430923,0.6928699004399279,-2.0859133684502895,0.44075505064048903,13.239954974244233
P01,session_02,007,raise_arms,2.3690619468688965,0.402415227334127,-0.021938574554443195,-0.8328938458589453,0.003507602094080885,-0.0001563377782128213,0.11118913002208008,-2.1200228201717497,-0.09858815076647391,3.1240718878110423
P01,session_02,007,raise_arms,2.400935173034668,0.4056705773733842,-0.016887579084653978,-0.8299374071760127,0.0011326732383417693,-0.0032314760497431185,0.1074329626219897,-2.0628942303490634,-0.10388092249155104,3.2609608859827346
P01,session_02,007,raise_arms,2.4327595233917236,0.40620419357269694,-0.01645838639789437,-0.8342996983053556,0.00045594441270874463,0.006140520978623925,0.19348156291829624,-2.2429400163948987,-0.06239789494032284,1.970219835009993
P01,session_02,007,raise_arms,2.465146780014038,0.4014580490764524,-0.022060477213809306,-0.839543429764494,0.00228651868850335,-0.002139607208858269,0.096688250566437,-2.13042975116943,-0.11318295346295153,3.496012833805
P01,session_02,007,raise_arms,2.496823310852051,0.40254660220927674,-0.018675193831068183,-0.8674474653360661,-0.0015748611424161838,0.01995221432023407,0.6318327947043756,-2.055859841918734,-0.007941288394414553,0.6797520778493336
P01,session_02,007,raise_arms,2.528717041015625,0.40454353805046,-0.017060416924337046,-0.8648829567122269,-0.0015754854709946026,0.0018113736444784108,0.07527098872392736,-2.202199958905755,-0.16667634016227129,5.226532835582111
P01,session_02,007,raise_arms,2.5762462615966797,0.40709238399618064,-0.014055158239627752,-0.873671608410401,0.000734127438027955,0.014293376297400285,0.30112458403731046,-2.2015273572345424,0.0076604419209598835,0.34154480199467324
P01,session_02,007,raise_arms,2.608677864074707,0.4134217479418104,-0.020762489967780226,-0.8958261112229161,0.006934910977989006,0.03500593870489498,1.1003543278172905,-2.135598147596042,-0.07677740202293697,2.6105920895462633
P01,session_02,007,raise_arms,2.6404402256011963,0.414453440937475,-0.021279630699657714,-0.8969542257106753,-0.001268700469364972,0.0030293922449557576,0.10340318024816977,-2.2061841148222596,0.08299072511597937,2.614909087168576
P01,session_02,007,raise_arms,2.672597646713257,0.4083403934485674,-0.019740899491113226,-0.8809397882579404,0.0015424442241002167,-0.02822226267916802,0.8789380562193917,-2.1721069008875418,0.021259550925535355,1.0998167221422024
P01,session_02,007,raise_arms,2.7044854164123535,0.408878045580821,-0.017468203675852497,-0.8600484198220769,-0.0012952570472161864,-0.015608246481014838,0.4911568965143656,-2.1338345069046043,-0.029811393627305834,1.0560515274992934
P01,session_02,007,raise_arms,2.737086296081543,0.40955280465272653,-0.015707146233914032,-0.8577839178778432,-0.001067469599279146,-0.0065125141774897395,0.20243070591374263,-2.2244519220213324,0.09856516692428466,3.0301590796093407
P01,session_02,007,raise_arms,2.769944190979004,0.4107652560030237,-0.01360785533435628,-0.8539150690866968,-0.00023198876838296736,-0.00422513398804757,0.12878177660939014,-2.258013331829312,0.24171019514494452,7.35735604516784
P01,session_02,007,raise_arms,2.800818920135498,0.4128847656417439,-0.017039487587199014,-0.8421244530461315,0.0004534393245255974,-8.163640178899246e-05,0.014922545650870195,-2.25163216623412,0.0017368216661334751,0.05819944498991183
P01,session_02,007,raise_arms,2.8324296474456787,0.4135331444584471,-0.017831242581800032,-0.8886411590422982,0.0005525419396447428,0.05145709865783515,1.6279304377118893,-2.273096336327891,-0.2984533270353206,9.580838436137036
P01,session_02,007,raise_arms,2.8640666007995605,0.4122186881172179,-0.01840864268018511,-0.8876308946313597,0.00139403767185862,-0.0036638132505331026,0.12390762541776258,-2.104387743110175,0.019406472751628667,0.6258009551122693
P01,session_02,007,raise_arms,2.896631956100464,0.4103528813071787,-0.017643925838774936,-0.8886178175651871,-0.0023067496459696947,-0.0018347527330184622,0.09050850186951431,-2.0646072770696318,-0.1425469168936674,4.378192236287928
P01,session_02,007,raise_arms,2.9284961223602295,0.4106358695061464,-0.016922589886405666,-0.8848612183903007,0.000461474705388162,-0.0032392135017511123,0.10268338294269828,-2.0812055975680455,0.09767594588719354,3.067104616645634
P01,session_02,007,raise_arms,2.9610180854797363,0.4157590222463964,-0.012249402637197595,-0.8710626585017152,-0.0043432313383724875,-0.0032013056761656575,0.16590496808027871,-2.1215317579910256,-0.05599539523361617,1.7297462799638241
P01,session_02,007,raise_arms,3.0082859992980957,0.4132482178297758,-0.013144052757796986,-0.8848094183928645,0.0011630708459716551,0.008139584814846494,0.17395015482479742,-1.982851316472573,0.1211911528019452,2.569814150951874
P01,session_02,007,raise_arms,3.040046215057373,0.4121989771499219,-0.013591541189913292,-0.8662503193321075,-0.00014239645704219585,-0.014643518062197602,0.46108661548266255,-2.039171345854586,0.06580520220707764,2.1226230240418875
P01,session_02,007,raise_arms,3.072535514831543,0.4065897812393251,-0.017378686956012447,-0.8635142348687056,0.003458028532246615,-0.005855577878344238,0.20931269969940572,-1.9726257885392096,0.145793092337476,4.4922977045544705
P01,session_02,007,raise_arms,3.1046302318573,0.4089913289077125,-0.010902197555791112,-0.8565008350267714,-0.00308314840579788,-0.004057938186319987,0.15879057373471786,-2.002048900722586,-0.1723086946044809,5.37110343315603
P01,session_02,007,raise_arms,3.1362228393554688,0.4089396357839342,-0.015639783567936112,-0.8487238772607472,0.0004580323837957105,-0.00711710176119416,0.22574348232238362,-2.143380904993621,0.40457472101918945,12.807982877306108
P01,session_02,007,raise_arms,3.1690316200256348,0.40983385413356654,-0.01562358405460846,-0.8673315595479323,-6.686425525636302e-05,0.021287920901880638,0.6488514804684005,-2.102284430651676,-0.5004509177821302,15.267360585780729
P01,session_02,007,raise_arms,3.201178789138794,0.41026284253462414,-0.015686536132803585,-0.884248740787526,0.00035736242668355645,0.018135879826861143,0.5642612039808589,-2.0979283244220204,0.008265390855599505,0.6200780382843974
P01,session_02,007,raise_arms,3.23213529586792,0.40879858717180656,-0.015864214498617156,-0.8695221388416957,0.0001258656737498249,-0.015847629244763645,0.5119482376756846,-2.1234902797522186,0.03885698981011717,1.355599152402848
P01,session_02,007,raise_arms,3.2644119262695312,0.40692598275705066,-0.017905189118520844,-0.866662917741623,0.0013441314783478153,-0.006519034008101985,0.2062223352252155,-2.0840724699347373,0.033944702799113186,1.071708694388562
P01,session_02,007,raise_arms,3.2965877056121826,0.40947944684807774,-0.01634508352256666,-0.8640054134485557,2.5655301438267814e-05,0.00036223102200924514,0.01128607982534035,-2.286337508616033,-0.13139220708664734,4.083590563658509
P01,session_02,007,raise_arms,3.328059434890747,0.4107406366780939,-0.022058393365129714,-0.8726799248202464,0.0004715876079985546,0.00560572151801836,0.1787484543164452,-2.108893708943676,-0.17510698363162455,5.566815923295055
P01,session_02,007,raise_arms,3.360065460205078,0.40972649201113953,-0.02185499320150529,-0.8660890307358258,-0.0010224656056471038,-0.006731892599291819,0.21274425077761114,-2.058338770703991,0.19082989076539042,5.9661057467063445
P01,session_02,007,raise_arms,3.408534288406372,0.4106059489079202,-0.017592805065197534,-0.8423780915213529,-0.0008146527525213846,-0.03340279513037878,0.6893652906158131,-1.9874028378918853,0.21428085561802607,4.474426869698513
P01,session_02,007,raise_arms,3.4400742053985596,0.41243394431557334,-0.019297294306009547,-0.8426546841837986,0.0018451856686866254,0.003958020990476392,0.13845928721543124,-2.037068033347839,0.02166791584201245,0.7008135725964963
P01,session_02,007,raise_arms,3.4725069999694824,0.41125126343971263,-0.016555256985342867,-0.8324480135895423,0.0006642364687729653,-0.02263520194427621,0.6982113706527009,-1.9956512035467733,0.19257243180231162,5.978494718365318
P01,session_02,007,raise_arms,3.504777431488037,0.4117503243928594,-0.01664433965913076,-0.832009036375449,0.0002537628657496008,0.0006252873351998863,0.020911352791809088,-1.983431394975257,-0.05805935676085277,1.7992718278317599
P01,session_02,007,raise_arms,3.5366859436035156,0.41178385299609543,-0.015142967056077792,-0.8236050715884078,-7.671612546511525e-06,-0.004951229788037231,0.15516974635013828,-2.0374275114658604,0.16474506590862042,5.165375638664331
P01,session_02,007,raise_arms,3.5690836906433105,0.4124591832889095,-0.01402328997231332,-0.8507572651964017,-0.00099199169430075,0.028565589074218183,0.8822467871388787,-2.1403405247968563,-0.2330951613248419,7.248685413246195
P01,session_02,007,raise_arms,3.607438564300537,0.4109996846456795,-0.006384445480856145,-0.8579789924168257,0.00201691540938378,0.005583407748428943,0.15477902944112998,-2.035492730302951,0.0539331446813162,1.414654221325656
P01,session_02,007,raise_arms,3.6412127017974854,0.41528261224043556,-0.003989465862963592,-0.8536879964549877,-0.003940092262436192,0.0006935268539197567,0.11845345457227893,-2.186969726892793,-0.03900354766866374,1.1608938466386123
P01,session_02,007,raise_arms,3.6736626625061035,0.4215909262485897,-0.010180299401150887,-0.8527992266485706,0.0062799354783925196,0.014911095765529247,0.49860049054132,-2.0657627644742944,-0.37398274941979515,11.535686480171144
P01,session_02,007,raise_arms,3.7021467685699463,0.4189863625069292,-0.006150538886955304,-0.8554118939300607,-0.0018164715515369126,0.001352671150096034,0.07951076901073771,-2.0635160925796554,0.06528313400732255,2.293293213728935
P01,session_02,007,raise_arms,3.728830099105835,0.41827829575881975,-0.007057382285323524,-0.8542683702066729,0.0007795817132070079,-0.0025565919694094832,0.10016775855798808,-1.9915625401121786,0.19090113631822017,7.155023101971505
P01,session_02,007,raise_arms,3.760324001312256,0.41716629738566335,-0.006417839958880179,-0.8742711065703611,-0.0006187767731446998,0.024529392887680503,0.7791094319065405,-1.9072468576295858,0.34906294420347983,11.110858661717987
P01,session_02,007,raise_arms,3.7923545837402344,0.4152063471917488,-0.008558562124347583,-0.8766550730896854,0.002297047790003468,-0.0006447740113304008,0.07448585255183097,-1.9068711016614937,-0.1500332460803161,4.68465457622481
P01,session_02,007,raise_arms,3.8417305946350098,0.4152742410079471,-0.009143809141654809,-0.8635331181994776,-3.297620171168751e-05,-0.01939947963939052,0.39289337706943106,-2.0958987730716014,0.17323584682399254,3.5304324745969935
P01,session_02,007,raise_arms,3.875471591949463,0.41471091205456895,-0.003065059819673926,-0.8475247739591748,-0.00023348251184883502,-0.01966369736908988,0.5828246064430254,-1.939688736659544,-0.38310193573331414,11.3691458592571
P01,session_02,007,raise_arms,3.9072940349578857,0.41697259621965416,-0.004667371849773229,-0.8745305791788542,0.001572622530692705,0.036371943809671896,1.144033029009662,-1.9660366636857414,-0.06447021563433768,2.3266340600386077
P01,session_02,007,raise_arms,3.942586898803711,0.41595589489047713,-0.00486836014980269,-0.8786492144412009,0.0009305615521407732,0.0077669074913973195,0.22164408890560888,-1.9988673500976941,0.03935557812895732,1.1369283465935605
P01,session_02,007,raise_arms,3.975867748260498,0.41269150067896754,-0.002552025351351351,-0.8585549980326264,-0.003907022668237019,-0.02721014570912955,0.8259769173672005,-2.087985547279238,-0.1327105177163659,4.072240695477693
P01,session_02,008,raise_arms,0.0002033710479736328,0.5348726481038936,0.017266395109513027,-0.8369049334832492,0.0,0.0,0.0,-1.8785314793508072,0.0,0.0
P01,session_02,008,raise_arms,0.03182578086853027,0.5313468650218519,0.020445181231418676,-0.8428705136606568,-0.0036381090519391115,0.001297265420916066,0.1221436904884193,-1.9055095905949029,0.22269334180439868,7.043322652836181
P01,session_02,008,raise_arms,0.06412935256958008,0.5291676659316988,0.021812724426469716,-0.8472029952633817,-0.002312186523098628,0.0012552996081681969,0.08144505862233087,-1.8561588552102952,-0.07947737786573243,2.4616755558137373
P01,session_02,008,raise_arms,0.09564900398254395,0.5253809156694512,0.024431361061255152,-0.8439062146671146,-0.0024327156921756794,-0.0016369182653806272,0.09302665177780348,-1.8329698450711136,-0.06048579478958895,1.921240294872427
P01,session_02,008,raise_arms,0.14350676536560059,0.5254808965168872,0.024440125568380527,-0.838307363463514,-3.2242124099482474e-05,0.0022063027470854302,0.046106175011363555,-1.8385650730614318,-0.06706489420043671,1.4020961636689602
P01,session_02,008,raise_arms,0.17573070526123047,0.5245204979776233,0.020873850192404488,-0.8411994099009811,-0.0022956834640308205,0.0008630119823572947,0.07610925189724413,-1.8287784133825447,0.0012132963243964494,0.08491344174503912
P01,session_02,008,raise_arms,0.20769166946411133,0.5228394707955136,0.017700234158908285,-0.8591358626521703,-0.0013984601743001971,-6.156097612473355e-05,0.04379763024124526,-1.866734113357478,0.10342432091937839,3.2362538515917714
P01,session_02,008,raise_arms,0.23965740203857422,0.5219553694737968,0.018638721396965124,-0.865173787603572,-0.0011573368317800512,0.00047071140586569686,0.039085572667990266,-1.8493229092047292,-0.02911125081312922,0.9115401723449482
P01,session_02,008,raise_arms,0.2718510627746582,0.5214257568561463,0.018097643690280663,-0.8680420693765823,-0.0021567036499264163,0.00012288421178093483,0.06710021784797353,-1.865122963414562,0.003493798184997667,0.12759305544603977
P01,session_02,008,raise_arms,0.3039116859436035,0.5222696721825528,0.017851132686041802,-0.8701734081863357,-0.0007712932839272389,0.0034839870861670974,0.11129980976973296,-1.8961311405191756,0.027430028635913883,0.8627766052979361
P01,session_02,008,raise_arms,0.3354487419128418,0.5208334628833179,0.017855754225623834,-0.8715577246490113,0.000333909905347916,-0.00012971874825185942,0.011358754902283505,-1.885918996922785,-0.0107045147019041,0.33961657352216607
P01,session_02,008,raise_arms,0.367891788482666,0.5210988539618142,0.01798380519082377,-0.8721675976952877,-0.00018781623866008984,0.001001305330834608,0.0314017224004594,-1.8852014635637988,-0.005735372618084181,0.17955006711052673
P01,session_02,008,raise_arms,0.3999512195587158,0.5208304223656488,0.01899500972866334,-0.8654347533468281,-0.001298453912407605,0.0004324746461297672,0.042688906946122464,-1.8899008711456236,0.026265453271918853,0.8203852577047452
P01,session_02,008,raise_arms,0.4318575859069824,0.5180864797636816,0.020736768121107432,-0.8640216124061977,-0.0016311459314880367,-0.003759010198368907,0.12842757394454846,-1.8752778161882542,0.003576458300584407,0.1704650335421849
P01,session_02,008,raise_arms,0.4632587432861328,0.517238911431299,0.020481534173444237,-0.8654865809563588,-0.0008649916991109856,0.0009925293594595062,0.04192705576580862,-1.887011009541998,0.01668695027174887,0.5330633531712606
P01,session_02,008,raise_arms,0.4960973262786865,0.5139807035904694,0.021411453210022656,-0.867448698206658,-0.0007003518778918855,-0.003335318186868985,0.10378204163670848,-1.861769022315448,-0.01172478395931442,0.3718203431290369
P01,session_02,008,raise_arms,0.5278563499450684,0.5135597543694331,0.01850938310897187,-0.8730155109438089,0.0001366917282496359,0.0006313178992264015,0.02033899202585118,-1.8686173302024975,0.01154457541090647,0.3640739254221886
P01,session_02,008,raise_arms,0.5754835605621338,0.5127145904667665,0.019117468473942332,-0.8762551841807442,-0.0008353073656095529,0.0018168610922972613,0.04198609585841569,-1.8433983257243376,-0.0010978939857091427,0.04789800358078803
P01,session_02,008,raise_arms,0.6077289581298828,0.5148984961218139,0.016747287157015987,-0.8751948962312348,0.0020958924994131777,0.0027440326835679583,0.107081779269625,-1.9014793262842549,-0.012736116682627476,0.4092328581173835
P01,session_02,008,raise_arms,0.6393978595733643,0.5155011119812054,0.016905858445603356,-0.8754767417850674,-0.0007411252138346293,0.0013217055765581572,0.047848599429185006,-1.89941442956535,-0.06756669097673625,2.134070891474573
P01,session_02,008,raise_arms,0.6720588207244873,0.5173091415599659,0.018388739195459483,-0.872669571483973,-0.0015049820433237228,0.0029238943344042302,0.10068547249982507,-1.9224394683149282,-0.003027679246496702,0.13686088054482562
P01,session_02,008,raise_arms,0.7040221691131592,0.5264352823528984,0.02493461805848986,-0.8677184924861978,-0.002294749570328791,0.013881550706589661,0.4401899288000904,-1.92141903568612,-0.005922191866329473,0.47759408990991004
P01,session_02,008,raise_arms,0.7363619804382324,0.5356332810442324,0.020332756522302865,-0.8622713881488419,0.004918134806111891,0.010058048320234167,0.3462014006270765,-1.9532860367962237,-0.04530650792482707,1.4430940992175432
P01,session_02,008,raise_arms,0.768505334854126,0.5373112184310975,0.02269715898022903,-0.8535823146460725,-0.0016251993599382488,-0.002079130337097207,0.08209938954918695,-1.9414655071262976,0.016888850329555897,0.5317982676710076
P01,session_02,008,raise_arms,0.8002452850341797,0.5351199018528214,0.016212478604874177,-0.8442007815089959,0.004641966522367184,-0.003729746405232549,0.18761007305644212,-1.9335504093694607,0.16162909233693393,5.095746726091487
P01,session_02,008,raise_arms,0.8315813541412354,0.5340498053403704,0.020163408776502047,-0.839572827599724,0.0009925647418051263,-0.003936106681948825,0.12954161941698225,-1.8057162844939958,0.2042116366284414,6.518111050889682
P01,session_02,008,raise_arms,0.8635416030883789,0.4984791465215545,0.01750521751121865,-0.8514580771991357,0.00480907641530915,-0.036653248408480686,1.156667736332711,-1.6578903450539546,0.22015908484074395,6.984962760112806
P01,session_02,008,raise_arms,0.8958616256713867,0.4127870357755551,-0.015345934546836172,-0.9885696040800829,0.037799707963647726,-0.029102650771528522,1.4760249306834339,-2.0318862884731232,-0.07307453196139353,2.7001157777630573
P01,session_02,008,raise_arms,0.9281084537506104,0.42186793803834466,-0.008937455482514945,-0.9338295746104438,-0.004633345280259962,-0.030597351240354568,0.9596657271042431,-2.042355499040682,-0.17962676962248308,5.652431537067889
P01,session_02,008,raise_arms,0.9602227210998535,0.4151295167791649,-0.014263751399473645,-0.9338176219951391,-0.005125728306449972,-0.014861622017709537,0.48952434290557845,-1.9440174152094867,-0.08802700809499764,2.784424998284847
P01,session_02,008,raise_arms,1.007538080215454,0.4153648717514085,-0.01950358887077689,-0.8850002780468494,0.005556730519616033,-0.049174259683689346,1.0459018424429372,-2.1892342986513067,0.15168996819207003,3.3722292639807248
P01,session_02,008,raise_arms,1.0397047996520996,0.4192469222096845,-0.021904032509472624,-0.8503672631928896,0.0032218022030032997,-0.022507760552852522,0.7068541362907391,-2.4856498645027143,-0.08291603649023534,2.672856418932556
P01,session_02,008,raise_arms,1.071897029876709,0.4226655832182226,-0.019414652818897857,-0.8322475217828158,-0.0022187157285722047,-0.011301055516085682,0.3577507493860906,-2.40864605170667,-0.11679678775218429,3.645700297429979
P01,session_02,008,raise_arms,1.1035473346710205,0.42218048914363304,-0.014774079363953519,-0.835320122246241,0.0018577898306696295,0.002908013757934279,0.10902853747722839,-2.253589633400693,-0.011032804423869558,0.3652373860124579
P01,session_02,008,raise_arms,1.135756254196167,0.4231092310182632,-0.00869989066070485,-0.8054110048403245,-0.0010548566359660915,-0.02811281684806987,0.8734412891957641,-2.1559300587513737,-0.08636061127884839,2.8199424587141286
P01,session_02,008,raise_arms,1.168412685394287,0.4240243402011651,-0.008643372214276336,-0.7905248314476215,-0.0004566381459635001,-0.017133243164771807,0.5248377319545603,-2.0671201299305726,-0.13098876421769623,4.045307616446588
P01,session_02,008,raise_arms,1.2000861167907715,0.4168554440977941,-0.010012119772534116,-0.7560238911968525,-0.0006827598939447227,-0.04963957551026844,1.5673789847605129,-2.025889697129877,0.04984858582963466,2.221174618734905
P01,session_02,008,raise_arms,1.2319941520690918,0.409250123614266,0.0003252220686166401,-0.7686255113548467,-0.010608458416897958,-0.002033621022881391,0.338523521128735,-2.299874672205543,0.6445465197520766,20.20296822256775
P01,session_02,008,raise_arms,1.2638444900512695,0.4049013930183414,0.004195643216739544,-0.7825870828030689,-0.006478394628489104,0.006337663968165858,0.2845454352547127,-2.366664228069306,0.4153804438684152,13.044737554563234
P01,session_02,008,raise_arms,1.2957777976989746,0.4045858279884828,0.0007374602122566318,-0.8129746205687101,-0.0027434786870491057,0.029705912402558824,0.9342073243490934,-2.421190389156874,0.2527747010643353,7.970643496698871
P01,session_02,008,raise_arms,1.3277301788330078,0.40615842295509014,-0.00011509041798271113,-0.9269312557029445,-0.0005293352090068716,0.12528588078020028,3.9210535977046255,-2.1301182571469237,-0.973014209333878,30.703412437590956
P01,session_02,008,raise_arms,1.3602828979492188,0.4077828747313855,-0.010121960243597601,-0.9791244351556431,0.0010168514624709038,0.05643596873419299,1.733960487222103,-2.0253553297560027,-0.055229391724837804,2.4259260662419875
P01,session_02,008,raise_arms,1.4075195789337158,0.40686441387098127,-0.01846301451446714,-0.8897870779142824,-0.0025401944796543904,-0.09130204192976757,1.933611119240605,-1.9594534216556911,0.08699889578667647,2.6703843576681825
P01,session_02,008,raise_arms,1.4396955966949463,0.40792484717742894,-0.020951203042383914,-0.9007062631668848,-0.0010004247214644452,0.01268307828500169,0.3954023551837843,-1.759834134097886,-0.22804909285234995,7.098569545780573
P01,session_02,008,raise_arms,1.4719462394714355,0.4052398825670217,-0.02415743535129035,-0.8922307818348041,-4.739809087199834e-05,-0.015547971112030299,0.4821002628168033,-1.772593287634041,0.013920845028953552,0.6471000745599376
P01,session_02,008,raise_arms,1.503964900970459,0.4048308913189487,-0.02776392021903221,-0.9040747919894746,0.0007862633783324654,0.010914488529090367,0.34176233440408893,-1.7943045242503506,0.012330248480441034,0.5148788033827637
P01,session_02,008,raise_arms,1.5359179973602295,0.40136389000644357,-0.0247234881356628,-0.8915140670472295,-0.0034042600954628265,-0.019336868585958282,0.6144707270974402,-1.9432592842447642,-0.20710746342001748,6.51067000685034
P01,session_02,008,raise_arms,1.5679028034210205,0.40026954854368496,-0.026409673425082394,-0.8997424122924104,0.0016680295337996973,0.007107609129404674,0.2282557017535751,-2.123683485551474,0.10758481502133375,3.3713583827351172
P01,session_02,008,raise_arms,1.600806474685669,0.39806160402777685,-0.02452718403982229,-0.9023413721664801,-0.002218244864436146,-0.0009777841581428714,0.07367520847468578,-2.015894678967035,0.08721190820514961,2.651545868893649
P01,session_02,008,raise_arms,1.6314332485198975,0.39728054458033935,-0.027067880195817382,-0.90822287944832,0.0013216285644721201,0.0014295013012022206,0.06356652040250337,-1.9669702542434424,-0.014069721776566938,0.4637698986602864
P01,session_02,008,raise_arms,1.663830280303955,0.39523129966591,-0.026961726973425384,-0.9039317104988247,0.001249984752317017,-0.00996602128005569,0.3100316382957888,-2.023142548292239,0.04361262553787201,1.3814313451480784
P01,session_02,008,raise_arms,1.695620059967041,0.3933807472620029,-0.02931407166127757,-0.9095733637966696,0.002115659347315415,0.0010751028359862872,0.07465148129933635,-2.0402296823312827,0.007588903261474341,0.25012154814253484
P01,session_02,008,raise_arms,1.7273471355438232,0.3920730970643122,-0.030926192778754216,-0.8992208702808078,0.0015403483854093372,-0.011328320013950986,0.3603409158197816,-2.033979589862842,-0.07676536295296496,2.44623908481343
P01,session_02,008,raise_arms,1.7597684860229492,0.39195563706530256,-0.030527229060571186,-0.8882274426562574,-0.00020628278558051862,-0.004186939871277861,0.12929808027968803,-2.204658790184832,-0.03163429775133873,0.9842539295547363
P01,session_02,008,raise_arms,1.7920703887939453,0.3934147687804587,-0.030907726692949656,-0.8897855354876847,0.000983386692053141,0.004711832395771319,0.14901158908711365,-2.155651200596193,0.01119757120973841,0.37732370598819903
P01,session_02,008,raise_arms,1.8395891189575195,0.4000781943021836,-0.03180083349894884,-0.9013357092854628,0.007298354121373066,0.022926393637190255,0.5063274915394588,-2.1774822322629297,-0.06501081786049683,1.4587976742872166
P01,session_02,008,raise_arms,1.8720431327819824,0.3978643573552876,-0.029023238515817056,-0.8602315508028086,9.277075363702496e-05,-0.04640537664993847,1.429883823665532,-2.124399659463421,0.09320531926256005,3.2081910932020534
P01,session_02,008,raise_arms,1.9039013385772705,0.3985269251615618,-0.03161588429810187,-0.8486241067319745,0.0028443030080250176,-0.01593826708837618,0.5081915683571326,-2.2103092135978724,0.39282281103302513,12.340817509067298
P01,session_02,008,raise_arms,1.9356958866119385,0.3984674271778789,-0.026965303737141767,-0.8481828475449885,-9.199461244921617e-06,-0.0009245832512985449,0.02908137004402205,-2.2051083735614805,-0.2638714938465478,8.299319541976773
P01,session_02,008,raise_arms,1.9679625034332275,0.39954552091450146,-0.021804348504751547,-0.849644981733051,0.0005592053952429691,0.0037385532366243637,0.11715341361407677,-2.2460436961978276,0.00735505767666792,0.25628980247795863
P01,session_02,008,raise_arms,2.0000202655792236,0.399843549295298,-0.02016241437968115,-0.8567889639583446,0.00010114393880151094,0.008141229921497888,0.2539746270978549,-2.267238842694219,0.03318281449267138,1.0657972665916375
P01,session_02,008,raise_arms,2.0326268672943115,0.40184283814052074,-0.019783762350476967,-0.8885663120563233,4.027111975269204e-05,0.03598784489045083,1.1036988072843659,-2.2325735873028583,0.05240830126445504,1.9497527507997015
P01,session_02,008,raise_arms,2.0633747577667236,0.40381964323091063,-0.019837211428011595,-0.8988351325101217,0.005931133817581908,0.014685380025574757,0.5150886442584308,-2.1208444931748454,-0.1714811071339413,5.600740090079802
P01,session_02,008,raise_arms,2.095707416534424,0.40617833585818897,-0.01806137607869953,-0.8910109130427872,-0.0034641361261116385,-0.0008291093178798534,0.11016645393715335,-2.183596375105309,0.0012036025885399217,0.11628582368838603
P01,session_02,008,raise_arms,2.127678632736206,0.4051554371615191,-0.01447138396073365,-0.8920327755257889,-0.00014924867489937517,-0.0004005219491508614,0.013369088394522192,-2.157289676661712,0.24605417718410647,7.696127256353264
P01,session_02,008,raise_arms,2.160186767578125,0.40525122916546524,-0.013972374756352969,-0.8938153782517513,-0.00010273588672722108,0.002750188944837428,0.08465903033000921,-2.0279041093507932,-0.17262832572224363,5.310986395980025
P01,session_02,008,raise_arms,2.191751003265381,0.40538666124269485,-0.01567614039115039,-0.8905707728808038,-0.001000035349453977,0.0008191864955499277,0.040955362829541785,-2.0511811029371922,-0.00602937948810046,0.19536051349940792
P01,session_02,008,raise_arms,2.224088430404663,0.4042341755356886,-0.017168099888573516,-0.8864493219418309,0.0014186608239772568,-0.007548890169607862,0.23752779537977356,-2.04649878357616,-0.01311865909773164,0.47010212553109515
P01,session_02,008,raise_arms,2.271529197692871,0.4036842420838236,-0.015749706295399984,-0.8620160291881398,-0.004155766452579537,-0.022528541238664213,0.48288922112974647,-2.135578514910722,-0.12547490814973775,2.6885956823586143
P01,session_02,008,raise_arms,2.3039259910583496,0.4058896316713686,-0.019278314480637812,-0.8544997121154952,0.002203548520059954,0.012175282916142132,0.38192302344899004,-2.2187433384872777,0.03249400696800781,1.073254691938127
P01,session_02,008,raise_arms,2.335904359817505,0.4066350461917821,-0.02099552431066183,-0.8654957396893184,-0.0007149815510885428,0.011000770420464271,0.3447324249645073,-2.145298131408307,-0.09232157594687569,2.907509934644451
P01,session_02,008,raise_arms,2.367980480194092,0.4026005978914044,-0.019349162386334384,-0.871833149894464,-0.00033658956446309783,-0.002083272512136565,0.06579001198406494,-1.960645224147251,0.16531579432961807,5.154278664657457
P01,session_02,008,raise_arms,2.400364398956299,0.41018226649116063,-0.01711433481295488,-0.885930496252847,-0.0014540340368337332,0.018077611927775197,0.560030855039378,-2.1480785039230437,-0.2670076032911583,8.264065361273806
P01,session_02,008,raise_arms,2.4318268299102783,0.4076895653170194,-0.01974463529980965,-0.8886972244033239,0.0038055038244930745,-0.002608373031600255,0.1466389488319363,-1.9995504249501423,0.23219556607605066,7.381546489897708
P01,session_02,008,raise_arms,2.464162826538086,0.4097133817450505,-0.016320075586870805,-0.8824896651873444,-0.002950238990423545,-0.0017589851639937413,0.10622257388024559,-2.220018215985138,-0.29894146348986883,9.245460999323539
P01,session_02,008,raise_arms,2.4953994750976562,0.4071784258139549,-0.018495106742792967,-0.8642830600708464,0.0020047734840773386,-0.023820504743120932,0.7652779515893272,-2.0859214492592764,0.19201115935350088,6.194437419392361
P01,session_02,008,raise_arms,2.527398109436035,0.41295698469184305,-0.013703207313168311,-0.8615122195961772,-0.005131368658925981,0.006017881641588412,0.24715408006616246,-2.261899409664056,-0.18014475686622933,5.635186497035831
P01,session_02,008,raise_arms,2.559722900390625,0.4089753531972273,-0.016707941024505443,-0.8469724170013062,0.0028681180850808597,-0.02234310552658598,0.6968781111627473,-2.032649820958953,0.48944758667835864,15.157582734184912
P01,session_02,008,raise_arms,2.5916380882263184,0.40936092805405877,-0.017138371382434594,-0.8483938108929073,-0.000496764915447877,0.00027992395396747816,0.017866232778207095,-2.0054087133751106,-0.06412307924087807,2.009250728693246
P01,session_02,008,raise_arms,2.623429298400879,0.41105684300859024,-0.022689336396017504,-0.8577293304734305,-0.0005593869127668504,0.012198484538906791,0.3841094334578993,-2.000078100742135,-0.40072252990751,12.610672678789147
P01,session_02,008,raise_arms,2.6563167572021484,0.4103917177380741,-0.022867970819237967,-0.8523021133248311,-0.0007779332885610204,-0.006656494658517509,0.20377975709925716,-2.22820006031295,0.2518567100603431,7.660849133575097
P01,session_02,008,raise_arms,2.703484296798706,0.40979409504495695,-0.019142559126880034,-0.8582579453239697,0.000808812358309828,0.0033594639284057182,0.07325919279354987,-2.025629779869779,0.22433996892465222,4.756800567793057
P01,session_02,008,raise_arms,2.735677719116211,0.40968297153333016,-0.018933008637203923,-0.8540997902058747,-0.0001988843937130302,-0.006315270576372716,0.19626374086328283,-2.060903921251889,-0.04431227402906495,1.3903607781002272
P01,session_02,008,raise_arms,2.7677249908447266,0.4108030646420847,-0.01835448082069063,-0.8495347612705796,-0.0005414144905981912,-0.003540486585108338,0.11176128168684603,-2.187618439283357,-0.055453125958822284,1.7339595358284594
P01,session_02,008,raise_arms,2.8002536296844482,0.4100350091802755,-0.017576017991826547,-0.849944611793623,-0.0006759098390121185,-0.0007924560433086863,0.03201968777057166,-2.202585673450386,0.008778869186003518,0.27177406203915333
P01,session_02,008,raise_arms,2.831869125366211,0.40930681011132675,-0.015220410981152779,-0.8498922461215922,-0.00011340421408138928,0.0004889305281261824,0.01587544077522889,-2.073140781155829,0.04793759955532802,1.5163522179579054
P01,session_02,008,raise_arms,2.863884925842285,0.4112200371468892,-0.014895869323633393,-0.8584440709678416,-0.0005328934796979441,0.013302841773349087,0.4158418901141558,-2.066868525634679,-0.3653969529312733,11.420592673286066
P01,session_02,008,raise_arms,2.896096706390381,0.411391250210775,-0.014555563888827805,-0.8591714163624514,0.0011819762618395643,0.0010988119600136377,0.05010069471079086,-2.1064997875620817,0.033865836650515256,1.0525424803880232
P01,session_02,008,raise_arms,2.9282991886138916,0.4114133631522214,-0.01472417986192143,-0.8578624100402433,4.393417945797129e-05,0.00018174914469917553,0.005806504549213146,-2.133294059537866,-0.02343404944572658,0.7277325784262072
P01,session_02,008,raise_arms,2.9595401287078857,0.4104118221969465,-0.01220040998254241,-0.8416745251506118,-0.0026792271258909836,-0.021996588316366136,0.7092986014990443,-2.195642677726931,0.07456287784272857,2.4898716164554027
P01,session_02,008,raise_arms,2.992027521133423,0.4103950312620489,-0.012852588681133951,-0.8420534642403121,-9.004709352132835e-05,0.00032918022171950115,0.010504820505850119,-2.2752047347110276,0.1619146955214338,4.983935092697111
P01,session_02,008,raise_arms,3.0238945484161377,0.41136492647249173,-0.010290212394332907,-0.8527846621088769,-0.001160209004618827,0.003545793456746027,0.11707343184549021,-2.3101693092077187,0.047740305768437685,1.5026773279168613
P01,session_02,008,raise_arms,3.0558953285217285,0.4106495730578439,-0.011152459381698723,-0.8467763383474284,0.0002869560580411187,-0.007428634825768566,0.2323123079419177,-2.064152615540382,0.027002354598197262,0.8751985656445048
P01,session_02,008,raise_arms,3.1042425632476807,0.41131333708856715,-0.014863073094062951,-0.8516722531328814,0.0012981305485432813,0.008745498839538627,0.18287121119071706,-2.2173712357840802,0.18325569692403815,3.794815819466429
P01,session_02,008,raise_arms,3.135524272918701,0.41047802156847557,-0.013928122382880296,-0.8522469226222583,-0.000904064283280209,0.004496216907723802,0.1466098717481744,-2.061388068575477,-0.17343611465941655,5.546267864157145
P01,session_02,008,raise_arms,3.167588710784912,0.4114321182769023,-0.013095301787777715,-0.8486636085339316,-0.0011732752389297235,-0.015112089306833176,0.4727220363185061,-2.1851122054439465,0.20045728889981915,6.269548282057766
P01,session_02,008,raise_arms,3.200421094894409,0.40801222721119357,-0.013190930677312354,-0.8244016128774915,-0.00018067116500361096,-0.032804507620550524,0.9991660986764452,-2.1392304832053197,-0.04283898850741421,1.6434049398772699
P01,session_02,008,raise_arms,3.231823444366455,0.40759920393547644,-0.012542481030840612,-0.8678657224465153,-0.0008102430827895468,0.03798290009265552,1.2098311659596472,-2.0725585389485848,-0.09032426324804925,3.1204329672198514
P01,session_02,008,raise_arms,3.263359785079956,0.40544517310503025,-0.014922765356129184,-0.8694699712468019,0.0024650698784736626,-0.00046080400370203335,0.07952000251559167,-2.0543363570899835,-0.02671312563700534,0.8507828998731842
P01,session_02,008,raise_arms,3.295886278152466,0.4068169602846935,-0.015302356390444622,-0.8739113942029052,-0.001279768843923079,0.009918162754575563,0.30745361961354434,-2.290727194375304,0.29250215055167866,8.997989797189344
P01,session_02,008,raise_arms,3.328375816345215,0.40428661951232137,-0.016276122817742267,-0.8584677590931138,0.002483080765025734,-0.020877575295114765,0.6471227636008604,-2.2094890721928198,-0.08233090323986804,2.6153967861546437
P01,session_02,008,raise_arms,3.359412670135498,0.4052816759352817,-0.018142221094093507,-0.8830357487407079,0.001954298622331653,0.026702779260847572,0.8626582656972128,-2.1180905801044188,-0.3837956829797413,12.395858725159027
P01,session_02,008,raise_arms,3.391794204711914,0.4013575387693116,-0.021290198026045246,-0.8856991029083001,0.003695017592553287,-0.005931170777709475,0.21580155554689476,-2.0947381783046413,0.053646291349366146,1.6706899907928459
P01,session_02,008,raise_arms,3.4237101078033447,0.40327651434637296,-0.021456556936764824,-0.8941733960791902,0.00027284052093563404,0.012272133106211862,0.3846096932732269,-2.1556457803887366,-0.2979299693617827,9.342763668100455
P01,session_02,008,raise_arms,3.455390453338623,0.4037674601576692,-0.014158757099812966,-0.8897317627046025,0.0006292723524998264,-0.0030676427473163197,0.09884739768544978,-2.0711638112717266,0.28774042046585696,9.083154097134582
P01,session_02,008,raise_arms,3.4877161979675293,0.40615293880803965,-0.011078547036054483,-0.8633143843811683,-0.0026002273931365187,-0.02312222299008689,0.7197968432004659,-2.210723103473595,-0.06201470606521168,2.0490203658535773
P01,session_02,008,raise_arms,3.535958766937256,0.40556424075893227,-0.008587845183604918,-0.8333856451984818,-0.0019265564087634452,-0.02047334061607675,0.42625810485708265,-2.17472387943694,0.11498655691739369,2.4213234258295353
P01,session_02,008,raise_arms,3.568194627761841,0.408216215596225,-0.007443312543178602,-0.829584558444181,-0.000745904538334804,-0.0001182700745916005,0.02342803087069491,-2.2525691576930793,0.06570893702984755,2.038514724443021
P01,session_02,008,raise_arms,3.5995736122131348,0.4093683030514789,-0.004064429867533254,-0.8250503976090674,-0.00048725546715267144,-0.0026540972009539733,0.0859955565371921,-2.238975763350177,0.14831541718774746,4.727366599098709
P01,session_02,008,raise_arms,3.6319470405578613,0.4101704374027145,-0.002032182426748276,-0.8320625593217569,-0.001809230166157011,-0.0005784334191191328,0.05867302679164792,-2.1654532213102113,-0.16333394694267755,5.045650073796573
P01,session_02,008,raise_arms,3.663595199584961,0.4113605388103998,-0.0012229252795104971,-0.8317869011505375,-0.002065714958215806,0.0028499665074279584,0.11121880300741778,-2.259710645372937,-0.06568052388516726,2.078312754396243
P01,session_02,008,raise_arms,3.695798635482788,0.41122488573895494,-0.00031282572881094657,-0.8259308742261964,0.0005087902303063248,-0.006112367611176658,0.19046125359670296,-2.1063522011293117,0.06748212266703628,2.104132284505235
P01,session_02,008,raise_arms,3.7280287742614746,0.41128745408345774,-0.00032759642478039227,-0.8412521121705081,1.3803830772100139e-05,0.014836038485215974,0.460315886593223,-2.103638232414262,-0.02532948600889934,0.9107802942779587
P01,session_02,008,raise_arms,3.7602944374084473,0.4109063596649075,-0.001519757114056416,-0.8438314660032287,0.0005874063599667326,0.0016334088940376322,0.05379774552049596,-2.0345080923137817,0.10012295712830539,3.103547024424877
P01,session_02,008,raise_arms,3.791843891143799,0.41423327202484117,-0.0052083684974562955,-0.8556940141963268,0.0036393756363712884,0.014260006879647548,0.46647697827143225,-2.241813105891631,-0.008355707166798954,0.5364172932686818
P01,session_02,008,raise_arms,3.8236382007598877,0.4131032280174426,-0.007209313744602899,-0.8471441974607733,0.0006009835552294767,-0.007220964767250947,0.22790024077923482,-2.1810541796082026,-0.11195510948041991,3.52859837051863
P01,session_02,008,raise_arms,3.8556902408599854,0.413974520540702,-0.0060216634899723995,-0.8428429770857463,-0.0009259805922621794,-0.006161685433758595,0.19439871270795045,-2.173036792943775,0.05158752164755203,1.62119009318364
P01,session_02,008,raise_arms,3.8878161907196045,0.41287414083699286,-0.012747083436579088,-0.8382082753839247,-0.000766867773324365,-0.006931693549730683,0.21708259717147937,-2.1354850633711924,-0.004140014064577901,0.2524517237921132
P01,session_02,008,raise_arms,3.9193780422210693,0.4134805850875034,-0.014039318824157047,-0.8515089080652806,0.0013037236252206438,0.012960762857339173,0.41271877309799726,-2.032458984602053,0.07272944197095543,2.3410146448737637
P01,session_02,008,raise_arms,3.9680161476135254,0.4155883419500172,-0.011422727370591523,-0.8648032527315708,-0.0017648833767617647,0.022618273783985808,0.46644550059231354,-2.0955890934093446,-0.3293837393272856,6.788178146647195
P01,session_02,008,raise_arms,3.9995105266571045,0.415557111405594,-0.009137226353237129,-0.8656982930172704,-1.2657971087623202e-05,0.001037595046434745,0.032947855601490425,-2.0879066922367966,-0.03726748731552762,1.183764597711474
P01,session_02,009,raise_arms,0.016852140426635742,0.5080693245999395,-0.0149695468831734,-0.840531019761279,0.0,0.0,0.0,-1.9431994967575419,0.0,0.0
P01,session_02,009,raise_arms,0.04883146286010742,0.5068945556188142,-0.00709325232818191,-0.838222278898845,-0.000681686206912,-0.005596829253592732,0.1763073829759499,-1.918582679244378,0.2150856531706886,6.7280831182357375
P01,session_02,009,raise_arms,0.0809180736541748,0.5067479433736566,-0.0030562574726436835,-0.8406833183051007,-0.0009988743934981794,0.0003109334345093983,0.03260393958423542,-1.7944957705531406,-0.13571468111940393,4.229761567155257
P01,session_02,009,raise_arms,0.11301589012145996,0.503082618848341,-0.0005145832189816848,-0.8505546115407397,-0.0037905527465585754,0.0001476246338228698,0.11818331356669894,-1.838396755889827,-0.01767301454961653,0.5631395685009637
P01,session_02,009,raise_arms,0.14530611038208008,0.5024817001301859,0.00069179492156633,-0.8543609157285266,-0.0007049914553496384,-6.725783959672653e-05,0.0219321039134488,-1.8168115258872615,-0.0461178821298295,1.4283990318716246
P01,session_02,009,raise_arms,0.1771993637084961,0.5023649137113076,0.0005768670840425896,-0.8604281043566906,-6.478186505291114e-05,-4.805248231946705e-06,0.0020367893028914066,-1.8278266998035042,-0.0011811122181968263,0.03708926198492468
P01,session_02,009,raise_arms,0.20921063423156738,0.5032450937416867,-0.002521067134372903,-0.8777922743096979,0.0009099198167682145,0.0018106012676779297,0.0633021963028966,-1.8106738421481834,-0.09995947391072602,3.1232753229166663
P01,session_02,009,raise_arms,0.24157452583312988,0.5042232587064599,-0.0011853294428688331,-0.8731807108836337,-0.0009166362494567951,0.0024577802599324186,0.08105168892040149,-1.8676627156904104,-0.019456791674641875,0.606627315643828
P01,session_02,009,raise_arms,0.2728903293609619,0.5039083851628731,-0.0021808147434750087,-0.8739455104439185,0.00036499696776471274,0.0004401373141221732,0.018258827608692563,-1.8779230314594315,0.0009129507725674452,0.0343989002748349
P01,session_02,009,raise_arms,0.3051261901855469,0.5057423047953002,0.003403674410449038,-0.871275239126969,-0.0016234631234049689,0.0008746665386823939,0.057206217463807205,-1.8930373777459912,-0.02988934090709056,0.928970837029512
P01,session_02,009,raise_arms,0.3369712829589844,0.5049800186495251,0.001515375269689539,-0.8734349924578592,0.0007823861802498041,0.00022225740022786166,0.02554060028830326,-1.902564952819099,0.01609802205527186,0.5061550895519836
P01,session_02,009,raise_arms,0.369431734085083,0.5051438426460125,0.00670125319290199,-0.8749174693929086,-0.00023127096461835457,0.0016979536637031236,0.052791364145656355,-1.9101557178128967,0.013914281891564673,0.4318919344380228
P01,session_02,009,raise_arms,0.4008142948150635,0.5057461792360523,0.007094450035473507,-0.876255769578331,-0.0006401875955029295,0.002248493932401075,0.07449534892980374,-1.9038187930890742,0.004053058073682735,0.14909487730102097
P01,session_02,009,raise_arms,0.44884419441223145,0.5062313636674127,0.006425264024165853,-0.8772008531695912,0.0005189768786853221,0.0028250992518122895,0.059803837834189834,-1.8957503326146687,-0.03243383253938894,0.6779271758841324
P01,session_02,009,raise_arms,0.48108959197998047,0.5114349339388886,0.011057922582688453,-0.8721908175188872,-0.004115662007184774,0.007970790025482297,0.27819871095345977,-1.9014879715987345,0.029970819645586688,0.9702015927164428
P01,session_02,009,raise_arms,0.512876033782959,0.5184091131515824,0.008440451111445622,-0.8691288664211035,-0.001968102953939429,0.01372055486522026,0.4360661219123817,-1.926205471211478,0.007015092716820993,0.48873277231762263
P01,session_02,009,raise_arms,0.5448348522186279,0.5312916920797389,0.00644004993809126,-0.8667448528387334,0.0018593507011524545,0.021852966123717676,0.6862558004328311,-1.985476713141383,-0.049604449869814,1.6970783312763893
P01,session_02,009,raise_arms,0.5769989490509033,0.5397587608075655,0.006471485140636637,-0.8561644480448851,0.0004641853778130334,0.004327961322692355,0.13533048129890235,-1.9326238942676823,-0.0228471744803153,0.7231081013249424
P01,session_02,009,raise_arms,0.6098573207855225,0.5365481382906364,0.004375993686812814,-0.8511240095366988,0.000757710915085735,-0.00417600555136098,0.12916616709661682,-1.8251043882897686,0.039305014382404885,1.2031483571875137
P01,session_02,009,raise_arms,0.6409909725189209,0.5369575444044006,0.005369171349177605,-0.8430659665157121,-0.001650441024466289,-0.007047002706923672,0.23247170787893823,-1.847890583039357,0.22328632990991948,7.1756311717149215
P01,session_02,009,raise_arms,0.6749866008758545,0.5006845291464287,-0.004224149915980013,-0.8484588718093292,0.013263574191383038,-0.051789013078666,1.5725696287702722,-1.7209881482195744,0.27307403184149553,8.18510789434887
P01,session_02,009,raise_arms,0.7047717571258545,0.47840768569096276,-0.020788094108526008,-0.8790408852949164,0.01827222421531498,-0.011762757770930356,0.7295918283783888,-1.763515062809163,0.0037625917715690313,0.7404472217521734
P01,session_02,009,raise_arms,0.7369561195373535,0.4468853227547284,-0.03858493826099036,-0.9218681901431135,0.01649788446752739,-0.019429965116722847,0.791977369987216,-1.703254512081905,-0.03908735629724242,1.4498954292774995
P01,session_02,009,raise_arms,0.7689244747161865,0.4363290097415922,-0.016583790701554794,-0.8931787833518631,-0.019716651436455665,-0.050989592322305426,1.7100931631378513,-1.6883285152663212,0.1171333205523052,4.043464492112645
P01,session_02,009,raise_arms,0.8014554977416992,0.42618417694347227,-0.011838646402723828,-0.891639992314825,-0.007796477693377239,-0.02332275647425567,0.7559363034910613,-1.8259454251729763,-0.17728127714670322,5.501786216855639
P01,session_02,009,raise_arms,0.8330659866333008,0.42709841453802116,-0.02089659240504767,-0.8716088222858944,0.001470862761899355,-0.045989040815397786,1.4556103889271796,-2.078636631670628,0.15614765326652777,5.149742774714218
P01,session_02,009,raise_arms,0.8809444904327393,0.431192660909333,-0.030266390810795026,-0.8339501466557012,0.0045975288139793935,-0.02847061826994485,0.6023463357292207,-2.158823257536595,-0.45385579853887736,9.49844114412635
P01,session_02,009,raise_arms,0.9126322269439697,0.42873585724818714,-0.034185103884212836,-0.8257716370452739,0.003794768865544306,-0.012486663960952169,0.4118488350665319,-2.2267483905808327,0.11710450337696038,3.7184562061024713
P01,session_02,009,raise_arms,0.9448592662811279,0.4292240842837253,-0.026755699976183944,-0.8235510344960968,-0.00021392311997057894,-0.0008015347279910299,0.025742075381335706,-2.076025944046465,-0.033425157688580544,1.0374968271002458
P01,session_02,009,raise_arms,0.9769198894500732,0.4269991812819673,-0.02753795704407852,-0.8201831210523528,0.0012686251792183953,-0.004611482014761798,0.1491798838186762,-1.9894888344133752,-0.3053579375585281,9.525560061127278
P01,session_02,009,raise_arms,1.0087783336639404,0.42509070263821785,-0.03006300533376167,-0.8038920777090706,-0.0011403090461105843,-0.020368099926973957,0.6403324325979086,-1.8005763776090231,0.11339705683448999,3.6165423646768056
P01,session_02,009,raise_arms,1.0416641235351562,0.41913774514235963,-0.02413760057890638,-0.809071847979329,-0.005978379170659393,-0.008611391615775059,0.3187754042826223,-1.821476420868182,0.6763494768520686,20.569088273270477
P01,session_02,009,raise_arms,1.0733888149261475,0.41260856394995127,-0.020146775194626803,-0.8139605885566055,-0.008462679901662617,-0.007736308514159832,0.36141957001556285,-1.9872025507348634,0.3376960847738157,10.650716125114329
P01,session_02,009,raise_arms,1.1050701141357422,0.41119014316077984,-0.022215801140294724,-0.8152313407334025,-0.004611353144361036,-0.0012149521054778706,0.15052159159521147,-2.0855953783661527,-0.034060907516737,1.0855966198703768
P01,session_02,009,raise_arms,1.1371896266937256,0.4090444843231323,-0.022958443564610565,-0.8164558492460826,-0.003258846477599711,0.004284583315072184,0.16759585330488005,-2.196103525294929,0.3872962010955214,12.05913722663731
P01,session_02,009,raise_arms,1.1685216426849365,0.41129926228553193,-0.021469593877714924,-0.8035576991997951,-0.0017807879646832968,0.020283585397828194,0.6498658456285126,-2.2060079282401515,-0.25015923335168877,8.010545116013176
P01,session_02,009,raise_arms,1.2005183696746826,0.4113586519229751,-0.016764766886706858,-0.8729056095472191,0.0005899120120785669,0.071569349685231,2.236846939017995,-2.033833232349929,-0.9670988928663774,30.307589641911317
P01,session_02,009,raise_arms,1.2333781719207764,0.41167021352359384,-0.022990749225485666,-0.9142384495776237,0.003827671130532996,0.05626885779623508,1.7163492089645616,-1.973750096477567,-0.0918588766892918,3.2803285919682157
P01,session_02,009,raise_arms,1.2810914516448975,0.4074465400311652,-0.023309278533804097,-0.9045644497429854,-0.004543237872351356,-0.006901733748047193,0.17317746995092398,-2.049342229234719,-0.14390650279704528,3.0210358251683296
P01,session_02,009,raise_arms,1.3129565715789795,0.4075765636730672,-0.024572425985279443,-0.9172378558740472,0.0013355147615570079,0.010091181565232994,0.3194455925996483,-2.1340279911332996,0.04338457853692768,1.3984800120091152
P01,session_02,009,raise_arms,1.3447601795196533,0.40706392347341297,-0.026152702503627074,-0.9160098364656684,0.0013096320064971637,-0.0017658946778125889,0.06912821918905952,-2.126396585321991,-0.03316455631479971,1.0450810569962632
P01,session_02,009,raise_arms,1.377100944519043,0.40838199473410697,-0.024630034500738578,-0.9106216478213726,-0.0036738236115904065,0.001324379021763772,0.1207531026539197,-2.187451427098805,0.129315708552968,4.000358774707089
P01,session_02,009,raise_arms,1.4088044166564941,0.40854657964749547,-0.022881233684370936,-0.9134201237968586,1.6522537103693923e-05,-0.0022524631376947503,0.0710497489410384,-2.1818069697382523,0.053104893194945886,1.676555917397482
P01,session_02,009,raise_arms,1.4415614604949951,0.40902307282643585,-0.02139547603614895,-0.91980262117973,-0.001670256723009438,0.021152699173930378,0.647755032710558,-2.2082788116695853,-0.18243897927037597,5.606999981697128
P01,session_02,009,raise_arms,1.4738106727600098,0.40183019655221663,-0.029592342567572146,-0.9305951023617007,0.00780320137699443,-0.00178281331692385,0.2482005524428643,-2.035170512267838,0.05291320653158233,1.6594263388649442
P01,session_02,009,raise_arms,1.5049376487731934,0.40223506310150225,-0.03552105673677241,-0.9145711787294319,-4.175073285748964e-05,-0.015263875294001798,0.49037633424699495,-2.1874891568960195,0.014592047840256833,0.6784054834018263
P01,session_02,009,raise_arms,1.5366435050964355,0.4020753856341446,-0.03525946940886983,-0.8938925538341093,-0.00027435973516277414,-0.02551608540059832,0.8048216743851184,-2.0705288990605033,0.11057114258982072,3.579067940124426
P01,session_02,009,raise_arms,1.5689623355865479,0.4099874285501418,-0.026023677028677444,-0.882234162742653,-0.009019549641472398,0.003814450781636706,0.3030113515046672,-2.25163943914704,-0.300174469770021,9.292853949686647
P01,session_02,009,raise_arms,1.6010737419128418,0.4054551078937333,-0.02459044677748401,-0.8830363553036487,0.0008196729838546965,-0.009073257689729967,0.2837062556663659,-1.916150927246246,0.20701996496684405,6.453168686754106
P01,session_02,009,raise_arms,1.6329526901245117,0.4137517485961497,-0.02075525801157454,-0.9097032046279787,-0.0072847012366864805,0.044489799283660536,1.4141698781151186,-2.1588139185074118,-0.24350836288512306,7.768336118290805
P01,session_02,009,raise_arms,1.6652977466583252,0.40990107772669887,-0.024786611426221614,-0.9161246167997553,0.004841901298666651,-0.0007922060281891694,0.1516856691118075,-1.9699606482826615,0.19693521343001974,6.090461436374497
P01,session_02,009,raise_arms,1.7127904891967773,0.4107976699929843,-0.01867893639692682,-0.912842694827689,-0.0011119347274876391,-0.006263093688180033,0.13393694918150006,-2.174028487988866,-0.04279679120496554,0.9110221368112026
P01,session_02,009,raise_arms,1.7448389530181885,0.40550494040055135,-0.024441501823452606,-0.9130386215144372,0.005619451565336522,-0.011518328652853103,0.39989469680507694,-1.9217545776168468,0.11196618155873912,3.5164641993180106
P01,session_02,009,raise_arms,1.7772316932678223,0.4101912144714239,-0.02394081568576734,-0.9209317562220257,-0.004370761847030914,0.015230170242062706,0.48915049379894704,-2.195165187560405,-0.14116711432388263,4.385351952381371
P01,session_02,009,raise_arms,1.8090784549713135,0.4094105959864675,-0.02690088617877788,-0.9222480878770296,0.004503790342812828,0.00013532262687347945,0.14148449076653244,-2.004548157368137,0.15218885619456532,4.780879904451672
P01,session_02,009,raise_arms,1.8412435054779053,0.412065427660444,-0.029450325502157836,-0.9233674414394336,0.0013083818174595102,0.008423894519597522,0.26503600818261347,-2.1691346130857405,-0.08730299814573234,2.7271285327753363
P01,session_02,009,raise_arms,1.8731274604797363,0.4089712127394416,-0.030873917889019862,-0.9107378204069488,0.0016342149790681318,-0.018646782044672613,0.5870744969173133,-1.960100844914641,0.13280809542625532,4.206526586705843
P01,session_02,009,raise_arms,1.9054081439971924,0.41003367440220156,-0.029925325048693996,-0.9104010037348299,-0.0007674194598510552,-0.0005539869416095793,0.02932048077218581,-2.179766739004336,-0.09419989376124127,2.918297828298436
P01,session_02,009,raise_arms,1.9372804164886475,0.40186074923124115,-0.03556322758512677,-0.8948850344684649,0.005694364345346964,-0.03587136578911349,1.1395650195676634,-1.9267522215316502,0.2782363206421731,8.80379391811606
P01,session_02,009,raise_arms,1.9688796997070312,0.40041862994342425,-0.034876621658581776,-0.8707101814363737,0.0018498313146129962,-0.028273079630830773,0.8966510267748196,-2.0961873484373412,0.05928519944299661,2.0794100457253912
P01,session_02,009,raise_arms,2.0011560916900635,0.4006995085266898,-0.031759073092146185,-0.8689375694939212,0.0009126275153238864,-0.006292559466523565,0.19699833630458014,-2.089926678937875,0.09027011431496544,2.803713991129566
P01,session_02,009,raise_arms,2.033064126968384,0.40116546109616485,-0.03138011969289247,-0.8739052507819302,0.0008152142106844526,0.00047708622235526993,0.02960244004569885,-2.137950081437151,0.1146695344913716,3.593872943647972
P01,session_02,009,raise_arms,2.0649819374084473,0.39814100259263563,-0.035559207057101375,-0.8665149753047295,0.003848939210066791,-0.014145176274867152,0.45928838762994356,-2.134257966219028,-0.08400710573902896,2.671755152706752
P01,session_02,009,raise_arms,2.097616195678711,0.4029700063432097,-0.030057250582377158,-0.8599313296536341,-0.004355641482575314,0.003676312430826924,0.17465470708791242,-2.362982670167529,-0.38106914346419457,11.67827268807225
P01,session_02,009,raise_arms,2.1447293758392334,0.39752653781702807,-0.03567617132583945,-0.8527768209428785,0.006922336189026036,-0.01061319175476224,0.2689517259550847,-2.15775476332149,0.13542455769649,2.8870066205740805
P01,session_02,009,raise_arms,2.1771082878112793,0.40410271527091324,-0.023391900276924425,-0.8507960862570194,-0.005770851661099491,0.0096973052213493,0.3485145802962011,-2.1439367893560854,-0.11330809611567219,3.516752848189917
P01,session_02,009,raise_arms,2.208793878555298,0.40428623490284527,-0.020463532963996035,-0.85638470109104,8.101377063195837e-05,0.004287980003539933,0.13535317285387302,-2.0956520371555456,0.06226743105597763,1.9698213326100056
P01,session_02,009,raise_arms,2.240922212600708,0.40406147124334396,-0.020242729302497164,-0.8683525474118626,-0.00024487291506088707,0.011791147158496601,0.36708064506626864,-2.125491739745351,0.014405552750507736,0.5794727317807107
P01,session_02,009,raise_arms,2.273014783859253,0.39976526735118983,-0.02637238930134724,-0.872390510696189,0.0061693110669014985,-0.004536116712538357,0.23860549752511653,-2.048293912391912,0.19928948341936487,6.214414609359415
P01,session_02,009,raise_arms,2.304896116256714,0.41724851895387205,-0.017096594154696,-0.8628388290669873,-0.004280478652986285,0.02474219371771698,0.7875998347071032,-2.2368031221932463,-0.4713931668079916,14.8068295303183
P01,session_02,009,raise_arms,2.3384780883789062,0.4179589493868371,-0.017684067733376097,-0.8797599088417154,0.0009712019151093881,0.017495111008216237,0.5217694558887138,-2.175699143980761,0.027206631028337997,0.9636367882064221
P01,session_02,009,raise_arms,2.372168779373169,0.4165677960183719,-0.01803448178293672,-0.8748300283670605,0.0014231601764796117,-0.011285622639644555,0.3376304060774547,-2.1692481698436277,0.2348731901540829,6.979627600603052
P01,session_02,009,raise_arms,2.4007351398468018,0.41355390448099943,-0.01812487277918088,-0.874105285116344,0.003822595489403088,-0.0071596241734333665,0.28411686319093976,-1.9888627540556179,0.3076120480628629,10.772079291890181
P01,session_02,009,raise_arms,2.4331722259521484,0.4303745454445308,-0.006004200511997408,-0.862412500742789,-0.010437973647600506,0.02185053533653415,0.7465417595000342,-2.185442115491836,-0.39910235498099256,12.326517982820844
P01,session_02,009,raise_arms,2.46465802192688,0.4262119262967369,-0.008554922119817933,-0.8680793901646983,0.002706886957145417,0.005971205791289265,0.20822426551836376,-1.897532739023819,0.22088285324572238,7.018406939234145
P01,session_02,009,raise_arms,2.496581792831421,0.42743872498246765,-0.00627319003980768,-0.8730302074756654,-0.00040170922848356674,0.0009636419763727112,0.03270350605004323,-2.1561172504482626,-0.05272720359801363,1.651983368043961
P01,session_02,009,raise_arms,2.528982639312744,0.4141499427017542,-0.01787844553737554,-0.8797815892539624,0.011444985686951568,-0.01120571794422862,0.49435003858243914,-1.9856974968427543,0.12819103931420625,3.987174887579389
P01,session_02,009,raise_arms,2.5769646167755127,0.4158130330274925,-0.018927823539867994,-0.8940939692356239,0.0011980043412381232,0.005018430509671083,0.1075287839731738,-2.0510367923092723,0.020427497056832784,0.43910223809010845
P01,session_02,009,raise_arms,2.609062433242798,0.4110088043949642,-0.015718249248840254,-0.8588455218103818,0.0024412002300134464,-0.04584992705744564,1.4304670804484636,-1.9372132932408173,0.1931250273568271,6.18447252238519
P01,session_02,009,raise_arms,2.64072847366333,0.4110068575782199,-0.01480113809027669,-0.8786739670184706,-0.0014655101896032911,0.0017612806147871923,0.07235671447804257,-2.036626602020888,-0.051159618549261696,1.6172183354627987
P01,session_02,009,raise_arms,2.6727874279022217,0.41705791893872607,-0.012501088329446597,-0.88191132900042,0.002916220317160634,0.014520576258465874,0.4619776110924709,-2.0903696347139156,0.12128733407223939,3.811361122599155
P01,session_02,009,raise_arms,2.704918384552002,0.417178776590809,-0.011682647506238255,-0.8853631004436101,1.3430301164103267e-05,0.0042028270110985285,0.13080371416839595,-2.096838844934128,-0.03676142213232777,1.1515652501022482
P01,session_02,009,raise_arms,2.736910820007324,0.41562059881256175,-0.010786600970373077,-0.8911969329273954,0.0013544469864811776,0.0004856619958408077,0.04497583346242558,-2.0536553255577767,-0.05634082495725996,1.7616413066589467
P01,session_02,009,raise_arms,2.7693097591400146,0.4169858904857669,-0.008384062898199906,-0.8855481550153198,-0.0019180980587808964,-0.01151066100638653,0.3601778259340481,-2.241750224239023,-0.21202266425809846,6.5540279670238215
P01,session_02,009,raise_arms,2.8006370067596436,0.4173807796181742,-0.009567100270915918,-0.8886496413479547,0.0009721902403864233,0.003955023129154565,0.1300069048981065,-2.2142826229252925,0.029355336254294487,0.9460300236484724
P01,session_02,009,raise_arms,2.83262300491333,0.4198431712941892,-0.008296516590449216,-0.9175468346196672,0.0005152758768123245,0.03469022613995545,1.0846637526052096,-2.065199503268134,-0.24495685639913448,7.7346835564456216
P01,session_02,009,raise_arms,2.865210771560669,0.4212555579586458,-0.005436048748849338,-0.9333032489465432,-0.0009948007767192875,0.018035455449975087,0.5542837731456314,-1.9466671432850735,0.2042559316295955,6.292332063714331
P01,session_02,009,raise_arms,2.8965697288513184,0.4209202230445209,-0.0008264808630845272,-0.9389413807861917,-0.004318792636511476,0.0030802749891623714,0.1691612655560643,-1.9715901006737837,-0.025936085335421664,0.8441931263200462
P01,session_02,009,raise_arms,2.9286558628082275,0.41559549329732515,0.0016791596450999458,-0.9219195985976195,-0.002393605645447177,-0.028144066666895323,0.8803076549891242,-1.8661340554470913,-0.005975776435780957,0.8997930549566071
P01,session_02,009,raise_arms,2.977196455001831,0.4140741467082129,0.0017432316292372314,-0.8997547493004544,-0.000541275921953659,-0.025445906136962744,0.5243376985425086,-1.9826263889979752,0.0873098376602173,1.8735640927929267
P01,session_02,009,raise_arms,3.009542226791382,0.4133102025997994,-0.003994840327040833,-0.9010918947158748,0.001238968700035723,-0.0009049356720761427,0.04743307545115158,-2.073704239723057,0.08127641882877147,2.5131846974542222
P01,session_02,009,raise_arms,3.041288375854492,0.41915928425210797,0.0012234927935868137,-0.938561315345705,-0.004993653699719681,0.04866547814835026,1.5410061592696866,-2.041494617940862,-0.1570594528057042,5.181796632302196
P01,session_02,009,raise_arms,3.073148250579834,0.41680322921319385,0.0015443031958857676,-0.9190515982714408,-0.001403872995093118,-0.02471113920261697,0.7768701304020168,-1.9784494895755362,0.08335288552162587,2.729140380895658
P01,session_02,009,raise_arms,3.1049537658691406,0.42260751346425696,0.0036228994079986997,-0.924777548395841,-0.0008222643184736411,0.012482480099120525,0.3933133411640312,-2.0019052134738167,-0.23070591202451882,7.264300305150327
P01,session_02,009,raise_arms,3.137133836746216,0.42254499880487023,0.004666123487298573,-0.9339883314996494,-0.000625570528973959,0.013189138434816098,0.41031499855163,-2.0670512681873476,0.06730575000178635,2.1314027690681256
P01,session_02,009,raise_arms,3.1691651344299316,0.42219244233256986,0.007511809118434169,-0.9369399525014273,-0.00015332023441358653,-0.0006019866294102513,0.019393671724583585,-1.9706840386204727,0.24269687798275555,7.576891682386516
P01,session_02,009,raise_arms,3.2016146183013916,0.4184799752385504,0.011326492651049937,-0.9182367545001423,-0.0038447547675095634,-0.02785842183789694,0.8666541132355507,-1.9980823410084518,-0.01970512039876286,1.0582288630053012
P01,session_02,009,raise_arms,3.2330129146575928,0.42171135541785687,0.009989904797679111,-0.9330292641410737,-0.0003192161854210282,0.02061824196620028,0.6567462346371017,-2.0601380468356463,-0.2662080481253339,8.503821356236514
P01,session_02,009,raise_arms,3.264969825744629,0.4213503085418699,0.010221973365522607,-0.9279661896656174,-0.0003308773277325959,-0.0012052478975124912,0.039110191428028025,-2.016199458149971,-0.0587137680326632,1.8376954223672382
P01,session_02,009,raise_arms,3.296949625015259,0.41972886370749574,0.011477862339273986,-0.9202601913555488,-0.001592436554031774,-0.009601765812737164,0.3043459221368851,-2.081585703930545,0.09406929753650016,2.957225180924941
P01,session_02,009,raise_arms,3.328502655029297,0.42518772953991696,0.015782509374515214,-0.919041199838328,0.00044168568723578665,0.014180973824622252,0.4496509717511928,-2.0786842205589733,0.042755300690295296,1.4276876978117568
P01,session_02,009,raise_arms,3.3608932495117188,0.42551712847617224,0.016111271380514988,-0.9214585595298348,-0.00021757270930295762,0.0035808973060491283,0.11075749160777912,-2.027482248387562,-0.06334491281615034,1.9587914479516946
P01,session_02,009,raise_arms,3.4091901779174805,0.42616546278299433,0.017919941149470497,-0.9197993782854719,-0.0017063247254037754,0.0027317979128349624,0.06668975692418028,-2.0739306213620687,0.06605228467409797,1.3692541311873665
P01,session_02,009,raise_arms,3.441287040710449,0.4221220897567078,0.015960422998228294,-0.9106210129948725,0.0019467572473924344,-0.016877002963567825,0.5293012898906745,-2.0263083751486994,-0.01808613661512925,0.773095376170727
P01,session_02,009,raise_arms,3.472905397415161,0.4251878543852846,0.013813161208280184,-0.9214609308680596,0.00371228948414227,0.005662392726553127,0.214141547600897,-2.012206516805301,-0.11044893559367665,3.499747816102246
P01,session_02,009,raise_arms,3.505397081375122,0.41930944566948936,0.02049135369920067,-0.9263709249503623,0.00034133658267198236,-0.006237237511496613,0.19225136074061247,-1.9798380378195939,0.25374975770789154,7.812049152156867
P01,session_02,009,raise_arms,3.536951780319214,0.4230278414241465,0.015943510137990537,-0.9636321510115008,0.003983913740025477,0.043617020039515356,1.3880209916121202,-2.2129947773711667,0.07277286893614845,2.6917222377080834
P01,session_02,009,raise_arms,3.568577289581299,0.4154045378968321,0.01815159705082727,-0.9562917687734883,0.0022686895633743675,-0.022706122728470036,0.7215434698696698,-2.0388754896279315,0.03350561594752372,1.2818179598243202
P01,session_02,009,raise_arms,3.6011219024658203,0.4164405269274204,0.016334291299385087,-0.9587906809746004,0.0028997185017909815,-0.003133734136452659,0.1311892432417514,-2.058925356105465,-0.22207176650442326,6.824871623658221
P01,session_02,009,raise_arms,3.633371353149414,0.41573676265971904,0.015875233081690893,-0.9535975838170999,-0.0009498695046157832,-0.007013356702319546,0.21945763697341208,-2.10983633701384,0.047793210475962904,1.4981461737462054
P01,session_02,009,raise_arms,3.6647982597351074,0.4156460421027971,0.006429769775828689,-0.9450088422831787,0.00013193021859642137,-0.001071359416449852,0.03434801892509392,-2.114229936217922,-0.0007842677885911178,0.04245648659453262
P01,session_02,009,raise_arms,3.6971147060394287,0.41989419066433925,0.00588027332217117,-0.9684616184778665,0.0014155056910852362,0.03828789054358215,1.1855897432169593,-1.957219935539719,-0.17638900071362518,5.585459573588251
P01,session_02,009,raise_arms,3.729055404663086,0.40918470896942216,0.013355136753630049,-0.9076929250276022,-0.005284975149007203,-0.08609806274687122,2.700633308557645,-1.7931174775303305,0.4745385559217951,15.100323597261042
P01,session_02,009,raise_arms,3.760634660720825,0.4092176579371572,0.013253814305948618,-0.9047620141676906,1.2562753615746758e-05,-0.008631522078482931,0.27332915015254444,-1.908389458189231,-0.07294075852694629,2.325884248749379
P01,session_02,009,raise_arms,3.793280601501465,0.40997465100419633,0.011684286762832029,-0.9190007444944015,0.0014178422875341468,0.016660455589103212,0.5121824378147611,-2.026054303337222,-0.06684227353987694,2.1105806539628684
P01,session_02,009,raise_arms,3.841268539428711,0.4093478214059415,-0.0005382429266521888,-0.9360621105326834,0.0007881440284692641,0.02609054868249853,0.543937731729481,-2.0560642273759737,-0.07836771145284085,1.72127547504143
P01,session_02,009,raise_arms,3.8726861476898193,0.40795540202812575,0.0054576720666825096,-0.9301359535790696,-0.0007905418830468392,-0.009080620722310973,0.29012289033024713,-2.003106234199511,0.21124574982019617,6.730057420346903
P01,session_02,009,raise_arms,3.905313014984131,0.40554299766566604,0.00241046197879292,-0.9244110298115478,0.0010986006936363148,-0.011178029653676215,0.3442526744567964,-2.178635342360296,-0.06916773744778766,2.1477316413008887
P01,session_02,009,raise_arms,3.9369797706604004,0.4020366962587762,0.0012633326360969221,-0.9234741779270524,0.0011075148158783083,-0.003277214953313477,0.1092406105958743,-2.158812302385075,0.06538182822542075,2.0675714021433667
P01,session_02,009,raise_arms,3.9690401554107666,0.40518026658872763,0.0038476436662330327,-0.9438724987180718,0.002252163507450103,0.02732944276778394,0.8553260997834575,-2.2309068042627778,0.128094488776652,4.085940584419169
P01,session_02,010,raise_arms,0.0010788440704345703,0.5299922045336654,0.02044042026382043,-0.8415730568779056,0.0,0.0,0.0,-1.8824674836657183,0.0,0.0
P01,session_02,010,raise_arms,0.03317546844482422,0.5246174357200716,0.022504379782346984,-0.8573750024149814,-0.002408988335353291,0.0001961002625486856,0.07530252276215671,-1.8420098155650808,0.10736228059011067,3.3458185929402693
P01,session_02,010,raise_arms,0.06528568267822266,0.5233777364662643,0.018263040995247313,-0.8625366251819088,0.00033704136405148536,0.003089061827746077,0.09677277022361999,-1.8444235320860984,0.05103110323522566,1.5921919210558537
P01,session_02,010,raise_arms,0.09870553016662598,0.5191013466636294,0.014091593435296207,-0.8660108148404972,0.0037288401395226757,0.0012799292076231309,0.11796563808430852,-1.8660092453436297,-0.01572385625497564,0.4850577466319095
P01,session_02,010,raise_arms,0.1300351619720459,0.5148000222313774,0.015500246253360555,-0.8710750697915416,-0.002824099903370842,-0.0020426862860102937,0.11124974462293566,-1.842015268799401,0.04136745104547314,1.3250721665919594
P01,session_02,010,raise_arms,0.1612081527709961,0.5134462649768644,0.014810489240016914,-0.8756407409032377,0.0012728693796816555,0.0013785959842595136,0.06019182048859616,-1.8674325032252694,-0.016867877306206574,0.5444430511111589
P01,session_02,010,raise_arms,0.1932377815246582,0.5124346368420675,0.015296677207600017,-0.8791734662886539,-0.0010844776398958153,0.0009032564072087685,0.04406449787560016,-1.8852352364751837,0.05191645182570906,1.621487186261949
P01,session_02,010,raise_arms,0.22514820098876953,0.5120207362436626,0.012145409669637012,-0.8798376549516086,0.0005414839391207587,0.0008178427204757371,0.030737686575028053,-1.8794678489011984,-0.017099874212249993,0.5367520187275565
P01,session_02,010,raise_arms,0.25739169120788574,0.510490033239974,0.014010838595376662,-0.8825981515623867,-0.002034274436602495,-9.971275308768883e-05,0.06316675816968159,-1.8976442042807298,0.0031250432180371427,0.11568729689307677
P01,session_02,010,raise_arms,0.2895333766937256,0.508804127357393,0.014689415086825839,-0.8851408311689192,-0.0007904170147941133,0.0001230038705448618,0.024887637838649328,-1.8725951396782565,0.006173944988912587,0.19369087042591918
P01,session_02,010,raise_arms,0.3212409019470215,0.508249290268188,0.014021330606453677,-0.8866655091040155,-0.00014571347673568663,4.573702690295194e-05,0.004816614586593843,-1.875664977228757,0.009090791150494491,0.28674814070521565
P01,session_02,010,raise_arms,0.3690507411956787,0.5087185309789691,0.016398588953915164,-0.8862906566459099,-0.0014890659260882238,0.000559527447480865,0.033271800374207836,-1.8844343708891869,0.004965974522883255,0.10906807106665091
P01,session_02,010,raise_arms,0.4014890193939209,0.5078256457266278,0.01733403449440721,-0.8873797243041682,-0.0004293770777125197,-0.0002411999985510088,0.015182237653940351,-1.8645326209157462,0.016370378879758347,0.5048907053865169
P01,session_02,010,raise_arms,0.43345117568969727,0.5072291128539832,0.014667664914113827,-0.8881562957012581,-0.0005990675049293066,-2.643981730268615e-05,0.01876127116076992,-1.8570097340574934,0.008910629717052162,0.27941744354001796
P01,session_02,010,raise_arms,0.4654505252838135,0.506360527650195,0.018283125412875734,-0.892842829696847,0.001148191011251171,-0.00013560407463017137,0.036131073824929034,-1.8630322165753546,-0.006957036388724866,0.22039362041546118
P01,session_02,010,raise_arms,0.4971895217895508,0.5110410204522116,0.022461566177166947,-0.8879556349056165,-0.00428092617672854,0.0027604299337326372,0.1604887320031958,-1.9296828168879083,-0.020636276714594545,0.6697010630006144
P01,session_02,010,raise_arms,0.5298652648925781,0.5117341410515804,0.02203754215245985,-0.8839309636744481,0.0007274205059263139,-0.005262434997478696,0.16258153194815586,-1.9337591700251924,0.009362674437032127,0.3294447448077751
P01,session_02,010,raise_arms,0.5616340637207031,0.5151874541396901,0.02020463865336578,-0.8792560975507306,0.0013709575684575498,7.398699255499931e-05,0.04321701196643206,-1.92064777650575,-0.02801081591946572,0.8827668801718696
P01,session_02,010,raise_arms,0.5932826995849609,0.5193372852907959,0.025208613295294113,-0.8735396492278775,-0.0038313291007025284,0.0014016931717780268,0.1289055432372993,-1.8595127540256007,-0.09227176404117456,2.918353560862977
P01,session_02,010,raise_arms,0.6253335475921631,0.5205873845406851,0.026967089684314424,-0.8763454165257419,-0.0015779985067836894,-0.0034758387541177415,0.11910037181446499,-1.9104211566502218,0.008936362201679237,0.30319058342215033
P01,session_02,010,raise_arms,0.6571516990661621,0.47914656808848055,-0.002551579730995088,-0.9197712539838432,0.028656243801134056,-0.030613545479822084,1.3178929143115534,-1.8438784457252222,0.3858524644376911,12.198204790845658
P01,session_02,010,raise_arms,0.688805103302002,0.4632385600180088,0.011254973004816957,-0.9209206156079227,-0.013814787121841044,-0.018327031277907253,0.7250583380937182,-1.8283436464238942,0.04916372340946562,1.7140904496067633
P01,session_02,010,raise_arms,0.7216887474060059,0.426433690653322,0.00014445716116142035,-0.9807314780877451,0.011413793028253358,-0.015311061336026268,0.5807508976184511,-1.7205824919537085,-0.030376224016248735,1.0911385316591249
P01,session_02,010,raise_arms,0.7529237270355225,0.42865322758522584,-0.003854284162314351,-0.9323136351947897,0.00413746145172587,-0.043036134493285326,1.3841713285063828,-1.8798255408205538,-0.07716577660189765,2.8318302316658523
P01,session_02,010,raise_arms,0.8010177612304688,0.4266957134663513,-0.018475320636042018,-0.9108273496262933,0.00636520303055354,-0.023118648731749764,0.49858370470315594,-2.0507200284431812,0.05192726192668377,1.1892618641448394
P01,session_02,010,raise_arms,0.8336949348449707,0.43069431092128413,-0.017437598914648765,-0.8721561761537716,-0.002321940886338472,-0.03426080656902219,1.0508680681607467,-2.5816969862360146,-0.24420237930914818,7.54670347915547
P01,session_02,010,raise_arms,0.8653838634490967,0.43068796610774207,-0.015997450702210977,-0.8702353831584142,-0.0021824739070437967,-0.0009983053600799256,0.07573495468748791,-2.3031966658257845,0.3428876693904062,10.82068985481872
P01,session_02,010,raise_arms,0.8978784084320068,0.42576209655417124,-0.010110382484009191,-0.8329636692142437,-0.0028662614803149316,-0.04304467046039527,1.327607275084132,-2.129732017695787,0.25975051055601905,8.103161296531342
P01,session_02,010,raise_arms,0.929370641708374,0.42273901695667015,-0.004201337779230218,-0.8343242085605667,-0.0046452646857796384,0.0036393264565349704,0.18738324720635455,-2.1576227659762144,-0.14079746891663555,4.474788355191385
P01,session_02,010,raise_arms,0.9613778591156006,0.4195720160805711,-0.003678126042477728,-0.8298449006273955,-0.004786198581707247,-0.00673942503811769,0.25825574662200285,-2.1345513579420983,-0.2946568561170665,9.209572135927269
P01,session_02,010,raise_arms,0.9929146766662598,0.4162474161206728,-0.005141496355528966,-0.8293745329625092,-0.004625886128623034,-0.0071276858028104274,0.26943805566018464,-2.1163554513271277,-0.020567793261903323,0.7056488033533073
P01,session_02,010,raise_arms,1.025275707244873,0.4090761430997769,-0.006211024858963856,-0.8308990299052463,0.0011398177155565866,0.0057482277583232105,0.1810864958141902,-2.1927454302799876,0.29132902638726255,9.004285532856482
P01,session_02,010,raise_arms,1.05727219581604,0.40467417593907196,-0.00466369459900633,-0.8260792709845008,-0.0035631034730977435,0.00010671193692940826,0.11140913394780076,-2.263485376860763,0.6059468852060805,18.938245960566178
P01,session_02,010,raise_arms,1.0893058776855469,0.4019389554236972,-0.00021239233303366474,-0.8194088052335929,-0.004406816519994006,-0.006595024770121259,0.24760996263492732,-2.1366033375792433,0.02359539615950212,0.7770855943859731
P01,session_02,010,raise_arms,1.1211466789245605,0.4028336361159438,-0.0015526542072830801,-0.8244741064281699,-7.290897799959383e-05,0.015552657617461808,0.4884559403518447,-2.2412450567542046,0.19830788733402868,6.2472309363029686
P01,session_02,010,raise_arms,1.1535444259643555,0.4038107058614851,-0.009113194910825679,-0.8895747049069676,0.00013074149185116426,0.07753977873696857,2.393372874498635,-2.068870018788132,-0.7745932087307986,24.028354825629616
P01,session_02,010,raise_arms,1.1849613189697266,0.40184681898837,-0.008801636970906706,-0.9079341043414819,-0.003067509058655345,0.018215270236725922,0.5879560913956504,-1.9899467427725783,-0.4279027088156766,13.632831819890805
P01,session_02,010,raise_arms,1.2331080436706543,0.4014990427720493,-0.021233778517453502,-0.8982057626106835,-0.00022802727932524358,0.010203552701134752,0.21197912016076406,-1.9874871212530703,0.25441388424578915,5.288387074164493
P01,session_02,010,raise_arms,1.2654683589935303,0.3997240269526922,-0.028399563083755654,-0.9219492494779511,0.00254139554685414,0.02367468404680513,0.7357993306027274,-1.858183890854862,-0.14410299516184624,4.5134577355256535
P01,session_02,010,raise_arms,1.2975075244903564,0.393882576783149,-0.02347095342336591,-0.8578285275289723,-0.007369383328558888,-0.07772568553466014,2.4368381113477144,-1.8144915389068612,0.6203108050259907,19.513767746661046
P01,session_02,010,raise_arms,1.3292226791381836,0.390484924467565,-0.03631020840492015,-0.8479942096071749,0.0039121160546533975,-0.016638809584263822,0.5389389327326752,-2.0192870826440767,-0.05120273863253086,1.7020355671415648
P01,session_02,010,raise_arms,1.3613312244415283,0.3911751274463528,-0.03668714783382061,-0.8589733144970716,0.0005860658024551599,0.0155691227898244,0.48523373839559736,-2.1155684866786153,-0.41081713303608225,12.803833368021666
P01,session_02,010,raise_arms,1.3933570384979248,0.39013976041028553,-0.030944086435095018,-0.8620115829355403,-0.0013987177915576238,-0.016527030341861672,0.5178982472892284,-2.0331306215963254,-0.06255425487904892,2.020738443342037
P01,session_02,010,raise_arms,1.4254341125488281,0.3889627281146921,-0.03679640793762551,-0.8948343511792051,0.006748152843265562,0.030001248727262838,0.9586539226851699,-1.980996415922903,-0.14681029912618082,4.676120223857649
P01,session_02,010,raise_arms,1.4568357467651367,0.3869146120780247,-0.033051406768408315,-0.855694190353787,-0.003845039925686121,-0.044922165510112945,1.4357985283844052,-2.036141686010559,0.10067195158901869,3.5127779318391905
P01,session_02,010,raise_arms,1.489274263381958,0.38694328277471224,-0.035962273008391596,-0.859287382873164,0.0025229784805007854,0.0026881475975406672,0.11365109750574008,-2.1082279293016524,-0.05061944361080635,1.5646066370324168
P01,session_02,010,raise_arms,1.5213146209716797,0.3854354695843502,-0.03416234966859866,-0.8382031074629969,0.002312366981397822,-0.022313421248537583,0.7001456807135557,-2.2306164269903226,-0.07815194972344851,2.5376692116655564
P01,session_02,010,raise_arms,1.552931785583496,0.38133437958174377,-0.020706604598415,-0.819525067638275,-0.0057681012328277105,-0.03034490711909878,0.9769458052940577,-2.10570324472387,-0.16188243653426923,5.212451457702154
P01,session_02,010,raise_arms,1.5851483345031738,0.38016467445687224,-0.02277855306761344,-0.813348183314149,0.0020925886756640076,-0.010008223667034927,0.3173726043819967,-2.1352871642469586,0.5966114185424048,18.52150669423993
P01,session_02,010,raise_arms,1.6330788135528564,0.37967735836961736,-0.018097846783655988,-0.7785023129409672,0.00011648481387790587,-0.0367969561510753,0.7677190224871179,-2.1274800339311986,-0.06697351870625944,1.5943195934754273
P01,session_02,010,raise_arms,1.665269136428833,0.3832152787133139,-0.024491873920662644,-0.7835478756871622,0.009482896652838897,0.007386435080472095,0.373409769197479,-2.182626862355616,0.09291022688158096,2.910332739084022
P01,session_02,010,raise_arms,1.697150468826294,0.3866311404284685,-0.025755580817959863,-0.7805437458835338,0.004371284732968093,0.0029794526275741403,0.16593128375462668,-2.2515029691011046,-0.09273545339798839,2.913498637088693
P01,session_02,010,raise_arms,1.7294206619262695,0.3881109718332983,-0.023422419744667515,-0.7796498686242127,0.0018358894144127915,0.0018966672328249764,0.08179889041644985,-2.149310008003096,0.11141708659826582,3.4536003866611376
P01,session_02,010,raise_arms,1.7611110210418701,0.39060202032282065,-0.021590015214032084,-0.7865139356470024,0.0010948443757377278,0.005872614150747913,0.1885052655026795,-2.227012991557424,-0.02068784345823454,0.6794833392295464
P01,session_02,010,raise_arms,1.7931628227233887,0.39627022117118527,-0.0248390903556348,-0.7852904181876232,0.0045518327237959785,0.007810555080581382,0.28204748572327737,-2.2580963286131643,-0.1792215884578355,5.598731776574098
P01,session_02,010,raise_arms,1.8255155086517334,0.4054234249877067,-0.022651029151807153,-0.8236280980741486,0.0010924191492313732,0.04975200686817056,1.5381720953302551,-2.1579835763247375,-0.528384695367577,16.40429310368417
P01,session_02,010,raise_arms,1.8575034141540527,0.40606610335979526,-0.018334471902572654,-0.8282653992601805,0.0006307375978460264,0.005557962246600155,0.17486724608343018,-2.254978011094439,0.20894869127894505,6.534455647994296
P01,session_02,010,raise_arms,1.8892641067504883,0.40673259599813616,-0.020347888789775028,-0.8179331571503234,0.0007770184412801849,0.0002087534102699087,0.025332310132704577,-2.1892331551711592,0.06772293286397897,2.1324381319436396
P01,session_02,010,raise_arms,1.9215195178985596,0.407025601831172,-0.015713073229569975,-0.8205205515354418,-0.0010066254465142508,4.334610593078531e-05,0.031236875848841685,-2.2667801432442327,-0.10055046348309138,3.1174772807980418
P01,session_02,010,raise_arms,1.9534180164337158,0.406621307542316,-0.017330395651853885,-0.8192462920585174,0.0017645553721266551,-0.0021441742606203525,0.08705405839012066,-2.1212782834015322,0.19942099579190498,6.25234220520124
P01,session_02,010,raise_arms,1.9852066040039062,0.4071420765952128,-0.017647358779250204,-0.8422677184181384,0.00042857913148937294,0.019804015816153944,0.6231372398873649,-2.11859822184332,-0.2685944578416291,8.472345738885085
P01,session_02,010,raise_arms,2.017779588699341,0.40721580337780094,-0.019910355013942133,-0.8480789711694865,0.00044679793040369606,0.007460171504619289,0.22943980139778875,-2.1301406395893077,0.05316986853771715,1.6483763818535242
P01,session_02,010,raise_arms,2.0651116371154785,0.402142027055305,-0.021255261353625588,-0.847103955281935,0.0011565442353489962,-0.011759163142366181,0.2496384843545075,-1.9798945313832774,0.2266918966923723,4.795896998648087
P01,session_02,010,raise_arms,2.0973949432373047,0.4019438350970918,-0.02301442627290295,-0.8314253299928137,0.00034629650851121627,-0.016112630459497037,0.4992162609599075,-2.069368561370783,0.009977109743261941,0.5871353308440032
P01,session_02,010,raise_arms,2.1294608116149902,0.4019840225123738,-0.022879974337165855,-0.828983284852291,-9.493380751536998e-05,-0.0012947473755942377,0.04048613547176162,-2.116922245754753,-0.00470131787268423,0.15210163643719818
P01,session_02,010,raise_arms,2.161421060562134,0.40217039476644795,-0.022901606505921896,-0.8627131387051025,-5.3576989670800426e-05,0.03407718854223367,1.0662379606645827,-2.077309830410221,-0.2577169731265441,8.133859713633987
P01,session_02,010,raise_arms,2.193347930908203,0.4035012349578662,-0.023310773437716696,-0.8580163542409329,0.0018007268826552092,0.006479307880516324,0.2106339478564733,-2.0103473198461908,-0.06757646686418013,2.1270564776661143
P01,session_02,010,raise_arms,2.2248570919036865,0.4037207942986343,-0.02403680426452635,-0.8467539768523338,0.0006724185587247938,-0.004937910004415293,0.15815980984944386,-2.0383716415628133,0.04568589149192098,1.4585247285624285
P01,session_02,010,raise_arms,2.2572715282440186,0.4028531530863918,-0.021116464999255537,-0.8322591998046529,-0.0020404277554703465,-0.019309327272495586,0.599018115787197,-2.0934624909570787,-0.020667454747390075,0.8748467647696132
P01,session_02,010,raise_arms,2.288900136947632,0.4034754655282895,-0.022051366404579404,-0.8250418211333622,0.000354399598074536,-0.006349130106647122,0.20105258248093788,-2.1563332010165466,0.2634598708635289,8.332222403329395
P01,session_02,010,raise_arms,2.32118821144104,0.4051976685015819,-0.01992644607078051,-0.8289747545037888,-0.0015147271964399147,0.007575805709665401,0.23927568485190792,-2.1382137189377777,-0.04296961370861726,1.3521592342613338
P01,session_02,010,raise_arms,2.3535072803497314,0.40915414588124654,-0.021806134325242393,-0.8819810153108628,0.0011589755534566826,0.06398034532233841,1.9799716942951193,-2.110896553363117,-0.17219165258938662,5.6838753341842
P01,session_02,010,raise_arms,2.3848989009857178,0.40739510673171503,-0.025979466102838713,-0.8838238698994477,0.002202208859003305,-0.0019702395429024716,0.09413093571939188,-2.079305575279956,-0.015270801236426036,0.49548461302339986
P01,session_02,010,raise_arms,2.4172723293304443,0.40546178160272944,-0.02195274727917356,-0.8505908977592767,-0.0020812140544343534,-0.03755578875808313,1.1618606176995947,-2.1029547479417787,0.08016323492507194,2.7352348592387408
P01,session_02,010,raise_arms,2.449737548828125,0.40359347292151027,-0.022667779656441463,-0.8552629506683354,0.00036441238734274327,-0.00022056733556084584,0.013120662361251341,-2.060851922308498,0.1579252153887735,4.864460869213889
P01,session_02,010,raise_arms,2.497076988220215,0.40735761629010786,-0.021822412969046016,-0.8421924701164666,0.0013240514206769908,-0.008297744948710554,0.17749933074441954,-2.1928278920423714,-0.07340862102735277,1.560811991623022
P01,session_02,010,raise_arms,2.52978253364563,0.40573889288768067,-0.02259019116028939,-0.835288496867002,-0.0020963560482270046,-0.009907936698563116,0.30965041858542364,-2.1679544978522043,-0.06377680605450133,1.97446239041212
P01,session_02,010,raise_arms,2.561331272125244,0.40561256087221875,-0.0237249558444913,-0.8228544057018381,0.0002954056375918701,-0.011724896264145718,0.37176183810100344,-2.0974755809457273,0.2780074541990044,8.819837555520754
P01,session_02,010,raise_arms,2.5928845405578613,0.40582762034822156,-0.023003102543569354,-0.8258218863216943,-0.0003418074635592893,0.0031954903790565935,0.10185059618024851,-2.1677260803506586,-0.26060445280462935,8.25981841031553
P01,session_02,010,raise_arms,2.6254076957702637,0.4045397483089599,-0.016331688723051168,-0.8248838436823877,-0.0005659674795877116,-0.0037766772328101574,0.11741939834649692,-2.0407994443773547,0.02196073534064796,0.6853671050177953
P01,session_02,010,raise_arms,2.657325506210327,0.40257253511236957,-0.01739420244370193,-0.8323955279517805,-3.9642902201850863e-05,0.0032984671344643644,0.10334998880386873,-2.1389323811375354,0.1617497221636145,5.068748549675352
P01,session_02,010,raise_arms,2.690106153488159,0.4064443023465029,-0.021461932441599392,-0.8258594835648497,0.004058620672301104,-2.4563705142965775e-05,0.12381375418903798,-2.185674029158147,-0.152420631736205,4.65136209315987
P01,session_02,010,raise_arms,2.721494197845459,0.404912369240489,-0.013556293567794501,-0.8171271895982142,-0.0010099653625574216,-0.02302407482508746,0.7342354718409255,-1.9998506713528863,0.16864794952572773,5.4229352147925205
P01,session_02,010,raise_arms,2.753213405609131,0.40082155451749946,-0.020911733101047526,-0.8251231163772098,0.0012086095294828695,0.0014098089996016417,0.05854368957898322,-2.079722747873797,-0.0005828353090885169,0.06135958170304927
P01,session_02,010,raise_arms,2.785231351852417,0.4033135005812576,-0.020355642300471797,-0.8233961944004488,0.0012435568924414817,0.0017124123492446906,0.06609777935939462,-2.2662465090336563,-0.11615707360734735,3.628476047401587
P01,session_02,010,raise_arms,2.817138910293579,0.4021616202238798,-0.01938869805181484,-0.8190282651770769,-0.0007457220060443009,-0.006507115535003877,0.20527131243170885,-2.088214716905882,0.07033935933505257,2.214009634166771
P01,session_02,010,raise_arms,2.8490712642669678,0.401604435605301,-0.01845237607196223,-0.8200796880631065,-0.0001582117768066995,0.0027420653680977265,0.08601388523209404,-2.11403221780021,0.008698772158537675,0.28566931036676824
P01,session_02,010,raise_arms,2.8976378440856934,0.40923109194421065,-0.0337311241841159,-0.8197753478719683,-0.0016631447388210118,0.032939405387045616,0.679095907839077,-2.1553584232481766,0.04631283689116137,1.1706896481594162
P01,session_02,010,raise_arms,2.9297666549682617,0.413657330543812,-0.03629097014525143,-0.8627108990600677,0.004889360246610052,0.05271988915998633,1.6479330346244099,-2.072318933921826,-0.3102108136778161,9.79484570448393
P01,session_02,010,raise_arms,2.96097993850708,0.4056142720670631,-0.03612743171819893,-0.8672601958003902,0.003580855221106657,-0.01205085333705243,0.40276500954920785,-1.8752733100958552,0.32898198096474834,10.547499655075192
P01,session_02,010,raise_arms,2.9934592247009277,0.4051934034258811,-0.0343948818258509,-0.8801226562163933,-0.00023668666032749584,0.005698720460588682,0.17560833996124606,-1.9817289001314187,-1.4765334698801985e-05,0.17560892839527376
P01,session_02,010,raise_arms,3.025517463684082,0.40486800140218043,-0.033885909110443535,-0.8765847237528074,0.00035406396699258247,-0.004222268013865807,0.13216843461523095,-2.0734513690587364,0.07008217761797911,2.190081168078963
P01,session_02,010,raise_arms,3.0571653842926025,0.40506966475646294,-0.029781746521473397,-0.8761247002620252,-0.00030312210199972926,-0.0011930650500067014,0.038895763430316456,-2.205512459583772,-0.13117379047395383,4.144966358009611
P01,session_02,010,raise_arms,3.0889108180999756,0.40379197247596293,-0.025021495513632457,-0.8477462752212078,0.00062901273393753,-0.03489502112250239,1.0993924392804477,-1.978196040963912,0.16622175369472011,5.350255877981387
P01,session_02,010,raise_arms,3.121842861175537,0.40330544595204837,-0.02511035289349408,-0.8542466526118758,-0.00036799792063400193,0.00551575678511723,0.16786140800643998,-2.025809839139699,-0.026484008585491194,0.8215339313956797
P01,session_02,010,raise_arms,3.153268575668335,0.4036230373261629,-0.025881943040511668,-0.8612426834563981,0.0006579986061185404,0.006677450927939202,0.21351280104497206,-2.057925362494516,-0.010769886235549775,0.4037789195140699
P01,session_02,010,raise_arms,3.1853599548339844,0.4035590568565286,-0.02494916450982305,-0.8541879102031071,-0.00032556211046172516,-0.009898904836706595,0.30862671859383833,-2.0598525936270935,0.035752457774740946,1.156041188518172
P01,session_02,010,raise_arms,3.217564821243286,0.4042028692303515,-0.02397576867526966,-0.8248209739512319,-0.0011890614583254238,-0.028894333526398815,0.8979633380817721,-1.9959769451084197,-0.06506017564974498,2.2107768360708437
P01,session_02,010,raise_arms,3.24960994720459,0.407328998581841,-0.020209372296444785,-0.8509422067765946,-0.0018088641342900902,0.0324201014770462,1.0132749879457459,-2.1330140431430746,-0.32584825689801156,10.218779981813015
P01,session_02,010,raise_arms,3.2813591957092285,0.4055174428671244,-0.02206158900171824,-0.8439492979939088,0.0019630103368879544,-0.0034838922903043176,0.12595146062475784,-2.0502003911568556,0.16007145680698878,5.0433130187265505
P01,session_02,010,raise_arms,3.329765558242798,0.40636226216970517,-0.022013816562140107,-0.8444136974384087,-0.0011014095532116447,-0.0029857160954054646,0.06574320894469918,-2.106102945976287,-0.15651342909933064,3.2339918008141866
P01,session_02,010,raise_arms,3.361085891723633,0.40782458543407973,-0.0227476007012688,-0.8462031753798177,0.0016253271064578015,0.004768741810854338,0.16085759131816496,-2.18579030081418,0.11676986719898287,3.7317132369999
P01,session_02,010,raise_arms,3.3929426670074463,0.41102267624070027,-0.014628580109875012,-0.8643398126751771,-0.0012588430031801174,0.014575794480389362,0.4592446517737572,-2.0826702077637216,-0.24960562245856954,7.84869171239301
P01,session_02,010,raise_arms,3.424899101257324,0.410151494517632,-0.015524762634837779,-0.8480135465647274,-0.0008058187272199074,-0.012428064481847877,0.38972311735871185,-2.132345236134792,0.03600556475817765,1.1922057906755645
P01,session_02,010,raise_arms,3.4571290016174316,0.40934070276744,-0.01779599809024265,-0.8277782867700747,0.001385164193918998,-0.026085177956861483,0.8104874349600918,-2.047582666935669,0.26151021580833284,8.154279663217553
P01,session_02,010,raise_arms,3.4893109798431396,0.4094428380543309,-0.018305729819750954,-0.8474653507746234,0.0004211485006176215,0.01605655953918842,0.49910175322540634,-2.039480562204401,0.22967875020214928,7.154305334612887
P01,session_02,010,raise_arms,3.5209412574768066,0.40805487829821746,-0.018896732506025846,-0.838648214109866,0.00034337444828523594,-0.0022927903977493164,0.07329559937225658,-2.0640668628246788,-0.04550715672186889,1.4405871918555588
P01,session_02,010,raise_arms,3.553853988647461,0.40770992078204904,-0.0185153295824633,-0.8455129780540156,-0.0008802691547593622,0.005386508948658285,0.16583133952039986,-2.0630613802959314,0.012259607381861293,0.40773467973890837
P01,session_02,010,raise_arms,3.5848934650421143,0.40753135152693254,-0.01901066384512421,-0.8480371053712045,0.0005011158366013119,0.004864169262537214,0.1575385491832648,-2.016844015547856,0.045000019304529806,1.458301666710548
P01,session_02,010,raise_arms,3.6179230213165283,0.4078988308712905,-0.017662913177548038,-0.8428340847743411,-0.001258875916959957,-8.460698269527744e-05,0.03819960072366058,-2.0517461810220845,-0.2545199968411715,7.705920177050367
P01,session_02,010,raise_arms,3.649412155151367,0.4083845820561765,-0.019201367308445898,-0.8357481442629374,0.0007279732880257453,-0.005869761259993263,0.1878340316824197,-2.206263656101804,0.20767661075998942,6.59785759700692
P01,session_02,010,raise_arms,3.681605100631714,0.4098253104077716,-0.01456231304788143,-0.8384988768390019,5.893921551890808e-05,0.005687470678530931,0.17667771553013925,-2.038465017736057,-0.34079174357993736,10.587387993315591
P01,session_02,010,raise_arms,3.713318347930908,0.408014617098806,-0.012347361037032585,-0.8171657433394539,-0.002192510448454882,-0.02492809219375779,0.7890811552266306,-2.0089176274755163,-0.032121004840659315,1.283950805133371
P01,session_02,010,raise_arms,3.762118101119995,0.4085747113234385,-0.013446085022810883,-0.8092996226380946,-0.000919727708475268,-0.012792450317786941,0.2628183401989284,-2.0934679585179268,0.087006357929218,1.8021929063878341
P01,session_02,010,raise_arms,3.793452262878418,0.40874464157833523,-0.014715577181183997,-0.8110020005508116,-0.0002977719393735994,-0.0007763652327252905,0.026536894229093933,-2.1782252141291623,-0.028917490475764907,0.9232556825129206
P01,session_02,010,raise_arms,3.8250720500946045,0.40809189510957733,-0.013699007039660836,-0.8031270497580514,-0.0012112865416030348,-0.0049024735070300135,0.15970686804033227,-2.135038641265465,0.018711717006133756,0.6129444049346985
P01,session_02,010,raise_arms,3.857304334640503,0.4073704225729639,-0.024970401922962866,-0.8251699753356657,0.0005969676176969786,0.020984655444585668,0.6513080048648849,-2.1393556681158192,0.01654094116145564,0.8291894290596026
P01,session_02,010,raise_arms,3.8900742530822754,0.40531124017573295,-0.024202888206500656,-0.822217757266542,-0.0008387874772242479,-0.004468239089718439,0.13873354473003624,-1.9856184881786976,0.35472691897421427,10.82566170248968
P01,session_02,010,raise_arms,3.921415090560913,0.4054484139610511,-0.025939809133867266,-0.845947504085649,0.00023473693142686146,0.02263485867847968,0.7222549761760367,-1.9966740476987703,-0.10718692129217183,3.4954723017201266
P01,session_02,010,raise_arms,3.953019618988037,0.40888108470728357,-0.027405993689057963,-0.845064592382913,-0.0007627313032817392,0.009957235039669518,0.315980199353385,-2.0571919571684703,-0.05208719730919406,1.678110105626301
P01,session_02,010,raise_arms,3.985712766647339,0.40972345320120396,-0.02528284445677268,-0.8554020009616169,-0.0006523476414292313,0.012887730106045896,0.3947074737800046,-1.9958042376998035,-0.11655145113985438,3.586795478656865
P01,session_02,011,lean_left,0.0008230209350585938,0.5204261928746388,0.011762276961158162,-0.8530851350195846,0.0,0.0,0.0,-1.9911295824991588,0.0,0.0
P01,session_02,011,lean_left,0.04889345169067383,0.5208574459977183,0.017379022914659637,-0.8490830050383369,-0.0043430892599483515,-0.002904261600517208,0.10868777969805733,-2.0674199740148707,0.08588516300880138,1.7899555199263182
P01,session_02,011,lean_left,0.08129596710205078,0.5199297855173182,0.021479313500499423,-0.8515992057874824,-0.0028620111781021557,0.0009438867639981213,0.09300638087738956,-1.9775410742015125,-0.11269112052128381,3.4790943854129353
P01,session_02,011,lean_left,0.11307549476623535,0.5196598932740055,0.024216986985551574,-0.861916763849353,-0.002617324151303086,0.0003042399891025652,0.0829133587408644,-1.9591736829336308,-0.01954700351474632,0.6206448504312836
P01,session_02,011,lean_left,0.14510321617126465,0.5193637250759948,0.01599189320550161,-0.8599151816906422,-0.004020840176549942,0.0027091365388716565,0.15138005180051833,-1.913629454471565,0.17544872502016495,5.480118297894166
P01,session_02,011,lean_left,0.1765918731689453,0.5190779865065308,0.02017049993728876,-0.8609006745508146,0.00037588919149779117,6.028465725869569e-05,0.012089835713974114,-1.9008891813688942,-0.16084690067392868,5.1081045214841945
P01,session_02,011,lean_left,0.20894122123718262,0.5198749030626546,0.022160721563649816,-0.8662827468221338,-0.001994427105601879,0.00027034917737398927,0.06221661476187898,-1.9051655577013467,-0.06846074117154202,2.1172086584825722
P01,session_02,011,lean_left,0.2405707836151123,0.5199274799473028,0.027567611415563777,-0.8682687017949833,4.7575726492268144e-06,0.000431678067726833,0.013648759304499889,-1.909243309372902,-0.02925018716912286,0.9248744074790198
P01,session_02,011,lean_left,0.27254748344421387,0.5187098794234648,0.033397097756855856,-0.8720950640581011,-0.0012359655843005714,-0.00041522514307085483,0.0407749783011475,-1.9171632588383714,0.014163216444380724,0.44479590839594324
P01,session_02,011,lean_left,0.30508875846862793,0.5189145350190332,0.03708013770335786,-0.871765877021806,-0.00048507104330242393,-9.390139187774841e-05,0.015183065132925297,-1.9038289248606655,-0.1344990986936643,4.133212545392153
P01,session_02,011,lean_left,0.33712339401245117,0.5191585237269785,0.03616879968715169,-0.8720172501741035,7.301922696945694e-05,0.0006373682995612268,0.020026366078139134,-1.9586069235754315,0.012066025421334217,0.3771876313963021
P01,session_02,011,lean_left,0.36894845962524414,0.5191021003348394,0.03777743405578126,-0.87238668902137,3.2437380118837e-05,0.00046554816882061817,0.014663814189330859,-1.9433349825892663,0.011056180543744163,0.3477141387423912
P01,session_02,011,lean_left,0.40136146545410156,0.5190418244945398,0.03851168950424035,-0.872658013047086,-0.0002900468217335857,0.0008961795097729002,0.02906078467626596,-1.9277273708734883,-0.020029853198853656,0.6186402345436154
P01,session_02,011,lean_left,0.44881343841552734,0.5174568441068067,0.03920271018430783,-0.8734663812295539,0.0009091762271001137,-0.0019071045488385952,0.044523649202120326,-1.9207022221259022,-0.009751096456218552,0.21026208799762838
P01,session_02,011,lean_left,0.4832186698913574,0.5178432078411228,0.04005255037204463,-0.8723419060941283,-0.0003645847033760342,-0.0002702588424710113,0.013190732272667616,-1.9308049650966217,-0.06139658200627166,1.7845617267132834
P01,session_02,011,lean_left,0.5129005908966064,0.5176665956875188,0.04719830713099512,-0.8709329605181529,1.7472645366759187e-05,-0.00111951585437232,0.03772168912115041,-1.95118481587085,0.03170959860767543,1.0689793178062956
P01,session_02,011,lean_left,0.5445830821990967,0.5208602039537243,0.05071273475405876,-0.8702775382834341,0.0030272638625858084,0.0042794117866961105,0.16545153439933932,-1.9392758556635268,0.002617443468396445,0.18493085062515907
P01,session_02,011,lean_left,0.5772721767425537,0.5201894257997814,0.06070719547600487,-0.8725099415315222,0.0008298929573265113,0.0005485067946183438,0.0304314753334359,-1.9049227333993228,0.0388016422120084,1.1873804541042965
P01,session_02,011,lean_left,0.6087362766265869,0.5180080767966019,0.07201293856516996,-0.8746653078907028,0.002513654372906754,-0.003613676611124628,0.1399037218651906,-1.915055984939277,0.002794355654301367,0.16571189119657667
P01,session_02,011,lean_left,0.6414024829864502,0.5163930161045981,0.08881411290858754,-0.8733714085333578,0.001602560186239813,-0.0031943281384394775,0.10940308974346849,-1.8785046253380744,0.05326787016050584,1.6343379141460206
P01,session_02,011,lean_left,0.6731336116790771,0.5171454571635297,0.09381624716123778,-0.8708874671575043,0.003047971918250403,0.002803627033898319,0.1305125672597237,-1.8971614532378795,-0.0026435926603497963,0.1548369016641974
P01,session_02,011,lean_left,0.7048540115356445,0.520987361263835,0.10458420612631211,-0.8631694143959296,0.00709315339939545,0.00437057942093985,0.26265601605506844,-1.8800572164466829,-0.04773647018393208,1.5276629157731443
P01,session_02,011,lean_left,0.7369287014007568,0.5246057152486895,0.10763210755741724,-0.8587972259551065,0.00816132195203524,0.0019440037393101603,0.2615662368204001,-1.8711598967980592,-0.0006840370843084056,0.2624342028164305
P01,session_02,011,lean_left,0.7686460018157959,0.5252566760187781,0.10883539303898261,-0.855206048884515,0.007823769073571895,0.0009264844113114692,0.24839550526999574,-1.8642084816774398,0.003488657220656663,0.2716590178661207
P01,session_02,011,lean_left,0.8011929988861084,0.523208052612389,0.1160917588278838,-0.8546370794391492,0.012586901437657713,-0.0037079168955120104,0.4031612955925155,-1.8802143054934564,0.0007361037550802156,0.4037951742199107
P01,session_02,011,lean_left,0.8330726623535156,0.5232232908188166,0.11813423439058911,-0.8512611720628056,0.01617262219268846,-0.001401934076329855,0.5092046301056904,-1.8778203507679838,-0.0011858882488598537,0.5105615664132908
P01,session_02,011,lean_left,0.8807754516601562,0.5143822647774619,0.1254802724855047,-0.853740597554128,0.020990272240168497,-0.008560641464376673,0.4752098568559936,-1.9076901230168324,0.06264407490101816,1.3965533114987532
P01,session_02,011,lean_left,0.9129467010498047,0.5092372002966988,0.1378501933309709,-0.8528171286536966,0.011659394632897316,-0.006153741708658272,0.4097976633426494,-1.91423878579854,0.1456250348525615,4.545070281135232
P01,session_02,011,lean_left,0.9453155994415283,0.5083147701229283,0.1431382771992961,-0.8486877872671632,0.010510656493012898,0.0004325696349984892,0.32498955864362467,-1.9236068259889847,-0.03236811638192985,1.0514608386522417
P01,session_02,011,lean_left,0.976799488067627,0.5061791032739633,0.13897746365165223,-0.8539251870338929,0.012588792228106275,0.002641517963257901,0.40855636733988226,-1.8858192098956446,0.017820575699768273,0.698068252388706
P01,session_02,011,lean_left,1.0089542865753174,0.5044243195362957,0.14901789838438442,-0.8609095937499707,0.016015317296872084,0.0042734493503525095,0.5154959260195326,-1.8654654230912675,0.08034257297667059,2.5512409205596227
P01,session_02,011,lean_left,1.041123867034912,0.5123600991590522,0.16153462287219494,-0.8569105421262522,0.013596507165017193,0.009867116831569094,0.5222186107117628,-1.78938129358384,-0.10320232914701005,3.250298140136604
P01,session_02,011,lean_left,1.0732319355010986,0.5223938481387664,0.16941915563591103,-0.8510297709962232,0.012941114897335109,0.011516759335521647,0.5395413706753295,-1.7925379252793774,-0.08405138315277619,2.6727886842822155
P01,session_02,011,lean_left,1.1048054695129395,0.521607756525597,0.17511869332720625,-0.8482441575253091,0.01379765301295201,0.001710179924566978,0.4403445941611814,-1.789344765767793,0.023406987859046397,0.8622649023774517
P01,session_02,011,lean_left,1.1366026401519775,0.5134479690761666,0.1821504021442921,-0.8492958904704977,0.020110538102569454,-0.00031401538973370474,0.6325402273487716,-1.7957313099066698,0.018869538834510032,0.8673359637011818
P01,session_02,011,lean_left,1.1691091060638428,0.5195354756619208,0.18457667007629766,-0.8345740564106504,0.01678137646288809,0.0034118604291977564,0.5268090705699868,-1.8023109407868576,-0.045068474662330354,1.483159327044388
P01,session_02,011,lean_left,1.200760841369629,0.5144852675546631,0.17485560886123216,-0.8404621272247575,0.018427283314491415,-0.0008942690530440831,0.5828738817549812,-1.7703772845980044,0.11622201672659087,3.717874911707764
P01,session_02,011,lean_left,1.2328832149505615,0.5157327823953809,0.1789554130068209,-0.8376648365697535,0.012563737942875405,-0.00014273231954677992,0.391146334548879,-1.7621409723333274,0.05684704683908786,1.8124134778455407
P01,session_02,011,lean_left,1.2659664154052734,0.5109892365846168,0.16923643146934073,-0.8433606169907687,0.011513562015905747,-0.0018760111432677218,0.3526079277174756,-1.7728808921246824,-0.05148342991122845,1.5956283893308603
P01,session_02,011,lean_left,1.3128321170806885,0.5233390721658919,0.18006371424890685,-0.8233707677616702,0.010217509783164927,0.0014239469417412426,0.2201237856649753,-1.744873546573556,-0.06278780288997486,1.3577020144355578
P01,session_02,011,lean_left,1.3444867134094238,0.5153979477392705,0.1778636743895132,-0.8300876683272467,0.005294414640393913,-0.006558907812772263,0.26628429993533137,-1.7341667776243466,0.1860116120460546,5.882321010618871
P01,session_02,011,lean_left,1.3767523765563965,0.514449086348231,0.17228831666114908,-0.8275357548783375,0.005060292129910446,0.00055978297731365,0.15778880162963474,-1.793775020174912,-0.13256741886990553,4.111650936674279
P01,session_02,011,lean_left,1.4089186191558838,0.510524864444119,0.18629347501973864,-0.8260246844206555,0.00296937512217808,-0.003612122407380359,0.1453685983808016,-1.7797723114239732,-0.031768078639461905,0.9982627997494726
P01,session_02,011,lean_left,1.4409897327423096,0.5083858491169964,0.19057521157456905,-0.8245330986123733,0.004066131246978894,-0.004128592416107112,0.1806832486832317,-1.7796523360884808,-0.046011927909497014,1.4460172555020558
P01,session_02,011,lean_left,1.4730710983276367,0.5079104477010746,0.19432938332409938,-0.8230818455681371,0.001969588458193182,-0.0017443300171348921,0.08200906897856895,-1.8042725557092885,-0.08503016202572795,2.65172176244249
P01,session_02,011,lean_left,1.505551815032959,0.5082409375468739,0.1945685393615121,-0.8212570557929398,0.0032638302873965685,-0.0005372429836801207,0.10183738417179111,-1.804306636313202,0.015740920367121495,0.49520787749593465
P01,session_02,011,lean_left,1.5370333194732666,0.5084504443891765,0.19748717773440014,-0.8198875193206907,0.006703919444627834,-0.0010830111701819337,0.21570874048254934,-1.770006794825168,-0.032229356200049394,1.0462337795598915
P01,session_02,011,lean_left,1.5689802169799805,0.5116898066349305,0.19318145947738963,-0.8184875544919018,-0.00010011962622698651,0.004298562474727465,0.13458985430100096,-1.8044049735457621,-0.07539636878721782,2.3638875227517238
P01,session_02,011,lean_left,1.6007952690124512,0.5116698242733102,0.20259741275591428,-0.8108444879604573,0.00060312927142591,-0.006680260975217814,0.21082576128532926,-1.8096689930858234,0.006735419200233781,0.29877531653592665
P01,session_02,011,lean_left,1.6334569454193115,0.51174890059167,0.19923991614017592,-0.8092236304712674,0.005715739561266265,0.0002412144299423304,0.17515411842036605,-1.8263105055988167,-0.06133831955318288,1.886140891129941
P01,session_02,011,lean_left,1.6650421619415283,0.5064433633998634,0.20162954962384697,-0.8117410437577693,0.0034460104011360304,-0.006913146627014551,0.24455791818151382,-1.6864189794314566,0.1739636344269192,5.513181820449017
P01,session_02,011,lean_left,1.6980481147766113,0.507671560232957,0.19979901711607084,-0.8126854127344972,-0.0001747616386221379,0.003546070387171267,0.10756769235464218,-1.774023004836253,-0.07814727610015995,2.3701144131505507
P01,session_02,011,lean_left,1.7447762489318848,0.501555659110294,0.19591955213450735,-0.8148881461355688,0.005813808649974866,-0.005786178456478773,0.17553563738920674,-1.7524744946961497,0.025695129235031953,0.5772234923354993
P01,session_02,011,lean_left,1.776909351348877,0.5072369000381282,0.19975665670780524,-0.8058780183914374,-0.006913612308364206,0.0003465913062551241,0.2154256497516452,-1.737975789134709,-0.140639396046537,4.382074578671273
P01,session_02,011,lean_left,1.8090481758117676,0.5075928866974118,0.203315719220634,-0.8054018464253759,-0.00019152194243930452,3.0178503499019778e-05,0.006032734915156376,-1.786078650425283,0.06765665270577181,2.105146396794159
P01,session_02,011,lean_left,1.8410370349884033,0.5063535355744564,0.20514651905554093,-0.8048692056919876,-0.0019577520051425453,-0.0006251175193644282,0.06424522141099172,-1.8130164935493003,0.026655367697591446,0.8357433308407475
P01,session_02,011,lean_left,1.8727052211761475,0.509906291258605,0.20485696492737004,-0.8059704565557523,-0.0016515566473824883,0.008546363647297332,0.2748651243906443,-1.8119558932676076,-0.03855723593735836,1.2481790087117244
P01,session_02,011,lean_left,1.9046788215637207,0.501875810060441,0.20560359666619954,-0.8090617207660123,0.0020633417177060966,-0.010025737442337722,0.3201346717273688,-1.6996789127522618,0.1910589882506884,5.984092473401982
P01,session_02,011,lean_left,1.9369392395019531,0.5064748842984191,0.2075651393408102,-0.8012195343229165,-0.0013034822969488899,0.00015216708287783628,0.040679390820989494,-1.7196336720687078,-0.22939252470744553,7.110765861409022
P01,session_02,011,lean_left,1.9690577983856201,0.5064479399859428,0.19931064569030682,-0.8013097086179989,0.007930821863483827,0.00010662854738436255,0.24694565721765638,-1.7550178272417727,-0.006994614979040385,0.3292537798338535
P01,session_02,011,lean_left,2.0010576248168945,0.5050905452528496,0.20045148201530982,-0.8036092648841038,0.0019567470162174133,-4.472497175444921e-05,0.0611646468929382,-1.7083506890028965,0.09012831158312125,2.817189072067069
P01,session_02,011,lean_left,2.033179998397827,0.5086802977719649,0.1952046579634342,-0.8007130823619842,0.004297424645447166,0.0020240234112414127,0.14787866155925736,-1.6816178176062733,-0.018919261065456067,0.6072554148954854
P01,session_02,011,lean_left,2.0652048587799072,0.5085714605782513,0.19466857759906905,-0.8029563621485035,-0.0003067713581926009,0.0008760124228502753,0.028982911911961572,-1.723304659166265,-0.07303692777943183,2.280816353777091
P01,session_02,011,lean_left,2.09732985496521,0.5132639323622937,0.19976725245631705,-0.7967496304714581,-0.004894473982978316,-0.0005624110256854339,0.1533597255957014,-1.7160463937697963,0.020948910709786942,0.6698968303542598
P01,session_02,011,lean_left,2.1454150676727295,0.5190590338598529,0.2032902149484722,-0.7889969108498757,-0.00596377699513178,0.003251126736648794,0.1412572014758516,-1.8131044166167511,-0.0018248544975789174,0.1462663054291789
P01,session_02,011,lean_left,2.1769514083862305,0.510804242760604,0.20371095075421036,-0.788851469522099,0.0024471190786348558,-0.010480376873715705,0.34126600310440086,-1.6862420606357393,0.09393890542403062,2.998236117048961
P01,session_02,011,lean_left,2.20902943611145,0.5111751970458553,0.20301488100989593,-0.7897062312975721,0.00045437337505964317,0.0014401656650700333,0.0470771817426416,-1.6778553824987443,-0.05325925257854106,1.6609705079815933
P01,session_02,011,lean_left,2.2409396171569824,0.5123789746275333,0.2040996688764709,-0.7875827070708646,-0.0013994695592854855,-0.00037615052222103595,0.04541306560853902,-1.6869607577918706,-0.02302149382164277,0.7228745691342483
P01,session_02,011,lean_left,2.2730062007904053,0.5128316717350946,0.20466335168457414,-0.7891018240087259,-0.0006905018042518899,0.003242429571472327,0.10338296047021527,-1.6990866177677524,0.008130278103186029,0.2738109022775416
P01,session_02,011,lean_left,2.305129289627075,0.5091569445107951,0.20613080610135637,-0.7908067596779659,-5.5196320730927065e-05,-0.003014023481863868,0.09384305676804844,-1.689966355323457,0.02926271282457923,0.9157766742525413
P01,session_02,011,lean_left,2.336986780166626,0.5083364131708105,0.2063127138101182,-0.792117361603296,0.0006103380933933803,0.0005194366752284087,0.02515744560079872,-1.7044178596312947,-0.05511132252068834,1.7301158635133151
P01,session_02,011,lean_left,2.3694920539855957,0.5088159987943055,0.2070549645062295,-0.7916165759513346,0.0001064544374940799,0.00022755185125969762,0.007728647368470213,-1.7170289546909645,-0.02610869026572481,0.8032511595008174
P01,session_02,011,lean_left,2.401150703430176,0.5081751298293832,0.20533799277547288,-0.7941283108873018,0.0017150076097529154,0.000294401771366616,0.054964219545263156,-1.7376071095550576,-0.05598548171591306,1.7692642678357808
P01,session_02,011,lean_left,2.433441400527954,0.508018019182174,0.205907618872215,-0.7925960361647555,3.7838220721006225e-06,-0.0006275864887958521,0.019435873231052284,-1.7399884092908717,0.011816788335308102,0.3664660024205833
P01,session_02,011,lean_left,2.4646499156951904,0.5123217277454492,0.2079568526420706,-0.7938252148346002,-0.0037905748037160934,0.007826689852918251,0.2786513255100459,-1.7824424335061146,0.017043552836996406,0.6131004521060648
P01,session_02,011,lean_left,2.4971203804016113,0.5101142717757603,0.2067904903696072,-0.7956433088957184,0.001900699331592702,-0.0013691391592012838,0.07214178606309946,-1.7778609958334324,0.008726034769289685,0.2782522869064221
P01,session_02,011,lean_left,2.5291671752929688,0.5070093100988506,0.2109403442863015,-0.797407625564573,-0.0032712885417386997,-0.0020464473398433642,0.12040712348396355,-1.7804235869160108,0.017491290778970273,0.5589281073143586
P01,session_02,011,lean_left,2.5773394107818604,0.5089056362948721,0.2056392517787804,-0.7943442591827687,0.0037720397487654616,0.0003236113372872537,0.07859082963815611,-1.7656556065512667,-0.042117377226622926,0.8778332576631722
P01,session_02,011,lean_left,2.609361410140991,0.5071012745057251,0.20954564949637666,-0.7949619341170434,0.001777144866298979,-0.0034412163266401142,0.12094844200610617,-1.6925281695572567,0.23244906750887623,7.260050450155377
P01,session_02,011,lean_left,2.6409242153167725,0.5131752340562746,0.2115795799179809,-0.7929544887681479,-0.005588843940562681,0.005125817082234132,0.24026636778245916,-1.8682751313907882,-0.1357764848414621,4.3084921646019545
P01,session_02,011,lean_left,2.6732637882232666,0.5131909105573742,0.2165484273551981,-0.7928996039727308,-0.001814768257691808,0.0012796293938636477,0.0686635043226663,-1.8274202993311772,0.010178120514191475,0.322129547087411
P01,session_02,011,lean_left,2.7048161029815674,0.5109818935201316,0.21861046362331157,-0.7956284241524417,-0.0013473926581968252,-0.0007612984316268357,0.049048458886265085,-1.7825584354522406,0.003642369444076267,0.12542697903560493
P01,session_02,011,lean_left,2.7369613647460938,0.5121769919014039,0.2203235070301286,-0.7943517094388418,-0.0022537491338611706,7.802949947738539e-05,0.07015340294657137,-1.7937518804001267,-0.008526657553816078,0.27437411728439354
P01,session_02,011,lean_left,2.769017219543457,0.5102040642516553,0.22304611727481866,-0.7970806536416837,-0.0017953974620193846,-0.0006702256431021886,0.05978368386021925,-1.71840939474993,0.022200216811205743,0.6951235604221244
P01,session_02,011,lean_left,2.801330804824829,0.5148934717512125,0.21900316613947732,-0.8013096409636178,-0.0020011914151656656,0.009468449257148782,0.2994907046854266,-1.793575062617414,-0.19026251628504914,5.895615714604247
P01,session_02,011,lean_left,2.8332533836364746,0.5130519502191971,0.21610766531553602,-0.7999602431456605,0.0030519018888012332,-0.004463041282102368,0.1693704168609687,-1.7174496410369635,0.2960057875869839,9.274161841752392
P01,session_02,011,lean_left,2.865396022796631,0.5139026737297824,0.21025808901573295,-0.7938649025069335,0.005457728489780852,-0.003767054262647866,0.20631638818340933,-1.707949799496229,-0.1170751960194341,3.648202698585833
P01,session_02,011,lean_left,2.896731376647949,0.5187821923619594,0.20696619538552066,-0.7909954926766745,0.0026641479283611266,0.004101349344432773,0.15607546668760944,-1.7604483966335536,-0.04676252889539441,1.500464317235547
P01,session_02,011,lean_left,2.929067373275757,0.5140193813221122,0.21152438585766067,-0.7930114042831033,-0.0031763207556260767,-0.005332675193842436,0.19195223777921988,-1.6752320300513517,0.15744405205187997,4.872784840324946
P01,session_02,011,lean_left,2.9610135555267334,0.5134719065329912,0.21104150067113545,-0.7944411688313568,0.0004971485083486309,0.0008208130529526983,0.03003897298421108,-1.7772187690788537,-0.07954947835499433,2.490290253855885
P01,session_02,011,lean_left,3.009232997894287,0.5126444415868521,0.21750640993483966,-0.7905295753224153,-0.000587652476877542,-0.004172137835294115,0.08737804261077392,-1.6866980329294778,0.056734115861727996,1.1798218236817104
P01,session_02,011,lean_left,3.041159152984619,0.5131460441446346,0.2184617672613051,-0.7899796150303591,5.5464166985231565e-06,0.0002834189894114451,0.008879028940142572,-1.8353369885859743,-0.11306637597183572,3.5415079268067347
P01,session_02,011,lean_left,3.073035478591919,0.5109872832830284,0.220217114974533,-0.7902899494418326,0.0004764699254001245,-0.0009881086328574465,0.034413872719357884,-1.716398527422371,0.04394954625925276,1.3791813763658758
P01,session_02,011,lean_left,3.1046111583709717,0.5105966561536097,0.21609469285231134,-0.7915657811457156,0.00013593823618786283,0.0021801481314250976,0.06917925748620747,-1.7930185646715397,-0.10961740678868698,3.472266308924328
P01,session_02,011,lean_left,3.1365737915039062,0.5089143404460169,0.21515827166744908,-0.7938643552652408,0.0015680768317039928,-0.00021433174754590184,0.04951585033274596,-1.7260073555649509,0.10237397807945747,3.2033096433326
P01,session_02,011,lean_left,3.1689302921295166,0.5103828283788988,0.21678287003502164,-0.7934837501434882,-0.001735529835164223,0.0017894841305579293,0.07704335107350822,-1.7320130252877894,0.005454434750945684,0.1853444333630263
P01,session_02,011,lean_left,3.2013163566589355,0.5126491433382531,0.21983634242842012,-0.7896052037172259,-0.00397810656175111,0.0004765240316626312,0.1237120216339794,-1.7145153862620461,-0.020461146647084767,0.6437868515696878
P01,session_02,011,lean_left,3.2335011959075928,0.5118270057839706,0.21232361787205578,-0.7958815474791836,-6.064376911734413e-05,0.00351349560471403,0.10918242907863457,-1.7328518282313923,-0.14045236673180242,4.365295035467638
P01,session_02,011,lean_left,3.2651619911193848,0.5118248121256652,0.21842520657000075,-0.7951549011402036,-9.91615760389982e-05,-7.010601148030172e-05,0.003835684226052079,-1.7513148664757365,0.13923708940311139,4.397777801576077
P01,session_02,011,lean_left,3.2972395420074463,0.5123608142387445,0.21908229036080856,-0.7985319383575903,-0.001066020560551271,0.00015239667532298412,0.03357047636610299,-1.7297161085833228,-0.01972475403705681,0.6158240507434797
P01,session_02,011,lean_left,3.3291497230529785,0.5125586263562524,0.21231379984618443,-0.803382838999316,-0.002577387985901077,0.000460095226043319,0.08204692540698341,-1.727444097282816,0.06994921391877683,2.193600649419345
P01,session_02,011,lean_left,3.361112117767334,0.5165710544452218,0.21434747437440224,-0.7983665118552269,-0.003852538126086902,0.0003770787725130508,0.12110944858604183,-1.7359881105528603,-0.17322468614341446,5.420993425822736
P01,session_02,011,lean_left,3.393103837966919,0.517455817215521,0.2130856494104361,-0.7968904553175029,0.000946239735603756,9.618188979934097e-05,0.029730050177872964,-1.7140334990325248,-0.006954065820384328,0.2193944864266019
P01,session_02,011,lean_left,3.4411697387695312,0.5204786655300906,0.21681090525544464,-0.795526960896894,-0.0015652729687229282,0.0002822318315378821,0.0330902742453422,-1.6920514616421845,0.01582834442192733,0.33096342669170703
P01,session_02,011,lean_left,3.472914218902588,0.5206413798249093,0.22206028553480947,-0.7935071693311039,4.13570237777702e-05,0.0007098525285372018,0.022399367216436167,-1.7363182603776113,0.05115789427288152,1.6117080951884977
P01,session_02,011,lean_left,3.5050153732299805,0.5208907804898111,0.22167392920575718,-0.793929326048316,0.00010221307602248706,0.00010607503103593115,0.004588845804075557,-1.7179540992827376,0.02794258905475419,0.87046643410216
P01,session_02,011,lean_left,3.5369787216186523,0.5213515384388093,0.2214434351510707,-0.7923569546979145,7.928589081277825e-05,-0.0007610187919181808,0.02393797393954787,-1.7524618753203913,0.0015815734564257695,0.054967085811894044
P01,session_02,011,lean_left,3.5689284801483154,0.522957887147073,0.22078577501063318,-0.7840006261441106,0.0007940992411011286,0.0010852224226408406,0.04208892353884774,-1.7519691341485613,-0.12150596003997646,3.8032650826916745
P01,session_02,011,lean_left,3.600912570953369,0.5211658132727575,0.2184341017239694,-0.7897316902914261,0.0014314859442645911,0.0010609339161882698,0.05570825803820474,-1.680743512937601,0.1756909538773432,5.493355734515452
P01,session_02,011,lean_left,3.6331112384796143,0.5207629937085057,0.2188259968451686,-0.7916986411290104,-0.0006803000821176469,6.466785218026843e-05,0.021223448532092102,-1.692710217194289,-0.012202680635947228,0.37957472564991207
P01,session_02,011,lean_left,3.665553569793701,0.5197282925693019,0.2201801240249472,-0.7921217017707568,-0.0005486207380296782,-0.0011949524494173466,0.04052960661475684,-1.6821704993517257,0.029217129271292993,0.90149813991327
P01,session_02,011,lean_left,3.6973087787628174,0.5216901308881323,0.22013190363074092,-0.7905459202460617,-0.00018017692734721675,8.626098931334727e-05,0.006290670819766125,-1.6677260656820792,-0.09752767423112273,3.071240340666436
P01,session_02,011,lean_left,3.7293765544891357,0.522042247105795,0.22349590412524434,-0.7896046342821819,-0.0003710431395786463,-0.00024051153889450525,0.01378876712654266,-1.6753925617723493,0.033234378826101134,1.0364710198194491
P01,session_02,011,lean_left,3.7610957622528076,0.5227815245796592,0.22324090812045885,-0.7893523225545059,0.0004304615327223506,0.0013665201166583852,0.0451687110146626,-1.7146767031353927,-0.05489499033398518,1.7312438549136848
P01,session_02,011,lean_left,3.7925899028778076,0.5216571136857096,0.21960741380678772,-0.7903057353050935,0.00045287029232307863,-0.00020224054936592638,0.01574821676385103,-1.7174750772789393,0.08848638183320207,2.809658243395074
P01,session_02,011,lean_left,3.8407704830169678,0.5217226842375791,0.22852740451120854,-0.7899313621535949,9.862271884449109e-05,-0.0005596903557708216,0.011795479819983929,-1.707741488545272,-0.027620673358955225,0.5733953257361016
P01,session_02,011,lean_left,3.8730967044830322,0.5210138203227416,0.22268219408858259,-0.7933193520468697,0.00039202456540893136,0.0009547930321450182,0.03192887879320736,-1.7036962897942727,0.06012799395824969,1.8603118239318326
P01,session_02,011,lean_left,3.904958963394165,0.5217330764020071,0.22382272965494504,-0.7923910002369577,-0.0012140092057679858,-0.0004416084867920905,0.04054434796830174,-1.6738021258452696,-0.05765915387809948,1.8100921152051268
P01,session_02,011,lean_left,3.9369938373565674,0.5192773089203131,0.22087424348577858,-0.796890957898303,0.0021791712474662404,0.0003624873742164018,0.06895965776705586,-1.6744359878708885,0.030507938329157873,0.9548286658174581
P01,session_02,011,lean_left,3.969214916229248,0.5210814629511149,0.22668964098462582,-0.7923290169943916,-0.0012072915043244955,-0.0015687526018341269,0.06143585769472759,-1.6912950058481342,-0.01951621118457343,0.6088047589369663
P01,session_02,012,lean_left,0.0012624263763427734,0.551466741496163,0.08858811183579722,-0.8016462994716377,0.0,0.0,0.0,-1.8206076492258285,0.0,0.0
P01,session_02,012,lean_left,0.03304553031921387,0.5492459892353406,0.08295635359783776,-0.8136672925055773,0.0009241907378788719,0.001394764298674675,0.052643361742804436,-1.8273082719910552,0.0027554259184262987,0.10142628106403515
P01,session_02,012,lean_left,0.06474161148071289,0.5471085114108136,0.07468998927163598,-0.8294737564529205,-0.00019430310759155201,0.0039651016273329585,0.12524764497847626,-1.8268055699055465,0.02955637880823571,0.9408668671416273
P01,session_02,012,lean_left,0.0967721939086914,0.5454268440075024,0.06786614856200841,-0.8344789802449776,-0.0009664241536009116,-1.5353942848524688e-05,0.03017572705716426,-1.829813679343439,-0.014588813803300876,0.4564636578267722
P01,session_02,012,lean_left,0.12935447692871094,0.5442319893375765,0.061842180336162386,-0.836514065167016,-0.0003171170609746945,-4.3260659328269494e-06,0.009733712250789893,-1.835429795419249,0.0007510926624639803,0.02502295287014705
P01,session_02,012,lean_left,0.16078639030456543,0.544213410759917,0.05955306855912912,-0.8389649734755007,1.3553643929235307e-05,0.0017548546251003854,0.05583201201317752,-1.8480854595216922,-0.001762357046184447,0.0791261665533013
P01,session_02,012,lean_left,0.19293856620788574,0.5435925112132164,0.05619849160832415,-0.8407542305975096,-0.001233227879266854,-0.00032845506467003296,0.039693068737636734,-1.853295695780871,0.004157662169384791,0.1352668955863295
P01,session_02,012,lean_left,0.22592687606811523,0.5427342208239839,0.05664887451269504,-0.8464854624173518,-0.0011795802877499076,0.002459648526833862,0.0826920528375321,-1.8715308209555102,-0.010341994814359972,0.3242271742025753
P01,session_02,012,lean_left,0.2586090564727783,0.5427644533339308,0.05574824147733981,-0.8507036510094252,-0.0004880806804443372,0.0022457531589800193,0.07031904500808187,-1.8838175041891987,0.0002915360977409392,0.07088258264164579
P01,session_02,012,lean_left,0.28965020179748535,0.5421109834502503,0.05673458881646124,-0.852346523273218,-0.0011914915100202737,-0.00016239490255841874,0.03873914505818672,-1.889185750259896,0.0035009735196611575,0.11925251630823089
P01,session_02,012,lean_left,0.3220860958099365,0.542106034023417,0.05707526510832881,-0.857307175043997,-0.00024296236441952239,-0.0006365564470219821,0.021005981735953833,-1.9117325283168756,0.015019933918165671,0.4635414065397547
P01,session_02,012,lean_left,0.36901187896728516,0.540021103849468,0.060573833186975276,-0.8600477254168781,-0.004511646936221998,-0.0005211891361709637,0.09678370731841025,-1.9027209464392658,0.0075367679753769595,0.18751741498767716
P01,session_02,012,lean_left,0.4015681743621826,0.5402220973950581,0.057634269150456593,-0.8612252962805944,0.0002797232404884433,0.0004802269615327678,0.017070568340013567,-1.9123965197187056,8.826687403244439e-05,0.017284529205521558
P01,session_02,012,lean_left,0.4330151081085205,0.5398725278640089,0.05806531951301208,-0.8675098728827072,-0.0006252513086001287,0.0003796277092873425,0.023260630072837067,-1.9182663225712513,0.007805442692489127,0.249297511911333
P01,session_02,012,lean_left,0.46503186225891113,0.5388433084956284,0.054083493870817095,-0.8690502183828372,-0.002527518314364179,0.00018749397329688978,0.07916052364289211,-1.8990306621431494,0.022768128773265766,0.7155240609020691
P01,session_02,012,lean_left,0.4966621398925781,0.5385947238488547,0.055047962951258037,-0.8701922931441037,-0.00015598509062723294,0.000819378227033723,0.02637009848736223,-1.8919882056734623,-0.016570663038328066,0.5245493647374433
P01,session_02,012,lean_left,0.5290820598602295,0.5389237907237094,0.05191436024413483,-0.8699767702867521,-0.0009368874682899037,0.0004887940226782232,0.03259507525850042,-1.8963611577659747,-0.038599630974270986,1.191060717582849
P01,session_02,012,lean_left,0.5619058609008789,0.5379055354327777,0.05336148145856383,-0.870319694424518,-0.00039500552321352137,-0.0027344277428543564,0.08417096376079705,-1.8863586411280475,0.06113842798734037,1.8645257143435772
P01,session_02,012,lean_left,0.5933971405029297,0.537080406707167,0.06684561850352534,-0.8691417246568873,0.0006844074737030038,-0.0023061990444762886,0.07638977280383633,-1.9100210609231005,0.02788366717706481,0.8887299912697779
P01,session_02,012,lean_left,0.6250836849212646,0.5361703605669044,0.06993950087133859,-0.86675002457677,0.0019696355349679948,-0.0008848366209353757,0.06814435492037792,-1.888956655469384,0.025424642782542375,0.8052682638581449
P01,session_02,012,lean_left,0.6572778224945068,0.5310598756383023,0.07379819627075099,-0.8610237858788102,0.005279943998098721,-0.00235647499799824,0.1795959252429557,-1.9082469485769562,-0.01004631887557205,0.3600452455586999
P01,session_02,012,lean_left,0.6890788078308105,0.5312314712667007,0.08032085963837889,-0.8583606080964005,0.004960597773631114,-0.001709773288175151,0.16499442600464212,-1.882754412717542,-0.08612032737880736,2.713124070838625
P01,session_02,012,lean_left,0.7211222648620605,0.5326336614891857,0.09378532730191425,-0.8515453044440298,0.004705906715338166,-0.0041635566316121945,0.19608907511062407,-1.8969943043875412,-0.07154379823903029,2.2413058731718327
P01,session_02,012,lean_left,0.7541577816009521,0.5305523313372096,0.10580968809950786,-0.8524686693073807,0.010318928035439295,-0.0017896481368366397,0.3170215507492721,-1.9127213011301885,0.011143452523090163,0.46290997967458675
P01,session_02,012,lean_left,0.8010327816009521,0.5263275007436623,0.10441770816560647,-0.8513528809368365,0.013634911767178513,-0.004257947828573344,0.30473151836127327,-1.8993478352795337,0.036196095489910395,0.8301376126188265
P01,session_02,012,lean_left,0.8329868316650391,0.5226915204366389,0.1079314857849351,-0.8544257470301482,0.011347331382984896,-0.0008311373658453989,0.35606532033329125,-1.9141665986483067,1.4824429932071326e-06,0.3560653233556395
P01,session_02,012,lean_left,0.8651947975158691,0.5225634396113839,0.11737937772396097,-0.8520817751211031,0.014705874469136387,-0.0006342989280735868,0.4570157451945581,-1.9439738561939566,0.05463362895015478,1.7567637187558374
P01,session_02,012,lean_left,0.8970229625701904,0.523990794605159,0.12195515096449028,-0.8551013222422943,0.011506628568623431,0.0056484924425427,0.40273345759540746,-1.899881435645705,0.013910791163575765,0.5943188953920533
P01,session_02,012,lean_left,0.9287164211273193,0.5272794634867436,0.13378090065499765,-0.8530032694027753,0.011207675286618946,0.005198964135754355,0.3898219329400161,-1.8568844537069233,-0.04881825232199158,1.5888878972118405
P01,session_02,012,lean_left,0.9615015983581543,0.5305242216988973,0.13962146605010006,-0.8497934951684225,0.01096012523830402,0.005297099881454778,0.3712979514691472,-1.8270162397375533,-0.01981249951525162,0.7092644275309087
P01,session_02,012,lean_left,0.993544340133667,0.5345612120655301,0.1514687781700777,-0.8310387968360569,0.013083031530429744,0.007866744922002008,0.4764267946237675,-1.8245660588450474,-0.048626858879160774,1.5905904601145944
P01,session_02,012,lean_left,1.0251517295837402,0.5341303096680531,0.15958793193719487,-0.8282877052449086,0.017525348937463256,0.0033016153375438587,0.5642235819825049,-1.8304751778743615,-0.006331894839715574,0.5987321507811982
P01,session_02,012,lean_left,1.0570924282073975,0.5281923883090903,0.17683046979219796,-0.8344147045165495,0.0204547762527666,0.0012216194256067176,0.6415396036424211,-1.8128387378808597,0.01197343329451007,0.743031923534536
P01,session_02,012,lean_left,1.0890226364135742,0.5313058038469342,0.1721680933465534,-0.8298581694699146,0.015066247208456127,0.0026456073418324668,0.4790687763611342,-1.7962109148046574,0.0033912462349731214,0.49070057019422425
P01,session_02,012,lean_left,1.120755910873413,0.5275239519224207,0.18677835145369354,-0.8289235349984687,0.012960512136686897,-0.003915649625317743,0.42665305362476597,-1.7747152006200293,0.017883632253539648,0.7068477203770809
P01,session_02,012,lean_left,1.1526577472686768,0.5271697188385899,0.19691311178808132,-0.8164624671240914,0.01380762904874469,-0.003223437461407556,0.4444539978190327,-1.7485749892044373,-0.027889469911210375,0.9807208952644593
P01,session_02,012,lean_left,1.1858735084533691,0.5247385015678078,0.2178433935928657,-0.8128095775472456,0.008979796943887118,-0.0025753519222096095,0.2812459419816217,-1.7760818122655677,0.035588841883927955,1.107742036306538
P01,session_02,012,lean_left,1.2327218055725098,0.5189004469683441,0.20589923784959865,-0.8206140223473735,0.012649550094070294,-0.001280367316834134,0.2713905120061663,-1.7842757377858849,-0.11333289646896795,2.4343218465845435
P01,session_02,012,lean_left,1.2653627395629883,0.5210476923704835,0.20439567627473115,-0.8138587281301554,0.016943700549162714,-0.0033393276919527156,0.5290788967810793,-1.7358996792857722,0.004673874792521147,0.5481131505498414
P01,session_02,012,lean_left,1.2967793941497803,0.5226977940719498,0.21948807471552595,-0.8042104256650449,0.012015968510195566,-0.00031039703040392066,0.38259888249127255,-1.7386770493896053,0.0033827517662287677,0.39746139460701296
P01,session_02,012,lean_left,1.3291347026824951,0.5272275502549273,0.23442589260583255,-0.7916531976112533,0.007412827257813526,-0.002898169624103869,0.24599466628814717,-1.6333962130338846,0.039920306731749074,1.258094098115581
P01,session_02,012,lean_left,1.361025333404541,0.5313066749146858,0.24144884210742543,-0.7775637857308177,0.0070713857978382845,-0.003680173169005025,0.24997030570579454,-1.601747566971941,-0.032272654548423756,1.0423948524870443
P01,session_02,012,lean_left,1.3932619094848633,0.5256320566572997,0.23641453182026442,-0.7796159057575907,0.007353937935966937,-0.0020894939207823193,0.2371537139255621,-1.6042827927404129,0.0016744073608266207,0.24277515366231103
P01,session_02,012,lean_left,1.4253959655761719,0.5254559215053294,0.2355798400877806,-0.7769882955802325,0.02271155824726608,-0.0029940943368557678,0.7128905775139274,-1.5997985421194179,-0.013318586903810489,0.8246198888558363
P01,session_02,012,lean_left,1.4569377899169922,0.5195811757695076,0.23821023025377056,-0.7845969304265048,0.004823120814690604,-0.0005188063358867432,0.1537940104258277,-1.6539898741962762,0.07412047600382593,2.354938154881552
P01,session_02,012,lean_left,1.4888746738433838,0.5210505407779019,0.2583615011784171,-0.7817921496866506,0.015758665841116192,0.00032682140559542653,0.4935376448410727,-1.6182355418310572,-0.13134908821459776,4.142277662644537
P01,session_02,012,lean_left,1.520650863647461,0.5182088877602095,0.2651838145566118,-0.7804993723540355,0.0011491122936974525,-0.002317030438955841,0.08139199059659004,-1.6134251455912547,0.10140074904482224,3.192129948181044
P01,session_02,012,lean_left,1.5527026653289795,0.521086002202489,0.2570956021642483,-0.7743410689671602,0.013978213718155937,-0.0016624777935003786,0.43918681544007615,-1.6876351523495259,-0.056942724063058635,1.8300645987971733
P01,session_02,012,lean_left,1.5859763622283936,0.5120595113962909,0.2566139781244105,-0.7740058010784293,0.00784652840195912,-0.006018380056530929,0.29719653290795905,-1.6601618187759681,0.04449668025278686,1.369919052638289
P01,session_02,012,lean_left,1.6176354885101318,0.5158271897124362,0.2631044390427638,-0.7648034123270206,0.0013950252905692232,0.0003137803049463234,0.04516482475341619,-1.8223302814360989,-0.16238578543329688,5.129392366206057
P01,session_02,012,lean_left,1.664806842803955,0.5219243999376275,0.2476655636187263,-0.7548215613512149,0.006348186043511241,-0.0011336230044688884,0.13670605400268557,-1.745155314685501,0.021474256033276667,0.4753224155781288
P01,session_02,012,lean_left,1.6969554424285889,0.5248131257647654,0.24867019631893658,-0.7367363813456745,-0.001620318784157962,-0.012238862587374862,0.3840184288364506,-1.658546121072267,0.027291952602345366,0.931748095067639
P01,session_02,012,lean_left,1.728750228881836,0.5239186509937681,0.25941938368075823,-0.7359936027260404,-0.00140655810645937,-7.884051989940902e-05,0.04430808062266701,-1.7367405541768273,-0.029149888587252707,0.9178835165957291
P01,session_02,012,lean_left,1.7611100673675537,0.5242242621721745,0.26175097237340106,-0.7354607828419915,-0.0016820307187444489,0.0007228519481135522,0.05657557328995158,-1.7679084295471776,0.0024060196734614044,0.09342922358393699
P01,session_02,012,lean_left,1.792973279953003,0.5226919658708586,0.27086451172602954,-0.7330560890448263,0.0003307555567321169,-0.0007436725954933634,0.025543852071018523,-1.7434750586640966,0.017560463070759546,0.5517119413653477
P01,session_02,012,lean_left,1.824949026107788,0.5219765939577218,0.2769916360582039,-0.7353358521922854,0.0015893857293046835,0.0011037059913134742,0.06051533450123536,-1.7616239851232884,0.03491604249582685,1.093629529036951
P01,session_02,012,lean_left,1.857428789138794,0.5271882756280428,0.28207940375060575,-0.722138597943776,-0.006066479036508804,0.001936798321450599,0.19606521327451426,-1.7695736133496653,-0.03851136995689724,1.2018046634829813
P01,session_02,012,lean_left,1.8893516063690186,0.5273742598615628,0.2806673216267,-0.7253444211110707,-0.0002770440209653567,0.001442832828819477,0.04602320119364735,-1.772895107379866,0.034191018408319236,1.0720410170312147
P01,session_02,012,lean_left,1.9212636947631836,0.5243664081310461,0.27755244650977123,-0.7294882925550435,-0.003794043442337748,9.821074021405919e-05,0.11893030315123883,-1.7557053322482232,-0.004817981344939884,0.1921935916827579
P01,session_02,012,lean_left,1.9529833793640137,0.5247441079931889,0.2767333597611758,-0.7293620864359175,2.6835169968919042e-05,0.0004472528328153174,0.014125523954747417,-1.7707168161967761,0.018304340428312825,0.5772385082714498
P01,session_02,012,lean_left,1.9855079650878906,0.5245719573514409,0.27086231377710107,-0.7309016012494172,-0.00030354998258280165,-0.00037479304418842267,0.014828754468584386,-1.7543571253111119,0.06062687961135377,1.864091321229277
P01,session_02,012,lean_left,2.017402410507202,0.5243717079140495,0.27180493941784395,-0.7297527583456903,-0.0021422853711717104,-0.002602615145902241,0.10568936763454169,-1.583544768923758,0.04276997565914895,1.3451435780090666
P01,session_02,012,lean_left,2.0653815269470215,0.5260811737967448,0.2732567415212004,-0.7265380749410412,-0.004013657107496501,0.0010398612552516323,0.08641621233321345,-1.5736964015878632,-0.023066752318941914,0.4884712867666923
P01,session_02,012,lean_left,2.0973103046417236,0.5261987206250759,0.2637835907717671,-0.7268075751392633,-0.0012758619322185006,0.00026200280989225304,0.04079347376355187,-1.6949375505290476,-0.04992388215273112,1.5641334690969664
P01,session_02,012,lean_left,2.1290464401245117,0.5308333481438496,0.26688296158816716,-0.7211248003499434,-0.008327227140055758,0.0015763135616953913,0.26704918827803487,-1.7434147014495516,-0.09168469481620806,2.9012849046813494
P01,session_02,012,lean_left,2.1607582569122314,0.5301679944370996,0.25384260797846586,-0.7241792741759657,-0.0004890810246089015,0.0015336024956473823,0.05076028510776826,-1.7262903010070527,0.03874192897872884,1.2227415353505677
P01,session_02,012,lean_left,2.1932590007781982,0.5300528220487024,0.2519265931630635,-0.7291180177192341,-0.004139270619371106,-0.0023933940291008394,0.14711698759201952,-1.6909857894666538,0.015013251119397343,0.4847967830271041
P01,session_02,012,lean_left,2.225144147872925,0.531325143988037,0.26068682954568934,-0.7271394494298445,-0.013058301960258055,-0.0006061706314638008,0.4099828572022527,-1.6503428180236355,0.02709689855603872,0.9435539131453287
P01,session_02,012,lean_left,2.25705885887146,0.5333284838777063,0.2595577706822948,-0.7383962246983515,-0.00011357582068855024,0.003390734181333599,0.10630319705998328,-1.7119290437368,-0.03397450940815402,1.069835180353171
P01,session_02,012,lean_left,2.2894933223724365,0.5306047689082224,0.25933780432025466,-0.74166248893489,-0.0019551630575244867,-0.0007360646902860787,0.06441073161332463,-1.6449129700697436,0.08825421253200745,2.721763400518645
P01,session_02,012,lean_left,2.321390151977539,0.5331746981285366,0.22968077497874204,-0.7397593749133223,-0.0009340218297049285,0.0022531110672397345,0.07646647044598592,-1.8062726203817467,-0.20917564205790481,6.558327709911585
P01,session_02,012,lean_left,2.353081226348877,0.5312949926230285,0.23722260781321303,-0.7417254849388324,-0.009255466854096202,-0.0007297795380108581,0.2929592468612983,-1.6704009108013067,0.18203136146242122,5.751397621459231
P01,session_02,012,lean_left,2.3856201171875,0.5340738761795352,0.22249269623929482,-0.7436298718952584,-0.004249731111128022,0.004818714904905613,0.19745507384698197,-1.7989007025389145,-0.09212816620776575,2.8382015808756824
P01,session_02,012,lean_left,2.417102813720703,0.532596144947924,0.21024168609926294,-0.7488772933535593,-0.0006862809398660367,0.004098996101594585,0.13201060688424324,-1.7690765354801954,-0.0692381339235289,2.2032025138015925
P01,session_02,012,lean_left,2.4492146968841553,0.526647336164702,0.2099716508306426,-0.7505629353023572,0.005474397134107975,-0.0035342513232449204,0.20291959970636542,-1.6686511658726237,0.21622139892953224,6.736433420642773
P01,session_02,012,lean_left,2.4972872734069824,0.5273524083848568,0.21398777888165416,-0.751547786850338,-0.0017067523047584736,0.0020206826068323563,0.055021511611612665,-1.873278964659174,-0.05275224327026438,1.0987244074117652
P01,session_02,012,lean_left,2.529106855392456,0.5266909903070547,0.2154384609905905,-0.75667082307356,-0.00038038644278779533,0.0042481625831430735,0.13404194793695043,-1.8150616828671085,-0.0534487512075751,1.6850836993604048
P01,session_02,012,lean_left,2.5609264373779297,0.5229157340910789,0.22180125669358064,-0.7568580135577819,-0.0034561161870846403,-0.005900271934241592,0.2148984345264295,-1.7217064687862713,0.04796373896675397,1.5226069681634422
P01,session_02,012,lean_left,2.5932388305664062,0.5268560247570797,0.21500012720935674,-0.7554207537684196,0.004420066319421974,0.0029675272964786847,0.16476135330727518,-1.7137580724378996,0.004110761516670493,0.20816115257698714
P01,session_02,012,lean_left,2.624654531478882,0.5180238709043681,0.2139455295815558,-0.7566627809614396,0.0068766552954059685,-0.012609828614308222,0.4571922126131648,-1.6785152717814262,0.1100168195538223,3.531687071101765
P01,session_02,012,lean_left,2.656668186187744,0.5271457998068501,0.2141165378601118,-0.7495721174271222,-0.005209469369919266,0.005326186404546006,0.23272228208458465,-1.87430399160553,-0.1532012701597424,4.79115306087127
P01,session_02,012,lean_left,2.6892192363739014,0.5271744740262033,0.22142462174065103,-0.7494099153706533,5.116162312427072e-05,-0.00014019980701457613,0.004584893000065972,-1.8158927180799187,-0.04533157243967426,1.392637652330043
P01,session_02,012,lean_left,2.7216849327087402,0.5268368092734761,0.2244971223238904,-0.7508143351819999,-0.0009847429393561914,0.0006718064767804532,0.03671798383681342,-1.8186252176701156,0.005661027396204704,0.17819353124289042
P01,session_02,012,lean_left,2.752885580062866,0.527532916566722,0.22610885065995476,-0.7431655797952584,-0.0011147915309319102,4.48560520731737e-05,0.035758668514321225,-1.7113426188001928,0.004823324954538318,0.15867235974069618
P01,session_02,012,lean_left,2.785402536392212,0.5288988661266083,0.22723375711014904,-0.7409915101010278,-0.0016658119598549695,0.002732589757235962,0.09841969046545945,-1.786485140788109,-0.03285080582469463,1.0150496128583237
P01,session_02,012,lean_left,2.817422389984131,0.5305086596070248,0.2318904727952346,-0.7421121164620871,-0.005374779365293098,0.0009493331294586737,0.17045595082201473,-1.7047130457421953,-0.004425390058952392,0.21944611471304803
P01,session_02,012,lean_left,2.8488779067993164,0.5331163929150309,0.22985462194080783,-0.7393760131149444,0.0009846315220311274,0.00015624635104192813,0.03169400894500028,-1.6913716135109973,0.015952612686147373,0.5081377120827356
P01,session_02,012,lean_left,2.8809163570404053,0.5258490353498984,0.22787112296266507,-0.7476789298821993,0.005239375203533131,-0.0019689348319941215,0.17470009844276618,-1.6187213665314708,0.2572056222545272,8.029930078651429
P01,session_02,012,lean_left,2.929180383682251,0.5264037165541448,0.2283166180985129,-0.7494269273676157,0.00017573281833372322,0.00013751772414066164,0.004623397559794554,-1.6788134040240932,-0.018543435691286844,0.38423603543852874
P01,session_02,012,lean_left,2.960597276687622,0.5228645297686801,0.23121590602852532,-0.7473718295656374,-0.001475027193470508,-0.004202874206964656,0.14177708206732934,-1.721475575968652,0.0007229078151665071,0.14363219896854135
P01,session_02,012,lean_left,2.993163585662842,0.5244714806239553,0.23014394506173988,-0.7458417121469963,0.0031664061305965462,0.00034855555026298086,0.09781681828098608,-1.7665329428536294,-0.01581958629929711,0.49551605377236013
P01,session_02,012,lean_left,3.0251920223236084,0.516416328025672,0.23253072180851792,-0.7462738797863617,0.0026186721999968015,-0.011247539462827161,0.3605657933330568,-1.7282947682048222,0.019334741827104967,0.7031573556669827
P01,session_02,012,lean_left,3.0572474002838135,0.5185316592405014,0.23101907265161295,-0.7447477274860572,0.0012066473593626208,0.0007594673941564538,0.044477995173258185,-1.697406464844875,-0.08527705556263096,2.6606759579227615
P01,session_02,012,lean_left,3.0893499851226807,0.5216868859152023,0.22526586223783412,-0.7432864908611813,0.0026369177302210975,0.00029168963648495256,0.08264137302237884,-1.6957512407659545,-0.04452208708239917,1.3893292823194723
P01,session_02,012,lean_left,3.1211225986480713,0.519426445241605,0.22280000458832186,-0.7466551550044976,0.002338135364319505,-0.00012198019176087428,0.07368972165530645,-1.7042089551491224,0.025009209711228695,0.7905728420970635
P01,session_02,012,lean_left,3.153860569000244,0.5253241300744115,0.21081142282777043,-0.7566149493286597,-0.004353021243560886,0.0036570132529101444,0.17366047673204502,-1.9109898563389904,-0.20489117097364412,6.260926713805749
P01,session_02,012,lean_left,3.1856722831726074,0.5250949196610911,0.21608899104583776,-0.7568994757025045,-0.00010235956664920518,-0.0016749850462718843,0.05275131534004201,-1.7715104865365197,0.051687693367266155,1.6256567296572006
P01,session_02,012,lean_left,3.2172203063964844,0.5283446473476767,0.21718579974074909,-0.7515040690125298,-0.0031930577380323314,0.0011307341856926399,0.10737140360463113,-1.809303756263011,0.020289870311512075,0.6520434968415059
P01,session_02,012,lean_left,3.2490499019622803,0.5332691806751921,0.2214193509122978,-0.7425287387420645,-0.005829867873821118,0.002503249152143903,0.1993293854850075,-1.7661506958265205,-0.03861169046294478,1.2293426905728762
P01,session_02,012,lean_left,3.280642509460449,0.5366485662024373,0.23259534970781964,-0.7397201640430386,-0.0009348063599648853,-0.00027345015840712266,0.03082937840709545,-1.7130160776916465,0.07445874546875537,2.357042400680911
P01,session_02,012,lean_left,3.312882661819458,0.5403266469457946,0.22797743281412902,-0.7376305612756389,-0.0024607076429766167,0.0012024586128533566,0.08494976338986236,-1.752253236110202,-0.1347293624828851,4.179794045422255
P01,session_02,012,lean_left,3.3611862659454346,0.5394576570066894,0.23605700819873182,-0.7377456461638368,-0.00037735077151130063,-0.001434822375769197,0.030714342584609557,-1.6596181939209873,0.09891048482721465,2.0479136653156678
P01,session_02,012,lean_left,3.392693042755127,0.5405191219741251,0.2174318713377038,-0.7422470337520232,0.0014235688071822553,0.005935828152710022,0.1937407465399268,-1.793556209295635,-0.13873182249111327,4.407497740488767
P01,session_02,012,lean_left,3.424680471420288,0.5372386175069861,0.2170387837815178,-0.7454199422920336,0.0020680393076896297,-0.00024236222465922724,0.0650940912575222,-1.7496961650242115,0.03894947894814203,1.2193882607261455
P01,session_02,012,lean_left,3.4569039344787598,0.5389303980950094,0.21656235046524736,-0.7447143789221653,-7.647854344062522e-05,-4.8884332900587625e-05,0.002816797967287754,-1.7533736304489504,0.015134124954261335,0.46967010069838616
P01,session_02,012,lean_left,3.4887332916259766,0.5407726837290552,0.2205670633673112,-0.7439512126951018,-0.003431187720250257,0.0018144072167330424,0.12194344767518263,-1.7002129246413495,-0.0422573969323349,1.33321187157418
P01,session_02,012,lean_left,3.521254539489746,0.539738968088259,0.2251868094099252,-0.7431858888304588,-0.0030050852162349408,-0.0022275862281083015,0.11502260836745239,-1.6885736386449175,0.059305045323158355,1.827202342740244
P01,session_02,012,lean_left,3.552746295928955,0.5450899561679224,0.2222645780552211,-0.7400536865894091,-0.0055351001788703485,0.004135223601105118,0.2193979343347877,-1.7614453868971596,-0.08621958157286327,2.7466227536934222
P01,session_02,012,lean_left,3.5863711833953857,0.5455167957469971,0.22502931511778906,-0.7395650465280893,0.0012522326313970664,0.00017842600938607067,0.03761738659886046,-1.7296988296794364,0.06432552647691388,1.9134030256142744
P01,session_02,012,lean_left,3.617417097091675,0.5434730163917152,0.22748660859459435,-0.7424607469136875,0.001243314819901179,-4.2169501014599154e-05,0.040070643688443125,-1.6546616319106764,0.171186897439957,5.514136877721685
P01,session_02,012,lean_left,3.6492793560028076,0.544631729097453,0.22224528592006096,-0.7376597206742143,-0.0034783675368984177,-0.003068595797065899,0.14557853729889955,-1.7241969081101811,-0.01194535100937424,0.4021785612387275
P01,session_02,012,lean_left,3.681039333343506,0.5457223831302511,0.22101491334900725,-0.733160360795578,0.0004931626054595007,0.0008111338440717528,0.029889438023987764,-1.8292106880762364,-0.0938330531132934,2.9545945152815145
P01,session_02,012,lean_left,3.7130072116851807,0.5372930115164652,0.21920331414534472,-0.7427391676847263,0.008090107323272562,-0.0029452709835138787,0.2693189735956198,-1.7265728299629222,0.059092456220050806,1.8680111505709251
P01,session_02,012,lean_left,3.7609667778015137,0.5348196609170268,0.22272374253703855,-0.7437614431459244,-0.0022895901399099827,-0.00023682725113457524,0.04799471790596417,-1.7883437026099998,0.04540518927622985,0.947954710279607
P01,session_02,012,lean_left,3.7933995723724365,0.5385516091768773,0.22437293824238816,-0.7385578343201012,-0.005284245033288084,0.00020729582413640273,0.16305438823668397,-1.7675902979902185,-0.21342350197897403,6.582504310190274
P01,session_02,012,lean_left,3.825040578842163,0.5397887384947097,0.23706439427486964,-0.7411204347320551,-0.0022333712396959762,-3.621847232464953e-05,0.0705939900845325,-1.7411687985287496,0.20460701154122585,6.466899327955238
P01,session_02,012,lean_left,3.856872320175171,0.5419095321282098,0.22651852382448445,-0.7396782657483593,-0.0014859377848401118,0.0010401207026288805,0.05698078854870449,-1.7241542981245546,-0.07238957965874415,2.2748456846587293
P01,session_02,012,lean_left,3.8891327381134033,0.5422806110727854,0.22311413607875794,-0.7378606609341892,0.00013154049246539356,-0.0037479834991246746,0.11625054240356564,-1.6516336896586756,0.07738466443832616,2.401564865733123
P01,session_02,012,lean_left,3.921142101287842,0.5413849479181629,0.22080149378522254,-0.7371027708821761,0.0009842911730411417,0.0003436115042712903,0.03256996986187036,-1.7471525309722047,-0.03737245771936748,1.1680018786390631
P01,session_02,012,lean_left,3.9533674716949463,0.538339423608131,0.2210698439488877,-0.7381964105578352,0.0010250683459018836,0.0008445679629022296,0.04121532964170393,-1.7265953604490325,-0.0038856437302139876,0.12742666737786734
P01,session_02,012,lean_left,3.9849932193756104,0.5388814967096762,0.20665050363427107,-0.7390864725553525,-0.0004008713142800521,-1.670181926089201e-05,0.012686469835831583,-1.767561938593869,0.06667703603575545,2.1083531000137246
P01,session_02,013,lean_left,0.0014350414276123047,0.5424256905877392,0.11862435534078208,-0.7976844538461403,0.0,0.0,0.0,-1.8911589639472794,0.0,0.0
P01,session_02,013,lean_left,0.03411054611206055,0.5397215606688435,0.11737165012247688,-0.8042427642750014,6.294847194888783e-06,-8.718915544499464e-05,0.0026752791533168844,-1.8830009709942734,0.020526889304995972,0.6282098972330328
P01,session_02,013,lean_left,0.0657038688659668,0.5374063035720075,0.11837339166747611,-0.8141500246264362,-0.0005447705247028189,-0.0002978533606330575,0.019652243047632918,-1.873219638214951,0.12457659966233235,3.9431796341909298
P01,session_02,013,lean_left,0.09755253791809082,0.5341095432292542,0.11974594647262386,-0.8188097850292004,-0.0006675690213109406,-0.0028811930779347817,0.092861637502908,-1.9249411317554497,0.0483324658473403,1.5204047693767342
P01,session_02,013,lean_left,0.12951159477233887,0.5325775211024818,0.1181611791972352,-0.8324580365876387,0.0018630874985521501,0.00027011243333667414,0.058905563975699224,-1.9163251650666888,-0.015979777690771496,0.5034656542370312
P01,session_02,013,lean_left,0.16208410263061523,0.5322754399162878,0.11485358471935722,-0.8344965316730095,0.001318462275275787,2.9674919564131435e-05,0.04048801488338133,-1.9205671211073994,-0.01259974688527312,0.38893465384375286
P01,session_02,013,lean_left,0.19363713264465332,0.5328736367021224,0.11423830556474711,-0.8377125262037628,0.00045648074623054496,0.0013497557375064901,0.04515750818769457,-1.9128789597514666,-0.01768812556839195,0.5623999335358104
P01,session_02,013,lean_left,0.2262730598449707,0.5333461806307299,0.11376321084014358,-0.8370904518605096,-1.6036988424954213e-05,0.0002029489266879223,0.006237958536072725,-1.9147417649202447,-0.023610498117145176,0.7234780138797853
P01,session_02,013,lean_left,0.2734079360961914,0.5333296299889368,0.11113718023382572,-0.8385308570532801,0.0019529690602608433,0.0007290071205643275,0.04422618531502185,-1.9336580270906103,0.020367830860261688,0.434375373928996
P01,session_02,013,lean_left,0.30547022819519043,0.5336222597433412,0.10949469963049907,-0.8383275353026367,-0.00010957593214492557,0.00022222356473224203,0.007727783551320559,-1.938598793758072,-0.056107065940623334,1.7499563925597525
P01,session_02,013,lean_left,0.33745861053466797,0.5352468154588986,0.11100842327210808,-0.8372817551813334,-0.0005191008028366666,0.0014281814429647644,0.047504579205656774,-1.9380152135028017,-0.012398173953409905,0.39048402020294026
P01,session_02,013,lean_left,0.3694322109222412,0.5355962487910179,0.11148297249908173,-0.8368487860823567,-0.0002981365976959572,0.0004975620486370379,0.01814140558343884,-1.9228257547947338,-0.026154113715607715,0.8181920315432714
P01,session_02,013,lean_left,0.4021797180175781,0.5369701348154642,0.11338374706330344,-0.8360011375881584,-0.0001031761614410181,0.001366043497336083,0.04183324117689054,-1.9166044264935944,-0.006533787213277254,0.2038585452978666
P01,session_02,013,lean_left,0.43358802795410156,0.5372602600935352,0.1126280506226109,-0.837165335698111,1.6058832137958103e-05,0.0010363632498565502,0.03300042769756215,-1.9230098412781484,-0.004722378331553431,0.15393336504636881
P01,session_02,013,lean_left,0.4660642147064209,0.5375223412015226,0.11399183419915973,-0.8427784728013163,0.00019039427245123,1.8573698681177065e-05,0.005890411234474603,-1.9068593219220729,0.016190499086813737,0.49856928425035596
P01,session_02,013,lean_left,0.4972989559173584,0.5374788097581563,0.1137989573189063,-0.8418272573733238,9.675740070558035e-05,-7.629695322113385e-05,0.003944972912638044,-1.8913335183779454,0.00830472374399862,0.26591024939614044
P01,session_02,013,lean_left,0.5293748378753662,0.5369222129257645,0.11609725143894277,-0.8411529840217014,0.000556668143039783,-0.0015637107314504703,0.05174730842042278,-1.9039297153291985,0.07625545949566133,2.377908803880737
P01,session_02,013,lean_left,0.5617702007293701,0.5354776478062033,0.11611168934005804,-0.841413006869167,0.0015461121847420364,-0.0015738843222577411,0.06810413259501699,-1.917939809632359,0.030996265624491807,0.959232507871794
P01,session_02,013,lean_left,0.5937001705169678,0.533341208862937,0.11912427956310472,-0.8413737449504824,0.0027048840304982184,-0.0011215379623837655,0.09170635609426216,-1.9098959468093653,0.11447789603068712,3.586453103981277
P01,session_02,013,lean_left,0.6252434253692627,0.5313873545662819,0.12656684044409727,-0.8409920294222694,0.0031494524693185303,-0.0011609385660462563,0.1064129175964321,-1.947790730196857,-0.040042537788579365,1.2739007896198415
P01,session_02,013,lean_left,0.6580703258514404,0.529709452773673,0.13921450459116336,-0.8409444167289231,0.005470037921678724,-0.00011359225059263919,0.16666871247388568,-1.938794052179438,-0.01837901797782206,0.5841578742585458
P01,session_02,013,lean_left,0.7053852081298828,0.5281240054023678,0.13537951576876517,-0.8379145043194596,0.009152440937079656,0.0012256148808180126,0.19516350209537708,-1.8963249356847045,-0.062147206754999816,1.3279011885619267
P01,session_02,013,lean_left,0.7372951507568359,0.5248052647539404,0.1376884147013221,-0.8367177592437898,0.010574323510440145,-0.004676271383844038,0.3623376132312186,-1.9116602187295373,0.06399209380693173,2.037867633374106
P01,session_02,013,lean_left,0.7691895961761475,0.5259680228499792,0.127666689097386,-0.8377441819772745,0.017569877124601493,0.0022902720670800797,0.5555362109976925,-1.8917558881591983,-0.02844345655282684,1.0506793848085663
P01,session_02,013,lean_left,0.801424503326416,0.5272530865089002,0.12959019607901195,-0.8401053385694975,0.015062392749817691,0.0025305118265101126,0.47381799743824743,-1.893253302858365,-0.005277990072776285,0.501311002897617
P01,session_02,013,lean_left,0.833714485168457,0.5237204966547309,0.13806527896866702,-0.8447753672141439,0.018276695610154766,-0.00037392284942143467,0.5661359719096319,-1.881641833206829,0.05333587496315216,1.7461041830870152
P01,session_02,013,lean_left,0.8652265071868896,0.5343566984904188,0.1407695483672483,-0.8335643282634996,0.020085515164479047,0.006147171319324796,0.6665752365440123,-1.9100499825451562,-0.11008067996536872,3.5563194932818454
P01,session_02,013,lean_left,0.8976669311523438,0.5303515633698137,0.1594289459695422,-0.8362223233637278,0.015108977107099962,-0.004008958265859568,0.48186153422204014,-1.9042652349237812,-0.0013973643183136143,0.4837829837304359
P01,session_02,013,lean_left,0.9298651218414307,0.5254373761003234,0.15333636317100718,-0.8439168337047819,0.02287783775950891,0.0009546954846506946,0.7111501732040043,-1.9033663257840345,0.0634380175714363,2.094650902012458
P01,session_02,013,lean_left,0.9619724750518799,0.5325921807187293,0.1605972304175265,-0.833190824004759,0.016827535809816184,0.0075876170456556065,0.5749177425428738,-1.8575086332090331,-0.021949262650235477,0.8932346592446969
P01,session_02,013,lean_left,0.9938476085662842,0.5333626377302217,0.15567655252833915,-0.831235329767151,0.01117000449185577,0.004429089552346801,0.3769730307876516,-1.8724517803122513,0.015188151911223306,0.6075775468685742
P01,session_02,013,lean_left,1.0258872509002686,0.5264664906848472,0.16729977223312956,-0.8392016198550936,0.014658213198934598,-0.0017696290583467482,0.46082433915271054,-1.8696690007445715,0.034712999680563676,1.177369631214766
P01,session_02,013,lean_left,1.0577654838562012,0.5373606059994229,0.1747215472119578,-0.8282505614913409,0.005126192218743408,0.005253391022736592,0.23025193394564633,-1.910166346488504,-0.021383014639366073,0.7091900646259923
P01,session_02,013,lean_left,1.0901472568511963,0.5272075489044603,0.18608700480138535,-0.8338924839764655,0.015755971677440625,-0.008616546569470392,0.5545761875707917,-1.8554808907251634,0.06864127835680042,2.1910948817405185
P01,session_02,013,lean_left,1.137554407119751,0.5355254261603035,0.2037478578748943,-0.8202348886362893,0.004271880774528647,0.00034002529271936213,0.09039547278101981,-1.8747950634900552,-0.13678137904057588,2.886663571839754
P01,session_02,013,lean_left,1.1695921421051025,0.5226504536090625,0.20616631718774067,-0.8259918743734431,0.014130873081599932,-0.006832945555446072,0.48992854176217887,-1.7853085546612213,0.21590599165836244,6.7569005981435275
P01,session_02,013,lean_left,1.2018485069274902,0.5258279633494243,0.2157186292227127,-0.8152716644116134,0.0015891648517621648,-0.0016176733549340457,0.0703013701858039,-1.83530502940887,-0.13050504127209273,4.046480193527321
P01,session_02,013,lean_left,1.2337636947631836,0.519330495441878,0.20443694777090596,-0.8245672615596035,0.0045350755504731935,-0.00518821480424828,0.21591283139501552,-1.5397222352496964,0.4382692937568208,13.734008566389475
P01,session_02,013,lean_left,1.2655842304229736,0.521468025950183,0.20468921384429614,-0.8201280177172393,-0.0007225577469703339,-0.0014382573962078162,0.05058233808992995,-1.5595380825202871,-0.29208984006641414,9.179426703463493
P01,session_02,013,lean_left,1.2976410388946533,0.5194287427280375,0.21469643752772063,-0.8155665692198851,0.00371326486955521,-0.007217454549681362,0.2531957824244318,-1.7122608813974076,0.01119688292191533,0.43140049219513404
P01,session_02,013,lean_left,1.3298022747039795,0.5199532510828385,0.21215607312403315,-0.812269985320356,0.009707517780721918,-0.0009832211591597046,0.3033833440078253,-1.737566154979704,-0.012518014826206176,0.4934966600892172
P01,session_02,013,lean_left,1.3620715141296387,0.517482573610173,0.21843488239432496,-0.8043731090060419,0.0032242879398957773,-0.007423015059997973,0.2507971454415053,-1.6810585029879712,0.17026323387965783,5.282289553402373
P01,session_02,013,lean_left,1.3941123485565186,0.5196006868346366,0.23282571871214502,-0.800380057638164,0.001753522511196725,0.004534466683790684,0.1517348289972332,-1.8411524650132784,-0.2521573974531316,7.871338734351428
P01,session_02,013,lean_left,1.425818681716919,0.5107410015441108,0.261672151642228,-0.8055334761762492,0.012492250817706626,-0.005583270986122221,0.4315596425634154,-1.7447835908120986,0.16844887396948224,5.330282262264013
P01,session_02,013,lean_left,1.4574823379516602,0.5115199529404636,0.24357714394132246,-0.8054182073116237,0.008933880851249418,0.005587586388056687,0.3327894642568346,-1.86882313308138,-0.1895973096718931,5.9970933674659435
P01,session_02,013,lean_left,1.4891917705535889,0.5085067677313932,0.24937770883996951,-0.8042129076216173,0.0032919846002936485,-0.0021527129491434216,0.12404390597853576,-1.8057613031931943,0.2099092339731731,6.6209347173175175
P01,session_02,013,lean_left,1.5377976894378662,0.5058267270331148,0.24773742159561632,-0.7951769797805386,0.00933108662231654,0.001450385539176672,0.1942795253166936,-1.7988139014414573,-0.04616461632911077,0.9694402189040402
P01,session_02,013,lean_left,1.5695610046386719,0.5037379439238981,0.2591854792104052,-0.7940491861218779,0.002062103836633061,0.001342689616192435,0.07747014919415537,-1.8157229839488405,-0.01323290280429073,0.423751345560886
P01,session_02,013,lean_left,1.6017193794250488,0.5013827186446853,0.2652482362378711,-0.794925294920521,0.003697035972279472,-0.00037292823168264656,0.1155468036544179,-1.8392281263371462,0.00896097680834381,0.3016582136502901
P01,session_02,013,lean_left,1.6336750984191895,0.5050014439255058,0.25957866608433317,-0.7872746047682405,0.002501115870988336,0.0006679832130461871,0.08101147889824534,-1.778860703790581,0.1333170769695163,4.172718172064478
P01,session_02,013,lean_left,1.6657531261444092,0.49554536342484523,0.25597944644777226,-0.7929123538566719,0.013394812351962035,-0.003221663899653404,0.42947766039887864,-1.79496857397233,0.09222037720694523,2.9067795905645815
P01,session_02,013,lean_left,1.697713851928711,0.49570404663505974,0.2634818226242484,-0.7861235952519653,0.00108623979044516,-0.0013875371868650253,0.05513488845973824,-1.7475251096594213,-0.1133076009288414,3.5456423387777467
P01,session_02,013,lean_left,1.729973554611206,0.5001501191300917,0.2529334386145129,-0.7804306652663963,0.0076986086881021204,0.0011823799705728358,0.24144291224682524,-1.880736197640008,-0.15979502121022882,4.959274934326705
P01,session_02,013,lean_left,1.7617847919464111,0.49648408519040416,0.2700085118873647,-0.7749769411114323,0.004588444204494029,-0.0036746571018643507,0.18479362445892988,-1.8447839924168243,0.06515416692827976,2.0564689841406
P01,session_02,013,lean_left,1.7939879894256592,0.49757718737892587,0.2697397644056825,-0.7749744295934518,0.007952092535534762,-0.00015303140021685513,0.24698059518160456,-1.8424225611236664,0.007792173224936325,0.345757685823238
P01,session_02,013,lean_left,1.8258397579193115,0.49685705843041383,0.2804849047205825,-0.7650782382275955,-0.0009447414921511796,-0.011124022914185665,0.3505007377954261,-1.7431079447290254,0.06495293448778917,2.0691280504503347
P01,session_02,013,lean_left,1.8575096130371094,0.4981641317954899,0.2783699638519423,-0.7660408782076047,0.0014504402468427866,0.002829629747800246,0.10040191326907037,-1.7941632523653857,-0.07253324435518717,2.2924925554996625
P01,session_02,013,lean_left,1.889866828918457,0.49443622127434483,0.28836426506604523,-0.7631318964066672,0.0048343251605275145,-0.005465468479512648,0.22550502273880305,-1.7961936068208098,0.03155731663766248,1.0010104162858364
P01,session_02,013,lean_left,1.9216253757476807,0.49626454227986877,0.28583556184046727,-0.7582660284733009,-0.0006825057304721666,-0.0009650564970248761,0.03721864879598729,-1.8432150913161207,-0.1703720918881708,5.364735138530071
P01,session_02,013,lean_left,1.9698045253753662,0.4981084534986168,0.28025733639292805,-0.7524990403565416,0.002301698222951003,0.003334500789225508,0.0840976646539304,-1.7977331702746213,-0.010226013823126351,0.22830327538849476
P01,session_02,013,lean_left,2.001528739929199,0.4946400325963174,0.28096691281828795,-0.7576201248661731,0.0044533272898286584,-0.00012351357930755208,0.14043026298247907,-1.7864023834978315,0.20835457492969767,6.569183863895141
P01,session_02,013,lean_left,2.033280611038208,0.4970910321215,0.280886829884834,-0.7584745145170007,-0.0017567260180014915,0.0029375391943763656,0.10779682105636527,-1.8205616938055,-0.021917482519014223,0.6986400915864159
P01,session_02,013,lean_left,2.065640449523926,0.4970022537197251,0.2826941937999127,-0.7556158087506477,-0.0023974870230202,-0.0010352812128568796,0.08070081498877409,-1.8393710586960583,-0.10559103828107218,3.2640251471062434
P01,session_02,013,lean_left,2.097794532775879,0.4940518040102142,0.2939640459611751,-0.7590426843002892,0.002721830947081397,-0.001132248858675306,0.09168167340181295,-1.754859476452254,0.18772188418174662,5.838917196361982
P01,session_02,013,lean_left,2.1301472187042236,0.49515543728741257,0.2937422831156549,-0.7641738332520253,-0.0015117673687958233,0.0032698834522519953,0.1113490428821628,-1.8723682597180502,-0.03554704216365286,1.1043632311140748
P01,session_02,013,lean_left,2.161897659301758,0.4972285599139523,0.2994895734019143,-0.7609751940789684,-0.0007395310415077797,0.0019522037162499407,0.0657497538424002,-1.829677864460362,-0.14428179594628618,4.544721107794554
P01,session_02,013,lean_left,2.19514799118042,0.49256840036882316,0.30820034714729133,-0.7627279284058504,0.003024984570956489,-0.005084628991510234,0.17793556087763732,-1.8310060865918498,0.18305413105529683,5.508207189792193
P01,session_02,013,lean_left,2.226229667663574,0.49349518865048364,0.29805771359214034,-0.7701535678567768,0.0005877787878594228,0.0022301533809576312,0.07420161122983203,-1.7979585149850217,-0.051319722054559584,1.6527911159608992
P01,session_02,013,lean_left,2.257904291152954,0.4933863522276676,0.2976239545943921,-0.76841421888044,0.0002501615977243052,-0.001597494573225812,0.05104916628590662,-1.812723548664491,-0.002425718827046121,0.09203739484961845
P01,session_02,013,lean_left,2.2895572185516357,0.4934571409086017,0.2974964041651918,-0.7629613881345945,-0.00018305711209443335,-0.00047832805271788586,0.01618048674592857,-1.7808941254889883,0.017415761333076617,0.550447996175651
P01,session_02,013,lean_left,2.3216114044189453,0.4946178231402341,0.2931000991173178,-0.7642238548565243,-0.001634579800949406,0.0034083445675324856,0.11792640474088213,-1.816993206779624,-0.13996768524235992,4.368188268522357
P01,session_02,013,lean_left,2.3536217212677,0.4948626082759286,0.29498735591510267,-0.7588202446499278,0.001188991128164187,-0.006192534151071808,0.19698794721150534,-1.8024643890397665,-0.03956874909666901,1.2517224021709057
P01,session_02,013,lean_left,2.401785135269165,0.49871757237056596,0.2955532067217431,-0.7535550789285331,-0.003163225482053157,0.0011537460683492709,0.0699091806647905,-1.7346007126543275,0.050395732244268555,1.048681640446534
P01,session_02,013,lean_left,2.433769941329956,0.4989770730545528,0.2880422284863761,-0.7548324266907979,0.0015846724434649198,0.001935448158091389,0.07820678518627416,-1.7583731072187085,-0.039492907762939594,1.2372139134503932
P01,session_02,013,lean_left,2.4652252197265625,0.4974557393718541,0.2875517393870867,-0.7595437872374173,0.0018918819589244424,0.003637584748787938,0.13034859152905592,-1.8420948017249241,0.12472947283359596,3.9674373208016314
P01,session_02,013,lean_left,2.497161626815796,0.4969667506493722,0.2876606465082383,-0.7603978215911511,0.00011166124134739189,-0.0002675791938195825,0.009078756160894052,-1.8095554213028044,-0.13859073044551282,4.339593785541408
P01,session_02,013,lean_left,2.5296614170074463,0.4951926359426538,0.2900769014509052,-0.7597367704116577,0.0008499084320142681,-0.003423707044358284,0.10854290429520426,-1.7958425844143393,0.04651392010758387,1.4353168334638144
P01,session_02,013,lean_left,2.5612804889678955,0.5070413158694046,0.2922303679026472,-0.7482253771747569,-0.009596712007627909,0.006006294999712022,0.358053763188931,-1.7855891334510556,-0.07463066049092698,2.387308780329448
P01,session_02,013,lean_left,2.5937440395355225,0.5061480285540217,0.2896651583867878,-0.7481982402196431,-0.0036031716305680943,-0.0004315951278638461,0.11178469927529339,-1.8450119985116453,0.07403416779957511,2.283270086623183
P01,session_02,013,lean_left,2.6274054050445557,0.501915982737255,0.2863292975300516,-0.7563348086251103,0.005550721033855085,0.0019501819232041976,0.17478025470598352,-1.8775391309926843,0.02761386113212218,0.8387553630133696
P01,session_02,013,lean_left,2.6580018997192383,0.4986659444917733,0.2936116503310718,-0.7576614355207919,-0.0030181170347890808,-0.002945832353378453,0.13784124096970626,-1.8060881813081389,0.08745082335056989,2.8615193386622684
P01,session_02,013,lean_left,2.689581871032715,0.4969142956863502,0.29382160373659877,-0.757880162972523,-0.01154247504262866,-9.907832600482992e-05,0.36551332344816895,-1.7525648270252767,0.0337098410790295,1.128288978460808
P01,session_02,013,lean_left,2.7212703227996826,0.5053692854395144,0.27006136459676927,-0.7524534161105056,0.01996885801435992,0.0037960464747079314,0.6414471465317905,-1.8130924250773153,-0.06539829821963122,2.16117608909935
P01,session_02,013,lean_left,2.7535407543182373,0.5008775137178751,0.283228842949353,-0.7571419092687317,-0.010651967431183086,-0.0015855618693927456,0.33372121401967125,-1.8023861460273578,-0.023814368155424516,0.8099126450354457
P01,session_02,013,lean_left,2.8015315532684326,0.5063188788677443,0.2735592849263457,-0.7501126128224535,0.006539903159955033,0.002406699431222247,0.14520871982738368,-1.821263790778228,-0.1329493068601335,2.774111288701529
P01,session_02,013,lean_left,2.8341002464294434,0.5034068815724371,0.27162397149673584,-0.7539193613730867,0.003807706730874254,-0.0005797579529128948,0.11826051907322188,-1.7575038511654537,0.047328359626190586,1.4579898044330937
P01,session_02,013,lean_left,2.8652145862579346,0.503118148071722,0.2693000293198311,-0.757525376775976,2.8314442951256038e-05,0.0002454708192259519,0.007941625135193288,-1.798504687174178,0.04069001660707987,1.307781784933903
P01,session_02,013,lean_left,2.897265672683716,0.5027216856468323,0.2643935300354168,-0.7562860528626972,0.0014534748771805202,-0.0017927454833516646,0.07200775209500013,-1.76316479754368,-0.07820818825024141,2.441172611234173
P01,session_02,013,lean_left,2.9299099445343018,0.5024857203382836,0.26813617846033183,-0.7558473402696386,-0.00017377768374623884,-0.0007538274267626947,0.023697829620169007,-1.7163415381016587,0.11263038782295455,3.4503157253946366
P01,session_02,013,lean_left,2.9617979526519775,0.5006757834055123,0.27010314277022507,-0.7565413132917829,-0.0010611080416764597,-0.0014581641767564151,0.056553666477153895,-1.753032300853959,-0.005114973501769829,0.17008190807935833
P01,session_02,013,lean_left,2.993751049041748,0.5000517114047809,0.27057507708768125,-0.7584086686142638,-7.095199155079235e-05,0.0021895289925182777,0.06855918652558447,-1.807816873330445,-0.13359747462078175,4.181611469504468
P01,session_02,013,lean_left,3.026249885559082,0.4964372606994553,0.27412533781773274,-0.7581413107415889,0.0009444598020378427,-0.005887077736331864,0.18346367435686167,-1.765181292409899,0.1803155510194527,5.5514018268730565
P01,session_02,013,lean_left,3.0591135025024414,0.4960511418966253,0.27465523979872225,-0.7592389250529009,-0.00018435281873758992,0.0005347042811681767,0.017210287094120622,-1.7628270725931678,-0.07793987784312591,2.3716783864315962
P01,session_02,013,lean_left,3.089672565460205,0.4949392640906229,0.27191001607001664,-0.7617667136339902,0.0013229037790337456,0.00011163694157162332,0.043443930940910036,-1.7753172416666563,-0.08496348015491728,2.7806432403279064
P01,session_02,013,lean_left,3.1215906143188477,0.4942866657932758,0.28158322983276085,-0.7605285746914698,-0.0007675978183810244,-0.0005433056273216095,0.029463541111399538,-1.7015727955109345,0.13888002140979683,4.351243585920944
P01,session_02,013,lean_left,3.153400421142578,0.49255881780725935,0.273861044455249,-0.7651794285533924,0.005930831282427234,0.001969562138148286,0.19645874539241123,-1.8464478656104795,-0.17327746582032735,5.450838543692031
P01,session_02,013,lean_left,3.185657262802124,0.48851643945476453,0.2808858549527141,-0.7685540064621723,-0.0069841542669059915,-0.004066644742971288,0.250546293325315,-1.8298923115821237,-0.006530820377241731,0.32212537109843653
P01,session_02,013,lean_left,3.2335941791534424,0.48073188782956283,0.2750557945222436,-0.7858579876738843,0.008587111844175327,-0.001893223949646758,0.18343561295621416,-1.7936127455267619,0.15812288383049494,3.3036584191143117
P01,session_02,013,lean_left,3.2656166553497314,0.4926428878314408,0.28043531205333466,-0.7688177350798584,-0.012282012903339579,0.0019706779049934006,0.38844929123321853,-1.8453836000134083,-0.1825254506914642,5.713137895023793
P01,session_02,013,lean_left,3.2976670265197754,0.4951832227705054,0.278833342950429,-0.764897342889845,-0.00248540651195254,0.00037759714397080226,0.07843672777443252,-1.8168124498349079,0.01722027140877364,0.5429829030679092
P01,session_02,013,lean_left,3.3292906284332275,0.4931618822219269,0.2747674077965412,-0.765758976482087,0.004545507603421984,-0.0022590359386200193,0.16051024247721088,-1.8336553983207229,0.054760017387945066,1.7390418414942268
P01,session_02,013,lean_left,3.361321449279785,0.501071753246623,0.2784911026402089,-0.7563427893269768,-0.008498898863313327,0.0025904085363846873,0.27738604861839494,-1.807920006012663,-0.07860601930133679,2.4697012905020417
P01,session_02,013,lean_left,3.3938255310058594,0.500511935731889,0.27986741173303287,-0.7572562735849039,8.473065621437578e-05,-0.00013194879421718673,0.004824355666671348,-1.8296178490061514,0.032826519934623814,1.0099314526198382
P01,session_02,013,lean_left,3.4257335662841797,0.49850890333143505,0.27859081069623287,-0.761436335407146,0.0018830426985243242,6.78536244467937e-05,0.05905298791988891,-1.8354230248875645,0.05645627805078383,1.77032879289642
P01,session_02,013,lean_left,3.4577372074127197,0.4990674276820613,0.2779659982795237,-0.7585729488715204,0.00019861549514832726,0.0003342903012147733,0.012149930797857525,-1.801879453283438,0.002912678918703318,0.09181828548807208
P01,session_02,013,lean_left,3.4899251461029053,0.4933822590602252,0.2770007414681516,-0.7650941991322127,0.004689262631467981,-0.0021546150475575364,0.16032640582434257,-1.7807984276267315,0.22453474758386044,6.977583925648754
P01,session_02,013,lean_left,3.521359920501709,0.49350433982517977,0.266637191716527,-0.7700329413601829,0.003036730303361726,0.00044772538020768874,0.09764849559431041,-1.8160161126024563,-0.266275853058249,8.47130447401055
P01,session_02,013,lean_left,3.5532612800598145,0.4942977833442629,0.2669357994414953,-0.7664681619780389,-5.7579092683138085e-06,-0.0032140589243484035,0.10075006602988587,-1.7756439264568942,0.023004897463197675,0.7281299179821752
P01,session_02,013,lean_left,3.5854475498199463,0.49847199511950563,0.2680935869418101,-0.7679957848682208,-0.004800864860694563,0.0002505090196180552,0.14936170706418367,-1.7635315130054863,-0.06731249101963764,2.0966686440458653
P01,session_02,013,lean_left,3.6178929805755615,0.4984065180357643,0.2681525159606062,-0.7705433192673697,4.888258413625455e-05,1.3633307869193929e-05,0.001564107573154164,-1.7882537863816392,0.07348941924313561,2.2650165232430806
P01,session_02,013,lean_left,3.6653692722320557,0.49927241884358675,0.26530173200679436,-0.7683975296467968,-0.0003510158987086884,-7.855402137584115e-05,0.007576378165271456,-1.834840327933847,-0.01548323041005015,0.3262135155942131
P01,session_02,013,lean_left,3.697932004928589,0.4991257131130423,0.265423597079592,-0.7701419614870062,-0.0007169265688141668,0.001545747898181157,0.05232709546761381,-1.8486841838815575,0.021349269535466762,0.6577199024802062
P01,session_02,013,lean_left,3.7295918464660645,0.4979976694509937,0.27210449589777563,-0.7686795785564612,-0.00032336868001700303,-0.003209030948191312,0.10187298169286527,-1.8425314593038256,0.05525193903313005,1.7481450561914216
P01,session_02,013,lean_left,3.7614500522613525,0.5018059162635343,0.2703074999497019,-0.7650831130372001,-0.003265804273452061,0.003949444146730475,0.16086282958912293,-1.8029365162478106,-0.07602739372593709,2.3918460114395232
P01,session_02,013,lean_left,3.794004440307617,0.5014005986530824,0.2700135329419723,-0.7637805429921076,-0.0007050552973261164,0.0001299317889019466,0.022022457916261347,-1.8121466533097959,0.04585777845627573,1.4088233565162256
P01,session_02,013,lean_left,3.825831413269043,0.506047599664082,0.2723483176333877,-0.7590119500362634,-0.004716892857002709,0.001939206652167594,0.16024021057445698,-1.8061776235275688,-0.09367929365645772,2.9477516957906014
P01,session_02,013,lean_left,3.8583827018737793,0.502819206430144,0.2715598220048685,-0.7593218404191021,0.0004789052641847175,0.0012952964905312892,0.04242515835281665,-1.7733222997271487,0.15463077501106506,4.750562828115944
P01,session_02,013,lean_left,3.8899810314178467,0.5015491483334601,0.27242767771703214,-0.7627232100456975,-0.0006108728851893094,0.001492525181672591,0.0510374669844637,-1.8358974810924402,-0.016879118088871707,0.5366101677905515
P01,session_02,013,lean_left,3.921868085861206,0.49722143561150794,0.26658352744321007,-0.7656464355494599,0.0005384805343353099,-0.0021240731495742113,0.06871962135735953,-1.7547113158117362,0.10258830372645049,3.2179737313802446
P01,session_02,013,lean_left,3.953317880630493,0.49854882576475973,0.26558202938164455,-0.7623239809892215,-0.0002331347529175696,-0.0012547431958307143,0.04057953245276846,-1.8360537329416586,-0.16556865505540974,5.264694882684391
P01,session_02,013,lean_left,3.9855353832244873,0.5007203835362022,0.2639879505229307,-0.7595640285277602,0.000450022341774853,-0.0001733785321505286,0.0149690596708942,-1.8405151639180506,-0.028282960806112648,0.8780032558882613
P01,session_02,014,lean_left,0.0014591217041015625,0.5362408698419697,0.1150040766761908,-0.7857341430328649,0.0,0.0,0.0,-1.8987969201891923,0.0,0.0
P01,session_02,014,lean_left,0.03316378593444824,0.534940866939668,0.10770936515645704,-0.8049879808311484,0.0024101880241688208,0.012043084808759416,0.3873844241597393,-1.9162777558005317,0.015907814787276434,0.6338925295843492
P01,session_02,014,lean_left,0.0655214786529541,0.5336864706041768,0.10641611412277513,-0.8111519962542929,0.0013841371377212284,0.003971398340244017,0.12997500981372065,-1.9259586575544012,0.017600177778969436,0.5592392809525539
P01,session_02,014,lean_left,0.09825015068054199,0.5336371538830105,0.10559072080929167,-0.8139731509370927,0.0002671467084032794,0.0018564280827915564,0.05730606102240548,-1.9340245259963746,0.009914920967854167,0.3083154636152881
P01,session_02,014,lean_left,0.1297605037689209,0.5330984215365866,0.10343980119632895,-0.8206735824178718,0.0004388462266856521,0.003912272182919147,0.12493697851261061,-1.9343227506023564,0.018471652624956238,0.599374876177031
P01,session_02,014,lean_left,0.16170692443847656,0.5324670720899115,0.10341256203194676,-0.8244725427164932,0.00010253752293069215,0.0004630979610963684,0.014847168444372777,-1.9178833494620235,0.06206953912979254,1.942982971910826
P01,session_02,014,lean_left,0.19367146492004395,0.5322486101496893,0.10382139955888278,-0.8262898416099062,1.5482129935257597e-05,0.001413549259369179,0.04422507005613165,-1.9188789813014049,-0.010791772476951065,0.34050124818259553
P01,session_02,014,lean_left,0.22507166862487793,0.532295445379801,0.10280343923293085,-0.8283936841613896,-3.188534252379784e-05,0.0020766064165191607,0.06614132870113926,-1.941500745806449,-0.002395403853447176,0.10096666583727323
P01,session_02,014,lean_left,0.25732970237731934,0.5324787161882247,0.10291922828041349,-0.8292013036005035,-0.00022997678398802465,0.0012290801110676616,0.03876277265757078,-1.941734396857531,0.0067900519542125025,0.21403120141089563
P01,session_02,014,lean_left,0.2899785041809082,0.5324892884124666,0.10272269633557489,-0.8293312524553419,-0.00032511769629443117,1.6566506817550632e-05,0.009970947823418235,-1.9351069646562247,0.011007436357550518,0.3372941281792855
P01,session_02,014,lean_left,0.33737730979919434,0.5324115447378602,0.10352897424857999,-0.8365257168937801,-9.370399302961301e-05,-1.0635459184962051e-05,0.001989620326182894,-1.9439088430705111,0.004270276803014697,0.09011446495976289
P01,session_02,014,lean_left,0.3694493770599365,0.5324230311829035,0.1035485149576147,-0.837673738743902,-2.9274869222195938e-05,0.0008916240761765948,0.02781562327274107,-1.9783395192179711,-0.009219372796704385,0.2888006568121863
P01,session_02,014,lean_left,0.40116214752197266,0.5328818755213924,0.10040572772782203,-0.8398905586591191,-0.0003900048110423116,0.0010745196005672807,0.03604567124696892,-1.9787849176374013,0.015318265969696437,0.4843745311422997
P01,session_02,014,lean_left,0.4332461357116699,0.5334461627953695,0.09922889954299051,-0.8401410813960956,-0.0005937881000732341,0.0009338817218633093,0.034492918874556355,-1.9760895892651422,-0.003023886221438949,0.10036259095304069
P01,session_02,014,lean_left,0.46588873863220215,0.5338408086138193,0.0987359817668804,-0.8408476044979923,-0.00028306692412517314,0.00038748989652949943,0.014700729943162499,-1.9908155112138912,0.01499341938922594,0.45955577355728244
P01,session_02,014,lean_left,0.4976048469543457,0.5339626544019745,0.09848151806407349,-0.8435530645268348,0.00013381285626524388,0.0010097777666530938,0.03211634346614993,-1.9906798631008125,0.00920571056259459,0.2920248920804352
P01,session_02,014,lean_left,0.5305399894714355,0.5348230007096832,0.09666372663330873,-0.8436811146053078,0.0016305036489979257,0.0006066640428782972,0.05282223543132249,-2.017839722175796,-0.012754823131311193,0.39085669811829143
P01,session_02,014,lean_left,0.561769962310791,0.5349801567800249,0.09647868159804554,-0.8505317823828161,-0.00015174679874614967,2.7296597424968185e-06,0.004859797619600285,-1.9858916932313968,0.02088975176527805,0.668918388158824
P01,session_02,014,lean_left,0.5941827297210693,0.534860005780036,0.11313841495516394,-0.845707334540348,8.123954973580421e-05,-0.0012645064072046234,0.03909303282158057,-1.9959400347281702,0.006167881576289423,0.19426581692136333
P01,session_02,014,lean_left,0.6260380744934082,0.5344528096902996,0.1195012476835754,-0.8444475578665634,0.00040424885458978724,-0.0007057277748380368,0.02553126784194817,-1.9942924812722864,0.0031059048143729307,0.10078764253799874
P01,session_02,014,lean_left,0.6575267314910889,0.5327023918360676,0.11733502631151596,-0.8470184241478821,0.002386804526339577,-0.0012963140819870693,0.08625684810450032,-1.990295610388522,0.036719770542535494,1.1693127182939331
P01,session_02,014,lean_left,0.6900341510772705,0.5332610887202269,0.12597522027385344,-0.8458620762673225,0.004030285585146478,-0.00028010526731961653,0.1242795516663434,-1.9806705637038546,-0.027537052704680768,0.856168635744361
P01,session_02,014,lean_left,0.7376816272735596,0.5326073128725901,0.12110510465774027,-0.8496231684545038,0.008681779649482602,0.0021432645155755993,0.18767878186119824,-1.9734161884356187,-0.0026596500880370104,0.19580378572988408
P01,session_02,014,lean_left,0.7694220542907715,0.534006902940058,0.12439401114771684,-0.8495393220241106,0.006633163369026957,0.001583799951618493,0.21485610493942794,-1.96202911612421,0.02406832906144762,0.7881377847343393
P01,session_02,014,lean_left,0.8014192581176758,0.5304721550665542,0.14105758236956517,-0.8501885382743869,0.010749596204130633,-0.003925461214098582,0.35765342330106975,-1.9432449045537654,0.024968156955667065,0.8583822549996128
P01,session_02,014,lean_left,0.8334255218505859,0.5300315926249171,0.1430921291381034,-0.8465558059597279,0.012916512509517038,-0.0008289049987824262,0.404392164857402,-1.932778117505208,-0.028389546388735604,0.9748340854203492
P01,session_02,014,lean_left,0.865717887878418,0.5300950542800875,0.13747814210595272,-0.8389154855627736,0.010145449479021008,-0.0034649950392254287,0.33199290859565783,-1.9105806506792358,-0.06562258821923117,2.05907981712647
P01,session_02,014,lean_left,0.8974826335906982,0.529806683972996,0.14771479864241924,-0.8298696234636089,0.01249991397028214,-0.004081145367320955,0.4139583343624663,-1.8795843467198907,-0.06972370116334643,2.233696075251256
P01,session_02,014,lean_left,0.929473876953125,0.5281014018421524,0.14861909200358028,-0.8296467670018466,0.014981256434206986,-0.0017949065511974514,0.47164147874221457,-1.8628887355817252,0.06244272556941058,2.0080436803230564
P01,session_02,014,lean_left,0.9629945755004883,0.5218451644238816,0.15195924386587067,-0.8368852363541487,0.012474087926821191,6.150694382112965e-05,0.37213542989806564,-1.8645378283139962,0.09108133275849944,2.7425318180802303
P01,session_02,014,lean_left,0.9939072132110596,0.5211379760224357,0.15310166230773406,-0.8394530305921729,0.016763285282919812,0.0020951032801888926,0.546498259627729,-1.8995205052126478,0.034656928995695876,1.2472295183360615
P01,session_02,014,lean_left,1.025435447692871,0.5157755681601779,0.16221710794668504,-0.839890663837896,0.017010721029821242,0.0007220385057885992,0.5400251002799311,-1.8730427978218647,-0.06093410416494656,2.006712063649923
P01,session_02,014,lean_left,1.057093858718872,0.5145734058090415,0.1772395053286611,-0.835581231744776,0.0116703898830666,-0.0005393190222061462,0.3690281515876108,-1.8922398251728247,-0.003976232582694573,0.3898161491007623
P01,session_02,014,lean_left,1.089590072631836,0.5098484370169623,0.18851629778058923,-0.835298849322093,0.019040138739950672,-0.0016025556052726936,0.5879903763334972,-1.9003354372077166,0.006155745990263715,0.6177509772215737
P01,session_02,014,lean_left,1.1216211318969727,0.510446805157478,0.21128332372079325,-0.8287591092948867,0.007545706837208722,-0.0022187382581967474,0.24554742313951747,-1.898407965958174,0.013760211588842608,0.4948139102115393
P01,session_02,014,lean_left,1.1696434020996094,0.5083511597347625,0.20808821023742782,-0.8247459525517176,0.014585165263029014,-0.002679887189983268,0.3088009714526581,-1.9102857261488944,0.011236830537602336,0.3874407438932547
P01,session_02,014,lean_left,1.201693058013916,0.5068303257434661,0.20529990122820085,-0.819711812405622,0.010751479455501013,-0.0026364186567065006,0.3454016845084129,-1.9229972471287216,0.05116014033962644,1.633218832371279
P01,session_02,014,lean_left,1.2335641384124756,0.5099999875645428,0.22240115104937963,-0.8158256224800112,0.002607498746760756,0.0011615309344007608,0.08956413919845123,-1.9050488165143442,-0.20557622031719663,6.450865008462722
P01,session_02,014,lean_left,1.2653396129608154,0.510177332798635,0.21977826386710653,-0.8134338098248405,0.006696707628034673,-0.0003778321944375672,0.21108600302671182,-1.9315843191363484,0.029376161039448463,0.9482837761001042
P01,session_02,014,lean_left,1.297661542892456,0.5106186926161151,0.2310425676655726,-0.8139299944068968,0.0050093617074338705,0.0011975939422430395,0.15935087253706873,-1.8860131849197805,0.03285676226782999,1.0289609270689082
P01,session_02,014,lean_left,1.3297114372253418,0.5061453475253036,0.22960517265424962,-0.811555168957206,0.012951425837038934,-0.009612080688459729,0.5032339037729943,-1.7977189009642462,0.2126889387040678,6.655235437424612
P01,session_02,014,lean_left,1.3619112968444824,0.5136508172774089,0.22687540993399227,-0.7940619910792787,0.007429652320261195,0.005325361638731559,0.28388548311413914,-1.823349221926424,-0.17921109083971173,5.572821503309753
P01,session_02,014,lean_left,1.3945741653442383,0.5156352038521612,0.26173819252415165,-0.791741106446356,0.016053373369989778,0.00025095587508504184,0.4915469930631463,-1.8007536483491984,-0.015051428281888272,0.673769816374115
P01,session_02,014,lean_left,1.4254753589630127,0.5186989274665732,0.2563247201642489,-0.780672673515537,0.01860390983165177,0.0009723264789273533,0.6028667330948884,-1.7912650228128917,0.021287302238942655,0.9154277005331813
P01,session_02,014,lean_left,1.4575066566467285,0.5198923776196877,0.24838725408681187,-0.7813304402858622,0.009017985934335677,0.0012726506250361463,0.28432640556455824,-1.8026262325728757,0.07643040591026616,2.4029967035185003
P01,session_02,014,lean_left,1.4893946647644043,0.5138597914421801,0.24178922907415776,-0.7848781110767652,0.00914377681370219,-0.0011522842437952365,0.28901445679523835,-1.8206071332987344,0.02348019834251002,0.7910220632659914
P01,session_02,014,lean_left,1.5211119651794434,0.5067327834878673,0.2604540346974213,-0.7790915810560789,0.004617267329555368,-0.0032263470113204815,0.1775940320262941,-1.7062580102454106,0.21540633069773218,6.793767541681349
P01,session_02,014,lean_left,1.5530986785888672,0.5109571570769285,0.26505692935248765,-0.7647798733563951,0.006128098725022804,-0.001063349699529253,0.19444545169722827,-1.7282057308068306,-0.24615895204068763,7.698118660073667
P01,session_02,014,lean_left,1.6016008853912354,0.5070108106964101,0.273264158307398,-0.7620674008745911,0.019058090621141326,-0.0010543448884922876,0.39353328842894747,-1.7140181897792222,0.18044789180181497,3.7411612919021153
P01,session_02,014,lean_left,1.633122205734253,0.5067672612036754,0.28368089341952485,-0.7629356372160013,0.004308560387713289,0.003138032079716929,0.16909796657213957,-1.7574325189405506,-0.023995918526971093,0.7798146081501174
P01,session_02,014,lean_left,1.6656076908111572,0.5037398257369515,0.3081060925924657,-0.7548542650354471,0.00510802895131043,-0.010067679273952794,0.34752077976138623,-1.7499313113045203,0.19827067632810746,6.113247813609424
P01,session_02,014,lean_left,1.6976571083068848,0.5032552947836395,0.29949926287308376,-0.7533002104666838,0.004749252865538035,-0.00028632431737545075,0.14845436859824512,-1.783860885919719,-0.03654888457932135,1.1500137235851602
P01,session_02,014,lean_left,1.729491949081421,0.5006733395460068,0.3106085811223787,-0.7504089246060985,0.005678219140063044,-0.0023988962456750573,0.19362938345890354,-1.6963902600132408,-0.014205428914567476,0.48642270180033176
P01,session_02,014,lean_left,1.7616629600524902,0.4897968068266211,0.3047914272399365,-0.7559551953265067,0.01090003621763661,-0.004679506227736211,0.36871903878501333,-1.7745298573252293,0.0763570687540614,2.4019438234970547
P01,session_02,014,lean_left,1.793320655822754,0.488768801163485,0.3010731867974578,-0.7540153005926034,0.003353341125972299,0.0011700353274107652,0.11218764602923237,-1.7550232509144206,-0.06592039947931125,2.0853067043094557
P01,session_02,014,lean_left,1.8262126445770264,0.4889449580639739,0.31142452805570076,-0.7489815625384778,0.0016611636541035424,-0.0012478155953109774,0.06316495111854023,-1.799141890601399,0.006186415184724646,0.19840596268462166
P01,session_02,014,lean_left,1.8572883605957031,0.4850197289450795,0.30580129583568716,-0.7538091265800817,0.00427298762809171,-0.0011436867275660548,0.14234256665408157,-1.8594723873089545,0.07758079988508954,2.500563499732022
P01,session_02,014,lean_left,1.8893053531646729,0.48247345710440814,0.30779827042089675,-0.7439797166705271,0.006543652874524204,-0.01322332300125448,0.46081266196335036,-1.7736164794197578,-0.26840087640790183,8.395731570526449
P01,session_02,014,lean_left,1.9211010932922363,0.4850771917221546,0.31157848595119725,-0.737868438612497,0.0002514055603758445,-0.002190582906940551,0.06934772312398359,-1.7615741555107929,0.013439292180262442,0.42832697716348367
P01,session_02,014,lean_left,1.9535610675811768,0.48461402027042244,0.31284734695316807,-0.7401981028288571,0.00023599484822779676,-0.00011087914302403063,0.00803280402490578,-1.711418019775934,0.06145596421313163,1.8933014797120313
P01,session_02,014,lean_left,1.985720157623291,0.4817237153313584,0.31112334121735186,-0.7431420766993035,0.002886018258969223,0.00016716194891123893,0.08989232347372464,-1.7611249688583719,0.11613014966601526,3.612232974087108
P01,session_02,014,lean_left,2.0337612628936768,0.48405923309006926,0.3148454793669809,-0.7372506941979603,-0.0010172184245845835,-0.0011341966963864664,0.03171299459278753,-1.704700435990631,-0.05312266533076284,1.1062299146150536
P01,session_02,014,lean_left,2.065582513809204,0.4851398476441316,0.3131194940661674,-0.7329210031975563,0.0015677338651701213,-0.002302103273730934,0.0875271474922511,-1.731210211612079,0.00727318737360213,0.24474973242063391
P01,session_02,014,lean_left,2.0974764823913574,0.48575442775194805,0.3092335020803522,-0.7281747489242182,0.0019696348650926725,0.002834492524717911,0.10822230045569801,-1.6604099217072812,0.08252862727242893,2.589855677004718
P01,session_02,014,lean_left,2.129843235015869,0.48432826912141985,0.31222574656949803,-0.7288725386965949,-0.0016060194374568812,-0.001484060413509006,0.06756061068134002,-1.7018581705039542,0.018831239387283566,0.5857176117738461
P01,session_02,014,lean_left,2.1617324352264404,0.4863297076362576,0.3047758548257115,-0.7258771078385603,-0.0020312507434232015,-2.9904678033925314e-05,0.063704039325775,-1.7614664871811576,-0.17742278489315508,5.564091084017044
P01,session_02,014,lean_left,2.193706512451172,0.48667170024199874,0.30394080147199154,-0.7284362819105616,4.960198244942039e-06,0.000906858960609218,0.028362742711856244,-1.7983450114985455,0.04106379725195248,1.2845971955879643
P01,session_02,014,lean_left,2.225739002227783,0.4910636545805757,0.30535928617596647,-0.7226116653972565,-0.008557953630847102,-0.0006682501723553404,0.26797805262793495,-1.8012704637102421,-0.10774121485159247,3.374156329930373
P01,session_02,014,lean_left,2.2577457427978516,0.4922587021060906,0.30520534937970883,-0.7246746878368862,-0.0016142916737594752,-0.0012145934428053776,0.06311769792281963,-1.8230738206929777,-0.0498487323633315,1.5587232649580707
P01,session_02,014,lean_left,2.2894997596740723,0.4921388894789948,0.30316625286262827,-0.7266454684712639,-0.0001592944811246796,0.0005413166191878012,0.017769973353658104,-1.8925953219726992,0.09300823548247848,2.9290765794180613
P01,session_02,014,lean_left,2.32169771194458,0.49678706730438277,0.3057204575141379,-0.7254345262595747,-0.005448123935611653,0.005560665425676371,0.2417792378955799,-1.8200768881308462,0.02359046002748374,0.7715321814352162
P01,session_02,014,lean_left,2.3535001277923584,0.4976737706150399,0.30964014267910467,-0.7231374211598575,-0.004540557539873543,-0.0021545993034435243,0.15803294320507733,-1.7903363556606806,0.07731541265075578,2.4362485832898853
P01,session_02,014,lean_left,2.385399580001831,0.4967951006113402,0.28545525385466025,-0.7291079300910607,0.0009707146449774864,-0.0005052287328121862,0.03430538771347393,-1.8519929762032508,-0.20426652021648825,6.403541044491746
P01,session_02,014,lean_left,2.433260679244995,0.5022401881867004,0.2937219404012545,-0.7245966994651164,-0.017380804744940196,0.0028101661651811416,0.36786693848481467,-1.8031302908432303,0.0028614942139349253,0.37269374350238127
P01,session_02,014,lean_left,2.4657857418060303,0.5021620626911187,0.28934110598763463,-0.7264626307082612,0.0002632678012419566,-4.985233386908105e-05,0.008238146960774522,-1.8183963412397628,0.007080129347714959,0.21783809668232562
P01,session_02,014,lean_left,2.497779369354248,0.49817071322369516,0.29922874949836337,-0.7347315143971633,-0.012714620353416516,0.002609800776424623,0.4056964375830458,-1.8276085467982799,0.0060218647806370386,0.44723221333991103
P01,session_02,014,lean_left,2.529834508895874,0.5035490601107886,0.29829230043020105,-0.7353486868360902,-0.006235713332952952,0.001187893017835894,0.19802911342301288,-1.8563708027759522,-0.06265421015694357,1.9645822265020747
P01,session_02,014,lean_left,2.5616087913513184,0.5029391745751461,0.29677026415230406,-0.7435746154993272,0.0006836993678205735,-0.0005670236826724795,0.027954512856571183,-1.8179581300709495,0.08796816316142893,2.768674556978721
P01,session_02,014,lean_left,2.5943105220794678,0.5025509859224315,0.29218345918860184,-0.7362525508437016,-0.0002500175996190701,-0.0029279219511367054,0.08985998903200151,-1.7298630247064848,0.15226054026175212,4.656906255593271
P01,session_02,014,lean_left,2.6258223056793213,0.5021107046797116,0.2649424285174681,-0.7355046266638801,0.0005348099998099463,0.0016560977320567254,0.05522730008736883,-1.765984820128213,-0.11666036872664667,3.702530781821796
P01,session_02,014,lean_left,2.6577043533325195,0.5030287795756753,0.2699676136521339,-0.733321741855091,-0.004292177580460982,-0.0014479071305766413,0.1420804270425222,-1.713010578457629,-0.05281700265304513,1.6627192711799483
P01,session_02,014,lean_left,2.6901466846466064,0.5141163562389209,0.27134919329849483,-0.7320778015306456,-0.010044094953001317,0.009515977038023099,0.42648291324224086,-1.776288101650066,-0.07359942388910275,2.308362769626672
P01,session_02,014,lean_left,2.7215914726257324,0.5199532565379512,0.2748768278410943,-0.7256140553949246,-0.00817221619275284,0.0008441120356201746,0.2612736616890296,-1.747850008647213,-0.13654605503859146,4.350259653906063
P01,session_02,014,lean_left,2.7535924911499023,0.5177215891446371,0.2755005619522579,-0.7266642986562871,0.0012142630356301743,-0.0029509228214425727,0.09971508269086556,-1.7869861071798294,0.0797743010813395,2.494861075773091
P01,session_02,014,lean_left,2.7851345539093018,0.5212381952191364,0.2662486573670132,-0.7347609522708237,-0.0001980577127652261,0.0035777890809134015,0.11360280751984941,-1.7789991162882766,-0.036545707502183736,1.1641900313008013
P01,session_02,014,lean_left,2.8171894550323486,0.5210437941796164,0.26728474407737773,-0.7382995151692765,-0.000208856110396654,-0.0003599429009245909,0.012982374519234787,-1.7657721693327628,0.025223371994975995,0.7869874434222851
P01,session_02,014,lean_left,2.8654680252075195,0.5190468527317502,0.26859241077196294,-0.7390502862748712,0.00020572655542195996,-0.002592568003619246,0.053868986499811554,-1.6581506681738045,0.1502709614114715,3.113047140831898
P01,session_02,014,lean_left,2.898008346557617,0.5192995263896183,0.2652523316583704,-0.7386700864809462,0.00042600200431895663,4.074652068792391e-06,0.01309211073978635,-1.669276687357091,-0.003358718483465841,0.10404411892449637
P01,session_02,014,lean_left,2.9298150539398193,0.5191709257846293,0.2650821926409161,-0.7375732427839223,-0.0042270635850943225,-0.0012459469036085183,0.1385514048494365,-1.7020517858929864,-0.0552915128905894,1.7438728545728523
P01,session_02,014,lean_left,2.9616823196411133,0.5194045857376907,0.26436386024458214,-0.7368540793071559,0.0009088078874549923,-0.0007632976404327144,0.03724278186082648,-1.7493006074023278,-0.024661433555610304,0.7747754426657202
P01,session_02,014,lean_left,2.9938416481018066,0.5202432357181306,0.26141777079928685,-0.7362873331014822,0.0011289226403560974,0.0013585796589376975,0.054926837438406186,-1.7057544767990782,-0.04659336472360855,1.449869704848062
P01,session_02,014,lean_left,3.0251500606536865,0.5178266157974353,0.2631405491457463,-0.7362062007444514,-0.003198434019895318,-0.0007744867493023949,0.1051112906722124,-1.7324746291097968,0.11849986825285316,3.786380248458999
P01,session_02,014,lean_left,3.057318687438965,0.5196492931427783,0.25861792587961935,-0.7405931060638504,-0.00032222568286888686,0.008327054912191515,0.2590501327968693,-1.7812875475494583,-0.07629952609698774,2.3859660008694537
P01,session_02,014,lean_left,3.089250087738037,0.5177271315594931,0.2600722508174372,-0.7410303640578948,0.004758537328185063,-0.0033306393817104803,0.18190063368487416,-1.7981955086939452,0.021987861168155532,0.7122172709673529
P01,session_02,014,lean_left,3.1223278045654297,0.5090546135885701,0.2716993186824075,-0.7402662936579565,-0.007842204714847095,-0.010454165352928386,0.3950893963034855,-1.6433926800256962,0.3185654974536447,9.638919369189036
P01,session_02,014,lean_left,3.1538312435150146,0.5102392147608895,0.26958994294182026,-0.7392595313410395,0.0007828203208337622,0.0015143579524907259,0.05411234950177206,-1.7082481044522522,-0.18149571591364524,5.76139392171272
P01,session_02,014,lean_left,3.1854352951049805,0.5063781749744332,0.2668506315337188,-0.744491451318191,0.005566341498126669,-0.0009356001945011013,0.1785980663715136,-1.727124491830161,-0.02685073095154142,0.8681668025023158
P01,session_02,014,lean_left,3.2173919677734375,0.5070829103537345,0.26594494095456206,-0.7450169334027411,-0.0002473129542463554,0.0015039777802196375,0.047695082058344426,-1.738509479920036,-0.08054036101435708,2.5207499729585026
P01,session_02,014,lean_left,3.2491724491119385,0.5072018421247437,0.26378819941469867,-0.7443974956653746,-0.00028180484828805756,-0.0004383369825331337,0.016397100480952716,-1.7495595763197533,0.10857160494199977,3.4163376681007747
P01,session_02,014,lean_left,3.297363519668579,0.5113946247558523,0.26304695514898574,-0.7438314184728687,-0.0014365173415880385,0.0054109791142575815,0.11617125963868132,-1.8730240862548906,-0.23251490087741947,4.8262528068427395
P01,session_02,014,lean_left,3.3297841548919678,0.5106836485460534,0.26316021892969654,-0.7444539283293721,0.00027641123891709873,-0.000665919697515679,0.02223916260276468,-1.7812141278089153,0.10559898489622646,3.2572294029729107
P01,session_02,014,lean_left,3.361299514770508,0.5127112049660969,0.2576173399302867,-0.7429956512830752,-0.00011017957387846029,0.0014853171465662334,0.04725943349902082,-1.8335665008502318,-0.12790511608165417,4.058776037109001
P01,session_02,014,lean_left,3.393598794937134,0.5127929898693792,0.2557405487432369,-0.7447859675845051,0.00032836471015988304,-0.0010007277777421284,0.032608261391526804,-1.8426571611803333,0.046198764366526354,1.430705826221607
P01,session_02,014,lean_left,3.425985813140869,0.5013523360658739,0.2644133419118896,-0.7521625292166076,0.0005176372077738797,-0.009691252785690304,0.2996591755400803,-1.7524462328925972,0.24816593569243806,7.668369791859055
P01,session_02,014,lean_left,3.4571545124053955,0.5053618820663844,0.25388439964068144,-0.7478635430374587,0.002259285501166892,0.006395657413603189,0.2176214986598669,-1.8850367538561246,-0.30316817910632926,9.729121098130117
P01,session_02,014,lean_left,3.4893088340759277,0.49865641734751714,0.2637041577592395,-0.7476691772773864,-0.007652461354981263,-0.010014802149238963,0.391979218585429,-1.7329427912571265,0.24521452449943482,7.6362433184172325
P01,session_02,014,lean_left,3.521554946899414,0.5021291393990135,0.25939033147987295,-0.748787882850346,-0.002344993877366192,0.006186842869568511,0.20518271527822202,-1.8201488738745866,-0.17404917287792893,5.401422678631815
P01,session_02,014,lean_left,3.553901433944702,0.5037341397630567,0.25973933674282407,-0.7450309930616353,0.004625436482922455,-0.004733852314736315,0.20461141782334746,-1.7909107130802968,0.16052083556040572,4.966759475490268
P01,session_02,014,lean_left,3.585514545440674,0.5097027220117456,0.25744025993926034,-0.7413553850059663,-0.004154527969906555,0.005956047395706522,0.2297103684196857,-1.7983008272529546,-0.11120121452459773,3.5250587627502834
P01,session_02,014,lean_left,3.6176798343658447,0.509847232104338,0.2565565132008115,-0.7483867021253118,-3.679643775964431e-05,0.0007002721594289734,0.02180108643864867,-1.8311889292935688,-0.0060821092090704845,0.1903418459419666
P01,session_02,014,lean_left,3.649338722229004,0.5037936745362173,0.26543362346880056,-0.7527737599409834,-0.008039304021388274,-0.003542013219853086,0.27748929200888467,-1.724714231591383,0.09215430942611069,2.9240476385633665
P01,session_02,014,lean_left,3.6812472343444824,0.5069360668579871,0.26386088902921045,-0.7537733888382354,-0.00011014140567944373,0.005064270674910233,0.1587497477878009,-1.7373440780861011,-0.0016319270244225666,0.16678484645298272
P01,session_02,014,lean_left,3.7293148040771484,0.510785699718367,0.24351477900720125,-0.7561686921104841,0.004083931004092134,0.0020867460870255755,0.09541100340983547,-1.8221523427565214,-0.19821713142953173,4.124822221975865
P01,session_02,014,lean_left,3.762150526046753,0.5123880146667527,0.24432040187674722,-0.7527705293597232,-0.0010494745946626309,-0.00041796350138530023,0.034402828725915185,-1.798517652696195,-0.01794654776550773,0.5476372704139432
P01,session_02,014,lean_left,3.7932565212249756,0.5134687847095666,0.24394260108916302,-0.7538666400419461,-0.001580634830690196,-0.0007371807360406925,0.05606918184388955,-1.6684730118851745,0.15946712139120212,5.1268785233478065
P01,session_02,014,lean_left,3.825774669647217,0.5114940930110274,0.24843094987605535,-0.7556770542074117,0.004751675395145029,-0.0010733621180143065,0.14980553741986702,-1.7182626606190057,0.011967329218729261,0.3973416977765697
P01,session_02,014,lean_left,3.8575456142425537,0.5154176744215533,0.24943402236440598,-0.7532641223856639,-0.0030866665110904803,0.0025667049393959898,0.12635474475667685,-1.7107726194344863,-0.09934978172036751,3.129615901847166
P01,session_02,014,lean_left,3.889468193054199,0.5138552177605501,0.2553589993373624,-0.7502547846996747,-0.00513962321305739,-0.00401905335028141,0.20438371571203484,-1.6469364592212605,0.1222312572132297,3.83444160753232
P01,session_02,014,lean_left,3.9215705394744873,0.5170070254031662,0.2522570617990934,-0.7453320047347437,0.001021796495380954,-9.897464642723107e-05,0.03197831084440721,-1.6844997442394902,-0.05440328495460791,1.6949841935494652
P01,session_02,014,lean_left,3.9531562328338623,0.5171821113527977,0.25089654982165716,-0.7475082051255952,-0.00018047970273780197,0.0035035651106188888,0.11106960770664533,-1.8115737463312507,-0.11511913973970023,3.646352850121228
P01,session_02,014,lean_left,3.9862265586853027,0.5153777344100242,0.25948659856694917,-0.7488488915031121,0.002625366111853197,-0.0036288237039544397,0.1354368444234448,-1.8183067339063377,0.16733677425908255,5.061840212906176
P01,session_02,015,lean_left,0.00020694732666015625,0.5522392921135563,0.07495894873120472,-0.7894650393051365,0.0,0.0,0.0,-1.8410830810586647,0.0,0.0
P01,session_02,015,lean_left,0.03148078918457031,0.5403179432849198,0.07017469228794895,-0.8227269856033439,-0.008610809091602702,-0.003737273549988785,0.30015070410241523,-1.905356258442252,0.07871156340718333,2.534684099997403
P01,session_02,015,lean_left,0.06322860717773438,0.5326709600619399,0.06895062324428924,-0.8377485590019887,7.54470109185865e-05,-0.0018045179407913756,0.05688877499197573,-1.9154963256640265,0.1359191189547867,4.281589309671789
P01,session_02,015,lean_left,0.09553289413452148,0.5295364787436782,0.06876229245536934,-0.8453940207059617,-0.001776295848118796,-0.00010406175269659172,0.055080658308193184,-1.9557743440716102,0.013644527487161546,0.4259514427312239
P01,session_02,015,lean_left,0.12741851806640625,0.5296820283238309,0.06552475562299241,-0.8558877106678244,0.0002021866700652128,-3.944145143055911e-05,0.00646052157227134,-1.956743350414112,-0.003665635607276642,0.11514340385810401
P01,session_02,015,lean_left,0.1591169834136963,0.5297800290919215,0.06013508995925838,-0.8621229500436667,2.2375086033394173e-05,0.0007815950857271619,0.02466729169902875,-1.9389764645812533,-0.03103102377853667,0.9792547736920263
P01,session_02,015,lean_left,0.19147372245788574,0.5299299850790342,0.05330412331381821,-0.8758864723084404,6.198858486359842e-05,-0.000551921952235296,0.017164651122463712,-1.961934324351244,-0.043267132423172,1.337300919654115
P01,session_02,015,lean_left,0.2237246036529541,0.5294220421616621,0.05446740135120757,-0.877878279884426,-0.000500803404481543,-0.0010512002220298244,0.036104421159452615,-1.9576170624242057,-0.0030006266592689716,0.09979978852030554
P01,session_02,015,lean_left,0.2552821636199951,0.5295085373213513,0.05458794090786186,-0.8774479478964067,3.986242589753631e-05,-3.1799887938027553e-05,0.0016158602280632302,-1.9593309309443236,0.004469797876867903,0.14164874408757788
P01,session_02,015,lean_left,0.2873709201812744,0.5296158665785107,0.05464955314094507,-0.8776250898951612,8.693959338199618e-06,0.0005935526414196088,0.018499199509391932,-1.9556238840758846,-0.017114973370444948,0.5336842749752196
P01,session_02,015,lean_left,0.3187732696533203,0.5309375355151856,0.052192307293329535,-0.8800527894404714,0.0011945345361900942,0.002739890972252755,0.09518286498351912,-1.9674036574664593,8.464630800125285e-05,0.09522102564879281
P01,session_02,015,lean_left,0.351182222366333,0.5311368043591848,0.05218397622859265,-0.8813910042770864,0.0001447368925823351,0.0007903156162132933,0.02479128959638068,-1.979471176257959,0.0361460119326167,1.1155849703062193
P01,session_02,015,lean_left,0.39957141876220703,0.5334845426083954,0.0499649294208077,-0.8846060971251118,0.0010874252404424786,0.003888771089615443,0.08344733044911262,-1.973290389495674,-0.050384869437951466,1.0445805901502032
P01,session_02,015,lean_left,0.4310622215270996,0.5335144332291512,0.05422867657858278,-0.8845792714588051,0.0002271981565666304,0.0009047706784460538,0.029623272926029957,-1.9588971712505865,0.005414379672145499,0.17446855111406384
P01,session_02,015,lean_left,0.46293210983276367,0.5360037116253487,0.0530248867154406,-0.8792039564428554,0.0024132485849226106,0.0029858828999726754,0.12046402736402946,-1.9409749527979483,0.00791329581715413,0.27597918696254176
P01,session_02,015,lean_left,0.495516300201416,0.5369843362333213,0.06095094027750022,-0.8758381053884962,0.0017941854410643224,0.0006583341902346261,0.058652765378283934,-1.936285088944952,-0.0014716505273441633,0.07402691474729951
P01,session_02,015,lean_left,0.5271422863006592,0.5386576497314092,0.06648410048810743,-0.8738867902499018,0.0031621328193045506,0.001283531529565928,0.10790817126129357,-1.9412155141716736,0.05993946733011125,1.8983294631783445
P01,session_02,015,lean_left,0.5591793060302734,0.540696441913676,0.06666549726429188,-0.8685550748129598,0.0027363391538514107,0.0004700497092652261,0.08666281522419284,-1.9199427856551035,-0.03230657494330225,1.0121309056189995
P01,session_02,015,lean_left,0.5910787582397461,0.53864642829884,0.08241017839671956,-0.8684436623973429,0.0029270124665542936,-0.003977044352295281,0.15480029235204476,-1.9526862849406652,0.03605637397354646,1.1408642369664643
P01,session_02,015,lean_left,0.6231560707092285,0.5392888938872419,0.09331590536464268,-0.8598470912237248,0.005932099532935777,-0.003653940547654641,0.21719847483992888,-1.9373378741165554,0.07997761317810546,2.5027192163624497
P01,session_02,015,lean_left,0.6552863121032715,0.5376650602601721,0.11400907873242201,-0.8549300996005669,0.009543349251021377,-0.0042159973014307605,0.3247136338544954,-1.9243156450568846,-0.03529252186775332,1.1454112591240437
P01,session_02,015,lean_left,0.6871137619018555,0.5329329754216392,0.1284652263235254,-0.843082486834879,0.0056499559587885615,-0.014304844746580263,0.483236991560583,-1.9351827813819873,-0.05571120859585301,1.815892782818389
P01,session_02,015,lean_left,0.7193262577056885,0.5313686440450537,0.1484663318495501,-0.8365724550693787,0.008627479425039088,-0.00598807398160079,0.3260202247149683,-1.9377976060044326,-0.0044550482976182006,0.35414205233088425
P01,session_02,015,lean_left,0.7508785724639893,0.524627925843931,0.1451704851401763,-0.8385988465957451,0.00940597801898213,-0.0065344618068928694,0.36298502189725296,-1.8999776511658575,0.007723196465425775,0.43780428850452857
P01,session_02,015,lean_left,0.7989771366119385,0.525503115831927,0.1599364332110752,-0.8325490555130785,0.015591682982263504,-0.002810759170933951,0.32938632645137567,-1.8986311273145866,-0.0008774194042432634,0.3298910831031222
P01,session_02,015,lean_left,0.8320872783660889,0.5240237607033033,0.15852299544630927,-0.8308041538808283,0.01264914728797923,0.002571300579928048,0.38984571798977163,-1.9027602680076325,-0.008032044167549286,0.4591595206758184
P01,session_02,015,lean_left,0.863713264465332,0.5198368619267758,0.166765736647545,-0.827424820106799,0.013490012311020093,-0.003939440876278116,0.4443642007675562,-1.9056605660112769,0.12646390635831795,4.023348513606418
P01,session_02,015,lean_left,0.8956115245819092,0.5149523114723984,0.16828875455917797,-0.8258403781514961,0.022922510065910638,-0.0016715153151566201,0.720521208508089,-1.9240316118561267,-0.02806924010458103,1.1373139469574471
P01,session_02,015,lean_left,0.9271769523620605,0.5117487856961709,0.16796104627402536,-0.8236546346389326,0.018766335448668042,-0.005688631877288373,0.6212361998480184,-1.912833625123776,0.04969900651388656,1.692604175664945
P01,session_02,015,lean_left,0.9593796730041504,0.5091556266890663,0.1661057381840169,-0.8214287958966006,0.018689270881320323,-0.001329690417218388,0.5818301284485144,-1.9366156001465802,-0.027768328215473283,1.0402323885306495
P01,session_02,015,lean_left,0.9908041954040527,0.5033070947999334,0.18633667528817466,-0.8166268353737138,0.014965937407813027,-0.0026789737035645645,0.48382028284134115,-1.9458945738590159,-0.007897622531076169,0.5452008743731793
P01,session_02,015,lean_left,1.0231778621673584,0.4951973118685299,0.1989669692539719,-0.8183078476466566,0.015587445484976996,-0.007836211744551779,0.5389051857564247,-1.8716129170178897,0.11108912082795336,3.473524769425461
P01,session_02,015,lean_left,1.0554239749908447,0.5021169821374769,0.2008120412064409,-0.8184538982387259,0.012889914280910927,0.01252403058668318,0.5573457842069646,-1.753978618931347,-0.11080524595986345,3.4811421274983703
P01,session_02,015,lean_left,1.0867688655853271,0.49534739968205205,0.20216416908721027,-0.8187326035474862,0.00899859180498437,-0.005760930162186508,0.34087556635330507,-1.8076581480703175,0.05741096938914498,1.8630394213983041
P01,session_02,015,lean_left,1.1190764904022217,0.4994415909596422,0.20588930058704874,-0.8118271401419783,0.007641952515513635,0.0019741051794619053,0.2443019287483631,-1.7519373131650382,0.0729197743517621,2.270228434066532
P01,session_02,015,lean_left,1.1507995128631592,0.5000226158393319,0.24933378637750253,-0.8035264751064132,0.009821656150929716,-0.0017088474763152903,0.31425779382192887,-1.6272362263705569,-0.1850681042024124,5.842331682909675
P01,session_02,015,lean_left,1.1831533908843994,0.4935328501516016,0.26629522284293966,-0.8093945904041053,0.015161156312543294,0.00039794170636176196,0.4687653789484862,-1.6144500159880453,0.2894891253689984,8.959857527061468
P01,session_02,015,lean_left,1.230973482131958,0.49742235648916194,0.2570755370752909,-0.8056613054965498,0.010577192054215107,0.0038526787423558734,0.23540321845515855,-1.651191551048639,-0.09335334648265534,1.9663201563402588
P01,session_02,015,lean_left,1.263587236404419,0.5032816379644826,0.25818824702478893,-0.7938467122137323,0.006428310646352961,0.0013645141467055215,0.20149582526798665,-1.7274090319360118,-0.006841223771596098,0.2908640881327895
P01,session_02,015,lean_left,1.2955524921417236,0.5077728007083488,0.25412348319623806,-0.7879492314894138,0.011688735399369526,0.0011153286106371438,0.3673309154593262,-1.7132048761371266,-0.048136380818052035,1.5500508368916392
P01,session_02,015,lean_left,1.3274073600769043,0.5093973780465308,0.23702487021952662,-0.7766871539565775,0.016576120650329765,0.0007582840374016125,0.5209080033353441,-1.7046193568057735,0.1528199757612885,4.825579853627904
P01,session_02,015,lean_left,1.3593099117279053,0.502301081865644,0.22042273468528897,-0.7845347463705146,0.014961054006432255,-0.0009592731645621696,0.46992403540888,-1.7254749832736522,-0.06590369209101661,2.1185562656178063
P01,session_02,015,lean_left,1.3912475109100342,0.5016493823255643,0.2185985364652384,-0.7779802318987412,0.002769750992053248,0.0012524535715856585,0.0951782009261555,-1.7678690493926568,-0.004607201732759672,0.17282588543969638
P01,session_02,015,lean_left,1.423020839691162,0.5057443456504389,0.22820908410234733,-0.7747758806109046,0.0009584581178311461,0.003003541977611652,0.09922667302920922,-1.7650982965547801,0.06429176771221626,2.0258823002557143
P01,session_02,015,lean_left,1.4551501274108887,0.5088342145619347,0.22683946175116612,-0.776512485342641,0.0024362697447651385,0.005529341319460949,0.18806112246493467,-1.7644732239402379,0.005491212374277708,0.2541203834935115
P01,session_02,015,lean_left,1.4886341094970703,0.5054430374740869,0.24879869203694632,-0.766394155067421,0.0034293042790571964,-0.009674316754262937,0.30653875485252147,-1.7834869300804537,0.12780605281530533,3.829220427815232
P01,session_02,015,lean_left,1.5202481746673584,0.5004393857413241,0.2491053852357845,-0.7664416486600732,0.013025281659197875,0.0019088898057055992,0.41641006749581694,-1.7393827849618806,-0.043968722475771,1.4517959505485174
P01,session_02,015,lean_left,1.5552687644958496,0.4845123963064443,0.2578455565808183,-0.7852378262777159,0.015801377549928337,0.00015500501739380013,0.4512242048684879,-1.8042794234815693,-0.03250450601503423,1.0320239442121883
P01,session_02,015,lean_left,1.5855231285095215,0.4860171306805712,0.26569133910458653,-0.7800983911338057,-0.006746002328289905,-0.0037547149868730114,0.2551869934933869,-1.8666753010918866,-0.03425302089807656,1.160570824972848
P01,session_02,015,lean_left,1.6153614521026611,0.48482980874018217,0.2709944260504314,-0.7774314103084586,0.0021932066520307728,-0.002605391441761356,0.11413563289111027,-1.8346365583243596,0.05525258578850754,1.8552464072974313
P01,session_02,015,lean_left,1.6630017757415771,0.4857887140369026,0.27411878030206865,-0.7755813128993343,-0.004567842675351363,0.0003827521801231193,0.0962178719177207,-1.818710510042294,-0.21543653380754568,4.5231702306654205
P01,session_02,015,lean_left,1.696676254272461,0.48763351914565667,0.27948788189425655,-0.771119427209384,0.00025332677399499755,-0.0016073568530925054,0.04832137581229798,-1.8106977930934887,0.0012466794208291815,0.06087319766174803
P01,session_02,015,lean_left,1.7274775505065918,0.4932963547988566,0.2688480240030044,-0.7657374555734247,0.007322949308168096,0.0023096517413881217,0.24929296909270537,-1.89476434111372,-0.031039502186916337,1.0381108137373216
P01,session_02,015,lean_left,1.7593777179718018,0.48921801687469546,0.2756989771828906,-0.7698141892470982,-0.006221980375940415,-8.424998761388528e-05,0.1950632628687063,-1.8152026711780642,0.2641999960914317,8.284384848516387
P01,session_02,015,lean_left,1.7913627624511719,0.4957727813737222,0.2647960892734744,-0.7656508918107576,0.0049995870005541156,0.005297566473461976,0.22773878228642627,-1.794296350437137,-0.056445875246399706,1.779392337026708
P01,session_02,015,lean_left,1.8240699768066406,0.49520439068743194,0.2593887307863513,-0.7666471131208082,-0.002742216640832775,1.9438741481800624e-05,0.08384344529720036,-1.793724644880316,-0.013309850729058102,0.4154868380378889
P01,session_02,015,lean_left,1.8660454750061035,0.4950039190324849,0.25899015548007215,-0.774112205525919,-2.9501055261367262e-06,0.007049608288997457,0.16794580668883333,-1.7582409484047485,0.031231442668034518,0.7627588524497483
P01,session_02,015,lean_left,1.9054057598114014,0.49263781102158455,0.26117861364975736,-0.7882837620749881,-0.0036368323260184622,-0.0015734249090100917,0.1006751375939472,-1.900607968623229,-0.16691044367155153,4.241775071414862
P01,session_02,015,lean_left,1.9500999450683594,0.49793927646537056,0.2466524320620833,-0.7817183743374999,0.005329520535460864,0.0024263724648786403,0.13102057748158522,-1.8064423501045288,0.07857526524824221,1.7629400315495658
P01,session_02,015,lean_left,1.991544246673584,0.49339271840334137,0.25640924862817677,-0.7766401712383635,-0.00503110371290048,-0.006674574438025224,0.20167660485826483,-1.776032946363309,0.08683772290572843,2.104970958597994
P01,session_02,015,lean_left,2.0243663787841797,0.5035290544581642,0.2421870422480451,-0.7801819697653297,0.007439526638067704,0.014980085309670273,0.5095864599369871,-1.843777378281678,-0.2780371081627411,8.486338802229803
P01,session_02,015,lean_left,2.05419659614563,0.5000991495308897,0.2504506870543021,-0.7691533028551387,-0.006340766243071762,-0.015678455784819564,0.566945413132868,-1.7582647155660678,0.2051479215687181,6.900514458232414
P01,session_02,015,lean_left,2.095487117767334,0.4978615988585368,0.24894257400086625,-0.7703934259958324,0.0014311186565049302,-0.002108352199132496,0.06171357133215893,-1.7717383953312502,-0.009638643263959462,0.24145466446197475
P01,session_02,015,lean_left,2.1284937858581543,0.4965956168774228,0.2531303838461103,-0.7712046719544451,-0.006054407833534262,0.0016386620927362778,0.19002965722330292,-1.8662540133859902,-0.12468583164359695,3.7823718649727214
P01,session_02,015,lean_left,2.159510850906372,0.4994918875952904,0.2701128583201733,-0.7636545819100031,-0.0041547916412781605,-0.0023229482727060045,0.15346655662196962,-1.8810226828838423,0.06011497531239282,1.944192316454445
P01,session_02,015,lean_left,2.1911211013793945,0.5014764776591292,0.26684117650463807,-0.7639858324417975,-0.000986613085879636,0.0010662184365127577,0.045955412060499634,-1.8607985752792906,-0.024809858847431174,0.7862117535813717
P01,session_02,015,lean_left,2.2233943939208984,0.5004896912621078,0.26447375709654314,-0.7654354507430814,0.0025853228422020266,-0.00017202933623054688,0.08028434032472456,-1.8404581461960625,0.029029846282834035,0.9030763645371928
P01,session_02,015,lean_left,2.254850149154663,0.49857917002134955,0.27303734986020445,-0.7612604021106004,-0.008626447147159516,-0.0012653664664693213,0.27717529042942496,-1.8789869828772559,-0.05793820095120934,1.8626335240025937
P01,session_02,015,lean_left,2.2873055934906006,0.4983662194191065,0.25804278582513857,-0.7599652250985612,0.0046679915189578895,-0.0011291444512037264,0.14797563923540383,-1.752882213507434,0.29989722607704095,9.24145963107388
P01,session_02,015,lean_left,2.3191840648651123,0.49624141132766775,0.2591168354601471,-0.7639358960816259,-0.0005008978779291047,-0.00026340604191559897,0.017752862498848103,-1.7440710692556576,-0.12456823650917728,3.9076378727599588
P01,session_02,015,lean_left,2.351539373397827,0.49596811196954876,0.2580365042967892,-0.7633817296119856,0.0009213475587289136,-0.00105246217251268,0.0432315505293449,-1.7493564145630425,-0.02152007230282129,0.6665207125434623
P01,session_02,015,lean_left,2.3832998275756836,0.4975517772843304,0.2546589917468556,-0.7650786778988684,-0.0006709766312344691,0.0022418597887737647,0.07368019445731774,-1.773676679946359,-0.06798585960409861,2.1418497811086565
P01,session_02,015,lean_left,2.415358543395996,0.49806709652957754,0.25566487186060133,-0.7633401343833649,0.0016529085325531162,-0.0009856179173260546,0.06002925355318772,-1.799878258386583,0.16932111923551899,5.281935068683148
P01,session_02,015,lean_left,2.447329521179199,0.4992954017523412,0.2508474071759832,-0.7700606630797081,0.0007936515702673054,0.007774520413558967,0.24443809342122688,-1.83545685375244,-0.266629040170697,8.343302651619783
P01,session_02,015,lean_left,2.4949874877929688,0.496083685302514,0.25345191622555063,-0.7852923899482268,-0.0031776772536590307,-0.000387484985085561,0.06717061609011785,-1.8363902881608511,0.10118990159934967,2.1243148311491273
P01,session_02,015,lean_left,2.5269315242767334,0.4965082293685847,0.2536068972908511,-0.7841336448491618,0.004364182156172856,-0.0004465172239420951,0.13733283788324707,-1.847231881529461,0.056164381801109595,1.7635671330411977
P01,session_02,015,lean_left,2.5600051879882812,0.4980785760400158,0.25792150437392264,-0.7789807721340926,-0.004458394222468117,-0.0003164650934431215,0.13514111376559018,-1.8372652349660568,-0.013422781075767746,0.4277537671504632
P01,session_02,015,lean_left,2.591157913208008,0.4975595535688267,0.25986206718566984,-0.7756116465688988,0.0008479917151172375,-0.004037536678977415,0.1324322759183717,-1.8070730852023817,0.1757600218314118,5.643436793067581
P01,session_02,015,lean_left,2.622853994369507,0.4996044900166447,0.25734673604807656,-0.7700200094244198,0.002415660530536668,0.0011793763420891066,0.08481130704503353,-1.7897565401198452,-0.2835097754133504,8.9450338708519
P01,session_02,015,lean_left,2.654996395111084,0.49421633256057884,0.2676002718691154,-0.7753395645169473,-0.005316270365343215,-0.007752749808818581,0.2924616042774704,-1.7576663025727268,0.1281979126302854,3.999144484086143
P01,session_02,015,lean_left,2.686854839324951,0.49741523650009256,0.2602454518430985,-0.7716288314902116,0.007102849007844218,0.0024382154396813197,0.2357203718974741,-1.8110834514329517,-0.20321245020004933,6.382959603972928
P01,session_02,015,lean_left,2.7193915843963623,0.4978525462068519,0.263906431085082,-0.7694359381004388,-0.004120283938635879,-0.0032337913504147725,0.16097988767864368,-1.831399704324464,-0.003986223559722977,0.20229762913937077
P01,session_02,015,lean_left,2.7512261867523193,0.5046194680516966,0.2520202368088837,-0.761568257697855,0.008353364362086349,0.002507349947980967,0.2739645891905408,-1.8281097624874605,0.056694988676555994,1.8018725811772542
P01,session_02,015,lean_left,2.7834372520446777,0.5037753472735761,0.2657260253744919,-0.7582211389604172,-0.002514390819835685,-0.004308829253312753,0.15487859509746654,-1.8145085112483903,0.10330840522659446,3.210970821247501
P01,session_02,015,lean_left,2.8154075145721436,0.5028508494300459,0.2668597436919357,-0.7609968828089494,-0.00048729100278813164,0.0015061452510161505,0.04951512980057829,-1.530512979333619,0.3724966410038958,11.651452794863227
P01,session_02,015,lean_left,2.847905397415161,0.5050618455043298,0.26873800526586195,-0.7604740557847024,-0.0031498672598976305,0.003008249803803621,0.13402711930972686,-1.6022674806822501,-0.03632034130397289,1.1256294624417895
P01,session_02,015,lean_left,2.879570245742798,0.5047941893067762,0.26915443670061195,-0.7641820231736566,0.0012084012604603078,0.0031028305962845387,0.10515867602598564,-1.8021937614296022,-0.13917007890124228,4.3963548209855245
P01,session_02,015,lean_left,2.927008867263794,0.5042328929260038,0.266767111352016,-0.7639302738032814,-0.0004189902451234488,0.001152769888684969,0.02585556967840416,-1.8356192258988397,-0.20649408793854704,4.35294542886268
P01,session_02,015,lean_left,2.9593634605407715,0.5021194790599927,0.27239191856491984,-0.7614475748145902,-0.0021841328753027084,-0.001452784597102758,0.08107565194588236,-1.8429465580880973,0.021350568061719154,0.664854848195542
P01,session_02,015,lean_left,2.991551160812378,0.5030018060742634,0.2682386610815685,-0.7655766686126952,0.0036292343953659074,0.004160460365732753,0.1715232661630098,-1.711183573047997,0.05718437829761623,1.784851752184312
P01,session_02,015,lean_left,3.022857427597046,0.5037195861627355,0.26392140026498034,-0.7739499443902499,-0.0005181627767539539,0.005835277271716027,0.18712669028053927,-1.786298961976133,-0.22041315096578185,7.043030398936574
P01,session_02,015,lean_left,3.055365562438965,0.5026918377497578,0.2668378580216915,-0.7768667339451776,6.2842599299738185e-06,-0.002852994722737076,0.0877626987133292,-1.7201268869640458,0.20926932386818387,6.438043021928833
P01,session_02,015,lean_left,3.087031602859497,0.49774504419279225,0.2710974366506745,-0.7769611958539075,-0.001322152557103486,-0.0013829253514817143,0.060419981932017905,-1.7506087058330044,0.0035100479980625363,0.12624329090452183
P01,session_02,015,lean_left,3.1187665462493896,0.49679766140690357,0.2707872574984117,-0.7812136698390667,-0.0008870851788231071,0.002656666389136779,0.08825780269346604,-1.7553723103393108,-0.03900053866691272,1.2321112965984349
P01,session_02,015,lean_left,3.1512787342071533,0.49641405509080794,0.2678526157403806,-0.7823181701361591,0.0003553784296894882,0.00011886971716955598,0.011525883414235712,-1.7982582596861403,-0.016429475898732004,0.5054642553778849
P01,session_02,015,lean_left,3.183284282684326,0.4960274505975949,0.26027231963739683,-0.7822463397859916,0.0018476717732525505,0.0006864969573590324,0.06158567224294509,-1.8251490433675663,-0.03219166642015241,1.0076988469598056
P01,session_02,015,lean_left,3.2152764797210693,0.4915720835732926,0.2628731389617209,-0.7852696481070895,-0.0019987969203980028,-0.0027435941592311324,0.1061033889554804,-1.845356230441147,0.027894217728114307,0.8783391101587882
P01,session_02,015,lean_left,3.247533082962036,0.4943854797274584,0.273379777287356,-0.7836786399280924,-0.007425993565750548,0.002120644602779793,0.239419399997045,-1.8346033191379196,0.0008909010086836624,0.24100719560144968
P01,session_02,015,lean_left,3.279046058654785,0.4986343319853312,0.2658254649122007,-0.7759891207184137,0.006040561436603627,-0.001577693017919063,0.19811509315072792,-1.8111199676957304,0.08027438883874621,2.5550363850610265
P01,session_02,015,lean_left,3.3113033771514893,0.49733335310976706,0.2687628156729236,-0.7780277867086416,-0.0006832262034682246,5.956469291298647e-05,0.021260842201679512,-1.7214023670046663,0.03159339176875632,0.9796485295401178
P01,session_02,015,lean_left,3.3590686321258545,0.4985425407956723,0.27064195469303154,-0.7759361594534697,0.0018492302390700288,-0.00023313769197411021,0.039021428180930115,-1.7297855798735777,-0.015160376209570297,0.3197831077357577
P01,session_02,015,lean_left,3.3910298347473145,0.49858673724353014,0.270955326234724,-0.7759460996227564,-0.00023658389443456603,0.0009267896117251002,0.0299272143370911,-1.838105363576577,-0.18613276747477123,5.823786649918817
P01,session_02,015,lean_left,3.423722267150879,0.49402658844484904,0.2797579844392826,-0.7755773910112178,-0.005700382767996024,-0.016872816888481638,0.5447659883304277,-1.5995935876312435,0.46901927060023413,14.356756353609931
P01,session_02,015,lean_left,3.4549427032470703,0.49942322060532446,0.2675374918090959,-0.7683659538216554,0.006257749162886904,0.0008964747147473211,0.2024839356605222,-1.720401916328144,-0.2778080290002874,8.900578600736498
P01,session_02,015,lean_left,3.4873735904693604,0.5022468908611877,0.2705843623577083,-0.7756089805611421,-0.005953618168386944,0.01177123365730389,0.4067477578601651,-1.8809471711014254,-0.18871850775932594,5.833296162436956
P01,session_02,015,lean_left,3.519045352935791,0.5054490301158558,0.26418378188105796,-0.7771559652449979,0.003745329810910658,2.8183870682377397e-05,0.11825789158988338,-1.8173367833539043,0.01642261762626894,0.5318398828348457
P01,session_02,015,lean_left,3.551262855529785,0.499277413079385,0.28431179654750904,-0.7683718167675945,-0.016995643154186345,-0.018329466350406838,0.7758647377973966,-1.743834032950555,0.1299616276505112,4.107818892563915
P01,session_02,015,lean_left,3.583237409591675,0.5050308250653878,0.27675178681075074,-0.7678657937123926,0.006426581821439787,0.008501936085047663,0.3333142158806194,-1.886436509943899,-0.16360132613249748,5.127455240407726
P01,session_02,015,lean_left,3.6152355670928955,0.49806553404049925,0.28120855815501583,-0.7728343370289922,0.0022834969504794975,-0.009817795287016704,0.31501358461717577,-1.7177485165351127,0.2582400942068139,8.076613229664767
P01,session_02,015,lean_left,3.647653818130493,0.500552520491537,0.2624398168361306,-0.7664430451710498,0.004477827743418343,0.003509934397441754,0.1755034526458317,-1.8766592237464568,-0.3108774414166088,9.591186765398458
P01,session_02,015,lean_left,3.6795003414154053,0.5014370321308199,0.26816531367303387,-0.7627611503004251,0.002477499125766549,-0.004920704932699769,0.17299235084465725,-1.8818893171072675,0.0495088840231763,1.564204189078688
P01,session_02,015,lean_left,3.7113068103790283,0.5014113051836746,0.2640370358573903,-0.7634164095382454,5.943687762839386e-06,0.00014371837010545633,0.004522388914107318,-1.8482574678954033,0.01988769812821584,0.6252884695387678
P01,session_02,015,lean_left,3.7433230876922607,0.5033970014600782,0.2530221881809702,-0.7599049596610167,0.0022002876645814302,0.0007641256780280776,0.07275036836760383,-1.8682256826571662,-0.1275903098661257,3.985834046259625
P01,session_02,015,lean_left,3.79097843170166,0.503471070082944,0.25569819724117016,-0.759965300843336,-0.0027025777903577426,0.0033969496491246544,0.0910889396442214,-1.8896728284257274,0.028283733110651722,0.6004553102771623
P01,session_02,015,lean_left,3.8234193325042725,0.505955818539988,0.2560747250873589,-0.7571200736803843,-0.0013413983254376698,-0.0005676483406772416,0.044898951379021265,-1.7991366765108658,0.1615090293916625,4.978764252402875
P01,session_02,015,lean_left,3.8553850650787354,0.507096222692759,0.25250183688785915,-0.7659328544796452,0.0006956669648018396,0.010247996591483585,0.3213310216983475,-1.7717223280289376,-0.028869444407438886,0.9585982221534292
P01,session_02,015,lean_left,3.887239933013916,0.5038399927962876,0.2555002336105281,-0.7692741138415318,-0.003124470460526799,0.0007297381243129181,0.10072420593549818,-1.6907106784903534,0.25430375469798283,7.983834546855059
P01,session_02,015,lean_left,3.919128656387329,0.5092759720603085,0.24893474970422372,-0.7724461645820628,-0.002040294316271304,0.010471741598987101,0.33455882298265716,-1.8519807189626452,-0.2134430764942169,6.701727646373437
P01,session_02,015,lean_left,3.9512529373168945,0.5084278955256913,0.24968518118881897,-0.7805073143258598,-0.00027681696601318626,0.0009858142370375365,0.03187439626839894,-1.8987230036284266,0.04895791601819978,1.5243492203168325
P01,session_02,015,lean_left,3.9835140705108643,0.5024822934671702,0.25533809618571446,-0.7780530717678191,-0.002829244536935945,-0.010734907902253725,0.3441131645816767,-1.7999380917093344,0.07631291441622114,2.3903738969030663
P01,session_02,016,lean_right,0.00023126602172851562,0.5546462674458863,0.029885431614117244,-0.7999719318397025,0.0,0.0,0.0,-1.934704134807098,0.0,0.0
P01,session_02,016,lean_right,0.030791759490966797,0.5460379511835424,0.01789191244584318,-0.8180592991500837,0.010294813281872301,0.0014990181224654813,0.34041911612277237,-1.8914002929717515,-0.07116444583726991,2.35339293631543
P01,session_02,016,lean_right,0.06304049491882324,0.5459068739932283,0.017781619177984872,-0.822582273096631,-1.599554956273191e-05,0.004189469177452592,0.12991206190134227,-1.848784834956957,-0.0009806691282257154,0.1334237002798097
P01,session_02,016,lean_right,0.09511780738830566,0.5424693915663171,0.013802330376595487,-0.8295648110837618,0.002664230732020205,0.0008976361672435947,0.08764397911158417,-1.8087533310035604,0.00031163725801391093,0.08818079175917466
P01,session_02,016,lean_right,0.12679743766784668,0.5426361474396573,0.014094719161066405,-0.8315867004796609,-0.0003278256768766685,0.00018914920944266146,0.011947108602089947,-1.7804801817506744,0.003174647598147178,0.1009206568998523
P01,session_02,016,lean_right,0.1585993766784668,0.5410987290102829,0.01414525859489571,-0.8342774655299168,-6.601028881916678e-05,-0.00021700503792033133,0.007132354929911692,-1.7715747681672633,-0.01442031523433077,0.4534974741732824
P01,session_02,016,lean_right,0.19166350364685059,0.5425333545716461,0.010946914802600204,-0.8348778980619377,0.0020338491211763857,0.0012225067438698303,0.07176921726528035,-1.783776399104874,-0.0384243674920857,1.1643305282421523
P01,session_02,016,lean_right,0.22308087348937988,0.5401346237060466,0.011312955886506158,-0.8383886026325003,-0.0007103875291475445,-0.0002678781711853459,0.024165490290436988,-1.778044175204985,0.023505357740164372,0.7485545700017288
P01,session_02,016,lean_right,0.25506114959716797,0.5397279784910134,0.011520786213092393,-0.8389909462080917,-0.0002490024200395416,-0.0011173773083313372,0.035796616535677825,-1.7670299230754223,0.007048598940655853,0.22329256897378616
P01,session_02,016,lean_right,0.28667783737182617,0.5394483315422587,0.01136358968192902,-0.843084259538657,-0.00021040410763536896,-0.0008585216837740931,0.0279576526202394,-1.7948344371839913,-0.0003291828476684642,0.02983342803455824
P01,session_02,016,lean_right,0.3192763328552246,0.540143620840822,0.012188888276985733,-0.8433645924164485,-0.0008137732927621725,0.0013139329577488898,0.04741092307866482,-1.8227408881927514,-0.07620038707584509,2.3380238194987433
P01,session_02,016,lean_right,0.366868257522583,0.5401242707574816,0.010908726873902819,-0.8475468594559498,0.0003252671653304525,-0.00011763691204148003,0.007267747002132538,-1.8216973555964138,0.01707986437552348,0.3589551467578465
P01,session_02,016,lean_right,0.39963507652282715,0.542871947842838,0.013623834631462507,-0.8444258224417628,-0.0028121527950323378,0.001017580388843826,0.09126908119331877,-1.8517296155545784,-0.01697304984255328,0.5259742489535164
P01,session_02,016,lean_right,0.4309053421020508,0.5429780256514244,0.012539738559948742,-0.8448758594046815,-6.38333400238565e-05,0.0005609979091864464,0.018056062801228293,-1.8392655378623175,-0.029457083053072652,0.942188790524637
P01,session_02,016,lean_right,0.46267175674438477,0.5417956302370782,0.01199225861698126,-0.8475470401822967,-0.0010003220837057666,0.0001644696615589476,0.03191272019111798,-1.844024329261312,0.002232001825109504,0.07717061009666944
P01,session_02,016,lean_right,0.49489641189575195,0.5442699902864747,0.011336814151854892,-0.8446216068151531,-0.003148909705288556,0.001739121351991824,0.11163022579835899,-1.8501644775559973,0.024919521108511165,0.7813216813034576
P01,session_02,016,lean_right,0.5268909931182861,0.5440004292806419,0.008978216452817876,-0.8483610598030689,-0.0016126385490641208,0.0009413472453779758,0.05836240907701132,-1.8382554282859387,-0.00390793600662239,0.13537078799813526
P01,session_02,016,lean_right,0.5585281848907471,0.5434333393016778,-0.0018865511501655991,-0.8460321867551085,-0.0008812094927816727,-0.003086605089599582,0.10146070060684349,-1.7980379246014146,0.05417454514446701,1.715372182903666
P01,session_02,016,lean_right,0.5906665325164795,0.546421750366756,-0.013432954818182921,-0.837758913580708,-0.0018101572220749517,0.0032697256760792237,0.11628938503000219,-1.833204343009699,-0.003956558961131194,0.16934977615572966
P01,session_02,016,lean_right,0.6236529350280762,0.5453222019708154,-0.02605676062809589,-0.8366580750475354,-0.0017990786883352336,-0.0018715183912890558,0.07869938160797195,-1.7989515704558894,-0.03227045308108999,0.9814560162603303
P01,session_02,016,lean_right,0.6547160148620605,0.5420251368215636,-0.021103326924698136,-0.8391430689891162,-0.010629396081029214,-0.002642331710636073,0.35260180928631213,-1.8122265190620221,0.01861228172178862,0.6952273473348117
P01,session_02,016,lean_right,0.6871376037597656,0.5432543012443584,-0.03362240395342268,-0.8312899356170116,-0.0020714987289431157,-0.0020076155634698232,0.08897537646125238,-1.8039329912114705,0.005463944423477823,0.19057358908822608
P01,session_02,016,lean_right,0.7194569110870361,0.5439670289268578,-0.04284107927145812,-0.8300269066433825,-0.0017256809708109113,0.0004517736137312456,0.05519415738252671,-1.7870626288078142,-0.03248918492664955,1.0067703193431206
P01,session_02,016,lean_right,0.7511353492736816,0.544143057029108,-0.04371549588969106,-0.8261856319445531,-0.005979682392517091,-0.004274139689498864,0.23202410700634987,-1.7908455249605417,-0.0024748593671034378,0.2448236304672884
P01,session_02,016,lean_right,0.7995185852050781,0.5455407785191219,-0.0536764987144576,-0.8156663951708353,-0.006942056341196533,-0.008888622563729303,0.23310319717722572,-1.785847346624893,-0.002026242552724702,0.23683528650227573
P01,session_02,016,lean_right,0.8310315608978271,0.5472743709942672,-0.06602345829717146,-0.8135954872081789,-0.00411536905072373,0.00040362718454417,0.13121944411784742,-1.825241663497401,-0.041046085634509386,1.309106846186106
P01,session_02,016,lean_right,0.8629763126373291,0.5493351154970608,-0.07541615968870262,-0.810581170510289,-0.0047874074745091555,7.95871330803045e-05,0.1498859345244085,-1.8308572931738514,0.02317656522670176,0.7408410558718648
P01,session_02,016,lean_right,0.8952412605285645,0.5509949170275888,-0.08458490956311875,-0.8138067060190696,-0.006945627820700016,0.006219710110019517,0.28896498969152756,-1.839733046865149,0.024703865118265132,0.818370666866702
P01,session_02,016,lean_right,0.9270176887512207,0.550676020068103,-0.0985548677050861,-0.8170820228042219,-0.0016430415953419212,0.00470298636786551,0.15677448842953082,-1.8501663104567265,-0.008336138046203225,0.30561254486258743
P01,session_02,016,lean_right,0.959362268447876,0.5537099385861183,-0.1081564296169867,-0.8121086118047073,-0.009965245161912542,0.005181754174178932,0.34725909290909907,-1.846854176076843,-0.038228098892075034,1.2318601469896178
P01,session_02,016,lean_right,0.9908895492553711,0.5565437975885359,-0.11923168958286806,-0.8029914138582501,-0.0044263809612148175,0.002048299951578178,0.15470200017807512,-1.9028560897083753,-0.02698442811689177,0.8697757895485154
P01,session_02,016,lean_right,1.0230324268341064,0.548112103137074,-0.12897753604761644,-0.8091757027445013,-0.014871606839935084,-0.006213818282094826,0.5014353514952846,-1.9318980269666803,0.025313852286874848,0.9336268724191114
P01,session_02,016,lean_right,1.055356502532959,0.5440752418402103,-0.12448045066576417,-0.804277873318448,-0.015953704809329776,-0.003305957020399066,0.5040403329072389,-1.935210527051233,0.013511786063772058,0.6548198195779907
P01,session_02,016,lean_right,1.086902379989624,0.5363740297962027,-0.12385898147500683,-0.8088776367255796,-0.01735035868267971,-0.0032683018008069567,0.5596769911869356,-1.852735516027248,0.04948891901596591,1.665636982435312
P01,session_02,016,lean_right,1.1188554763793945,0.5365088903218173,-0.1359819524477442,-0.8064307589834869,-0.004511255267437419,0.0005867599532085966,0.14237286664559282,-2.0285826390478285,-0.14246173930864997,4.460736921882854
P01,session_02,016,lean_right,1.1508848667144775,0.5354426561352252,-0.1574246270733187,-0.8001060109973871,-0.00750752476722006,-0.007853794710471696,0.3392150886941944,-1.9240276430673797,0.0430401085710559,1.3859230022372984
P01,session_02,016,lean_right,1.19883131980896,0.5231040567771718,-0.1663369455236963,-0.8076815672664691,-0.01873743106836498,-0.0037407293258427676,0.3985108409756707,-1.8229014569870519,0.26245934362993256,5.488496313823625
P01,session_02,016,lean_right,1.2311458587646484,0.5171916705146073,-0.16575819366563965,-0.8107915767909285,-0.008363958834385007,-0.005801059008604672,0.31499153008680286,-1.8535034676472353,0.06686603297308928,2.093062193173497
P01,session_02,016,lean_right,1.2634046077728271,0.5237803805010129,-0.17165038178943737,-0.8020653857923346,-0.007570858631228708,0.003023472940171135,0.2527145947740618,-1.869947288649887,-0.05585590014707816,1.7498410301048937
P01,session_02,016,lean_right,1.2954223155975342,0.5297795346533614,-0.17882468124499443,-0.792144208452881,-0.0011952047997181934,-0.0030997187712833592,0.10376019471960925,-1.920310206378696,-0.16031574247301414,5.008171154460994
P01,session_02,016,lean_right,1.3270268440246582,0.5310692932176072,-0.18134434553464623,-0.7903861728658864,-0.007676056910922046,-0.0004555063791304563,0.24330564519213396,-1.8629235582933226,0.005779156516199554,0.3043597646281468
P01,session_02,016,lean_right,1.35892915725708,0.5242558490899009,-0.19049002740384463,-0.7970909852110762,-0.010680709147439809,-0.003849331317263648,0.3558735341164583,-1.9026232144164432,0.014170625908579178,0.5691651649589707
P01,session_02,016,lean_right,1.391172170639038,0.5194566044459544,-0.18047807687653805,-0.7962539425397783,-0.013874685059360603,-0.00010005696298649768,0.4303272051378586,-1.7639880785164253,0.2158011251315017,6.70677750208198
P01,session_02,016,lean_right,1.4234015941619873,0.518867083204116,-0.18878188995353593,-0.7993847197164173,-0.008600502792333485,-0.0006099266491924305,0.2675227161883683,-1.853507007483888,-0.019834189713954318,0.6710389676364498
P01,session_02,016,lean_right,1.4549176692962646,0.5202646230002914,-0.19601375953677694,-0.7896509005999879,0.0003575462130995077,-0.004716969266260097,0.15009803207870603,-1.8195276028267888,-0.06452627213638822,2.0529028102322866
P01,session_02,016,lean_right,1.4878637790679932,0.519368017960796,-0.18062848719711017,-0.7892045672649356,-0.015204352279616735,0.005748920167975015,0.4933790276566301,-1.8010004582636432,0.05428539819488137,1.719984729458386
P01,session_02,016,lean_right,1.51889967918396,0.5176080344378455,-0.1883189221780029,-0.7870471953770415,-0.010283556062679486,-0.005646174220380075,0.3780014669507019,-1.755440492456183,0.12581647369482327,4.071486252243181
P01,session_02,016,lean_right,1.5512619018554688,0.516019770813577,-0.18465397667767414,-0.7875500226990813,-0.005359750983192216,-0.00021421042368528873,0.1657497369322886,-1.8033549684634775,-0.051693381882692686,1.6059137833701589
P01,session_02,016,lean_right,1.5833303928375244,0.5149172397061906,-0.18862494894033147,-0.7894334999576341,-0.0028119827245476703,0.00022769161184055768,0.08797376770696566,-1.8031464787399518,-0.008852133597598906,0.28971806804199907
P01,session_02,016,lean_right,1.6309328079223633,0.5220545354042597,-0.20247309563993268,-0.7777525654166768,-0.0016414254988330636,-0.004162926683119421,0.0940045756147408,-1.8365300549722396,-0.07153225943021302,1.5056397686565188
P01,session_02,016,lean_right,1.6626396179199219,0.5223762384219415,-0.20089644408104548,-0.7807966312600705,-0.0019160159315284796,-0.0010766179324640881,0.0693156101801049,-1.861091301537501,-0.023136017886398668,0.7329709603381298
P01,session_02,016,lean_right,1.6951053142547607,0.5255138333882955,-0.19706551898246255,-0.7748816674615546,-0.0009515792672480222,0.005829815971502694,0.18194486847831298,-1.8026332685674864,0.015019464696550432,0.49711814568656887
P01,session_02,016,lean_right,1.7267704010009766,0.5290799264158456,-0.2034639243510845,-0.7711649968509201,-0.0018282427264053166,0.000853096384924816,0.0637132250351592,-1.9237396143926278,-0.2098110149670787,6.626247899237879
P01,session_02,016,lean_right,1.7587037086486816,0.5287077618166294,-0.2080487225878504,-0.7677792463927139,-0.0006652719797258591,-0.003935122724619623,0.12497803363954829,-1.9054005040454631,0.02062107799776751,0.6577373479819868
P01,session_02,016,lean_right,1.790701150894165,0.5309087865035154,-0.21083901592399681,-0.7718478404573297,0.0005969628031949086,0.008775232517696562,0.2748817905118375,-1.8827230071709955,0.025283054541519585,0.8366066162439942
P01,session_02,016,lean_right,1.8229329586029053,0.5325497257997492,-0.21657472991732674,-0.7652294579025409,-0.0011880782661585333,-0.0069907761371999924,0.22000050894188397,-1.8502858188408393,-0.0018109725872825942,0.227061836114565
P01,session_02,016,lean_right,1.85463285446167,0.5306785436561751,-0.2149540941441222,-0.7591150480070046,-0.0012698088505058735,7.250113776494109e-05,0.04012243252514103,-1.7305055651439882,0.09245877474141609,2.9169661252391714
P01,session_02,016,lean_right,1.8873224258422852,0.5305553683296239,-0.2151608024920751,-0.7594658126410005,0.0001409634743069011,6.263170904650118e-05,0.004718666884515042,-1.7315195986157537,-0.02455881995408313,0.7512886626931912
P01,session_02,016,lean_right,1.9193322658538818,0.5280182380711316,-0.21845595131784534,-0.7554243970297595,-0.0014844063551270772,-0.008628038741161258,0.2735033828082918,-1.7831788229791259,-0.06704201596838101,2.1122014342707294
P01,session_02,016,lean_right,1.9511845111846924,0.5262386386352995,-0.21818455365483772,-0.7623301333117605,-0.0007143084233624844,0.0056512652779271855,0.17883291747698046,-1.6606331479488512,0.2166408025002799,6.803780205293546
P01,session_02,016,lean_right,1.9828417301177979,0.5294516659279463,-0.23042885308564745,-0.7590855317181502,0.000830783912880261,0.0013111967387660485,0.0490326301649039,-1.886506063610974,-0.19907083781125817,6.288514788745255
P01,session_02,016,lean_right,2.015378952026367,0.5288056514318709,-0.2294136899495226,-0.7569381548091106,-0.0003539692433877722,-0.005831397776153513,0.17955223665267042,-1.8669339092562758,-0.004782128282320206,0.2320353122235985
P01,session_02,016,lean_right,2.0628554821014404,0.5276461578685268,-0.2234077484026955,-0.7561301593535101,-0.006229021614563788,0.008014011006361867,0.21379252462225806,-1.767930862192616,0.015158825994928567,0.3842576596729547
P01,session_02,016,lean_right,2.0949254035949707,0.529673192233061,-0.22507017994861023,-0.7513514783501696,0.00013664074561408506,-0.005668298124214189,0.17679946070729016,-1.8730119245190688,-0.08978638918812816,2.8052839952982076
P01,session_02,016,lean_right,2.127545118331909,0.5257734878633636,-0.22353228813600948,-0.7576636835357385,-0.0028415946396426377,0.0008841385793193075,0.09123206386738537,-1.6539429853764376,0.2101453655418122,6.442926867020228
P01,session_02,016,lean_right,2.1590871810913086,0.5276060123142058,-0.23086999000525993,-0.7544767906312914,-0.0008111381210577267,-0.0037743906162310097,0.12239421356563807,-1.754958160267471,-0.07369381882010811,2.339570211164787
P01,session_02,016,lean_right,2.1907167434692383,0.5262687427836494,-0.22717577705292163,-0.7552202432782152,-0.0018790933826287413,0.0007387314957964553,0.06383546914951696,-1.7340598051898901,0.04281460099148474,1.3551304626330785
P01,session_02,016,lean_right,2.2230098247528076,0.5265831618330344,-0.2267536306295579,-0.7544337509814186,0.00011181887824236756,-0.0008576506546298054,0.026783114872437487,-1.9209413624036076,-0.08902689981885584,2.756971386468391
P01,session_02,016,lean_right,2.254639148712158,0.5237078941332849,-0.2255045771049865,-0.7619514962861251,-0.0023721995123054005,0.005278920687017475,0.18297668906545952,-1.726530861978157,0.16069805083716945,5.083960453780309
P01,session_02,016,lean_right,2.287079095840454,0.520242261397038,-0.22337271707488482,-0.7662050748204574,-0.0035002567796836945,-0.0016514255252646646,0.11930573692187386,-1.7921593692218758,0.019991597844384392,0.627707077037652
P01,session_02,016,lean_right,2.3192598819732666,0.5199738265040472,-0.22412048972911025,-0.7634959845739365,0.0008089875076018817,-0.0002994711013103195,0.026805984597343735,-1.7971992129584946,-0.020504227485045275,0.6377210762599539
P01,session_02,016,lean_right,2.3515005111694336,0.5219878961929609,-0.22247861038309835,-0.7632738439326809,-0.00046133294896201157,-0.0011978299271956936,0.03981306640449452,-2.0031871105486165,-0.2916230574609924,9.045291287420389
P01,session_02,016,lean_right,2.3834121227264404,0.5214160198782665,-0.22296696357192267,-0.7640105028299335,0.0005104076759748442,-0.0006263210877191873,0.025318581696489893,-1.8757151155855603,0.0625970146719133,1.9617382407020982
P01,session_02,016,lean_right,2.414891242980957,0.5223098535610996,-0.22490989834914948,-0.7587433988932042,0.002495961604129003,-0.00244644891529956,0.11102557277903662,-1.9006608035592114,-0.09291427653643002,2.9537034339409307
P01,session_02,016,lean_right,2.4465584754943848,0.5221425494465342,-0.22865401145444023,-0.759593242637955,3.447449885332736e-05,-5.7647754705067286e-05,0.0021211072508361384,-1.740727434454317,0.10172477133668288,3.2123045002378965
P01,session_02,016,lean_right,2.4949429035186768,0.5214435434389983,-0.22120173959586886,-0.770590379713074,6.558363867033111e-05,0.010461719149498411,0.21622503652182198,-1.6884542353542884,0.23125248223140765,4.784370113894693
P01,session_02,016,lean_right,2.52707839012146,0.522187762902039,-0.22053673220445044,-0.7718998363195544,0.0002447677238353936,0.002768850159574263,0.08649776907966054,-1.6924605303884217,0.003552905884447626,0.1403760032293637
P01,session_02,016,lean_right,2.5592546463012695,0.5237469219593237,-0.22420511361417997,-0.768747898601896,0.0004423572617385937,-0.0023317929288378995,0.07376188091781771,-1.7487658871600031,-0.0515865726493467,1.6049455984442493
P01,session_02,016,lean_right,2.5909366607666016,0.5229062001539043,-0.2213004083882281,-0.7734401461924959,-0.001527101565063634,0.004797951730439067,0.15892659543759127,-1.7350534241761588,0.042047107372934905,1.3366419684627222
P01,session_02,016,lean_right,2.6230063438415527,0.5245264160677451,-0.22323545381260104,-0.7728864928359511,-0.0004834465964885768,-0.0018046400232314,0.0582566902970165,-1.8319469506177477,-0.09212953793053477,2.8733829053495192
P01,session_02,016,lean_right,2.654630184173584,0.5218100785042857,-0.22404028556931188,-0.7727963032117767,-0.0003054422033898785,-0.0018607529892375174,0.0596276565431625,-1.6694682673041177,0.057567802356441995,1.821368820409758
P01,session_02,016,lean_right,2.687457799911499,0.5209878242398122,-0.22677292969331425,-0.7695730387831025,-0.0006545652482366418,-0.004093996657363677,0.1262959149251551,-1.7252576931920958,-0.039316474291606306,1.2043052879727252
P01,session_02,016,lean_right,2.7192718982696533,0.5212965768348604,-0.22669039840702024,-0.7679519492774648,0.0006989413687379513,-0.0013006086447693102,0.046410770193772176,-1.8335446138097138,-0.006639678593560777,0.21380049159468004
P01,session_02,016,lean_right,2.751154899597168,0.5214310794610953,-0.22698332623719486,-0.7654219383913061,0.0004407354443652071,-0.002352608508472771,0.07507248026796262,-1.8303169026766184,-0.009351107285147224,0.302749914465824
P01,session_02,016,lean_right,2.7841989994049072,0.5199698877286674,-0.22431966792095953,-0.7654534173846249,2.5791964863667434e-07,-0.0002265107669804749,0.006854806611172425,-1.715069889271024,0.11147814516469834,3.373624215375377
P01,session_02,016,lean_right,2.8149540424346924,0.5199496546918267,-0.22477321104550416,-0.7670624213065822,-7.282214778276704e-05,0.0016592330059154192,0.054001884590278604,-1.6830963737998255,0.021604763607838157,0.7045513263286869
P01,session_02,016,lean_right,2.846564531326294,0.5216836631306742,-0.22455486349734508,-0.7658632926877769,0.00014584571922224035,-0.0008943261787795429,0.028665811772388323,-1.8163553320404948,-0.1343741222047787,4.251031291242769
P01,session_02,016,lean_right,2.8948023319244385,0.5218612995048875,-0.2206063793361124,-0.7649220474664579,0.00011847001847412313,-0.000779920483153097,0.01635370945396434,-1.8701814174914781,-0.017824126944339585,0.3698670994485743
P01,session_02,016,lean_right,2.927098274230957,0.5213227047628336,-0.22162528233964257,-0.7671363359157767,0.0011674306932731716,0.0011024606870099216,0.04971872030921746,-1.7048307432055307,0.09115317603769449,2.82287219954754
P01,session_02,016,lean_right,2.9591891765594482,0.5222297610117943,-0.23223648541494613,-0.7636758012117503,0.0018686024170500302,-0.0029870816969849124,0.10979428886085897,-1.8750782604240965,-0.2685989249096405,8.370660026582259
P01,session_02,016,lean_right,2.9914462566375732,0.5227254873795549,-0.22723717270929972,-0.7675404019241893,-0.00036316067919447514,0.004699609056242488,0.1461266710666519,-1.7270372280092676,0.10792566962727729,3.348987362079519
P01,session_02,016,lean_right,3.023038387298584,0.5229833313359915,-0.22557393002480575,-0.7655918143039598,0.00010717496040929856,-0.001885869009589433,0.05979058457595216,-1.7707536140700177,0.09189271996925853,2.909336276958288
P01,session_02,016,lean_right,3.055201292037964,0.5218067311685395,-0.22541089564265168,-0.7674134380512165,0.0013447282070630274,0.00012610708889222288,0.04199335738625084,-1.7415900143790246,-0.0061288159429055905,0.19512768025082305
P01,session_02,016,lean_right,3.0869946479797363,0.5214704043023404,-0.227294467587895,-0.7654281682799293,-0.00025316266562340137,-0.00276231486658197,0.08724752529778869,-1.7911561919419854,-0.0025781186317370636,0.11911211230450287
P01,session_02,016,lean_right,3.1192612648010254,0.520763011532617,-0.22801632094306912,-0.7669601855536118,0.0007265976611545003,-0.00034457090677046795,0.02492235188254124,-1.7263733805415113,0.059144414385113815,1.833160301890301
P01,session_02,016,lean_right,3.150782346725464,0.5201508079280975,-0.22217679908862004,-0.7698237598263277,0.0007147475607829762,0.005297431209032038,0.16958275247782206,-1.6712476444004691,0.020068966741859668,0.6588814413846102
P01,session_02,016,lean_right,3.183223009109497,0.5214638286645746,-0.2214101095417529,-0.7693491963702151,-0.000823349835362224,-0.0013695159896425207,0.04925796114652571,-1.891168076319206,-0.19775895474324184,6.096219871702437
P01,session_02,016,lean_right,3.216212749481201,0.5202600312220155,-0.2204755640155039,-0.7706101853139262,0.0011994738046487514,-0.00016102395572275226,0.03668516025321806,-1.6622488055546272,0.18513802345702823,5.612107792745447
P01,session_02,016,lean_right,3.246852159500122,0.5223256858443815,-0.22123217809547954,-0.768616361862957,-0.00173942460490325,-0.0033944904756979585,0.12448691051906025,-1.9431564537732402,-0.264914097732569,8.647084079364578
P01,session_02,016,lean_right,3.278671979904175,0.5206137551069427,-0.22171928434574403,-0.7694420879090624,0.00020241687994056862,-0.0006339838646328613,0.02091505947714701,-1.8722199545641234,0.08541334020675447,2.6843625079189763
P01,session_02,016,lean_right,3.3269436359405518,0.5204218205685259,-0.22390356603808625,-0.7729187691847497,-0.0007161076394740792,-0.0011040827900088161,0.027262004974081825,-1.7688043090579455,0.1736540696399411,3.5975367369507953
P01,session_02,016,lean_right,3.358985424041748,0.5199621376390067,-0.22422633310629636,-0.7703558010860604,0.0013132747807163398,-0.003212981609916569,0.10832773946788869,-1.7965490672332487,0.018984372724515686,0.6023095940082006
P01,session_02,016,lean_right,3.3905715942382812,0.5198474401220172,-0.2240832806648145,-0.7680811477119944,0.00035055236739722426,-0.001040406290285756,0.034758130560943276,-1.7887832389897949,-0.010273295504348532,0.32709860881437025
P01,session_02,016,lean_right,3.4230687618255615,0.5192576120660648,-0.22372994305951166,-0.7686517230632743,0.0017496447356706343,0.00045111761199849714,0.055600714577361814,-1.7620008241056337,-0.019054553638096827,0.5889753537961715
P01,session_02,016,lean_right,3.4550535678863525,0.5189265415985235,-0.21857683657421437,-0.7693318670339657,-0.0004457628532164335,0.0025699670716761275,0.08154933180036078,-1.7650107597503895,0.012910654485710969,0.4118049307649389
P01,session_02,016,lean_right,3.486983299255371,0.5206786745187156,-0.2171538257972959,-0.7725694221650802,0.0013026100089966154,0.006964367380466788,0.2218978828303648,-1.7331594206537908,0.020327481607570305,0.6741948452573276
P01,session_02,016,lean_right,3.5192666053771973,0.5201621923442757,-0.21630905495754155,-0.7693186493255634,0.00017946003318340927,-0.0008787224930749295,0.02778094353640401,-1.7425872595363316,-0.021696487402365502,0.6726391661867857
P01,session_02,016,lean_right,3.550846576690674,0.5214777827173032,-0.21702305686268353,-0.7754024273733475,0.0012209042932401928,0.008145095979365441,0.26080109350344566,-1.719742101746255,0.07501581276427988,2.389697686787093
P01,session_02,016,lean_right,3.5828585624694824,0.5259752270164103,-0.22371696673705146,-0.7726830157746366,0.004280248518242948,0.00019910702156908602,0.13385227142126108,-1.772480339750827,-0.06991050387541993,2.187983376996133
P01,session_02,016,lean_right,3.615460157394409,0.5280433937322526,-0.22457133710197622,-0.7662504628894352,-0.0010626363904479514,-0.004191115132689315,0.13262326982230854,-1.7722710448420578,0.0069250277497117695,0.25041673708835543
P01,session_02,016,lean_right,3.6483380794525146,0.5285111834932068,-0.22573402791878525,-0.7676557725824635,-6.727231460557636e-05,0.003838130841264506,0.11675678111182868,-1.7075725695467536,0.08170200053167584,2.487752440067689
P01,session_02,016,lean_right,3.6790006160736084,0.5283591325114286,-0.224999400338532,-0.7606142075252751,-0.0011088601846518332,-0.00807894928455177,0.2659496681217785,-1.8181189996185902,-0.12258735246333251,4.006788010926931
P01,session_02,016,lean_right,3.7109971046447754,0.5262784727654687,-0.2256876431764701,-0.7676719529517163,0.0013011655378650385,0.004312651160046904,0.140786178070377,-1.6652214877255025,0.13804368422282837,4.316635020838395
P01,session_02,016,lean_right,3.758943796157837,0.5267008150784125,-0.22486652043814515,-0.7703589091131147,3.658092198087185e-05,-0.001628968542780077,0.03398314209416702,-1.7810333701743566,-0.11263172515928589,2.3493489673680354
P01,session_02,016,lean_right,3.7915239334106445,0.5268276282086076,-0.22536846981888925,-0.7649176690530516,0.0007792434734040691,0.0007392489081992287,0.03296820443222184,-1.7606628115131568,-0.08136059892287201,2.4974630426263644
P01,session_02,016,lean_right,3.8230857849121094,0.5263456353100388,-0.22264349713044834,-0.7636593201391506,0.00013514065318872255,-0.0019683794563539335,0.06251259045300744,-1.762333034820335,0.009414690314844388,0.30477326768673624
P01,session_02,016,lean_right,3.85536789894104,0.5263211025852981,-0.21992028822337953,-0.7638921364411592,-0.00016150535027526826,0.00025843120997679875,0.009440115730226404,-1.8309100394725542,-0.007420497729239592,0.23005782080362475
P01,session_02,016,lean_right,3.8890843391418457,0.5269856428451343,-0.21697131376682982,-0.766966300121674,8.030446059602377e-06,0.004123238184546544,0.12229185465776514,-1.8425918994865287,0.059105496809599485,1.7572775283351192
P01,session_02,016,lean_right,3.920919179916382,0.5278640745508569,-0.21667218120373558,-0.7670371810612404,5.476457692382567e-05,-0.001720736881942638,0.05407937010654704,-1.8324364067862746,-0.04445963375489017,1.3976182402208461
P01,session_02,016,lean_right,3.9554800987243652,0.5287117746607689,-0.21373365455768858,-0.7712626425793282,-3.676590102394902e-05,0.00825145755046654,0.23875347482957543,-1.6830043404430892,0.1375020460139403,3.985698787852461
P01,session_02,016,lean_right,3.9856605529785156,0.5304435891406027,-0.21452907219324102,-0.7689582026587021,0.0004951195026545033,-0.0017686090013118991,0.06085414932642996,-1.8848190124568693,-0.18615319058946292,6.168305117918242
P01,session_02,017,lean_right,0.0014355182647705078,0.5404795406499789,-0.0009140092431701498,-0.8317098129215268,0.0,0.0,0.0,-1.8305887513530827,0.0,0.0
P01,session_02,017,lean_right,0.03348088264465332,0.5389899231691319,-0.0023419312875256476,-0.8347221472600871,-0.0012848413960154287,-9.399795039059382e-07,0.040094464978611584,-1.8288512163262707,0.008210168037498425,0.25932284048126575
P01,session_02,017,lean_right,0.06569433212280273,0.5418608922652921,-0.007431538345327705,-0.8333121737992569,0.0029253373804667736,0.002155998069382145,0.11280989757779351,-1.8494752588621732,0.05404421660536968,1.6814795294289497
P01,session_02,017,lean_right,0.09805607795715332,0.5418088926356976,-0.007229337289686125,-0.8347661258218311,7.755737334290068e-06,8.888845058306914e-05,0.0027571492325618183,-1.8563297353923316,0.10353854336047918,3.19941273677141
P01,session_02,017,lean_right,0.12944364547729492,0.5429010426928702,-0.01038501072619257,-0.8364202511264612,0.001235402426210686,0.004679048949252177,0.15418182174456085,-1.861293306170681,-0.007856731253009473,0.2939878779800156
P01,session_02,017,lean_right,0.1612560749053955,0.5434431879350837,-0.010482657528958939,-0.8397602350673934,-0.00033860842065575015,0.002339630909456032,0.07431079319993747,-1.8403320500401497,-0.05421439159808594,1.7058083617680384
P01,session_02,017,lean_right,0.19385099411010742,0.5435248767432667,-0.01153689134134577,-0.8397196157904117,0.00011753147053874251,2.111015449377927e-05,0.00366352339025789,-1.8669116596938127,-0.029226186423085696,0.8966560151777992
P01,session_02,017,lean_right,0.2256159782409668,0.5438017125500983,-0.010686384241812938,-0.8402538849762688,-0.0005669986326030373,-0.0003755694596200091,0.02141045730777421,-1.8789371784215783,0.035646654899112444,1.1224039025450545
P01,session_02,017,lean_right,0.27324509620666504,0.5418575161318351,-0.01269118020959883,-0.8457848874058186,0.0018937426034379662,-0.0003119066640749519,0.04029587196375431,-1.8883615397290787,0.07519090115620997,1.5791892651320725
P01,session_02,017,lean_right,0.306229829788208,0.5430763700996671,-0.011573528397877892,-0.843673562467177,-0.0009879754315371958,0.002398283127418006,0.0786367233056976,-1.896708823848623,-0.02015190557151692,0.6159864344090978
P01,session_02,017,lean_right,0.3374209403991699,0.5402681300872455,-0.017969990485473458,-0.848109335830563,0.003281427597053599,-3.530374135717557e-06,0.10520399664779338,-1.904088286757237,0.0020520851284817005,0.12408181839207885
P01,session_02,017,lean_right,0.36946654319763184,0.54223339079898,-0.016194107960954166,-0.8441524967599185,-0.001675136937608687,1.1267244314252274e-05,0.05227471738875158,-1.8845126760838915,-0.014735549443932364,0.46279244412561427
P01,session_02,017,lean_right,0.4011497497558594,0.5415701867337431,-0.0158628511395939,-0.8446815662617713,-0.0006773027632115399,3.340289058087461e-05,0.021403324046385137,-1.8814320370867332,-0.006682476633020129,0.21199861841259998
P01,session_02,017,lean_right,0.43305444717407227,0.541750158541504,-0.01682773131956402,-0.8447799314022817,-0.0002907066480271466,0.0003934400504664874,0.015332806152565832,-1.8778891683373697,0.02153198596100927,0.6750586578869308
P01,session_02,017,lean_right,0.4653341770172119,0.5449575488732357,-0.01384447585530295,-0.8408091302442449,-0.004229525067099325,0.0009947641708111807,0.13460250371648247,-1.8787203629812046,0.006265729121739132,0.23621061125737397
P01,session_02,017,lean_right,0.49721813201904297,0.5463006032263381,-0.02114385972136084,-0.8423181516000867,-0.0002660275757802596,0.0036440840837784396,0.11459624539673958,-1.9013314612913494,-0.1307071245072288,4.101065358912726
P01,session_02,017,lean_right,0.5299899578094482,0.5482774197614815,-0.021649455095769193,-0.8403659583062084,-0.0018450696575613363,0.0009266659062604779,0.06300232956771044,-1.8782159556396987,0.0022248026480080575,0.09261764544364393
P01,session_02,017,lean_right,0.5617923736572266,0.548810921987173,-0.025033832724499352,-0.8388448267244014,-0.0024971438068978518,-0.0003215849869402866,0.0791690073891388,-1.8654240397052693,0.06188262836077833,1.9474566514196796
P01,session_02,017,lean_right,0.5931191444396973,0.553056060965816,-0.029039176774861078,-0.8321161248295013,-0.0040371317639383945,0.00034374275580510976,0.12933792004823547,-1.8838230326232797,-0.11512574826513433,3.6772709681839126
P01,session_02,017,lean_right,0.6258893013000488,0.5582258850577343,-0.03513499913960895,-0.8265350627166915,-0.005930504601685306,0.0014321748986785678,0.18617501143009993,-1.8456554197393769,-0.026914808522322118,0.8421572565187211
P01,session_02,017,lean_right,0.6573197841644287,0.5565657585970093,-0.05921008416589682,-0.8273294728094308,-0.0033717892440263933,-0.0016504198586507885,0.11943959915725418,-1.8624847812225076,0.05938796667742877,1.8932734616697944
P01,session_02,017,lean_right,0.7060542106628418,0.5610164898649164,-0.07959334185008411,-0.8218810757311383,-0.008696232053727342,0.007212215641976017,0.23182400239699588,-1.8456083042134066,-0.017165314401818635,0.4216661905600153
P01,session_02,017,lean_right,0.7376072406768799,0.5651256546868324,-0.09207365747303897,-0.8137507779233808,-0.007898443463459847,0.004487864630602751,0.28790898391005404,-1.8205197086573486,-0.06170124347213621,1.9765586850613577
P01,session_02,017,lean_right,0.7699034214019775,0.5708394546144878,-0.1042098161447956,-0.8082260873284919,-0.011896559260690926,0.0073732678329571765,0.43336967121690395,-1.7838423585742762,-0.04041376074756119,1.3242662335156523
P01,session_02,017,lean_right,0.8012278079986572,0.5577861758231009,-0.11059828849986611,-0.8098643085103446,-0.014304160257645018,-0.008414475921611018,0.529796608857562,-1.8249974668662707,0.2829893343224264,9.049675353901419
P01,session_02,017,lean_right,0.833601713180542,0.5556575772899771,-0.1236132415167161,-0.8012377455229657,-0.014551825315177968,-0.006606730519078111,0.49365005412853463,-1.9075468145316072,-0.21045910330706882,6.5196030368023905
P01,session_02,017,lean_right,0.8654577732086182,0.5480564354267798,-0.14040225537855305,-0.7987679577067046,-0.015490853743515573,-0.006660568189727855,0.5293209293599537,-1.9490146849823426,-0.06445018443248565,2.0912657283298635
P01,session_02,017,lean_right,0.8978374004364014,0.5416055274608967,-0.1485734470332961,-0.8012530673677113,-0.016446012103619262,0.0019127547190579063,0.5113360292740531,-1.7493893104511116,0.19600846820638748,6.075008360808753
P01,session_02,017,lean_right,0.9292418956756592,0.5281614212197064,-0.15332555612073218,-0.805872919888001,-0.02141761078244859,-0.004826162100088793,0.6990920384048457,-1.873099417245009,0.20339646596364394,6.514288019814077
P01,session_02,017,lean_right,0.9619696140289307,0.5188684992088346,-0.16240872444647794,-0.8052241824522077,-0.02545216271856566,-0.01354792784991553,0.8810053699665928,-1.9698324320803897,-0.03900125367055671,1.4819893829571902
P01,session_02,017,lean_right,0.9932796955108643,0.5246489707172249,-0.17175038525382136,-0.7840105202687263,-0.012857754809462621,-0.0037289188816396327,0.42757977070486297,-1.9383486685726172,-0.09507473571869011,3.066509623557297
P01,session_02,017,lean_right,1.0258548259735107,0.5227963600237281,-0.18081034696538537,-0.7806882724648224,-0.012497082088152195,-0.0064032114997287426,0.43106549536960714,-1.9354800410447104,-0.13525218064200997,4.174324182060226
P01,session_02,017,lean_right,1.0574209690093994,0.523385231642958,-0.19259787516241336,-0.7789152395239376,-0.01008017690672171,6.844364216689824e-05,0.319342444091795,-1.7837339586345975,0.022753297352007516,0.7883853652458728
P01,session_02,017,lean_right,1.1052634716033936,0.5227972622627596,-0.19774091243268244,-0.7772552507135615,-0.01535498880201546,-0.002861733398735253,0.3264750905017051,-1.8147066603108264,0.009781517741789671,0.3852100679949778
P01,session_02,017,lean_right,1.137547492980957,0.5193214900814822,-0.20937508950939568,-0.7790804101482872,-0.01239509819709428,-0.0019767539309907675,0.3887908948987447,-1.7821996467590422,-0.08128145199730552,2.547541400107882
P01,session_02,017,lean_right,1.1699347496032715,0.5157138052913451,-0.22630310980359003,-0.7653672391832349,-0.018250761100266966,-0.01312105015546487,0.6940327436755049,-1.898738116586039,-0.1964873403399117,6.1063792888412545
P01,session_02,017,lean_right,1.2017102241516113,0.5097207836618696,-0.24408378482504545,-0.7712297351604464,-0.005611577136908112,0.0024710888662313308,0.1929653033910901,-1.8184428642969994,0.08800552867285007,2.776319535640618
P01,session_02,017,lean_right,1.2334964275360107,0.5065595098678634,-0.25975785452951744,-0.7587250553947088,-0.011049626485904228,-0.009158386785903817,0.4515061149622046,-1.8279740667509672,-0.0028266814728494924,0.46018034477797704
P01,session_02,017,lean_right,1.2655143737792969,0.5047204291917378,-0.25562009192339546,-0.757943943621957,-0.014615005846465884,0.0025471776231035226,0.46334367661930087,-1.7721108214396235,0.03911988436369147,1.306717221912582
P01,session_02,017,lean_right,1.29750394821167,0.5004021899848861,-0.26961843252755396,-0.7496712204569613,-0.00835773112027542,-0.011120732001613513,0.43486765020682305,-1.7538542322679633,0.018650252226735966,0.7273313644565185
P01,session_02,017,lean_right,1.3296887874603271,0.49700963073787235,-0.269351393406314,-0.7521640208185956,-0.006216242231643702,0.0026329871598280556,0.20975320525043556,-1.6577891588033098,0.01847852095470856,0.6112529737401041
P01,session_02,017,lean_right,1.3618953227996826,0.4981193186506288,-0.2774828140100811,-0.7417810103235623,-0.00037682231937274626,-0.0030934939107161268,0.09676172754951089,-1.7314242640052724,-0.11052355829702414,3.4330760318811833
P01,session_02,017,lean_right,1.394099235534668,0.5045540986997121,-0.2618172263237388,-0.7266123429584987,-0.009445584912674157,0.008115581063863645,0.3866977791674454,-1.6382549371341577,0.04764115487496995,1.5290646951951254
P01,session_02,017,lean_right,1.4257667064666748,0.5039453064453667,-0.2779969906037964,-0.7242873914364579,-3.00421088941931e-05,-0.0030645907972558675,0.09677874344084288,-1.6557804711990232,-0.03200407150181859,1.0152524557833145
P01,session_02,017,lean_right,1.4575169086456299,0.5036420921091309,-0.27102025252562445,-0.7230322027510226,-0.0016863444245265855,0.0005340418598107755,0.055712594966439516,-1.6687106877705067,0.016707965576384657,0.5291727365443197
P01,session_02,017,lean_right,1.4893643856048584,0.5065426262816746,-0.2700190019066629,-0.7190825258862665,-0.005484857364140869,3.965463960408524e-05,0.1722271663037484,-1.7175873513083395,-0.018340623825550587,0.6010913218124605
P01,session_02,017,lean_right,1.5373332500457764,0.5043682376378902,-0.27463448337445157,-0.7170593106870436,-0.004769336612807184,-0.003851915027857654,0.12780299415126317,-1.7742430905909659,-0.009672656218537518,0.23873436568478335
P01,session_02,017,lean_right,1.5691258907318115,0.5067776380124519,-0.2733877723915984,-0.7160482675220098,0.0003358642942578747,0.005873045515997319,0.18503154048985837,-1.7664777043290454,0.006295283315563358,0.2710072171719935
P01,session_02,017,lean_right,1.6019923686981201,0.5064890235687193,-0.274136381029228,-0.7156680029325537,0.0008167719690128105,-0.0009452807205670197,0.038010419714928065,-1.816645666794003,-0.0639461077599835,1.9460043661465485
P01,session_02,017,lean_right,1.633580207824707,0.5068900598272954,-0.26964588562014835,-0.7137367570574868,-0.0026729867887999737,0.0005476703037656075,0.08637869394042316,-1.6893616337138084,0.1772010050683082,5.6104505841368235
P01,session_02,017,lean_right,1.665644884109497,0.5063686430262331,-0.2661277067967771,-0.7108541235624642,0.0011915340249222955,-0.0004545959574961934,0.03977299240501261,-1.717468471239939,-0.006071716385180903,0.19349031374441894
P01,session_02,017,lean_right,1.6981275081634521,0.5072824977169688,-0.2667012578710872,-0.7126197331526019,-0.0004003007694589466,0.003086141951267353,0.09580491372589334,-1.6812050115019241,-0.038347624047598526,1.1844390842850347
P01,session_02,017,lean_right,1.7300283908843994,0.507795651009018,-0.2692368560378557,-0.7120871666779618,0.00043892482756418503,-0.0009714302183977792,0.033415645550334744,-1.7722515961391074,-0.07545087707409603,2.3654018490087094
P01,session_02,017,lean_right,1.7616479396820068,0.5077111974515246,-0.2682086904337414,-0.7129147047567429,-0.0012049070891922433,0.0006540282698322907,0.043358249852199444,-1.6745661281042206,0.08105912029948006,2.563942759367118
P01,session_02,017,lean_right,1.7934443950653076,0.5092896360134842,-0.26863173927457945,-0.7156333348352701,0.0016995657080771784,6.536397317571623e-05,0.05349093623423809,-1.746525012150537,-0.0006634121431451163,0.05741603484509306
P01,session_02,017,lean_right,1.8266146183013916,0.5096488986472969,-0.2687452230506102,-0.7169578288592826,0.001930883570735876,0.0017929382544619229,0.07943708130571922,-1.7643533418064772,-0.0729843582122874,2.201730955246326
P01,session_02,017,lean_right,1.8582544326782227,0.5097312101949493,-0.27000721290693186,-0.7114577352300337,0.0016534394211445021,-0.00557819477696445,0.18388494417306836,-1.8279508897015277,-0.13946065763142007,4.411592433114487
P01,session_02,017,lean_right,1.8906700611114502,0.5095028431504899,-0.26488978152861387,-0.7165394682130781,-0.0005478449340089534,0.0033827640640194103,0.10571564854356905,-1.6858031502810087,0.29499209416543093,9.100918663640606
P01,session_02,017,lean_right,1.9214520454406738,0.5113450509497153,-0.25825528618135074,-0.7171758319051639,0.002260300876468751,0.003913475915431056,0.14681704760643258,-1.8230591292794,-0.05858166939229662,1.9087701777511172
P01,session_02,017,lean_right,1.9693512916564941,0.5098175275937882,-0.25955010059071554,-0.7056231802546431,0.000582347054695179,-0.013564793148755963,0.28345514327712684,-1.7783025383947846,-0.046591739440834085,1.013162327454013
P01,session_02,017,lean_right,2.0013792514801025,0.5105980652595903,-0.26067098988781756,-0.7116070947098433,0.0015582220230294166,0.006988338386407036,0.22355320791615926,-1.794170284800513,-0.1276474609054832,3.9917656511274893
P01,session_02,017,lean_right,2.034180164337158,0.50995175651141,-0.26360669685356436,-0.7115561503346173,0.0013991030316728773,-0.0012035433144712874,0.05626479765874681,-1.7439903664652385,0.12226413973952492,3.727886122014578
P01,session_02,017,lean_right,2.0652050971984863,0.5087209797024327,-0.264543842748392,-0.7107583608192708,-0.0005010883661457394,-0.0030349428767809873,0.09914706965028394,-1.6978595594837143,0.0917324753521484,2.958395912758284
P01,session_02,017,lean_right,2.0976510047912598,0.5108085399551148,-0.25536950021351884,-0.7127520480818366,0.002668526395562577,0.004832469635188429,0.17013879408913474,-1.8014946563412073,-0.11173093603232495,3.447806905549283
P01,session_02,017,lean_right,2.1296486854553223,0.5109514171076847,-0.2591278060032567,-0.7118465167786696,0.0020884752840787573,-0.004186020434638205,0.14620080896819182,-1.795301386573822,-0.03869799977242277,1.2182049900052683
P01,session_02,017,lean_right,2.161719799041748,0.5130287361005623,-0.2556567675263659,-0.7158709397554063,-0.0025866008373382765,0.008689591601769351,0.28269658622303545,-1.826526583059391,-0.06215167277357396,1.9584437914268256
P01,session_02,017,lean_right,2.1932713985443115,0.5128614886239324,-0.2562653360110645,-0.7131349166786263,0.00038154950827492493,-0.005740152600808005,0.18233051779752876,-1.9073707568769618,0.007271348084061777,0.2938634706686945
P01,session_02,017,lean_right,2.22619891166687,0.5121422760613071,-0.2558482131320472,-0.7187064562937197,-0.0014390464641085155,0.004580194025092183,0.1458033203646642,-1.6722235489546704,0.1423809022323327,4.326528400535078
P01,session_02,017,lean_right,2.258974075317383,0.5109088413159285,-0.2576918005929228,-0.7188777335294071,0.0011399380624944006,-0.003810769675175412,0.12136065731334707,-1.728654524246338,0.007709037314696875,0.2646734310563513
P01,session_02,017,lean_right,2.289670705795288,0.512234697876966,-0.25828550638824893,-0.7193351702758883,0.0007035681798743851,0.0028687883081388583,0.096225655927623,-1.7929200245289285,-0.21702487113234586,7.070644826498417
P01,session_02,017,lean_right,2.321422576904297,0.5117165782527228,-0.25885154566665386,-0.7224017219062998,-0.00037606959480391156,-0.0002957422126159376,0.015067659273627208,-1.681347069351379,0.12614168310760812,3.972760847757604
P01,session_02,017,lean_right,2.353790521621704,0.511955273164571,-0.25904226736023994,-0.7219602997733403,0.0002809638195834598,-0.0024156543294840634,0.07513417544264052,-1.7543554368774938,-0.022071770214815267,0.686028898411099
P01,session_02,017,lean_right,2.40141224861145,0.5116097933790036,-0.25892074867069365,-0.7191985835802677,-0.0007907716616230967,0.0009211397631857112,0.025492758341415726,-1.6937521035948557,0.20896707659635952,4.388135756777073
P01,session_02,017,lean_right,2.4331493377685547,0.5148692339701331,-0.25892540422881466,-0.715086219432846,0.0034418703380915817,0.00013475228648558038,0.1085325483683657,-1.8605154424143076,-0.14987562589578102,4.723659486010738
P01,session_02,017,lean_right,2.465634346008301,0.5173425696483585,-0.2573495870395604,-0.7100935753642112,-0.0034498980677844346,-9.643337046652073e-05,0.10624117923457807,-1.7850936168686418,-0.05272307308958325,1.6264706167516805
P01,session_02,017,lean_right,2.497504472732544,0.5194039694079426,-0.25722704851386957,-0.711298538649404,0.003767491982260038,0.0032178114536349613,0.15546297604238973,-1.7555565901557004,0.09979518850699161,3.1351650123413397
P01,session_02,017,lean_right,2.52947998046875,0.5193352218844522,-0.25327870184229406,-0.7108733585435507,-0.00023655746478526096,0.00043922877929926314,0.015601944608706102,-1.7074696288629685,0.0025914727520741344,0.08253364505134474
P01,session_02,017,lean_right,2.5614142417907715,0.5181257079735078,-0.2522119140476781,-0.7133011107605378,-0.0013714801514306326,0.0007616154625464957,0.04912474811595499,-1.74804093174269,-0.02517236599238335,0.7897850415724601
P01,session_02,017,lean_right,2.5934839248657227,0.5187023272913531,-0.25868607154360723,-0.7115427962655445,0.003957997249336381,-0.0015415321420232128,0.1324489245438408,-1.83564354722471,-0.05998657159685499,1.87519058452388
P01,session_02,017,lean_right,2.62565541267395,0.5189774562817366,-0.2607106279534744,-0.7108607689942232,-0.00022713055104255027,0.0012263700266897676,0.03876804269597995,-1.6721789033994052,0.05296487482284948,1.646786062265537
P01,session_02,017,lean_right,2.6576919555664062,0.5172499159912608,-0.26528133222435696,-0.7058262185251382,-0.0016688294952422731,-0.007586989752315441,0.24248431776133825,-1.694551165102291,0.008296311067934787,0.3547689304432787
P01,session_02,017,lean_right,2.6901557445526123,0.5137465518957681,-0.2649438731449131,-0.712792685984901,-0.0032078245923276446,0.0029401094761644544,0.13403751405955378,-1.668647087467153,0.04210239322297642,1.303811365732923
P01,session_02,017,lean_right,2.7214765548706055,0.5150837928598945,-0.2679367472358843,-0.7098612934928761,0.0018495841899389622,-0.0005626804594474428,0.06172509042768705,-1.7176565961488246,-0.02680123691752671,0.8579239732288885
P01,session_02,017,lean_right,2.7535903453826904,0.5171989188321726,-0.26596118871250224,-0.7105171436201212,-0.0015726635423035568,0.0037726638249225416,0.12727645965821077,-1.68264356140843,0.0004096963556207122,0.1279142474563077
P01,session_02,017,lean_right,2.8013134002685547,0.5180442116842577,-0.2696119612022396,-0.7094524270765948,-0.0006885158387483885,-0.0001442240267158699,0.014740444595868043,-1.6962974772354804,0.05441617975529103,1.1403445701320694
P01,session_02,017,lean_right,2.8333194255828857,0.5174101925751295,-0.26894888212990226,-0.7129904470516939,-0.0015181230904681734,-0.0003932861396688396,0.04899822433314982,-1.8003251337547677,-0.1845897251587431,5.767551107952078
P01,session_02,017,lean_right,2.865384817123413,0.5186984195263538,-0.2691549330355851,-0.7143031707849661,-5.94812960487419e-05,0.005546512353600868,0.17298498534777354,-1.7837699215686122,0.024649244432906843,0.7879411183672902
P01,session_02,017,lean_right,2.8979907035827637,0.517629188439565,-0.27223436189252487,-0.7098094326479639,-0.0008815111622143003,-0.006114083004437105,0.18945361455099552,-1.6590059360382847,0.08388696448444277,2.579721317755965
P01,session_02,017,lean_right,2.9296836853027344,0.5183960238667604,-0.2731106288622666,-0.7124742479293573,0.0006573348144901883,0.0034761019379175476,0.11162431621042082,-1.6662389513946165,0.03440619425454425,1.0913328736896122
P01,session_02,017,lean_right,2.961613178253174,0.5162543890227285,-0.2728288208417566,-0.7082535449688162,-0.001460099333970398,-0.009419185649139773,0.2985227893328183,-1.681333557344163,0.056811027513797914,1.8041340304285916
P01,session_02,017,lean_right,2.993359088897705,0.5148579402849297,-0.27014830013099445,-0.7079840152474186,-0.003603255618986804,0.0038181230844509728,0.16537267565162161,-1.6699149214321811,-0.020902807162903225,0.6788907053979202
P01,session_02,017,lean_right,3.0254430770874023,0.5139465222445105,-0.26914424914034285,-0.7072234926605138,0.0008495850384896436,-0.003701845185369191,0.1183794655551235,-1.8174517980379539,-0.11269842301713606,3.514600629741492
P01,session_02,017,lean_right,3.0577404499053955,0.5099962794150794,-0.2626999947383484,-0.7148170727885406,-0.006055101806726428,0.0027490213334346474,0.20589648388140377,-1.6780081032583787,0.12690827212479422,3.9347590020964986
P01,session_02,017,lean_right,3.0898380279541016,0.5092251294162586,-0.2663621866253633,-0.7135132708552797,0.0007156125570889973,-0.0023361948111943237,0.07612223631327501,-1.7230532317679277,0.016471466818021325,0.5187837035040552
P01,session_02,017,lean_right,3.1219534873962402,0.51196142478166,-0.2679466311795361,-0.7101695065955896,-0.0009598875446943756,0.005350152791641388,0.16925116712372498,-1.654368089725287,-0.07309704172566552,2.282354426854517
P01,session_02,017,lean_right,3.153731107711792,0.5126767596989885,-0.26825480121795114,-0.7123499964144564,-0.0023910515775105827,-0.001582204762362454,0.09022517506711847,-1.7567442466350447,-0.12252076780449557,3.8566232892209884
P01,session_02,017,lean_right,3.1854770183563232,0.5116890553085641,-0.27136272009317314,-0.7128885466570039,0.0019404103171390271,-0.0008278664669957642,0.06645372055950449,-1.7423375279715683,0.06459542556293733,2.0358485401659583
P01,session_02,017,lean_right,3.2332868576049805,0.511655644369389,-0.27361034729263994,-0.7134682313256858,-0.0006893658653442446,0.0023091958117971803,0.050405910145687516,-1.813571445939301,-0.09939793433857559,2.079637696953345
P01,session_02,017,lean_right,3.265535593032837,0.5095838304508581,-0.2744909497442792,-0.7107357739763562,-0.0009532103904998053,-0.005929949692137603,0.18624212588433733,-1.6898460582659043,0.13696285994395238,4.251158488724216
P01,session_02,017,lean_right,3.297562837600708,0.510188600192772,-0.26976917889709123,-0.7161651662850067,-0.00015259281886706495,0.006318385396786709,0.19733910355944506,-1.6724373893106192,0.048084276844021175,1.5142690592299077
P01,session_02,017,lean_right,3.3298635482788086,0.5080941544811887,-0.2680380799203354,-0.7159731652019424,0.0011914027488802354,-0.004959407504102091,0.15790693374420867,-1.8949724682920435,-0.17100788094269878,5.296599507109236
P01,session_02,017,lean_right,3.3616528511047363,0.5099496587159597,-0.26673277557211517,-0.7192526928564577,-4.803907323787539e-05,0.006724593627878506,0.21154176463061827,-1.7423653811153632,0.057599842321026516,1.8242322332306942
P01,session_02,017,lean_right,3.393794298171997,0.5085535515971865,-0.26842360835175555,-0.7157435860872534,-2.8275528716497398e-05,-0.005223442438582962,0.16251660846540586,-1.8602315046933693,-0.1679215965010257,5.22698372060067
P01,session_02,017,lean_right,3.4254722595214844,0.5119079569498867,-0.2706081874476366,-0.7146668628843141,0.0036325491356319784,0.0036276879220376443,0.16206106038974885,-1.841266096013524,0.06663239275596587,2.1096644308873693
P01,session_02,017,lean_right,3.457818031311035,0.5107566062365779,-0.2739567922603135,-0.7134643798013143,0.0005575573337640136,-0.0029677652775789085,0.09335642341741854,-1.787614643959726,-0.00489947927387334,0.17793030527493883
P01,session_02,017,lean_right,3.4899682998657227,0.511499552227347,-0.27444850160474626,-0.715306354484028,0.0005197640277148594,0.003234152022015684,0.10188567094153661,-1.713380421077549,0.07558062020520749,2.3530618376791326
P01,session_02,017,lean_right,3.521174669265747,0.5133344430001907,-0.27171696835668563,-0.7195189523188623,-0.0018626362847518308,-9.561880298867057e-05,0.05976629165401564,-1.6911989699801333,0.09139410069681717,2.9293099776216267
P01,session_02,017,lean_right,3.553879976272583,0.5142743513277241,-0.2717598843218351,-0.715282137587693,-0.0015676699083874209,-0.002807631206249525,0.09832185414246253,-1.7391805414863293,-0.07230544238553598,2.2130020646102957
P01,session_02,017,lean_right,3.5855157375335693,0.5148822129059406,-0.27257063870416975,-0.7170272621030802,0.0010276339294863176,0.0029364028881812766,0.09833895523217075,-1.6881065963723654,0.02471750745996734,0.7874797166895672
P01,session_02,017,lean_right,3.617417573928833,0.5144116701464152,-0.27241931667069313,-0.7147296268094965,4.295863280898405e-05,-0.003141686770014278,0.09848901549475285,-1.7087199136106768,0.015121728422618145,0.4841319573765441
P01,session_02,017,lean_right,3.6656408309936523,0.5138395140331682,-0.27110949035732207,-0.7144084642732184,0.0004231917541627255,0.0018747107612967554,0.03985384748575474,-1.6770095979780875,0.11651724966530916,2.4165331383661486
P01,session_02,017,lean_right,3.6974213123321533,0.5143543693309572,-0.2711764791044324,-0.7120522907246598,-0.0003806303941775112,-0.002185716841276897,0.06981051092128053,-1.7159437561220459,0.011810681420063128,0.37813321692674656
P01,session_02,017,lean_right,3.7297897338867188,0.5140233929119109,-0.2746257879603961,-0.7126701596893433,0.0025063685093784462,0.000310475045662869,0.07802435653772666,-1.7046247114766242,0.05795574770680177,1.7922019659984703
P01,session_02,017,lean_right,3.7623443603515625,0.5127515589683282,-0.2761378022736085,-0.7054895319881247,-0.0005353358474504857,-0.009422736252410323,0.28991059331919083,-1.7093609846852815,-0.03964304204807265,1.251773424540498
P01,session_02,017,lean_right,3.793743848800659,0.5163225757284776,-0.2784490245038924,-0.7092642018250921,0.00420934347203364,0.00867698553288411,0.30714192266933177,-1.7102925039562529,-0.006306295110563477,0.36697839961605694
P01,session_02,017,lean_right,3.8262500762939453,0.5164404012520064,-0.2783284818498778,-0.7048497103050404,-7.686597199633001e-05,-0.00485582888859098,0.14940021051087587,-1.696117324672745,-0.009057142871489485,0.31615494010929257
P01,session_02,017,lean_right,3.8579585552215576,0.5162729828025271,-0.27565765148458626,-0.7093683543529243,-0.0005867260438542019,0.004307391178700594,0.1370979547294241,-1.7139515197672275,0.008597349135712487,0.3038276592778424
P01,session_02,017,lean_right,3.8894875049591064,0.5154902291943138,-0.2704751206129738,-0.711034162620165,-0.0006708829381847538,-0.000760363866945807,0.032161562239675215,-1.8849889707647962,-0.25098326630703205,7.960471782460295
P01,session_02,017,lean_right,3.921485185623169,0.5151770744564773,-0.2705276662830197,-0.7127087872055442,-0.00012227768289854835,9.863202807428737e-05,0.004909700884067192,-1.645036970201404,0.04258572310327459,1.3309093655612534
P01,session_02,017,lean_right,3.9534430503845215,0.5146113618596613,-0.2710528120765311,-0.7133833933227514,0.00018350956870587522,-0.00012763868699889515,0.006994643831003697,-1.7274592100531303,0.029411972597466366,0.9203625537743026
P01,session_02,017,lean_right,3.9856860637664795,0.5151446043485409,-0.2709987720419371,-0.7134697484427022,-0.00028354879653143624,0.00016354857389326604,0.010152114903835833,-1.7286108870013857,0.014395051415075357,0.44657031466336067
P01,session_02,018,lean_right,0.0005278587341308594,0.5542460496859971,-0.02160685117253574,-0.8267105932830261,0.0,0.0,0.0,-1.8000249231555432,0.0,0.0
P01,session_02,018,lean_right,0.03283238410949707,0.5520772869962159,-0.024374482053859097,-0.8301286922856614,0.0028127402531984763,0.0040464484529220725,0.1525485028702776,-1.8319351087735878,0.0332274207291094,1.0398194213937548
P01,session_02,018,lean_right,0.06537652015686035,0.5509825040805866,-0.02346415133511843,-0.830789157989847,-0.0005312392084376217,0.0022083086252489724,0.06979163459711563,-1.842432555877812,0.05694988166131822,1.7513187754330712
P01,session_02,018,lean_right,0.09719228744506836,0.5470645158980084,-0.0261273168195288,-0.8354657413599204,0.00265070473305864,6.766018144086381e-05,0.08334132235539694,-1.80934629108175,0.04263337762888543,1.3425970317089797
P01,session_02,018,lean_right,0.12869739532470703,0.5475435973445559,-0.026321247563763337,-0.8352066931322071,0.0005305207434104505,0.004772346238045379,0.1524115880775185,-1.7757978185424705,-0.03801504707721841,1.2162188198611183
P01,session_02,018,lean_right,0.16087079048156738,0.5467080723279809,-0.026095453801620188,-0.8373255591869364,-0.0002890242915688395,0.0007916823437295843,0.02619526423795551,-1.8062978945776202,0.027997224918172827,0.8705922089697739
P01,session_02,018,lean_right,0.19291973114013672,0.5470730305508975,-0.026573231621878118,-0.8364151102695696,0.0005479190927646209,0.0025024616588117305,0.0799322359168168,-1.8082868189646109,-0.007259138077874009,0.24019192688630336
P01,session_02,018,lean_right,0.22440028190612793,0.5466631730216235,-0.026595744295089232,-0.8362795177085204,0.00015142038922118776,2.3769321224280057e-05,0.004868867763867766,-1.8560967113818887,0.07501047158785618,2.382760986114291
P01,session_02,018,lean_right,0.25629425048828125,0.5473966533613157,-0.02709273064436332,-0.8363542631477628,0.00047153725294965456,0.0017539051615024965,0.05694448937160702,-1.8824064400583729,-0.03648800560518106,1.1454572595695722
P01,session_02,018,lean_right,0.3046858310699463,0.5472689016473611,-0.028833765297652497,-0.8368403494093105,-0.00014458187867271918,0.0002757130138304999,0.00643339841723376,-1.9073887560301896,0.029035118026990492,0.6000379956734213
P01,session_02,018,lean_right,0.3366129398345947,0.5473897599573297,-0.03179557318889557,-0.8389763314266684,8.523275207335613e-05,0.0017734727984908992,0.05561166734147461,-1.8695901895038973,-0.012671423400785016,0.4007632433309865
P01,session_02,018,lean_right,0.3689556121826172,0.5488940590367578,-0.03390929088615633,-0.8370130659621802,-0.001317256274765868,0.002494702364150997,0.08722586294089826,-1.8590040201892037,-0.1640374173222131,5.072607253042562
P01,session_02,018,lean_right,0.40105199813842773,0.5475279136032686,-0.032531536341063615,-0.8390558429632486,-0.004123587463787594,-0.00032059676685400226,0.12886283894375355,-1.862179761373271,0.017453064821700965,0.5588308202675876
P01,session_02,018,lean_right,0.4324052333831787,0.5459483110229786,-0.028902528507569573,-0.842625210809885,-0.004876034216445175,-0.000849337427496199,0.15786099376129095,-1.8982883109037156,0.04610536435145484,1.4789627645527155
P01,session_02,018,lean_right,0.4654667377471924,0.548029521388897,-0.03222428205033927,-0.8430623379960354,-0.001528455934393626,0.0031819878707478426,0.10677209068230803,-1.8823402915399625,-0.03502913858474072,1.064880723392719
P01,session_02,018,lean_right,0.4975247383117676,0.549472357354461,-0.04156865654433911,-0.8396351082254243,-0.0031572796455567524,0.00048206800185029443,0.09962785410114314,-1.8603809084421252,-0.010604818064781283,0.34547792830274326
P01,session_02,018,lean_right,0.5285804271697998,0.549422746401118,-0.042061084979170556,-0.8372892468768329,-0.010034027601431362,-0.0036202301624859074,0.3434841000479741,-1.851777209166565,-0.008815730461001441,0.4456036664673738
P01,session_02,018,lean_right,0.5608630180358887,0.5496896366369661,-0.05017565231826681,-0.8364079978462665,-0.006050251165147792,1.968063850160984e-05,0.18741628264507043,-1.850977822101693,0.004699226837815517,0.23730599638468372
P01,session_02,018,lean_right,0.5957646369934082,0.5533975515803193,-0.056943071104841585,-0.8301005643709151,-0.016584764207555683,-0.0009540124266729735,0.4759716332198962,-1.8080491978338031,-0.032624909297361226,1.0489708389545762
P01,session_02,018,lean_right,0.629772424697876,0.5483130069967225,-0.08140702864005891,-0.8342986967778255,-0.008377879262208395,-0.00017392881515428842,0.24640486948437929,-1.868406544641124,0.045836384654440135,1.370158663990271
P01,session_02,018,lean_right,0.6599657535552979,0.53939577516397,-0.09169686728647664,-0.8360893211450497,-0.018218676973834495,-0.005059859582906603,0.626239724394402,-1.827786051798132,0.022050907732746493,0.9620546226026145
P01,session_02,018,lean_right,0.6908607482910156,0.5263446573763185,-0.0960411740296463,-0.8367264022136437,-0.02100613682649094,-0.008396430223540757,0.7322242710732517,-1.9815472842990673,0.17521701233936154,5.718445095279922
P01,session_02,018,lean_right,0.7368044853210449,0.5190835479095459,-0.10962317341928875,-0.8328716147100159,-0.024480389699463513,-0.013301408749983425,0.6064084506586317,-1.9413248413557727,-0.008326858251282905,0.6329133177236095
P01,session_02,018,lean_right,0.7693543434143066,0.5244850621635362,-0.12499664498839165,-0.8241290518118058,-0.010739866791170784,0.0023170900183740817,0.33754298144993905,-1.906522696963106,-0.038374040456586815,1.2263008747693422
P01,session_02,018,lean_right,0.8011438846588135,0.5171975772887349,-0.12532214737269112,-0.8257063089219843,-0.026164236551915226,-0.010107713578387394,0.8823267859783742,-1.8836239861271342,0.02850828489287032,1.258061332464471
P01,session_02,018,lean_right,0.8329885005950928,0.5090285797072118,-0.1349474825550075,-0.8224465695725129,-0.021521586760451756,-0.005445497788894129,0.6971295581339368,-1.9212917592774321,0.0006186708432990459,0.6974002152664647
P01,session_02,018,lean_right,0.8652231693267822,0.5157425228257196,-0.16354149549999167,-0.8078769457631518,-0.013580492570310338,-0.004098998327670456,0.4400731194138615,-1.8944335977065359,-0.10330752840258929,3.2349308566675306
P01,session_02,018,lean_right,0.897310733795166,0.5199410920686428,-0.17135730492662388,-0.7975749387369543,-0.017266269423128068,-0.0004452512868074176,0.5382773569756399,-1.8399852374210732,-0.014178513653262517,0.6964130251232238
P01,session_02,018,lean_right,0.9286813735961914,0.5214694450468108,-0.18361748033918418,-0.7812047583819538,-0.019365243594882744,-0.006758808375090175,0.6538224977113817,-2.007919362930724,-0.13812548440569486,4.451297486680183
P01,session_02,018,lean_right,0.9607250690460205,0.5182036064862351,-0.1845285623986678,-0.7673520682520335,-0.019811994000650496,-0.001759371480770643,0.6207136647620289,-1.9277414681293221,-0.05247530179972957,1.751306664810059
P01,session_02,018,lean_right,0.9927165508270264,0.5152545249487904,-0.2157404863314869,-0.7678722891252393,-0.008662046293182665,-0.0020424461255510364,0.2781861161591993,-1.9090639013763198,0.017045853260159984,0.6010738130260466
P01,session_02,018,lean_right,1.024672031402588,0.514678436471341,-0.2271756210398585,-0.7639691746875711,-0.01657555104647551,-0.0017880984516111087,0.5217170239506647,-1.8791060616574573,-0.06964151278713135,2.240907078294842
P01,session_02,018,lean_right,1.0573928356170654,0.514802157229536,-0.24314572645274504,-0.7556349492745494,-0.022927082943749708,0.006445448845548947,0.7278505354776517,-1.781336914468282,0.06694466235919969,2.1715476971709937
P01,session_02,018,lean_right,1.0889630317687988,0.5101430912004659,-0.2532261215174896,-0.742166626847957,-0.011919907403029438,-0.011550593704962756,0.5257555216432916,-1.806817092712756,-0.08453762448229343,2.7288924738872318
P01,session_02,018,lean_right,1.1367652416229248,0.5086406886443017,-0.26457320987179517,-0.7180903918450667,-0.010601550719699433,-0.004974175711044421,0.24497775983316547,-1.6223387603751016,0.054612224817382996,1.168432417817049
P01,session_02,018,lean_right,1.1685826778411865,0.5069787472388907,-0.27391059289948144,-0.7127383093290481,-0.005679094103676048,-0.0011870286461755,0.1823472726619543,-1.5895414599702558,0.07502305559188319,2.3649630140295312
P01,session_02,018,lean_right,1.200786828994751,0.5029672948504071,-0.27813397895889863,-0.6993020396085082,-0.010367483037133366,-0.0005895081220407519,0.32245003288025886,-1.6506921862330552,0.055601121465789154,1.7563730956031731
P01,session_02,018,lean_right,1.23260498046875,0.5039487178271793,-0.2924691421275076,-0.6842810999259517,-0.014175772837148345,-0.00016055860927964623,0.44555329006252525,-1.6849956606161471,0.036034733444799925,1.217013627873324
P01,session_02,018,lean_right,1.2649762630462646,0.5045335875450697,-0.2877731848079725,-0.6771018471290227,-0.016619713703390854,-0.006964064413706146,0.5566599580235203,-1.6107340743322462,0.030557869502941763,1.0958878025928933
P01,session_02,018,lean_right,1.297783613204956,0.502279639316083,-0.3022783027491449,-0.6689948584835863,-0.011906178152085837,-0.0067701422134312,0.41748020830071847,-1.601581562711928,-0.02951857834066439,0.9918915460490323
P01,session_02,018,lean_right,1.3286104202270508,0.5051119425101464,-0.2894118086427291,-0.6602008847314466,-0.009069078925924295,-0.00043932458099487867,0.2945395405738715,-1.5703775150504,0.01767228263138988,0.6445148828218761
P01,session_02,018,lean_right,1.360741138458252,0.5073507941389215,-0.2911868695719755,-0.638782571477303,-0.009890701851589752,-0.01317702907835952,0.5127817397811667,-1.5163865768598235,0.03953047045397033,1.3328866659640795
P01,session_02,018,lean_right,1.3923590183258057,0.50897991853353,-0.3053691458907039,-0.6296479673176755,-8.220847052842571e-05,-0.0046861755853287,0.1482356385492996,-1.56820708576204,0.12006971630228805,3.800417928324129
P01,session_02,018,lean_right,1.4243121147155762,0.510223968712302,-0.29468390481945206,-0.621780474446876,-0.009021357473742067,-0.003193172920516395,0.29949551261556107,-1.5670769759573169,-0.035109803069560616,1.138877154244636
P01,session_02,018,lean_right,1.456350326538086,0.5083159941383475,-0.3034387920390066,-0.6217640587491098,-0.0007792962418159401,-0.002860827394134296,0.09254790267828432,-1.5168248433989142,0.05579636503673623,1.7440140865914238
P01,session_02,018,lean_right,1.489131212234497,0.5091798381565515,-0.3065635116490327,-0.6167816690078918,-0.0007294893026868786,-0.001840009243676929,0.06038093293385139,-1.5298376030768706,-0.015888304521644643,0.4884285791297476
P01,session_02,018,lean_right,1.5207407474517822,0.5079689404240324,-0.3122160453100358,-0.6180004383441984,0.0004469301630516092,-0.0007011601035252905,0.026304969508111332,-1.5149808711720072,-0.0076895866562334304,0.24468601145323016
P01,session_02,018,lean_right,1.568650245666504,0.5158868920775271,-0.3023956345676107,-0.6142171501887701,-0.005174977803001516,0.005540750092210279,0.15824788585223654,-1.5973552078264694,-0.11439394212370822,2.3929473179504273
P01,session_02,018,lean_right,1.6006813049316406,0.517106683482877,-0.29428651510869785,-0.6053791241054757,-0.005003091699511753,-0.0030805324797111232,0.18342896276398948,-1.560476085550949,-0.002218806382226685,0.1960728990860361
P01,session_02,018,lean_right,1.6330101490020752,0.5133167538000247,-0.2999264468694694,-0.6088845953970576,-0.00014149544976162521,-0.0007342639188122374,0.023130211580626798,-1.5003116186133358,0.0644619508184986,1.99407958103728
P01,session_02,018,lean_right,1.664644718170166,0.5133439089120524,-0.2957338451729249,-0.6047972252895067,-0.002444047299572883,-0.00035076997844987474,0.07805038408180415,-1.51565463851768,0.011292796204586682,0.3654094257653449
P01,session_02,018,lean_right,1.6974248886108398,0.5123476557397633,-0.2989714924873766,-0.6062023698121882,-0.00040434871998905347,-0.0021325030549378633,0.06621378902371663,-1.4864874562938442,0.02124097755261408,0.6513567503383515
P01,session_02,018,lean_right,1.729538917541504,0.5098187495660446,-0.30002756558536814,-0.6014990555366888,0.0002395774834088325,-0.005623067016576671,0.1752557568217122,-1.4984590318419382,-0.018831212545601512,0.6120154898154477
P01,session_02,018,lean_right,1.7608566284179688,0.5100171705134545,-0.29962200152726653,-0.6041552458249259,-0.00016007983044746826,0.0006298596431440995,0.020751313037838885,-1.5135452721455094,-0.004933666802126453,0.15889684483258618
P01,session_02,018,lean_right,1.7926669120788574,0.5096765976775881,-0.2996704755758389,-0.6060363295301427,0.00022772311906755436,-0.0010532157711246088,0.033874371826575114,-1.5390022191114923,0.05330597969650298,1.6760890990581667
P01,session_02,018,lean_right,1.8247010707855225,0.5097340433754023,-0.2976928559608868,-0.6057286108441599,0.0012990799031743726,0.0002432787550033671,0.041257928310816656,-1.538813985570442,-0.007979320991731443,0.2524816695563212
P01,session_02,018,lean_right,1.856323003768921,0.5096051038470266,-0.29329957013502533,-0.609960409369658,0.00047510133876193394,0.0012716738812627096,0.042929873900851116,-1.5624132683572804,-0.1470326067141608,4.649901495666234
P01,session_02,018,lean_right,1.8883116245269775,0.5089740054532937,-0.2957914528914914,-0.6057036481727888,0.0023964720929444934,-0.004961198305870564,0.17223872965778259,-1.566684346337928,0.01619601804107335,0.534800474374479
P01,session_02,018,lean_right,1.9211876392364502,0.5086914396731964,-0.2961809194771218,-0.6132965358670512,0.000522516091416867,0.007164922262874122,0.21851644183853214,-1.5873248821702133,0.03368474863865921,1.047641921659961
P01,session_02,018,lean_right,1.9529802799224854,0.5075795415152575,-0.30011958909802694,-0.6181681759520627,0.0049383296605098465,0.0014191315315039018,0.16161581907566683,-1.603301806696058,0.00858278067903092,0.31464065802065183
P01,session_02,018,lean_right,2.000540018081665,0.5071527554659532,-0.29550968623646534,-0.6130929950489706,0.0011905805912280762,-0.0005160654110382934,0.02728390487101895,-1.5700108974524674,0.0748070955181561,1.573144678364109
P01,session_02,018,lean_right,2.0330276489257812,0.5053297495954706,-0.29596642908338705,-0.6199555505843877,0.0022012640922696647,0.004615873829286729,0.15741032174397418,-1.63047770940071,-0.14812073549296997,4.56201280905093
P01,session_02,018,lean_right,2.0647521018981934,0.5075348660983507,-0.2975768415355099,-0.6256228054857856,0.0033722387615084306,0.0009228983706444307,0.11020665800635565,-1.6034237349050429,0.01154142633126764,0.38012834769169407
P01,session_02,018,lean_right,2.097217559814453,0.5079036609647043,-0.2871563987959979,-0.6248376530926651,0.0015898491423955712,-0.001052843504980323,0.05873491722654044,-1.6189835043803469,0.02945884644013661,0.9092894026052394
P01,session_02,018,lean_right,2.129016637802124,0.5118569213105048,-0.28689707664923914,-0.624145467011855,0.002971676690178552,0.003944322023941726,0.15530246918971166,-1.6242418124896303,-0.06534186548905625,2.0606956709254503
P01,session_02,018,lean_right,2.1610732078552246,0.5117959489310764,-0.28801241386087256,-0.6293898516792806,0.0018711470418328313,0.00022028737395855076,0.05877327081252937,-1.6032741303625826,0.03740928569809113,1.1684562611976217
P01,session_02,018,lean_right,2.1928653717041016,0.5119831316356438,-0.2853768470632057,-0.630748400516072,0.00038312089452745117,0.0011780454534806937,0.03896490730010749,-1.6217434848897594,-0.031255022075758324,0.9838764611644885
P01,session_02,018,lean_right,2.2247557640075684,0.5112896172123574,-0.2838366224943353,-0.620116852791077,0.0012075635649950011,-0.002778089833046616,0.0949875469647689,-1.5641694079341748,0.03965336929413003,1.2470496809096079
P01,session_02,018,lean_right,2.2568023204803467,0.5085902224592206,-0.2835241329016324,-0.6224600138421061,-0.001047305736392504,-0.0011079106213634203,0.04757361417979046,-1.5772852447779315,-0.0015815282020039158,0.0685475428824362
P01,session_02,018,lean_right,2.288789987564087,0.5072838732898908,-0.2872197598825533,-0.6250807858149434,0.0032340410480816238,7.455223613697128e-05,0.10112960809200777,-1.6485607317081035,-0.04394634012248047,1.3775696751232294
P01,session_02,018,lean_right,2.3206820487976074,0.5076698786802736,-0.2862620165328687,-0.6341119966961374,0.0004927845446406051,-0.00015057611281401557,0.016156886219266232,-1.6187272611504462,-0.014377817368580388,0.45111689750187967
P01,session_02,018,lean_right,2.3528430461883545,0.5104910276540826,-0.28694456886342995,-0.639284361366768,0.003134567619602178,0.000562021548047179,0.0990191218024147,-1.6339791351725463,-0.03663158021966464,1.1433023439345393
P01,session_02,018,lean_right,2.385035514831543,0.5103357630592501,-0.28719833091885355,-0.6396702842324449,-2.347578685850902e-05,0.0001621114037791568,0.00508822054474756,-1.642352617200949,0.029692023385194864,0.9223422886963003
P01,session_02,018,lean_right,2.434248208999634,0.5135188118696786,-0.28732226102598957,-0.6475567729573193,0.0015341249869865801,0.011453132349389168,0.2348057204160213,-1.6186163798265254,-0.007480718261255122,0.2797143682423902
P01,session_02,018,lean_right,2.4731509685516357,0.5096155856085791,-0.284303552469009,-0.649542277945821,-0.0034967096051036948,-0.004964426169958277,0.15608850255116938,-1.6020330327507901,0.029563748197759802,0.7758039973177397
P01,session_02,018,lean_right,2.5131940841674805,0.5076013137359751,-0.2889683986381822,-0.6542066639972589,0.0029280882099769917,0.0029116488311914297,0.10312219617457391,-1.622420375663797,-0.007714706903728881,0.2185224595817007
P01,session_02,018,lean_right,2.5489487648010254,0.5078713528814012,-0.28530680338084075,-0.654161493050971,0.0024144455550714422,-0.00038424220206056703,0.06837787593258148,-1.6203907360882588,-0.025461561886358886,0.7153935889131016
P01,session_02,018,lean_right,2.5821917057037354,0.5072910528085539,-0.2841344591041895,-0.6523332323551172,-4.486876635727349e-06,-0.0009566520345163229,0.028777915871005276,-1.6477967057095,-0.023828590135351397,0.7173789576255049
P01,session_02,018,lean_right,2.618715763092041,0.5056071153977433,-0.2860977381178765,-0.6570668279958661,0.0038567190233159843,0.0019452579156545443,0.11826524491971,-1.6330075340805486,-0.012100539285640912,0.35177907601732994
P01,session_02,018,lean_right,2.651620388031006,0.5052294962570443,-0.2862360472110995,-0.6576464740756045,0.0004475175059247078,9.43213210055338e-05,0.013899242212070164,-1.629116558678335,-0.008911742673467189,0.27119198363722363
P01,session_02,018,lean_right,2.6824514865875244,0.5036536335084433,-0.2847424125025359,-0.6609978422427487,0.0004914847690621248,-0.0005928468458022428,0.02497740853780238,-1.6329650091907553,0.09629190187410686,3.1233068440742557
P01,session_02,018,lean_right,2.7159059047698975,0.5032786591732126,-0.2868696201306458,-0.6653199075200484,0.001557804370924596,0.003752243660000647,0.12144190826632426,-1.6719340447540554,-0.005488111578398169,0.20410707694359914
P01,session_02,018,lean_right,2.7499780654907227,0.5056433075847783,-0.2917008616858365,-0.6669694785130764,0.006134333609068853,0.004464719871352784,0.22267678782178238,-1.6965497591263032,0.03436728008061216,1.0329487746988943
P01,session_02,018,lean_right,2.783066749572754,0.5055881636298083,-0.29157683173333315,-0.6659487197515985,-2.2215215975836333e-05,-0.001255487588907033,0.03794904970837405,-1.6992197210898228,0.008874415112687526,0.27087240055609557
P01,session_02,018,lean_right,2.8136329650878906,0.5076185161560793,-0.2921300582721403,-0.6682987488018797,0.003515904358127202,0.002632148901354733,0.14368852727032358,-1.6894582140067627,-0.003047933669703811,0.1748989060950264
P01,session_02,018,lean_right,2.840070962905884,0.5073781296362875,-0.2918834226004628,-0.6654568638503516,0.0004993455145179651,2.202670994785907e-05,0.018905784535229567,-1.678497354611021,-0.01527804907824762,0.5781914024981984
P01,session_02,018,lean_right,2.866727828979492,0.5058404084530072,-0.2863547565663859,-0.6679632179298336,0.00014684925780940536,-0.0009854955006531288,0.03737785512584096,-1.6181471427883518,0.07806821748168764,2.9288730089829627
P01,session_02,018,lean_right,2.896792411804199,0.5073286123961745,-0.2870119882025333,-0.668492597687299,0.0026483682736120656,0.0019461175937204105,0.10931541022046494,-1.754264023831238,-0.10129974134685735,3.371177345890372
P01,session_02,018,lean_right,2.9294023513793945,0.5065196354662436,-0.2839392243979148,-0.6673581571041285,0.000567899041902405,-0.0002243471867772348,0.018724568894914837,-1.740752714703689,-0.001078431572630458,0.03800364076453036
P01,session_02,018,lean_right,2.9605276584625244,0.5069143567975178,-0.2854662385273047,-0.6714923890696985,0.0015611529996554566,0.0002723816316714518,0.05091473334759744,-1.725135737041387,-0.0021614743553638946,0.08610933324524356
P01,session_02,018,lean_right,2.992799997329712,0.5068543660113936,-0.28638544460893056,-0.6705704086549141,0.0008430835920753684,-6.538403280592877e-05,0.02620247553267764,-1.7171945536537296,-0.006914596663589579,0.21585394587050682
P01,session_02,018,lean_right,3.025294780731201,0.5059924558871486,-0.28522776179783893,-0.6713317045962929,-0.0006327787042018953,0.00020202270725671348,0.0204416036748249,-1.6915321816443143,-0.018125618652068663,0.5581753099239536
P01,session_02,018,lean_right,3.056720018386841,0.5051747130580788,-0.2870514953521386,-0.6719437447349564,0.0006553063495172612,0.00013910806375240384,0.021317533288321006,-1.7101024459978724,0.06714093762695326,2.1366355390830387
P01,session_02,018,lean_right,3.088312864303589,0.5063466373343181,-0.2878826199454605,-0.6709361026496148,0.0012410555792265272,0.0002909328683170731,0.04034775198913053,-1.6982931617539652,-0.01071507578595822,0.3415529796140809
P01,session_02,018,lean_right,3.120779514312744,0.5045827240319454,-0.28054389762562715,-0.6741194828719592,-0.0015190343275803726,-0.00042460608625906386,0.04858099197248174,-1.6412556154730154,0.028434786966422987,0.8771615886552405
P01,session_02,018,lean_right,3.1527860164642334,0.5051455724919155,-0.28105323071221117,-0.6737772701995836,0.0007774689630311157,0.00036135964475380054,0.02678655803595053,-1.7909877216042693,-0.12128675116516562,3.7895356613024127
P01,session_02,018,lean_right,3.1851532459259033,0.5048922745068257,-0.2801027468148732,-0.6784504813171184,-0.00038935745103617657,4.556891448928229e-05,0.012111478007268639,-1.6753290406447454,0.04954787168722015,1.5308515207386584
P01,session_02,018,lean_right,3.2168660163879395,0.5060714480580636,-0.28299643615402437,-0.6719296461823345,0.0024618925702665864,-0.00027760536239435687,0.07812293340332674,-1.6865231262326397,0.02136165607982423,0.6781130765357547
P01,session_02,018,lean_right,3.2645347118377686,0.5059880908637557,-0.27809861204616126,-0.6721986620250272,0.0001581445039039628,-2.3559702630013083e-07,0.0033175793443220745,-1.6696515643990355,-0.0591144155593013,1.2401142204083284
P01,session_02,018,lean_right,3.29664945602417,0.5086912928008743,-0.28235255954644506,-0.6715198007167881,0.005659330578937404,0.0021811666096832973,0.18885736504605402,-1.659127142419174,-0.004568498282473646,0.2364396864530554
P01,session_02,018,lean_right,3.3291265964508057,0.5100086581590386,-0.28567593211870473,-0.666646357036175,0.003097285253037438,-0.002737092318547159,0.12727051624757144,-1.6598968977672661,-0.011546041781321436,0.37760719449697877
P01,session_02,018,lean_right,3.360772132873535,0.5099866570780349,-0.28458649115258816,-0.6662454843253796,-0.00033445216504807157,-0.00015497613099331423,0.011648196226244844,-1.6668743528141479,-0.018665682854060135,0.5899512011251918
P01,session_02,018,lean_right,3.3928163051605225,0.510414711341172,-0.2853171029154192,-0.6685949558962009,8.174382598248571e-07,0.0028857906109702666,0.09005664745839696,-1.6877106489698925,0.021817777485408217,0.6867956668671088
P01,session_02,018,lean_right,3.4252922534942627,0.5116034615769227,-0.28418486217427125,-0.6692946411903725,-0.0005164691213676991,0.0022751204606515736,0.07183794046631461,-1.6853938701680988,0.005708539140260437,0.1898904920624425
P01,session_02,018,lean_right,3.4576709270477295,0.51157958331279,-0.2854662177360226,-0.6678352975162671,-1.6020261409856213e-07,0.00025009084448186444,0.007723938887737162,-1.6977830300395742,0.01567113622211342,0.4840572493328116
P01,session_02,018,lean_right,3.48930025100708,0.5118715207835987,-0.2834239191068966,-0.6675098362823514,-2.659302226805191e-05,-0.0008359553666659864,0.02644312737112125,-1.7018724379763952,0.007468112475754242,0.2375896780526355
P01,session_02,018,lean_right,3.5213239192962646,0.5110178070836451,-0.2829346722511622,-0.6680464580012051,-0.0011178689032138552,-0.0005910101974733518,0.03948597113766193,-1.7165902849521093,-0.000190704889060377,0.039932510673261666
P01,session_02,018,lean_right,3.5533337593078613,0.510886271972719,-0.2833039595184919,-0.6686665823281241,-0.00014334258073600155,0.0004935103196771078,0.016054630385028665,-1.711699417940075,-0.006335015803344509,0.19855850720494814
P01,session_02,018,lean_right,3.58530855178833,0.5103804599850502,-0.2803159667636604,-0.6693898748768715,-0.00039935998607003,-0.0007081826093588221,0.025427087117074247,-1.686195872773238,0.08379882540470286,2.6209011175950008
P01,session_02,018,lean_right,3.6168978214263916,0.5100264763225466,-0.2816835310485073,-0.6733710729906023,0.0007079437120432504,-0.00019913929847248542,0.023280651095280824,-1.6868986547384082,-0.05282830183670686,1.6725116170261236
P01,session_02,018,lean_right,3.6501827239990234,0.5099075635732384,-0.27660224506961506,-0.6718568279425949,-0.0005754936548382727,0.0004151456284279949,0.021319116227076995,-1.673153834050457,-0.013831719532768627,0.4161018607101889
P01,session_02,018,lean_right,3.6972463130950928,0.5097001989682496,-0.28309287780709674,-0.6827532813433663,0.006388537818062365,0.0005062358377630126,0.13616819155746035,-1.6961431744249735,0.019859904387030412,0.44340624164366443
P01,session_02,018,lean_right,3.729386568069458,0.5118435387626873,-0.2843049350076041,-0.673372774937045,0.002687555946326861,-0.0029124372057838517,0.12330283834249815,-1.7351306381306995,-0.14591630640973735,4.54166006304008
P01,session_02,018,lean_right,3.760744333267212,0.5107564772480427,-0.2835189094098115,-0.6768977054354703,-0.0007906194747610947,0.0013928579849829031,0.051075167485641386,-1.74505342584274,0.016165811673389607,0.5180521004895781
P01,session_02,018,lean_right,3.7933881282806396,0.5113903367822216,-0.28609846418989826,-0.6765544069853491,0.0015251833554319253,0.00020187171584147448,0.04712948102553113,-1.6995775567595937,0.08893707867188248,2.7248787845728577
P01,session_02,018,lean_right,3.8248562812805176,0.5125741713224954,-0.2845563134278673,-0.6756433902451134,-0.0002981835974507825,0.001538914586590097,0.04981343461453801,-1.6860814048057096,-0.0004503714820812638,0.05182866922707509
P01,session_02,018,lean_right,3.857551097869873,0.5121716024839181,-0.2867254095760482,-0.67537750351524,8.047422321403848e-05,-0.0009818669866331782,0.03013197258329564,-1.671408768068308,-0.023097789519025726,0.7071087019296897
P01,session_02,018,lean_right,3.8897812366485596,0.512544514739805,-0.28413290512910944,-0.6687196961603395,-5.137183419648048e-05,-0.003544394903355813,0.10998299434253604,-1.6628440569099767,-0.03393407646017951,1.0585966835830793
P01,session_02,018,lean_right,3.921405792236328,0.5109502656468129,-0.2832668295312154,-0.6718728422626002,-0.0018347710476317768,-0.0005241869694678931,0.06033860400632683,-1.6722669627357871,0.0063114747515502145,0.20849695232681792
P01,session_02,018,lean_right,3.9526560306549072,0.5118701138039659,-0.28605531858902955,-0.6726662775542968,0.0027873552178425075,0.00016156724605634464,0.0893444019338756,-1.6912520462629672,0.09495571962792476,3.0398730825791622
P01,session_02,018,lean_right,3.984753370285034,0.5108620573569537,-0.28265356764628263,-0.6734280332114716,-0.0015341547935786297,-0.00036489992523516346,0.049130354445346976,-1.6704903312561687,-0.02697920120281068,0.8419778478330024
P01,session_02,019,lean_right,0.0007402896881103516,0.5305530683786075,0.015899423167924726,-0.8379900044559162,0.0,0.0,0.0,-1.8468582516531569,0.0,0.0
P01,session_02,019,lean_right,0.03428220748901367,0.5325470653109278,0.004885414100638039,-0.8432904450408919,0.0016721962306689108,0.008217494953570948,0.2500127953173603,-1.9219652440525898,-0.05754787135779587,1.7338204040142464
P01,session_02,019,lean_right,0.0651392936706543,0.5340709957034636,0.004101738766438945,-0.844885754665161,-0.0013890277038867862,0.005333181132234124,0.17860077847893974,-1.928019447303232,-0.015150903941427174,0.5224764233862956
P01,session_02,019,lean_right,0.09706902503967285,0.5341390521550397,-0.0017006335386113792,-0.8501835306938063,2.973876890025804e-05,0.004752735107808219,0.1488527445639626,-1.944620553370672,0.06175665455856062,1.9398620690886919
P01,session_02,019,lean_right,0.12861895561218262,0.5351053101355835,-0.0030959632929612292,-0.8518878405656553,-0.0009911081389116733,0.005670460737554612,0.18245441941028562,-1.9198404856841829,0.02532392544308636,0.8231376862668083
P01,session_02,019,lean_right,0.16081953048706055,0.53454903283655,-0.0033504048323196194,-0.8515233863608239,-0.0004279544299875263,0.001757590334204894,0.056177299583701636,-1.848859059327874,0.008955570872920966,0.2837352774372746
P01,session_02,019,lean_right,0.1927204132080078,0.5379181216521862,-0.003830181343027387,-0.8491203940946672,-0.0052063108222744296,0.003055369226060989,0.1892309481646404,-1.842719646290173,0.0002083155924056959,0.18934358663856998
P01,session_02,019,lean_right,0.2250509262084961,0.5364626595887207,-0.003284483411908948,-0.8509227498487695,-0.0004410939615810606,0.0003145988796515801,0.016757851600127077,-1.855718128311726,0.00864058072486809,0.2677826354527819
P01,session_02,019,lean_right,0.256882905960083,0.5369179590112828,-0.006201356667996476,-0.8516592731173885,-0.00022899118747460884,0.0020556198368524214,0.06497663876984724,-1.8968171265171332,0.05440820623265026,1.7104655908101785
P01,session_02,019,lean_right,0.28884291648864746,0.5377509999293995,-0.007178508484226713,-0.8522311683416098,0.0006836094153250945,0.0014480216298025188,0.05010252223473509,-1.9040201174828792,0.05576249385164323,1.7454775310789232
P01,session_02,019,lean_right,0.3366389274597168,0.5404994363502464,-0.008889813214323736,-0.8454673490007887,-0.0014768017281586818,0.003556377421341752,0.0805676729987635,-1.9188892880957196,-0.010777010718340132,0.23944114327429017
P01,session_02,019,lean_right,0.36928439140319824,0.5406591766922938,-0.008838238164299687,-0.8428992773282186,-5.0381689309337804e-05,-0.002428518693546494,0.07440670002628602,-1.9230156675272043,-0.0007811917952865814,0.07815997155989432
P01,session_02,019,lean_right,0.4010789394378662,0.5407625938300362,-0.008661182620473782,-0.8480884284703143,1.5431263855460838e-06,0.0004502071229830699,0.01415996752299552,-1.9126973014733015,0.03293530467247814,1.035975776988025
P01,session_02,019,lean_right,0.4330263137817383,0.5411509241479576,-0.008334034637138776,-0.8487140605867343,-0.00023843469357588795,0.0009944370624552046,0.03200958532787245,-1.9142725656372843,0.007165900144601957,0.2265757379513899
P01,session_02,019,lean_right,0.4656052589416504,0.5420641928191852,-0.01128959164977837,-0.8540085598771299,-0.0023547094282399296,0.0010067263849378074,0.07860565726735266,-1.9186325978548313,-0.08180282765352041,2.51214097229504
P01,session_02,019,lean_right,0.49692416191101074,0.5425717024659282,-0.01191171859119182,-0.8542231587310417,-0.0005681466987978132,0.0017676346414668563,0.05928358257558722,-1.890731902768622,0.017397724659010235,0.5586568001379565
P01,session_02,019,lean_right,0.528825044631958,0.5475193926608929,-0.013060466417304918,-0.8475737199141551,-0.0056363857145735625,0.0027434039246762155,0.19650180703900946,-1.8828715797515345,-0.010958919183563048,0.39576004556538524
P01,session_02,019,lean_right,0.5607187747955322,0.5493336446887142,-0.016409261526484937,-0.8457473848582124,-0.004217641081090347,0.0012200680490936794,0.1376623282109646,-1.880202714942899,0.030880107321095748,0.9779562620342233
P01,session_02,019,lean_right,0.5929536819458008,0.5495361244572446,-0.025898603626085644,-0.8491162583390423,-0.006408189859720906,0.0036405794138864487,0.22863795293788772,-1.8877241057371805,-0.037860507414569686,1.1965658945810556
P01,session_02,019,lean_right,0.6247735023498535,0.547010070722225,-0.015974350014255415,-0.852342223922905,-0.009357484534600294,-0.0013955620359107936,0.2973297199751568,-1.8857339006984313,0.06208632937903107,1.9737083290307553
P01,session_02,019,lean_right,0.656501293182373,0.5505602263523047,-0.02214657647767574,-0.852474197710333,-0.009886197528903549,0.001055985662079286,0.31336674933060565,-1.867810555657094,-0.013500247289449147,0.5284419632778021
P01,session_02,019,lean_right,0.6888566017150879,0.5468784130727242,-0.043766838491112334,-0.8564013302250851,-0.008550100098242577,-0.0008633695942309374,0.2656003134793114,-1.9160015690601475,0.06845088199891153,2.1322067780806475
P01,session_02,019,lean_right,0.7212100028991699,0.5440524396353074,-0.04974885311222779,-0.8595743878485588,-0.011948497507761896,-0.00318848635323352,0.3822352317308808,-1.878996064777635,0.1593181571216625,4.939122057814671
P01,session_02,019,lean_right,0.7686429023742676,0.5405456672021817,-0.054640353804629345,-0.8603604956842765,-0.017209800649702796,-0.004461039016068277,0.37481549390536756,-1.881712850529593,-0.060651616697383684,1.3324847068548
P01,session_02,019,lean_right,0.8012211322784424,0.5369045691356079,-0.07355476956462127,-0.8519176969478477,-0.009547402739410236,-0.004502282733559322,0.324011790975916,-1.8602138815308547,-0.341302544632671,10.481408575237568
P01,session_02,019,lean_right,0.8332452774047852,0.5332422449284585,-0.07778896516512651,-0.8439798964245898,-0.019977151894588843,-0.011091543384542525,0.7135148502932358,-1.8843115259061511,0.02309072250158615,1.0143981490009844
P01,session_02,019,lean_right,0.8655776977539062,0.5353141360249057,-0.08083955974326702,-0.8327899050592853,-0.02109856011366968,-0.004267136715297588,0.6657634873455348,-1.9012051236418996,0.04554423961921072,1.5580320978705304
P01,session_02,019,lean_right,0.897130012512207,0.5198942641851647,-0.0930626620182237,-0.8483441887432649,-0.018905666327937394,-0.007927711581336405,0.6497322616142589,-1.896779731757959,0.2765956025272008,8.79029917437868
P01,session_02,019,lean_right,0.929612398147583,0.5221825787843086,-0.09502003054640848,-0.8339104976272084,-0.017664158114990402,-0.0099702424376485,0.6244520825563787,-1.7871316848465106,-0.15086699145370575,4.686368559542865
P01,session_02,019,lean_right,0.9609973430633545,0.5243541216664285,-0.10833850479185828,-0.8232275675714805,-0.015269158251438101,-0.004643123839821377,0.508508293354117,-1.7900940669686491,-0.018651583002328505,0.7821474455538705
P01,session_02,019,lean_right,0.9932703971862793,0.5268818139104443,-0.12714520212966576,-0.8159076024017843,-0.01487822992452167,-0.0034071638913131014,0.4729447312196559,-1.8385679914447235,-0.08339460113392835,2.6269559459863627
P01,session_02,019,lean_right,1.024601697921753,0.5306493466548214,-0.1352651097759489,-0.8092375275087436,-0.020984674191929363,-0.0008728134598617519,0.6703461802387428,-1.7686141338505441,0.11535256794028753,3.7422328399915803
P01,session_02,019,lean_right,1.0569970607757568,0.5351491508146542,-0.143090412972057,-0.8003620038297429,-0.016552914977554428,0.0017650309344931696,0.5138621648815055,-1.7819148414994728,-0.041947524483305895,1.3930979632917464
P01,session_02,019,lean_right,1.0884857177734375,0.5337361126148757,-0.1688354565056774,-0.7955516369500745,-0.012584138195659482,-0.006390007521392502,0.4482110961465102,-1.7704155732165037,-0.05358482521840765,1.7597552405338512
P01,session_02,019,lean_right,1.121500015258789,0.5289643325686703,-0.17324393313910957,-0.7988839893506327,-0.014654068842921267,-0.0022396068019945032,0.4490243201884599,-1.800501100982991,0.0016723103594073316,0.45187241620190827
P01,session_02,019,lean_right,1.1525208950042725,0.5285418066132795,-0.19599590686648763,-0.7957453945737839,-0.01832033908244904,-0.0037932508060887497,0.6031072350564789,-1.848249656510464,-0.15761570860169005,5.11662455304283
P01,session_02,019,lean_right,1.2007639408111572,0.5224087540253497,-0.18756854647676952,-0.8001034728810531,-0.02774453309318483,-0.0033782625454796705,0.5793467197999117,-1.8570923276097946,0.19324240225850278,4.047281014327079
P01,session_02,019,lean_right,1.2330217361450195,0.5187581232533152,-0.18335615424661736,-0.7969723993505804,-0.025322342370504042,-0.008202734577868066,0.8251578709009744,-1.8420447448215567,-0.029739006111700855,1.2372615932841342
P01,session_02,019,lean_right,1.2648191452026367,0.5308090818215477,-0.18822126182186966,-0.7866497204196982,-0.007805240948567975,0.008027793057603368,0.352127798698245,-1.7583443855671346,-0.04258672267128851,1.3848308971825782
P01,session_02,019,lean_right,1.2968595027923584,0.5305847311322867,-0.19502341482972693,-0.7767816363042208,-0.018798133932067532,-0.005907444124507991,0.614990343959888,-1.87048324539241,-0.10092819391757317,3.2095051060207314
P01,session_02,019,lean_right,1.3289082050323486,0.5372918763411786,-0.21032403606811867,-0.7557828474996732,-0.0057997538552045,0.0018735311059309148,0.19017479884203004,-1.7948902243299547,-0.011845562244142294,0.41566688747298514
P01,session_02,019,lean_right,1.3612675666809082,0.5362462264332527,-0.21881651247700787,-0.7487660415063053,-0.015279549801816313,-0.008537723803889157,0.5408965613296339,-1.8955369658503427,-0.16375275671653533,5.089269945483185
P01,session_02,019,lean_right,1.3928496837615967,0.5370115237365951,-0.22219959231852415,-0.7400248999019174,-0.009899090971048782,-0.003767332289052781,0.33537119580767794,-1.8432241509539853,-0.005431287330338938,0.37689351940692917
P01,session_02,019,lean_right,1.4249155521392822,0.532506474638285,-0.23782083029793613,-0.7327109892311582,-0.015073026868802093,-0.0022216871496782424,0.4751432147132767,-1.6208798034262732,0.23630844378843813,7.384771085601382
P01,session_02,019,lean_right,1.456942081451416,0.5273871407955923,-0.2538184103617936,-0.7118400061742417,-0.001659878387126356,-0.027572228106349364,0.8624770389660611,-1.6153589382877962,0.04096416095233389,1.5426878354119198
P01,session_02,019,lean_right,1.4885568618774414,0.5270772658683361,-0.26759084621880685,-0.7022546481104467,-0.0008850543501924174,-0.0014395182164010608,0.05345071144485744,-1.5655992384042015,0.09997507445668417,3.1627407598143935
P01,session_02,019,lean_right,1.5204975605010986,0.528228716280082,-0.28779301783078226,-0.6903362010512574,0.00047958565742189273,-0.008563667908467498,0.2685315829302,-1.5642822749418326,0.04309504825893243,1.3756836165846797
P01,session_02,019,lean_right,1.5535407066345215,0.5343015627419803,-0.2768397009608588,-0.673631809010293,-0.0019058956126196411,0.004338308536427649,0.1434033409573715,-1.6311641283601257,-0.021616827926236256,0.6697329516544698
P01,session_02,019,lean_right,1.5846424102783203,0.5364219521223704,-0.27991798327481676,-0.6666187235667205,-0.0009418265186536515,-0.0033255119483874777,0.11112922678538396,-1.637689213272991,-0.03512718875919536,1.1348837917590842
P01,session_02,019,lean_right,1.6327178478240967,0.5251582890200037,-0.29959096273192165,-0.6698342340711396,-0.006971790435331347,-0.002974453528180266,0.15766453005693143,-1.550908410152812,0.12684789572472138,2.643224180302081
P01,session_02,019,lean_right,1.6652450561523438,0.525442868462482,-0.30356479352675625,-0.668489144972518,0.0015730942150412824,2.0475372352924423e-05,0.0483665074205631,-1.5666538880182845,-0.015766320304166664,0.4871188834005539
P01,session_02,019,lean_right,1.6967637538909912,0.5284361671831405,-0.30170813700716903,-0.6598636434524737,-0.002324015987585738,-0.0025948353617943074,0.11051918723461646,-1.5886039184244183,-0.02447004190481477,0.7841928908161564
P01,session_02,019,lean_right,1.7289083003997803,0.5244811693122572,-0.31523197294291205,-0.6556896906289216,-0.00037508521104606847,-0.0020113454348428548,0.06365062186116621,-1.6122068121140885,0.056555161743781585,1.7605524316676044
P01,session_02,019,lean_right,1.7608578205108643,0.525292244127024,-0.3086365678973915,-0.6513987454962078,-0.0011645799607954903,-0.0017876551321911703,0.06677820685614651,-1.594311115207646,-0.03244813344722776,1.0177993202460887
P01,session_02,019,lean_right,1.7934114933013916,0.5230857543387989,-0.31258033745479974,-0.6535609649859192,-0.0015144988708241578,0.0005686011805180185,0.04969389523142436,-1.570353111737478,0.01022878199830881,0.31811820507272054
P01,session_02,019,lean_right,1.8250956535339355,0.5234679827127786,-0.30986804720922584,-0.6520986991890154,-0.00024307315754988772,-0.0008873493930372527,0.029037851749352705,-1.577736541039497,0.00097741655201229,0.04236557386208215
P01,session_02,019,lean_right,1.8568751811981201,0.5215161300175651,-0.3127895578664065,-0.6508532178701647,-0.001678578891138191,-0.0015088709150725664,0.0710224435467858,-1.6186860191041965,0.035035418050021014,1.104737790711304
P01,session_02,019,lean_right,1.8884785175323486,0.5210270284705812,-0.3120439509367648,-0.6532955369862035,-0.00023732657639627264,0.0020807348222980047,0.06626596898238155,-1.6584217282901028,-0.061674851690308626,1.9526545066088108
P01,session_02,019,lean_right,1.9205021858215332,0.5206522040255427,-0.3111782166515146,-0.6532352349435074,-8.406463158750365e-05,-0.0005628445126563441,0.017770846631128212,-1.6477467725256723,0.0026266745061558675,0.08392592556110069
P01,session_02,019,lean_right,1.9525935649871826,0.517343420727317,-0.3174013333579555,-0.6445109103772881,0.00280147409351229,-0.0037991459497161914,0.1470911125550074,-1.5059870999004485,0.11109765596132726,3.4650393261530468
P01,session_02,019,lean_right,1.9853935241699219,0.5164709317174433,-0.3180304964371832,-0.6466125176158355,0.0005795262243213168,0.0029042309908610983,0.09028936582078079,-1.5501205676897452,-0.022142381024601133,0.6810846559494477
P01,session_02,019,lean_right,2.0327091217041016,0.5186923755544226,-0.310984731079575,-0.6458268534471209,0.0001309005957667926,0.0023864041894339793,0.05051170734127919,-1.6279134498200143,-0.13949498907968394,2.9486145989194217
P01,session_02,019,lean_right,2.0650970935821533,0.5170771149518625,-0.3121145279166566,-0.6520741063508535,6.121677163952171e-05,0.004194757340166544,0.12952969145135884,-1.6210253290840497,-0.0035841602082384814,0.17036522354585823
P01,session_02,019,lean_right,2.0969345569610596,0.521982183771914,-0.30465994300288357,-0.649537351746991,0.00011623016970108161,0.0035452271435190775,0.11141377348376766,-1.6373609352574463,-0.08068263605877,2.5366521987747097
P01,session_02,019,lean_right,2.131047010421753,0.5224117386593276,-0.3054661988195219,-0.649476990433185,0.0011911390859466683,0.00034970162941860307,0.036391751184032164,-1.6447517306920898,0.03476427824682413,1.0197576750070427
P01,session_02,019,lean_right,2.1610801219940186,0.52466525781904,-0.30069506208783936,-0.6492332755113153,-0.0007872619851742205,0.002214731264514217,0.07826337641391515,-1.6227705475656726,0.000376118057655319,0.07925902341678265
P01,session_02,019,lean_right,2.192777156829834,0.5257363379242497,-0.29836886444984917,-0.6581690965568316,-0.0019662178622654874,0.009758069598295577,0.3140417354647704,-1.607156585402876,-0.005818165384920781,0.3637510642609098
P01,session_02,019,lean_right,2.2253880500793457,0.528055382162742,-0.2972079042173118,-0.65615274577593,0.005234090633934393,0.000503651575140707,0.1612426483824012,-1.6392885217527549,-0.0026758041970846736,0.1809193156386199
P01,session_02,019,lean_right,2.256944179534912,0.5295124526063049,-0.29463503272152874,-0.6522189274476766,-0.0003414733956235819,-0.0005188127425853561,0.01968252963586023,-1.6209899470391536,-0.018359431052732234,0.58213521208378
P01,session_02,019,lean_right,2.289137840270996,0.5278575947946952,-0.29716954526454936,-0.655502035890764,0.0025697181707178634,-5.566859350711172e-05,0.07983935421245976,-1.6734892150587692,-0.047654856697977914,1.482407465382037
P01,session_02,019,lean_right,2.3206584453582764,0.5278733716312388,-0.29659561038690546,-0.6561311957535856,9.795347164958494e-06,0.0006501061821584845,0.02062714122729323,-1.6654654754752023,0.053480986486701035,1.6968246130484674
P01,session_02,019,lean_right,2.352999687194824,0.5294372647725353,-0.2950671869411741,-0.655485270377999,-0.0005285050717538538,0.0019008197747849593,0.061003380887785924,-1.654945826694351,-0.025980178168530137,0.8056271373216841
P01,session_02,019,lean_right,2.3853046894073486,0.5288425797190867,-0.29433618518742155,-0.6527984738477074,-0.00030324013783718527,-0.002516030929941797,0.07844725621023785,-1.641649742268749,0.08726201294482921,2.7023308631500496
P01,session_02,019,lean_right,2.4176206588745117,0.5236225211337154,-0.29640485768854785,-0.6528122266814746,-0.0021625674903958197,-0.006501817555344165,0.21203235350501148,-1.575192480828689,0.07540406016751137,2.342951373821426
P01,session_02,019,lean_right,2.464726448059082,0.524538163365529,-0.2982288060973771,-0.6513827903784895,0.002591406058926061,0.00037726029195781754,0.05559238361824282,-1.586372539276612,-0.015122939015232257,0.3258197499621844
P01,session_02,019,lean_right,2.4970996379852295,0.5266459690413516,-0.2941653701315044,-0.6510981569801274,-0.0006945227903676661,0.0025913194574744545,0.08287036666301358,-1.6023036966902071,-0.04968696044864598,1.5370537869058434
P01,session_02,019,lean_right,2.5289838314056396,0.5251004751035226,-0.2946358305597243,-0.6546367331640198,-0.0003513234316418444,-0.00013604285303535889,0.011816002045727704,-1.5859213754346222,0.00997534077993103,0.31308468265570644
P01,session_02,019,lean_right,2.560579538345337,0.5245350111105443,-0.2972375569215581,-0.6573606348376059,-0.00044261591135584793,0.0027093019778574,0.08688581545006187,-1.5872346634264125,-0.03993327029414271,1.2668657609229392
P01,session_02,019,lean_right,2.592609167098999,0.5284948888378302,-0.28890136158921764,-0.6541092766347989,-0.00129968423596576,0.0015927620372857606,0.06418247189933916,-1.6273121445565193,-0.06238495610823202,1.9487836810369576
P01,session_02,019,lean_right,2.624549627304077,0.5286217555640014,-0.27739994344951985,-0.6643441149043231,3.07397796455683e-05,-0.00047238626987660114,0.014820869242633903,-1.6888685816723958,-0.02399901531118522,0.7515133944150851
P01,session_02,019,lean_right,2.6569035053253174,0.5311379056949276,-0.2727139415876144,-0.6644298942831797,-0.004933346333327925,0.003270390498855729,0.18294247593220472,-1.6072921160938811,0.02019239587591939,0.6503705866171277
P01,session_02,019,lean_right,2.6888909339904785,0.5313702371718938,-0.2692327027237267,-0.6655358091482221,0.0026835160188918945,-0.0001125081055120845,0.08396653254714452,-1.695119412235297,-0.029967790224959996,0.940616733050367
P01,session_02,019,lean_right,2.7210311889648438,0.5290072035628912,-0.2729670844663495,-0.6655460905872105,0.002473263309217785,-0.0026813837823214267,0.1134980288761132,-1.6213772424530208,0.052852177947976024,1.6483352686051753
P01,session_02,019,lean_right,2.7529916763305664,0.5283688049462612,-0.27534822451191504,-0.6640878526287557,-0.00036559918248029605,-0.0019612371927368957,0.06242152395760059,-1.599724649631561,-0.00860714135055282,0.2764453028999323
P01,session_02,019,lean_right,2.7844655513763428,0.5276635772116102,-0.2753776409959384,-0.6653569337034552,0.000709449567810538,0.0004174985286155099,0.02615435900110843,-1.6195843017594682,0.017505173358158183,0.5567956789593963
P01,session_02,019,lean_right,2.8170087337493896,0.527678443201685,-0.2757801263744904,-0.6656479153578693,0.0003467054773877494,-0.00023901569216940832,0.01294002133059967,-1.6611265291410247,-0.011135437245520591,0.3424187847889402
P01,session_02,019,lean_right,2.8498306274414062,0.5294634085696766,-0.2770448953511976,-0.6629293288972745,0.00032242346716307945,-0.0005584311127506664,0.019646254102153912,-1.5845292008709773,0.08380567256380839,2.553422238997697
P01,session_02,019,lean_right,2.8971176147460938,0.5294083552707419,-0.2783068878256191,-0.6670995963749481,7.022631359801017e-06,0.003977089241992642,0.08410549432010826,-1.6304197224851285,-0.026607976184761427,0.5689422019067799
P01,session_02,019,lean_right,2.928499937057495,0.5329891042692687,-0.27757488772046446,-0.66719962822683,0.0010952088112904164,0.0035692505338958437,0.1189682914604661,-1.6954508416493048,-0.066078355469492,2.10894988189821
P01,session_02,019,lean_right,2.9612114429473877,0.5350299890616158,-0.27506390256116486,-0.6650517355113225,-0.0005423022374781132,0.0014570012198048435,0.04752616602860266,-1.660377746343893,-0.036135797064917444,1.1057034257768759
P01,session_02,019,lean_right,2.992788076400757,0.5344203953194494,-0.27471574003068605,-0.6692581609811157,-0.0011153765473532985,0.0030426318419660555,0.10262742385160491,-1.6447803791356836,-0.09027422481238608,2.8607347145635957
P01,session_02,019,lean_right,3.0249595642089844,0.5357736154672355,-0.2763073536741774,-0.6674448638497527,0.0022524862339394773,-0.000597410796656562,0.07243567602836816,-1.6339036770230428,0.012527326156966574,0.39607222363882205
P01,session_02,019,lean_right,3.057096242904663,0.5388483145831751,-0.2758226284842641,-0.6624002641644313,0.001234704095471582,0.00012162106692536783,0.03860634195513523,-1.6372099843413372,0.004803451415401635,0.15437475043881765
P01,session_02,019,lean_right,3.0894527435302734,0.5382315588173612,-0.27415378625340914,-0.6641736420171115,-0.0023253252421364485,0.0019489974687278602,0.09377078195069549,-1.6257016512171323,0.0086713471573092,0.28392556973554434
P01,session_02,019,lean_right,3.121587038040161,0.5365780555851561,-0.26817145570002177,-0.6656098840147778,0.0003148367002642742,-0.004005982507411316,0.1250481856971906,-1.6491240224890482,0.01979541654190517,0.6285853532140627
P01,session_02,019,lean_right,3.1530957221984863,0.5338515011188737,-0.271248743610467,-0.6650984873163365,0.001029987360682043,-0.0013734653478874434,0.05448544561290933,-1.5252651728832398,0.16105250314969055,5.111659126837564
P01,session_02,019,lean_right,3.1851439476013184,0.5385620917868569,-0.2707348428416448,-0.6628757581530416,0.0017781178141143875,0.004537620588339103,0.15206994740116705,-1.7007801029013199,-0.09627342327555256,3.007863886082638
P01,session_02,019,lean_right,3.2166593074798584,0.5375021020955115,-0.26821653268772766,-0.670220005029081,-0.0022387694253060597,0.00014044462768374093,0.07117705023100704,-1.6564823394956232,-0.00542572028686149,0.18629447290450735
P01,session_02,019,lean_right,3.2491745948791504,0.5373121940294409,-0.26805372156173646,-0.6718952210750905,-2.6152012111283672e-05,0.0005777292855803409,0.017786122748647003,-1.661854929640214,-0.0029674075248222196,0.09297894396893772
P01,session_02,019,lean_right,3.281829833984375,0.5382949556580073,-0.2673209146335697,-0.6685541283951492,-0.0009009847461117336,0.0015562350551320205,0.05506720542819283,-1.5706106719536899,0.052337808738952954,1.6036842197568681
P01,session_02,019,lean_right,3.328819513320923,0.5361604708982771,-0.2669568781344361,-0.6646190534867816,0.0007479408619711772,-0.010549810531053798,0.22507687877628882,-1.5902347621004111,-0.05962043406724531,1.2886074666382377
P01,session_02,019,lean_right,3.3609328269958496,0.5320348077958912,-0.26614650454517613,-0.6577387558669887,-0.0022619925211173637,-0.0037415712181181125,0.13614854230764892,-1.5342799696695677,0.0884748975825275,2.7584466384182478
P01,session_02,019,lean_right,3.3930001258850098,0.5333566845647598,-0.2667239361542472,-0.6629121815920499,0.0012340065898261835,0.005652563888876481,0.1804234790748703,-1.5466041682996758,-0.0038194939839077935,0.2161932283718252
P01,session_02,019,lean_right,3.424913167953491,0.5354715922145217,-0.2660159230047551,-0.65925204808065,-0.00114569711232324,0.00179352154793439,0.06668825053820295,-1.612466312943378,-0.022527604625829062,0.709048982709589
P01,session_02,019,lean_right,3.456507444381714,0.5353344009694246,-0.2596751359682983,-0.666655430338049,0.0009266281598092591,0.0017282900124680088,0.062069052454158086,-1.6510571882326366,-0.08270122402099656,2.6183372503470883
P01,session_02,019,lean_right,3.4889252185821533,0.5313318112430335,-0.2658712316379214,-0.6697782276284744,0.0032001644097127435,-0.0014865493341971341,0.10884709713254756,-1.580159510278897,0.12980164795086035,4.005506345793565
P01,session_02,019,lean_right,3.5214498043060303,0.5341443099252023,-0.2652160159792958,-0.6614114957135279,0.00043390696411474124,0.0026160373963125126,0.08153149401253022,-1.6044542277939433,-0.08805431677155173,2.708542945158981
P01,session_02,019,lean_right,3.552884340286255,0.5342420312215963,-0.2649379931935373,-0.6636086300635259,-0.0001023223682244422,-0.0006095551411140685,0.01966256479180545,-1.6369041845551289,-0.14980245737447467,4.765577979805237
P01,session_02,019,lean_right,3.5849812030792236,0.5319635378939723,-0.26702804950514286,-0.664628098187318,0.0005911852685264996,-0.0011128456928699729,0.039260197830970095,-1.5188822116403564,0.12230882298428651,3.810818367531895
P01,session_02,019,lean_right,3.6172735691070557,0.5401786466274765,-0.26835581889890214,-0.6601694386029991,0.0058647573204039655,0.0065626182562915835,0.27255128494970515,-1.6634367526586884,-0.06989886359057658,2.181654778658804
P01,session_02,019,lean_right,3.649048328399658,0.5415894949954385,-0.26634964527608807,-0.6591095226840513,-0.0014506696612395212,0.0003593846803023338,0.04703492037662129,-1.6394319660692231,-0.09642564459245823,3.0350261661817814
P01,session_02,019,lean_right,3.6810126304626465,0.5382999409968733,-0.26664949904653523,-0.6626188628730519,-0.002730645700598633,1.8879050804620337e-05,0.08543001993680717,-1.572188831487666,0.11858369184286306,3.710862463172277
P01,session_02,019,lean_right,3.729029655456543,0.5353277392978506,-0.2658352927688838,-0.6675933234863066,0.002192922240201058,-5.8399058912391215e-05,0.04568587301339828,-1.613812843723838,-0.015683404081510286,0.3298013912930613
P01,session_02,019,lean_right,3.7607948780059814,0.5374513911325862,-0.26803771734379156,-0.6671142629138916,0.003254021736032292,0.002358006655343676,0.12650827564064748,-1.6153583259797137,0.04434210333016941,1.4016531694520182
P01,session_02,019,lean_right,3.7928340435028076,0.5404320735035267,-0.2672698901324821,-0.6655675732412566,-0.0015481991479892937,0.0023761033624749065,0.08851606707628812,-1.6222119994332092,-0.02106971937246942,0.6635542348097144
P01,session_02,019,lean_right,3.82492995262146,0.5382873090152609,-0.26582154309523665,-0.671772364385232,-0.0014863795048704633,-0.0044598790226175414,0.14646873527759835,-1.6191344583081893,0.001958872057243976,0.15867569014238958
P01,session_02,019,lean_right,3.856890916824341,0.5344102336695418,-0.2654246811445022,-0.6743449360893556,-0.003311708503111614,0.0016835982101362234,0.1162384525013764,-1.5605871859992506,0.1421051692831529,4.447729499508229
P01,session_02,019,lean_right,3.8885838985443115,0.5354323008207738,-0.26751192383483874,-0.674754730566016,0.0022871860819521253,-0.001223747351460585,0.08184741958871815,-1.6761635913565647,-0.07004222551787988,2.21153829580876
P01,session_02,019,lean_right,3.9210758209228516,0.5395970815100647,-0.26323818230714785,-0.6829838917240585,0.00020477470936917556,0.013916478478743445,0.4283521553091459,-1.627345782105292,-0.03994408205974136,1.3018438385172166
P01,session_02,019,lean_right,3.953247547149658,0.5349943441933565,-0.26623382608232254,-0.6795338358918421,0.004389037202450632,-0.012012245479725686,0.3975219539978958,-1.6494942066094536,-0.05522584695774329,1.7620228452158664
P01,session_02,019,lean_right,3.984764337539673,0.5340679931274644,-0.26755887120714117,-0.6777233283860632,0.0006727757124572622,-0.0005905577227761417,0.028403952603905613,-1.5851694257455002,0.0015125822199348103,0.055768298588976056
P01,session_02,020,lean_right,0.0010187625885009766,0.5232821462386751,-0.1026796511309493,-0.8133160411625066,0.0,0.0,0.0,-1.8479710545813868,0.0,0.0
P01,session_02,020,lean_right,0.03372788429260254,0.5242162590465633,-0.10436745788846766,-0.8181193833833531,-3.780604673319949e-06,0.006479387898089442,0.19809119485570914,-1.8523046445379967,0.019685125298793165,0.6335865460375976
P01,session_02,020,lean_right,0.0650627613067627,0.5202449420202802,-0.10728119758453478,-0.8237413924363797,-0.004486159564576807,-0.0007234544712200822,0.14501791775156456,-1.8157791237680694,0.06219119162596504,1.9900184379178312
P01,session_02,020,lean_right,0.11302685737609863,0.513883674121583,-0.1142736735149355,-0.825943990026762,-0.009044747054453968,-0.0019897843278825437,0.19308256655364597,-1.7853378448133588,0.0010705167271461346,0.1943682610773069
P01,session_02,020,lean_right,0.14500713348388672,0.5152557064109111,-0.11573871953605722,-0.8215419355928902,-0.005541796876431812,0.0017029214132347251,0.1812848204500211,-1.789981144871177,0.00529740897135505,0.2455663382600646
P01,session_02,020,lean_right,0.17696690559387207,0.5147418527199136,-0.12749156211441023,-0.824420725272072,-0.0063833850557290335,0.0020313955000345464,0.20960158014148966,-1.8033558964941367,-0.002624845989556125,0.2251179855537203
P01,session_02,020,lean_right,0.2087104320526123,0.5142964142519323,-0.14100551706430234,-0.8217995832169648,-0.007800709415713209,-0.0010865203981289232,0.24811401617424647,-1.7986088883705316,-0.00895388421853268,0.3756645199008037
P01,session_02,020,lean_right,0.2407989501953125,0.5103481863441437,-0.14293457173395752,-0.8168912459981651,-0.008844754567776688,-0.002228919145112576,0.28425372546479444,-1.8442114029762346,0.08976904847464125,2.811948407441832
P01,session_02,020,lean_right,0.27367115020751953,0.5079642207041742,-0.15534611617681113,-0.8166492473116211,-0.010648612328025041,-0.0018569093355885753,0.3288281335928296,-1.840576043210908,0.0016562575211268714,0.33266584479859734
P01,session_02,020,lean_right,0.30533814430236816,0.5066039308324397,-0.1714546482359717,-0.8193651400767803,-0.008519994887795153,0.0008460593660920486,0.27037298967289103,-1.8258581163773475,0.008111275032367115,0.37243889154662374
P01,session_02,020,lean_right,0.33712148666381836,0.510695783160528,-0.18945090699416184,-0.8162729760127057,-0.004345998791304631,0.004019290979356503,0.18625047508487988,-1.7965700802411877,-0.09676999606125145,3.050367899360099
P01,session_02,020,lean_right,0.3692646026611328,0.5160021238006194,-0.20795325210871338,-0.8113450193810591,-0.003592002531782052,0.00582038115754048,0.21278400165911737,-1.819688932126743,-0.16333170642369396,5.085843175187687
P01,session_02,020,lean_right,0.40132737159729004,0.5184769966377657,-0.2133876721230756,-0.8035178703606088,-0.0035963399826431635,-0.002244384008347711,0.13221603846456126,-1.8689824738001934,-0.008492975330876599,0.29605002888430587
P01,session_02,020,lean_right,0.4327867031097412,0.5127792724856404,-0.21908386465571986,-0.7937935210526686,-0.013474617449572353,-0.006792100602965664,0.4796562044788856,-1.8921024293721562,0.02246417604036868,0.8602130824725819
P01,session_02,020,lean_right,0.46601414680480957,0.5088924792653814,-0.23023662064950992,-0.7847261881387623,-0.016725607412457984,-0.010500188575905544,0.5943404913945405,-1.8648338307468186,-0.05882886178610352,1.867585605128349
P01,session_02,020,lean_right,0.497265100479126,0.504113361975698,-0.2326505462457965,-0.777292307057293,-0.016467977443010158,-0.006474103590922541,0.5662184465005363,-1.833202930476786,-0.04930501264211764,1.6762396289773271
P01,session_02,020,lean_right,0.5449738502502441,0.4975374068491355,-0.24813413922932254,-0.7686749286801764,-0.023413504917694814,-0.004554470782606947,0.49995791594062616,-1.6741345685882485,0.14538768035014674,3.088140106073789
P01,session_02,020,lean_right,0.5769474506378174,0.4952359646815762,-0.25084931502414987,-0.7609726730289749,-0.011164332556066282,-0.005972127403911261,0.395992449057446,-1.6977054388890789,0.04224009930599237,1.3791652204751708
P01,session_02,020,lean_right,0.6090197563171387,0.494551105632059,-0.2581775954915996,-0.7468221724010433,-0.010486154641102212,-0.008237848482485785,0.4157785287705069,-1.714419069805412,0.08144340929631598,2.573181920914121
P01,session_02,020,lean_right,0.6407532691955566,0.49149508260280683,-0.2735120342812324,-0.7395592751864258,-0.0016855155530840556,0.0011974407951255584,0.06515400667335652,-1.6741344386035264,0.08125367672099142,2.561329349631904
P01,session_02,020,lean_right,0.6730945110321045,0.4947095956388259,-0.27662225172834237,-0.7273908789577435,-0.01067778366367237,-0.008183521642037762,0.4159725836748392,-1.6410050689153903,-0.04956496355031313,1.5880113269462308
P01,session_02,020,lean_right,0.7055866718292236,0.4923175846808968,-0.27641828972637283,-0.7207584047449889,-0.01544796903630741,-0.003843048665444615,0.48992796204274053,-1.6670174738640664,0.03278217064552057,1.1215882215938375
P01,session_02,020,lean_right,0.736713171005249,0.4950922176882615,-0.2914397670998525,-0.7138894665813099,-0.008437437357027818,0.00029971338241023847,0.27124023225402094,-1.6439673907665653,-0.05753070308984126,1.868083514111541
P01,session_02,020,lean_right,0.7691483497619629,0.490302190990564,-0.30263878490313784,-0.7064376455380112,-0.004721942010598669,-0.0022354377169678283,0.16107073726271448,-1.659864201283294,0.025536032874520005,0.80360199788104
P01,session_02,020,lean_right,0.8008303642272949,0.4847778387042464,-0.3080969131628843,-0.6935253513240771,-0.006635761522652811,-0.0019323828872134892,0.21814897209130032,-1.6145905550596578,0.03772990958368166,1.210709147531467
P01,session_02,020,lean_right,0.8330652713775635,0.48580525872773683,-0.3165764663714024,-0.6854873424056471,-0.010983061402694543,0.0011573580237454072,0.3426059907089201,-1.6431449139059335,0.014849745114964494,0.5741065220698598
P01,session_02,020,lean_right,0.8654258251190186,0.48508675052134953,-0.31350583311266406,-0.6665415240292819,-0.013267218508980444,-0.0014857947858798555,0.41254412399831614,-1.590672151879572,0.022376619951751612,0.8051924379573258
P01,session_02,020,lean_right,0.898160457611084,0.48160439190603466,-0.3089327070126835,-0.6598281678728415,-0.01291050389446152,-0.010243836084081326,0.5034672613622595,-1.5849759601354578,0.1900280479851202,5.826898651887011
P01,session_02,020,lean_right,0.9447340965270996,0.48564079873962895,-0.3107110068043207,-0.6536007243334836,-0.010905024569809647,-0.0020837780961214863,0.23838223689818258,-1.6025947595407692,-0.07348837186690549,1.5958016104634996
P01,session_02,020,lean_right,0.9780006408691406,0.4843516380255995,-0.3147934261979379,-0.6447276084987218,-0.009082117046934778,-0.009174666373998318,0.38806739586163574,-1.5999694462744962,-0.027788487301090854,0.921069889455896
P01,session_02,020,lean_right,1.009403944015503,0.4831878046429576,-0.32075215158403103,-0.6452380449338201,-7.34514413079443e-05,0.0013098056535031008,0.04177469931146126,-1.572839435838684,-0.06178876795092818,1.9680315939881645
P01,session_02,020,lean_right,1.0411176681518555,0.48694979000100574,-0.3232415168536816,-0.6351267802686795,-0.0004268230536280914,0.0034746848360598308,0.11038759425661755,-1.5450997907449318,-0.046857845403718706,1.4816436447277033
P01,session_02,020,lean_right,1.0734455585479736,0.4923651811028494,-0.31089256450779496,-0.6201077975592587,-0.012885218028629195,-0.0028207677577859894,0.4080179369556679,-1.577872729889181,-0.18559640408327158,5.7555420920005265
P01,session_02,020,lean_right,1.105144739151001,0.49216336842661623,-0.3207766208735043,-0.6203524460898955,0.0020371860657236915,0.0003396458107131707,0.06515327362046085,-1.4825398850232878,0.06974671229978537,2.2012330500844732
P01,session_02,020,lean_right,1.137805461883545,0.49497464651089657,-0.323214929274066,-0.6184611138930236,-0.0012989661343754996,0.00536878707101115,0.16912342514831274,-1.473953653145966,-0.00550943715397681,0.23886819455014313
P01,session_02,020,lean_right,1.1687753200531006,0.4942489928547122,-0.32732729194016336,-0.6183121077361742,-0.004448288327964579,0.0004895007509189382,0.1444998617865388,-1.4859367825510468,0.009156763369431895,0.3290883661774695
P01,session_02,020,lean_right,1.200800895690918,0.49431346638963247,-0.3280196732747118,-0.6151717870051598,0.0003231712454556635,-0.000169717281089071,0.01139793693492176,-1.4848391587781886,0.006044286529670563,0.1890769691108891
P01,session_02,020,lean_right,1.2327663898468018,0.49540662130800206,-0.33863574698753673,-0.61217008117712,-0.0031282244710622215,0.0003695462647314746,0.0985430294552883,-1.4494691545093632,0.028970399854097623,0.9116438612744816
P01,session_02,020,lean_right,1.265458345413208,0.4968794973630506,-0.33993182404781364,-0.6082080875534049,-0.0002358523199909546,-0.0011372013445301035,0.03552560197568485,-1.4922027058252354,0.04080552528084586,1.2486879127718307
P01,session_02,020,lean_right,1.2974860668182373,0.5021187370901627,-0.3385867310694321,-0.6100735680970555,-0.00022682543367112966,0.012086613544592987,0.3774461998989772,-1.4837728801680765,0.0036044270038785063,0.39386682626368213
P01,session_02,020,lean_right,1.330310344696045,0.5032447533412673,-0.3388532659905187,-0.6068961419723259,-6.555690976236822e-05,-0.0019081976028572979,0.05816802414081343,-1.4996522414381142,0.016253701706182677,0.4985779644251255
P01,session_02,020,lean_right,1.3769645690917969,0.5027826005256119,-0.33499095559852055,-0.6088208710979391,-0.003996015945970335,0.0012396725140541324,0.08967868522715865,-1.4943060141322602,-0.009184358684439828,0.21632428039123594
P01,session_02,020,lean_right,1.4090757369995117,0.5046381099301531,-0.3359491687035477,-0.6073141230778972,-0.0017557592800686733,0.0005372989549298617,0.05718048098317565,-1.4856727434567008,-0.007428727950225307,0.23830585689892772
P01,session_02,020,lean_right,1.4411532878875732,0.5045444590168536,-0.33563235497453087,-0.6072486420607791,-9.783101483425776e-05,-0.0002701169695619989,0.00895602850306419,-1.4693163477509326,-0.023411013534147606,0.7298804160162724
P01,session_02,020,lean_right,1.4732513427734375,0.5053780401587239,-0.3372086693191573,-0.6042107280858555,-0.00045540593702289025,-0.0020643752140444885,0.06586100988877946,-1.4596529771002156,-0.026774133324962923,0.8367317554243373
P01,session_02,020,lean_right,1.505157232284546,0.5050213706941482,-0.3366211183721652,-0.6094956127705883,-0.0003761498804067729,-0.00116365767720921,0.03832967331300631,-1.4625490734548459,-0.03889413220677024,1.2196291797106835
P01,session_02,020,lean_right,1.536849021911621,0.5068548557623924,-0.33749986522507064,-0.6086810699286941,0.001748785993421278,-0.0007359224495212399,0.05986796431500064,-1.462684910649933,0.007039154676263144,0.2300397894952856
P01,session_02,020,lean_right,1.5691657066345215,0.5050799438307623,-0.3370220899234126,-0.6077796308991296,-0.0015796197356393626,-0.0057426180934080535,0.18429829085598,-1.4756511703724466,-0.009715317437793584,0.3526235575551658
P01,session_02,020,lean_right,1.60103440284729,0.5073163076644687,-0.3373969135995533,-0.6053034838919594,0.0026042048283056924,4.1767731290171236e-05,0.08172721396568677,-1.4766132825377754,0.009431077356754313,0.3070132497750728
P01,session_02,020,lean_right,1.6329913139343262,0.5055771021645954,-0.3359411670186547,-0.6058523602845376,-0.0006821141569169442,-0.003026169139912948,0.09707110723537588,-1.4855436425837159,0.008261411688922799,0.27614117924110243
P01,session_02,020,lean_right,1.6654317378997803,0.5083237185648849,-0.33600127013527287,-0.606083823048161,0.004320306981735798,0.0030805826491041048,0.1635654479633102,-1.481529990281149,0.00048324646934456045,0.16424237991957927
P01,session_02,020,lean_right,1.697153091430664,0.5095831250049699,-0.3351885895063621,-0.6082006244430808,0.0001757801638852211,0.0032498824460595885,0.10260069085595322,-1.5118543905819666,-0.03613630783363383,1.14379030999904
P01,session_02,020,lean_right,1.7292978763580322,0.5114629356683045,-0.33287429341339597,-0.6075862471522592,0.001129962791082066,0.0015836872306627372,0.060522324421784894,-1.5205596478201464,-0.0041496695911872215,0.14257621631488193
P01,session_02,020,lean_right,1.7614305019378662,0.5112965633758983,-0.3289189982500165,-0.6115521956879322,4.6987206360545143e-05,-0.0001146519893455634,0.0038561033106772045,-1.5109824801682714,0.00011814925389092883,0.005328161981612643
P01,session_02,020,lean_right,1.8089673519134521,0.5117962740091715,-0.3260240800584684,-0.6106707436373496,2.6931759382175726e-07,-0.00034653167585584375,0.007289750597441045,-1.4925189447262661,0.02170056355519746,0.456558022605601
P01,session_02,020,lean_right,1.8410437107086182,0.5095250276005019,-0.32616313630773086,-0.6141766260898238,-0.0018898248058217407,-0.0024124950151941664,0.09553973605077418,-1.497457080964333,0.0335885213097114,1.0514920053565724
P01,session_02,020,lean_right,1.873213768005371,0.5083240589903107,-0.32359344748770297,-0.6145452227900766,-3.9962712049991765e-05,-0.0031470067774911543,0.09783198314865693,-1.4531781178352208,0.11413922190221441,3.5493441521200286
P01,session_02,020,lean_right,1.9047503471374512,0.5071981412121448,-0.32233700698806145,-0.6107317942838368,0.0003220125706195243,-0.007337262297492016,0.232882742205614,-1.4609380839387864,-0.002321880887608378,0.2442437581697321
P01,session_02,020,lean_right,1.93729829788208,0.5060044021783576,-0.31791917710751616,-0.6197514538063423,8.311889637436419e-05,-0.002027070367770765,0.062331843565351,-1.4754476081833752,0.0264613166233692,0.8153808308593284
P01,session_02,020,lean_right,1.9687607288360596,0.5078777314065507,-0.31604376528948713,-0.6203018353746126,0.0002113951050862861,0.00039421299541142816,0.014217470776589218,-1.5277036906252033,-0.09056447966436236,2.8785310481077913
P01,session_02,020,lean_right,2.0015947818756104,0.5081744308918302,-0.3116907754790215,-0.6233466420147297,-0.001394488396004637,-0.00044652951598073045,0.044595036869816404,-1.526368577902983,-0.0520097511603852,1.5846462331306839
P01,session_02,020,lean_right,2.0333337783813477,0.5031321237670323,-0.31505682102473226,-0.6291460317253231,0.0038202778492726673,-0.0059273869741475384,0.222182179496807,-1.556168670112056,0.10398797475583621,3.283872165016402
P01,session_02,020,lean_right,2.0653650760650635,0.4997392625394799,-0.31596672448222596,-0.6264661483794316,0.00018510189279714634,-0.00860120362329012,0.26858715550625895,-1.5578503294396095,-0.004624632622973897,0.30493315429230516
P01,session_02,020,lean_right,2.0973217487335205,0.4964166512849849,-0.3207456510586327,-0.6320116118212147,0.0036008555831788225,-0.004074508405177005,0.17015620953032873,-1.5524601945102225,-0.00877214902081143,0.3229614738577825
P01,session_02,020,lean_right,2.1289222240448,0.4949346338563183,-0.3179907622189446,-0.6444580329281344,-0.0007605262525363348,-0.0010713392913937942,0.041576499643630145,-1.570407514151481,0.0356489172860563,1.1288792141568795
P01,session_02,020,lean_right,2.161546468734741,0.4945889537338727,-0.3093531474784956,-0.6462868935443002,-0.0011419105839806333,-0.0008021378411909919,0.042774548401200055,-1.6154642760289208,-0.05336584734151376,1.6363318244173755
P01,session_02,020,lean_right,2.2092831134796143,0.4940053884711733,-0.30722691258655976,-0.6541220481878498,0.002454404118230876,-0.00834268908164448,0.18217112562628426,-1.6493538362978193,-0.01719424425100144,0.40363707238161206
P01,session_02,020,lean_right,2.240985155105591,0.49221760987004454,-0.30319352695774393,-0.65093318088214,0.0013358419129356693,-0.006236164122157023,0.2011742386933297,-1.6806974537224413,0.04817416652473423,1.5328505142262405
P01,session_02,020,lean_right,2.27302622795105,0.49577854005050354,-0.3041184533097953,-0.6499986925020873,0.0037331909904698445,0.0019134303873380532,0.13092535305459374,-1.6728465271296609,0.03421521427079743,1.0758510016049456
P01,session_02,020,lean_right,2.3050427436828613,0.4922923212438765,-0.2941664273551265,-0.6592444340582788,0.003940129156540591,-0.003304458951181708,0.16061646196703588,-1.667613719163777,-0.03698070046806666,1.1661646024550087
P01,session_02,020,lean_right,2.3370285034179688,0.4906530934725006,-0.2982339580574888,-0.6718677871101136,0.011090961686418056,0.005876666287631414,0.3924145866136583,-1.7278470644859985,-0.09214611645684095,2.907451670565742
P01,session_02,020,lean_right,2.369364023208618,0.4943334606188258,-0.29584952998560654,-0.6896611122405756,0.0017932030657805947,6.716071191768365e-05,0.05549501970094673,-1.7739602557704421,-0.14260284000432302,4.4104480424715575
P01,session_02,020,lean_right,2.4010257720947266,0.49794481744947006,-0.29920407429460383,-0.6902276535310529,0.008049628512340978,0.0014922563265111417,0.2585700142834481,-1.6779297498598225,0.023573795576835074,0.7881719716634425
P01,session_02,020,lean_right,2.4338388442993164,0.5013910983581403,-0.298391020214524,-0.6965818577826649,0.0024469439825359684,0.004494738386889718,0.15596335889425345,-1.6913723315107578,0.014371762385480873,0.4649288893321231
P01,session_02,020,lean_right,2.4651572704315186,0.5014057806446148,-0.2925754066125182,-0.7028479898036225,-0.0004939333248484885,0.00029237322241599433,0.01832720750830631,-1.6684209881193994,0.013826774875170872,0.4418703305480784
P01,session_02,020,lean_right,2.497555732727051,0.5013801175571522,-0.2913265565515931,-0.7064281687163202,-0.0005421574828746245,0.0006697763969993716,0.026597089384801192,-1.6698742920166518,0.036396949972722775,1.1237307723165288
P01,session_02,020,lean_right,2.5292913913726807,0.5016249624238002,-0.2801129848369427,-0.7117980974064091,-0.0007241081135718149,-0.0005105829609481602,0.027918682817037375,-1.7455185140443865,-0.0884840746615655,2.7882991659457566
P01,session_02,020,lean_right,2.5607573986053467,0.5038239375055911,-0.2788952328827472,-0.710406938167241,0.00657814490152456,0.001820351517436104,0.21691247752039275,-1.6988147492928836,0.011168300792910934,0.41596625591659986
P01,session_02,020,lean_right,2.592785120010376,0.5071210235340377,-0.28120326298899434,-0.7096284056014937,0.004250430703880642,0.004215405170884031,0.186909993162202,-1.6714937159871341,-0.0037096505786544482,0.21988875289974927
P01,session_02,020,lean_right,2.641354560852051,0.5096882989510042,-0.28042827521893376,-0.7084333119298166,0.0008280610717228092,0.0029645133077724453,0.06337298200762143,-1.6767618218372824,0.009816982895105308,0.21182466931469832
P01,session_02,020,lean_right,2.6727869510650635,0.5066755879284874,-0.2746865706121831,-0.7149535758813558,-0.004176371474725734,-0.002742510428279812,0.15895523194699018,-1.6979918105290288,0.0417040866439101,1.3362748606678931
P01,session_02,020,lean_right,2.7052485942840576,0.5063886632098602,-0.27420920612991845,-0.7176278577053397,0.005724584017531932,0.0005395023806344236,0.17713058948800564,-1.7044021357417016,-0.007248882755835274,0.28502781864567617
P01,session_02,020,lean_right,2.7367777824401855,0.5100529104525271,-0.2750182115632917,-0.7123874824060091,0.002617029803474321,0.00014344531706892742,0.08312799311975103,-1.8242276359077079,-0.2044077070675612,6.4836591605173135
P01,session_02,020,lean_right,2.7691032886505127,0.5115411606482544,-0.27273688218720826,-0.7216494753393684,-0.0007930115261034714,0.002892078290968376,0.09276979111956388,-1.812012220626031,0.010742071663450195,0.34501567275059714
P01,session_02,020,lean_right,2.801051139831543,0.5091553078072487,-0.2640813751225796,-0.7255867665135112,-0.002195392424777496,-0.0019062985706709012,0.09100857867439822,-1.7246715375585442,0.0822420213341668,2.575866533633616
P01,session_02,020,lean_right,2.8331336975097656,0.5077311760918205,-0.26356360840177145,-0.7276587042432349,-0.00010171465105825612,-0.00021588775104509328,0.007438593236811222,-1.6504339756408402,0.003999558311164114,0.12488630068995092
P01,session_02,020,lean_right,2.8657336235046387,0.5080926790595778,-0.25989136015423303,-0.7285955160279524,0.0004228019792544878,-6.4520816728045865e-06,0.012970925356714893,-1.8389193526577583,-0.116669708193201,3.5788570344681303
P01,session_02,020,lean_right,2.8970868587493896,0.5100443724818761,-0.2587503515214722,-0.7327868633677348,-0.00034604205689339355,0.008460785991500424,0.2700792899029827,-1.769531319915726,0.029238267700779617,0.9708660640051556
P01,session_02,020,lean_right,2.9292924404144287,0.5142898242995207,-0.26267813245390254,-0.730447585814637,0.005730005340921241,-7.938944101558539e-05,0.1779367112815478,-1.823040305757355,-0.0006848932871264262,0.17920303673545712
P01,session_02,020,lean_right,2.9612653255462646,0.5146602958824615,-0.2623571208549203,-0.7276570482242207,-0.0003180964390802663,-0.0022122128543546017,0.06990190442580173,-1.8301796824705172,-0.0025967138975426904,0.1071556602223067
P01,session_02,020,lean_right,2.993239164352417,0.5147093605296775,-0.25279726450809253,-0.7302099746775084,-0.0006768802473967577,0.002513088546246785,0.08139932279038373,-1.7359385382387384,0.11442627216639012,3.579672366569658
P01,session_02,020,lean_right,3.0247559547424316,0.5156006945369982,-0.25161932220744115,-0.7268551214425889,-0.0010293810016665534,-0.00435456659680797,0.1419745153502228,-1.8233663418723818,-0.07820405554263687,2.485404143114216
P01,session_02,020,lean_right,3.073378086090088,0.5175797798792946,-0.2507448636327851,-0.726649829228222,0.0015625525843059329,0.007615953962058917,0.1598982736984889,-1.8515085580756812,-0.12439172666785371,2.563327562812441
P01,session_02,020,lean_right,3.1053216457366943,0.5189781696115864,-0.24904107135325443,-0.7260640948328514,-0.0013634633550222988,-4.0771751364994745e-05,0.042702592770937214,-1.837268661834795,-0.0655300241188753,2.0518758890554696
P01,session_02,020,lean_right,3.1367015838623047,0.5186599069423709,-0.2489193800619884,-0.7266258104943308,-0.00035854471093633793,-0.0011308749704021421,0.037806084969703474,-1.8126284711110858,0.029848640687715013,0.9519524041792926
P01,session_02,020,lean_right,3.168834924697876,0.5159546603146183,-0.2481581721072195,-0.7279174165705993,-0.001380565168738379,-0.002343615673169819,0.08464782436289103,-1.6953194424284188,0.2087777219679475,6.497781879472312
P01,session_02,020,lean_right,3.2010626792907715,0.5137924567828899,-0.24701350224253762,-0.7319408186696111,-0.0022974386724800336,-0.003342282658359531,0.12584638064769763,-1.7331699909139113,-0.008515654311340704,0.29267163425496195
P01,session_02,020,lean_right,3.232884168624878,0.5142939080730374,-0.24606228650524356,-0.7311463758445487,-0.0005441755279794303,0.0011680585807822992,0.04049462201683741,-1.642420979455196,0.026040051415764303,0.81931788268398
P01,session_02,020,lean_right,3.2651519775390625,0.5150570647707006,-0.24574565089636674,-0.7346357151829666,0.0002307688223161078,-0.0006744993823704303,0.022092731802495567,-1.7980393366610263,-0.08866267475347597,2.747801714152285
P01,session_02,020,lean_right,3.2980048656463623,0.5170592781691319,-0.24528085927557727,-0.7321345593527652,-0.000529434909787328,9.896464428771893e-05,0.01639444843563656,-1.9560265111433632,-0.19531684099108093,5.9452180575197415
P01,session_02,020,lean_right,3.329303026199341,0.5169814266342119,-0.24082177091385437,-0.7357116887665808,0.0004681424174091579,0.004517779334413559,0.1451193768141437,-1.746648085637181,0.24425425565388548,7.805458123513584
P01,session_02,020,lean_right,3.361311912536621,0.5163797674141184,-0.24349669995482578,-0.73054125607774,-0.0018322018731257218,-0.006081320199118236,0.19842402523611066,-1.808252598793112,-0.16845799462802383,5.266590087531658
P01,session_02,020,lean_right,3.3928780555725098,0.5178773638467936,-0.24602819091307426,-0.7289540834515436,0.003201969057628127,0.003984731430937138,0.1619399207020504,-1.7781339900661286,0.007728398206036202,0.2935424813316667
P01,session_02,020,lean_right,3.42555570602417,0.5188942332547974,-0.25363207614469885,-0.7266286115177719,0.000381385230057117,-0.0012907208215008326,0.04118680930223486,-1.8160848593296948,-0.007658460663969453,0.23795541056833527
P01,session_02,020,lean_right,3.457656145095825,0.5177278253192463,-0.25176400163364415,-0.7275982087193091,-0.0010471985903841247,-0.0004507236676950141,0.03551594731229022,-1.7718403281490513,0.07736185342831402,2.4102553061715866
P01,session_02,020,lean_right,3.5053677558898926,0.5190491246599779,-0.25318028496532485,-0.729504378166529,0.0011369529087190665,0.0026189685455311256,0.05984100801336435,-1.7902830425045249,-0.028011933602320255,0.5901511288005238
P01,session_02,020,lean_right,3.5373992919921875,0.5187623499663165,-0.2530377394978593,-0.7298412987472668,-0.00021066508817144236,-0.0006011452093335078,0.019886316952527856,-1.7653520104398481,-0.0002766738654577765,0.0216811623825376
P01,session_02,020,lean_right,3.56915545463562,0.5175241239564553,-0.2475656664944649,-0.7319169078126477,-0.0009357780949372651,0.0018105722512567726,0.06417967580428201,-1.7280381205282578,0.10182745641966054,3.2071838164415727
P01,session_02,020,lean_right,3.6010000705718994,0.5152781312660099,-0.24622354604271268,-0.7312825743765141,-0.0014079852547462727,-0.0041228777628595815,0.13681014617573684,-1.7598196961453878,-0.011957698906317406,0.39964777244485933
P01,session_02,020,lean_right,3.632868528366089,0.5168957014045575,-0.24990949878072363,-0.7307801818986505,0.004596472777091271,0.005395078166071252,0.22240251491821053,-1.6965881950385089,0.06035888199533529,1.907013792440519
P01,session_02,020,lean_right,3.6653003692626953,0.5190471210096109,-0.24965264890953748,-0.7313746368882501,-0.00015732360326640388,0.0007175449160657844,0.022650249512491314,-1.8344944983330438,-0.11431374166305416,3.524810764459069
P01,session_02,020,lean_right,3.6972763538360596,0.5160517768336805,-0.24884895380845984,-0.7316685486048482,-0.002224439300979707,-0.003422014403124579,0.12764140628473605,-1.7926755056081294,0.015090589749774218,0.4888916804931004
P01,session_02,020,lean_right,3.730504274368286,0.5160977552680138,-0.2493668201059975,-0.7320073527777471,0.0008853251172341785,0.0048427685243927305,0.1481593855750507,-1.7895414434696089,0.0031351186292846766,0.1756516192595889
P01,session_02,020,lean_right,3.7609686851501465,0.518781607999768,-0.2486065758699314,-0.7280632860383033,-0.00018831765924363182,-0.0010302501890182018,0.034378472538369204,-1.8189706469552163,-0.1264541053905669,4.1510220987133915
P01,session_02,020,lean_right,3.793121814727783,0.5179500549894924,-0.24846281859109345,-0.7284873847599347,-0.0003729461479641399,-0.0007644630045477118,0.026454147478788617,-1.7925771356217073,0.07091174020477604,2.2055968520652196
P01,session_02,020,lean_right,3.8250904083251953,0.5151005412172562,-0.24531329778880087,-0.7323973492386795,-0.0023502789128741104,-0.000792413470304855,0.07758452490174096,-1.8291544658585681,0.05328656586965329,1.6686457464166022
P01,session_02,020,lean_right,3.856783628463745,0.5187134999707502,-0.2438518098760415,-0.732611475618769,0.002163477673173034,0.0054854495403062736,0.18605482029824824,-1.7592703373916871,0.02510724296272469,0.8137511509412577
P01,session_02,020,lean_right,3.904958963394165,0.5226487323361436,-0.24771164981041918,-0.7302524701717203,0.003886713528434608,0.0001950712564298993,0.0807800443052135,-1.769011586440831,0.00044522548091337433,0.08130698564772634
P01,session_02,020,lean_right,3.9374008178710938,0.5215212436261843,-0.2471348419218683,-0.7297059406489717,-0.0006267804553003779,-0.0026926715796734943,0.08521886513412932,-1.8279101014893984,-0.1394927311433266,4.30062114490042
P01,session_02,020,lean_right,3.9691131114959717,0.522436569161923,-0.2478715587056786,-0.7291763004755879,0.0022548693351052635,0.0015764347823222513,0.0867577548827441,-1.8051092686739791,0.004118924315454248,0.15619475203597954
P01,session_02,021,lean_forward,0.00020599365234375,0.5073796304289608,0.04563674102983322,-0.8424058583259633,0.0,0.0,0.0,-1.8880597327130968,0.0,0.0
P01,session_02,021,lean_forward,0.032225608825683594,0.5054292256222349,0.046594952582839584,-0.8461363591253939,0.0021053822557747953,0.0035560829682272483,0.12906455267524725,-1.8920145948017384,-0.029287107788443584,0.92372248819063
P01,session_02,021,lean_forward,0.06415796279907227,0.5045461126958019,0.05538513824588176,-0.8465912983436261,-0.0006702399317405196,0.0007364546989460472,0.031184192093545823,-1.9576869351039634,0.014667191145708284,0.46037806019292127
P01,session_02,021,lean_forward,0.09633302688598633,0.5042442444684813,0.055175706765212267,-0.8484323633683283,0.00012119059905261648,0.001305584166336161,0.040751957646588455,-1.9750548655931233,-0.009980744724367165,0.31286663346828303
P01,session_02,021,lean_forward,0.12822628021240234,0.5039223820104134,0.055030125590979403,-0.8489254190780083,0.00033931976590765596,0.00020787956029026767,0.01247707255309153,-1.9766193688594136,-0.027367979874738095,0.8582025939531613
P01,session_02,021,lean_forward,0.1603412628173828,0.5018584076183177,0.05473422369751797,-0.85239306886274,0.0015749804772974877,-1.609304386349518e-05,0.049044482238751304,-1.9766833395846923,0.016874387865834433,0.5277205713128038
P01,session_02,021,lean_forward,0.19188618659973145,0.5035425356726365,0.057723257835458334,-0.852584077713126,-0.0013182936531405294,0.0025808939271122866,0.09187175723029109,-1.990385047395651,-0.0006141363963281272,0.0939119122637279
P01,session_02,021,lean_forward,0.22432541847229004,0.5032249918268681,0.06071548516937278,-0.8533233711240578,0.00031340631454557054,-5.2945057672664416e-05,0.009798227420819428,-1.98228827695153,-0.00864869953841487,0.2667923264398692
P01,session_02,021,lean_forward,0.2562742233276367,0.5032087587043265,0.06198813656667569,-0.8570955497873779,3.0115693878546897e-05,0.001667882342197911,0.052213352448775806,-1.9930424958222728,-0.01383722855021376,0.43624224725299016
P01,session_02,021,lean_forward,0.2893531322479248,0.503077632620614,0.061945409072001016,-0.8566542769897333,3.293744379220811e-05,8.89784902444183e-05,0.0028682662323394753,-2.001796190834101,0.010959964041860658,0.33134027301956354
P01,session_02,021,lean_forward,0.32103633880615234,0.503804027673473,0.06122541820470144,-0.8588379748824664,0.000261670343706368,0.002731581657359321,0.08661011986800844,-1.9907276372328255,-0.02257889420149536,0.7178892007394921
P01,session_02,021,lean_forward,0.3679778575897217,0.5037144404257746,0.06186511417762253,-0.8598415755102718,0.00048491727591348246,2.3843541019171966e-05,0.010342722859446804,-1.9929426149393488,-0.01111517250781335,0.23701343640595146
P01,session_02,021,lean_forward,0.40026140213012695,0.5033654725477462,0.06213103286563962,-0.8601042876347487,0.00025452715955314045,0.00014156186054700137,0.00902147896831957,-1.987605904493841,-0.0005365259641476062,0.018909895580457987
P01,session_02,021,lean_forward,0.43239474296569824,0.5029209001844495,0.06212506742229234,-0.8608886028943806,0.0004145426173115104,-6.494728162010084e-05,0.013058072327269247,-1.9944591380308467,0.009263994918096354,0.288594101629568
P01,session_02,021,lean_forward,0.46417951583862305,0.5031360610133037,0.06213714990818398,-0.8618031463382135,-0.00024027918118651694,0.0006147213958717301,0.02076505271740062,-1.9731994685103769,0.008802990457590386,0.2777335659003873
P01,session_02,021,lean_forward,0.4960975646972656,0.5031945586993363,0.062384421460832035,-0.8615564337430208,0.00010346824366678586,-0.0003346874899605077,0.010975487099531377,-1.959405137483987,0.061514743332610464,1.9273026710604575
P01,session_02,021,lean_forward,0.5281267166137695,0.5043988264885662,0.06263595375069086,-0.8614903047055302,-0.00019533447073940432,0.000812298337484976,0.026084189056177987,-2.007287686348462,-0.05435190511049458,1.6971515775746278
P01,session_02,021,lean_forward,0.56125807762146,0.5047973129646915,0.06216854808950214,-0.8615126815996625,0.0004193778208478721,-0.0003749515788280194,0.0169794866648906,-2.005697467860694,0.0019192136552576373,0.06036461567562534
P01,session_02,021,lean_forward,0.5932438373565674,0.5063683247517836,0.060693042025815595,-0.8630782765045494,0.0014150514598609567,0.0005049761479685151,0.04697262733510126,-2.0131906161696627,-0.008732173500433411,0.27701348447597746
P01,session_02,021,lean_forward,0.6242341995239258,0.5077603767677827,0.059196151265270426,-0.8666709769378719,0.0010430159465411493,0.00011069627051442603,0.03384515618545073,-2.0291163432417942,-0.007272645193550773,0.2371024607293503
P01,session_02,021,lean_forward,0.6563401222229004,0.5085678377404866,0.05766141308054247,-0.8728151504582488,0.00022830749293609436,-0.00029341263273383587,0.011579581936239728,-2.0186259969700533,-0.016025240467983055,0.4992708810412349
P01,session_02,021,lean_forward,0.6900784969329834,0.510118671049746,0.05855644051856969,-0.8716743392903354,-0.0009684377873152882,-0.0013873551193180798,0.05014852300145825,-2.0089103684771388,-0.0067332906140416615,0.20577783278523287
P01,session_02,021,lean_forward,0.7207019329071045,0.5116887767471435,0.0583138297444843,-0.8722253014908257,0.00018990151154536344,-0.0021389182978046087,0.0701205393996709,-2.0140950528702057,-0.019728352874543,0.6480289125283357
P01,session_02,021,lean_forward,0.7536022663116455,0.51217610458474,0.057113910373449164,-0.8709524679043853,0.00045537652560968876,-0.004805601392416685,0.14671975350549857,-2.012910846971501,0.0030424574999429847,0.1734309863277612
P01,session_02,021,lean_forward,0.8001394271850586,0.5173491661496302,0.057817865947334145,-0.8695977413449116,-0.0012354143927269003,-0.00046608868094532083,0.028373278417502062,-2.0339539162788225,-0.006564442293014901,0.14388336677363198
P01,session_02,021,lean_forward,0.832289457321167,0.5215703817872855,0.056776676688529995,-0.8681682084126872,-0.0017495859470068582,-0.00028838355539912846,0.05515371956204043,-2.019849392818475,-0.022995088742650893,0.7173664981332469
P01,session_02,021,lean_forward,0.864168643951416,0.5219266060281749,0.05701609116465525,-0.8669711440344614,-0.00023819515311997695,-0.0047318696257699555,0.1486192567998409,-2.0058001292397876,9.564350508832828e-05,0.14864953619409946
P01,session_02,021,lean_forward,0.8961834907531738,0.5228016837591315,0.05780748344695635,-0.8639753792586442,0.0004739967722978058,-0.00848782001299508,0.26553444979223434,-2.0015715091149917,-0.00884307532086759,0.38315127478802696
P01,session_02,021,lean_forward,0.9283678531646729,0.5265583250422605,0.06097788158665429,-0.8678982778501194,-0.0027885148723844075,-0.0026991178085214694,0.120582073056323,-1.9792782743210091,-0.02060716933661063,0.6515405670721901
P01,session_02,021,lean_forward,0.9601397514343262,0.5274302629257915,0.06153916865790185,-0.8684692906906395,-0.0003272473391095913,-0.007710075010187988,0.2428881234028059,-2.0011505339419293,0.034685986007449564,1.1184118580384688
P01,session_02,021,lean_forward,0.992377519607544,0.5313612630057116,0.06229711543854905,-0.8708102812861306,-0.0013308823152394919,-0.003282196177159386,0.10986366542685028,-2.0243311169059712,-0.017898429343014215,0.5659662264432562
P01,session_02,021,lean_forward,1.0245029926300049,0.5347617316395842,0.06152340614574382,-0.8774580934291446,0.00016624287495278678,-0.0034060562482364967,0.10614974682774576,-1.9957926942787334,-0.011773595710828257,0.38155093616333363
P01,session_02,021,lean_forward,1.056164264678955,0.5415903035519659,0.058597664430833536,-0.8756583682081922,0.0034853273461730792,-0.002374763758745862,0.13320579245033054,-2.041884401935386,-0.012327079732666878,0.41149895270098497
P01,session_02,021,lean_forward,1.0881712436676025,0.5457181336281811,0.05693597195314785,-0.8736641960976531,-0.0009905652594596065,-0.0026575448477593423,0.08861045761162437,-2.0217500021507093,-0.02187151272637071,0.6890569998666257
P01,session_02,021,lean_forward,1.1204197406768799,0.5510719291661087,0.05696335399945025,-0.875349773160115,-0.0007137833215878266,-0.0037747745625267047,0.1191270265135233,-1.9912262193988275,0.012401231463674245,0.40258125469377964
P01,session_02,021,lean_forward,1.1523823738098145,0.5589913935102225,0.053827981443480555,-0.8657945732121528,0.006410210374547796,-0.0025380880207821616,0.21570173412212312,-2.0222503937075214,-0.032211954902750334,1.030625495749675
P01,session_02,021,lean_forward,1.1841545104980469,0.5618452561062843,0.05184913225141632,-0.8740640111108969,0.0015425888696189475,-0.0010306911378562236,0.05839195215014294,-1.9927753022242036,0.010765208503315351,0.34382016445063973
P01,session_02,021,lean_forward,1.232032299041748,0.569096187057738,0.054307228196253624,-0.8743300640044969,0.0007847840373189674,-0.0006999481811561003,0.021963768118124036,-2.0023756333343465,-0.029097179997302495,0.6081353536716775
P01,session_02,021,lean_forward,1.2642488479614258,0.5732781888162284,0.05207983727855631,-0.8794506077103471,0.001900574671404808,-0.002471768593697518,0.09678206010875019,-1.9909865465232792,-0.0087881986405991,0.2894452413548091
P01,session_02,021,lean_forward,1.295835018157959,0.577655940783143,0.05578296088612417,-0.8744046633247832,-0.0008562952631616171,-0.003303424353079581,0.10804102607827375,-1.9909791715587142,-0.005710234434221476,0.21060689175729802
P01,session_02,021,lean_forward,1.3278923034667969,0.5786174748101117,0.0562006100358335,-0.8718061011442637,0.0001774642250832514,-0.007337299719702387,0.22894781832034491,-1.9967665031819815,0.05894431357322205,1.8529170732808133
P01,session_02,021,lean_forward,1.3603482246398926,0.5820592337988283,0.058309682979004414,-0.8722193162696482,0.0004395139197540749,-0.0007636707960312242,0.027148084593945587,-2.052144355339649,-0.03115687245132701,0.9603587823911455
P01,session_02,021,lean_forward,1.392348051071167,0.5836312795198774,0.05870936894779291,-0.8790294771945467,-0.0004949596107007355,-0.0026904907591262825,0.08548920987757293,-2.048729564472932,0.015120931851944337,0.48020266223583624
P01,session_02,021,lean_forward,1.424487590789795,0.5874531471754348,0.05829152357147773,-0.8795566644338497,-3.1377372792054965e-05,-0.0005340494800031732,0.016645243169255506,-2.027299691170832,-0.018886692582067193,0.5878823348634938
P01,session_02,021,lean_forward,1.4565949440002441,0.5896300294644102,0.05744746992024372,-0.8817270596662228,0.0012160659051542334,-0.0028571066489600097,0.09671108056127853,-2.0038450438750424,-0.005807366084270495,0.20510538584110197
P01,session_02,021,lean_forward,1.4883248805999756,0.5926354634475768,0.060740523704589766,-0.8786089496634423,-0.0013642823541364058,-0.0013027049663246132,0.05945008460198732,-1.9821144105543416,-0.06798095841029977,2.1433110812638083
P01,session_02,021,lean_forward,1.5202665328979492,0.5966642968825661,0.05974992699066548,-0.8770788885929903,0.00272583695512185,-0.00015453980730755458,0.08547504647518502,-1.9877626772922512,-0.04376448466175094,1.3728019680583483
P01,session_02,021,lean_forward,1.5523087978363037,0.5968973300020224,0.06164811962589353,-0.87686423813304,-0.00013197410122609986,-0.0022815429980621808,0.07132319719484487,-1.959186376171057,-0.050276577996535364,1.5706908525538559
P01,session_02,021,lean_forward,1.584214210510254,0.600864755794505,0.0662572286747576,-0.8740391601764739,-0.0005810156972319668,0.00045105378070533803,0.023053974427339672,-1.9599494508568003,0.023229864894951307,0.7284502892035777
P01,session_02,021,lean_forward,1.6166114807128906,0.6020063072910145,0.06513870406997975,-0.8761689497453629,0.0018063508250539795,-0.0008887137643315051,0.06213905415778099,-1.9545845878714565,-0.019489326514989094,0.6047738965037487
P01,session_02,021,lean_forward,1.6639771461486816,0.6027136883004087,0.0666214747744518,-0.8829323190829832,-0.0007028011258071558,-0.0007226169702598472,0.02128166432488189,-1.9389086569700291,0.004409476593669915,0.0954959172762012
P01,session_02,021,lean_forward,1.696681022644043,0.603960905328156,0.06985477538002108,-0.879200302929119,0.0012044692484633553,-0.001366061090548031,0.05568842439477793,-1.9346880657612044,-0.034775738822559056,1.0648094144143383
P01,session_02,021,lean_forward,1.7283141613006592,0.6060727548856145,0.07293552584334048,-0.8753946779456196,0.00037806542833465693,-0.00035020901093833995,0.01629128160044693,-1.9568503808480782,-0.00769722231370712,0.24387256585166256
P01,session_02,021,lean_forward,1.760162353515625,0.6065437928300909,0.07581142529075714,-0.874014535867517,0.00035997279499654436,-0.0008313584291201544,0.02844574332190418,-1.9499323769269514,0.012143532685590302,0.382353852205743
P01,session_02,021,lean_forward,1.7922089099884033,0.6083055960443434,0.07723388438042922,-0.8721451096314121,0.0012829137511128545,0.0001544728884617288,0.04032196598602015,-1.9587365575211442,-0.0026674376419877216,0.09248863179930882
P01,session_02,021,lean_forward,1.8243353366851807,0.6077070669633735,0.07780037014143198,-0.8707424284067308,-0.000507778687065017,-0.002081920815314597,0.06670364351815068,-1.9319531241554964,0.004208762825051925,0.14701025379182947
P01,session_02,021,lean_forward,1.857403039932251,0.6129879213469722,0.07721717534260746,-0.8656894430105643,0.0033262332197917127,0.00046785220124176034,0.10157872122033253,-1.9820068678014169,-0.06968012645726977,2.1096427449119752
P01,session_02,021,lean_forward,1.8881745338439941,0.6118093041707872,0.07745439060824982,-0.867923031183605,-0.001031812998777053,-0.0004597418129760092,0.036709363806395945,-1.9703193555868952,0.012729168425475612,0.41529317043453906
P01,session_02,021,lean_forward,1.9208793640136719,0.6119790343725229,0.07780905437381795,-0.8670433457810246,-0.000175995560402758,-0.0007923209097268601,0.02481689145727662,-1.9541435732521144,0.010241928691351865,0.31414435186752393
P01,session_02,021,lean_forward,1.9517602920532227,0.6120547922705883,0.07772785802609429,-0.8695877573486984,5.939236681333013e-05,-0.0006060236912143528,0.019718548024379747,-1.9436281682766725,-0.010087329100949815,0.3272470140919945
P01,session_02,021,lean_forward,1.9843056201934814,0.6132214334369737,0.07815089414090634,-0.8675440530490438,-0.00021380183342457117,-0.0005166138522028054,0.017179344694280663,-1.945692425394909,0.007906573319583256,0.24354700204158083
P01,session_02,021,lean_forward,2.015998601913452,0.6131420042494024,0.0779985529215739,-0.8692135774206147,-9.446557756451783e-05,-0.00011252267150082778,0.004635684830740549,-1.951493864039278,0.006866799315887449,0.21671582991923127
P01,session_02,021,lean_forward,2.064385414123535,0.610314754111974,0.07796478481940489,-0.8734956465322357,-0.003210008038639828,-0.0015045340931063443,0.07326594873845524,-1.9347089613844164,0.027792594052910347,0.5790375483683587
P01,session_02,021,lean_forward,2.096076726913452,0.6137901870360505,0.07636124783928697,-0.8686593328411049,0.00165296771377988,0.000443594607872075,0.0540039182401559,-2.0011668545269647,0.0007687160498939023,0.059201304272685044
P01,session_02,021,lean_forward,2.1277499198913574,0.6131880981131221,0.07741393408966166,-0.8701267470437263,-0.0008903203508661084,0.0001090634531945054,0.028319707631124902,-1.976950640484162,-0.0014105345537481888,0.052775795785336845
P01,session_02,021,lean_forward,2.1604018211364746,0.6143018546888588,0.08004196546072424,-0.86706463606856,-0.00017385039856407104,-0.00028157603272383657,0.010134830236282527,-1.989924554547091,-0.011160627972447601,0.3419565939813448
P01,session_02,021,lean_forward,2.1918954849243164,0.6137957390223098,0.08212687071076884,-0.8654626340289893,-0.0013148703063750797,-0.0004864153442242776,0.04451553000978936,-1.972809839937525,-0.00014881842983104518,0.04476562630364491
P01,session_02,021,lean_forward,2.224271059036255,0.6166598809295316,0.08081874662538384,-0.862587468231797,0.0009317999995878148,0.0008365201209961094,0.03867745825398087,-1.9939682456157175,0.0027079010283397654,0.09215007738252835
P01,session_02,021,lean_forward,2.256612777709961,0.615388802851565,0.08055852577610323,-0.8640950271476968,-0.0009938364276790494,-0.00027270057009079284,0.031865063895031714,-1.9426676724611385,0.011772083107584817,0.365382776627023
P01,session_02,021,lean_forward,2.2895584106445312,0.613131418512259,0.08302724657732738,-0.8659049524300764,-0.002131685248205946,-0.0007084433054411716,0.06818277065715546,-1.9719092882769405,0.05255205706052972,1.5965710704535985
P01,session_02,021,lean_forward,2.320380210876465,0.6132093169145462,0.08391621079956106,-0.8665696947906564,-0.0002614832172368028,0.00078494780755385,0.026843180387800272,-1.9735872594703807,0.006445990812425375,0.2108530380225144
P01,session_02,021,lean_forward,2.3523051738739014,0.6158134541423425,0.08210725818557264,-0.867757591955361,0.001462123324037551,0.0030693108079374943,0.10649269978090142,-1.9793052440631158,-0.07047224145372388,2.210001028914244
P01,session_02,021,lean_forward,2.3843231201171875,0.6158722537030789,0.08179262378941751,-0.871400129531324,0.00015852704445613793,0.0022340409222852626,0.06995009500552214,-1.9977790092440255,0.06335303961057465,1.9799088611011413
P01,session_02,021,lean_forward,2.4158871173858643,0.6147687245526842,0.08228227551785197,-0.8720074753353559,0.00035446595214710437,0.000921456348251116,0.03127877271889376,-1.994915133199357,-0.004282823232267537,0.13924552471730878
P01,session_02,021,lean_forward,2.4481616020202637,0.6154261001475427,0.0827697038723534,-0.8719889950517903,-0.0002758559142044931,0.0009838126486401268,0.0316582982625574,-2.016778690495544,-0.008674558346928686,0.27063255096749933
P01,session_02,021,lean_forward,2.496519088745117,0.6153950052022429,0.08447702467512912,-0.8702870337547229,3.833072737096513e-05,0.0002886790471993975,0.00602208096942051,-2.0083625050819953,-0.005282327755799611,0.10940082387014842
P01,session_02,021,lean_forward,2.5278971195220947,0.6155556384046719,0.0813935461111362,-0.8798309611229763,0.0001180728583875162,-0.00023311975935864294,0.008327990526417786,-2.025271604253303,0.018069952553667203,0.5759393275583355
P01,session_02,021,lean_forward,2.560563564300537,0.6153810840277117,0.08196135146043171,-0.8842083775952756,-0.00013839812274697906,-0.0003361944775118637,0.011129669370656646,-1.9986870169156303,0.015275249369692379,0.46774528090840845
P01,session_02,021,lean_forward,2.5922677516937256,0.6157652680887441,0.08230558478718498,-0.8832901839555136,-0.00030089556505742877,-0.0002023555344225687,0.011437285731172217,-1.9865762617765053,-0.01915330706454267,0.6042337240504534
P01,session_02,021,lean_forward,2.6241066455841064,0.61602281261885,0.08905081899726432,-0.8786456842289349,-0.000207507918023344,-0.0004005264447899435,0.014167849244042519,-1.9950376058940995,0.008576655294751873,0.26974899384677464
P01,session_02,021,lean_forward,2.6564993858337402,0.61609071410502,0.0891622278131701,-0.8764265168094098,0.00019010695065220144,-0.0009010005248976854,0.028427295129690073,-1.9872360381977283,0.01649175378244353,0.5099118421993503
P01,session_02,021,lean_forward,2.6882898807525635,0.6160780338843858,0.08922150740527962,-0.8745809369869737,-1.5552326362348628e-05,-0.00031975389503926724,0.010070050585075919,-2.0036936659334206,-0.0042764301941235015,0.13489553839087057
P01,session_02,021,lean_forward,2.7209770679473877,0.6167150523306109,0.08976490973794417,-0.8736829755583085,-0.0002767049342270013,7.746385077993069e-05,0.00879070648193248,-1.9779138348132674,-0.0014645645200170676,0.04565967515506505
P01,session_02,021,lean_forward,2.7518694400787354,0.616912830197512,0.09215648747972141,-0.8722300378103689,-3.5627744610026e-06,0.00023555373927930411,0.007625852763957579,-1.9784873532401266,-0.0025173718937334983,0.08184450547184212
P01,session_02,021,lean_forward,2.784193277359009,0.6167071310563815,0.0934616021986503,-0.8713185928385561,0.0001618401549945217,-0.0010394690158053634,0.03254540665570878,-1.979954534174512,0.005130028466334261,0.16200989448954525
P01,session_02,021,lean_forward,2.8162405490875244,0.6167424467339852,0.09346986520138045,-0.8703940204387252,0.0002921678128217495,-0.00022431143057573887,0.011493785596873342,-1.9848961874163795,0.004478062167790672,0.14020493897705963
P01,session_02,021,lean_forward,2.848097801208496,0.6157806156128643,0.09435159103981794,-0.8703964806278023,-0.0007349543095774732,-0.0003593040050246554,0.02567959766614388,-1.9654138636586493,0.022012452058908793,0.6914484813846323
P01,session_02,021,lean_forward,2.8801074028015137,0.6157187499896409,0.09395003724315563,-0.8694889738833912,0.0003692142153818843,-0.0008997539393987738,0.03038343703113973,-1.9543941617976122,-0.03456906038617485,1.0803864129862437
P01,session_02,021,lean_forward,2.928356647491455,0.6155782049477302,0.09515055078540254,-0.8694153093322038,-0.0009443545853670144,6.3905877816285195e-06,0.019572870295000197,-2.0051226352684517,0.06530517447274284,1.3536378203181314
P01,session_02,021,lean_forward,2.9599874019622803,0.6150547262008839,0.09473533343896937,-0.8686004607296187,0.0003911509614123256,-0.0015253554989482824,0.04978411164840724,-2.0110304099570055,0.012756366816943174,0.4063511756546863
P01,session_02,021,lean_forward,2.991774559020996,0.615209859972006,0.0964542372970677,-0.8672637164687903,0.00013290208234692882,8.559795134208976e-05,0.004973145935590846,-1.9689187480923969,-0.045455539820804094,1.430005666115282
P01,session_02,021,lean_forward,3.024183511734009,0.6160522265713795,0.09648031009514639,-0.8663802529459239,0.0005296599268186757,0.0009872149904408005,0.034568448660998334,-1.9771935249372643,-0.11665159115105302,3.599529176303516
P01,session_02,021,lean_forward,3.056502103805542,0.6164112824267824,0.09316491624527728,-0.8699302094797475,0.00043663180924214426,0.0008787753033756188,0.030362439710256636,-1.9916687053482063,0.029076168422517062,0.9001853102412142
P01,session_02,021,lean_forward,3.0890510082244873,0.6162095914959065,0.09320752512511778,-0.8703478495477052,-0.00012867225665861792,0.001221237794732855,0.03772777306783169,-1.982694480023618,-0.0013968956170159223,0.05714226703241948
P01,session_02,021,lean_forward,3.1208834648132324,0.6168485282993615,0.09127941432524711,-0.8736116173201223,0.0006503888637112156,0.002343656165785827,0.07640715212727703,-1.9679526074867386,-0.02630224888739136,0.8297966624236819
P01,session_02,021,lean_forward,3.152862548828125,0.6166710904748188,0.09102269549979373,-0.8741108589112304,1.969355554455288e-05,0.00040503481967827656,0.012680579147783996,-1.9556610183876835,0.015526785813274832,0.4856949718135755
P01,session_02,021,lean_forward,3.1842617988586426,0.6154237881528617,0.09167040264485582,-0.8744001899728999,-0.0005010969472156244,-0.0012926269780412808,0.04415251603336289,-1.9578111841529577,0.03180676886109324,1.013940393981901
P01,session_02,021,lean_forward,3.215852737426758,0.6149213723713798,0.09427383048542787,-0.8685043856296133,-0.001095605601246454,-0.0014187234701091502,0.05674158705767071,-1.9576471933114998,0.0033169137283776905,0.11934702132385258
P01,session_02,021,lean_forward,3.2483692169189453,0.615721321827699,0.0926561541032561,-0.8672600951591458,0.001329465717693459,-6.664995424559993e-05,0.04093725296746848,-1.9477918155147984,0.0678374076424825,2.0866486011339287
P01,session_02,021,lean_forward,3.2801759243011475,0.6145870096500433,0.09369276462334893,-0.868975969378042,-0.0008361168324440198,0.00026505521856685585,0.02757668327550756,-1.9184810675186192,-0.0356206379561491,1.1202491049175227
P01,session_02,021,lean_forward,3.3122105598449707,0.6144173225903189,0.09307083152860564,-0.8673456543870695,-7.316981743337772e-05,-0.0004812182689801395,0.015194468558082316,-1.9351561879296355,0.009107010873308851,0.2846921548826693
P01,session_02,021,lean_forward,3.36047101020813,0.6113281165469878,0.09072428819614575,-0.8716018358525616,0.0027189651231465423,-0.0003291120970776858,0.056750632370704025,-1.9459010384131303,-0.004166819474673535,0.10332121511352617
P01,session_02,021,lean_forward,3.3922996520996094,0.610723590409348,0.09176716081726052,-0.8712391679748338,-0.00095062905866295,-0.000802001390045331,0.03907628510761578,-1.9527773007483944,0.026422371320592938,0.8310636624501515
P01,session_02,021,lean_forward,3.424365997314453,0.6119858603157157,0.09192287058616505,-0.8698531274805058,0.0005903017125537478,0.0007263753455113084,0.029189169517316402,-1.988438872972716,-0.014362811186270735,0.4488592912802421
P01,session_02,021,lean_forward,3.4566638469696045,0.6119660148429767,0.09386010290829257,-0.8691879065171251,-0.002033403145558203,0.0002705246645209965,0.06351257387580979,-1.975618590223423,0.05872951673718632,1.8194812023647164
P01,session_02,021,lean_forward,3.488276481628418,0.6129832874169803,0.09188203184089666,-0.8688937713095566,0.000982762020646223,0.0005699059504552608,0.03593664177600347,-1.9874031887166081,-0.0026282670001416945,0.09057407278028862
P01,session_02,021,lean_forward,3.5205323696136475,0.6124082081441063,0.09150630802947969,-0.8709156484379694,0.00035280289169369353,0.0016760418487289216,0.053099498781898916,-1.9608026289621732,-0.05434252175743608,1.6855684366650276
P01,session_02,021,lean_forward,3.5526318550109863,0.6118262167169037,0.09024502291785862,-0.8717272900878622,-0.0004677906817822122,-3.1856625801589715e-05,0.01460690544091093,-1.978633246240177,0.021748138493336653,0.6776804029962524
P01,session_02,021,lean_forward,3.58439040184021,0.6114220266212264,0.09011532783983496,-0.8716701484718887,0.00017492514141152882,-0.0006623149624520664,0.021569799408915617,-1.999678828367986,0.05590441794543934,1.7604273606320946
P01,session_02,021,lean_forward,3.6165616512298584,0.6112078253282939,0.09228944793798602,-0.8693618167348995,-0.00025475734675267913,-0.00035467820283821956,0.01357391314219725,-2.0036757599868196,-0.013051051018803859,0.4059013892419442
P01,session_02,021,lean_forward,3.64797043800354,0.610514358554804,0.0904110657674654,-0.8692701946397398,0.0004928861130488014,-0.001168584793530282,0.0403796950923562,-2.0022667265448533,0.025385416573338048,0.8092346616624819
P01,session_02,021,lean_forward,3.680271625518799,0.6106042542916074,0.08970365766637235,-0.8683530417843854,-4.246288867963313e-06,-0.00031525034250775907,0.009760599015747102,-2.012094218500811,-0.014546809503281858,0.4504548224376109
P01,session_02,021,lean_forward,3.7123539447784424,0.610669182807053,0.0914895724399128,-0.8683040034265135,-0.0001685646245548691,-7.710831117449137e-05,0.005777754426345051,-1.9637659193957202,-0.08501274271626279,2.6498378784195444
P01,session_02,021,lean_forward,3.760080337524414,0.6101803246955924,0.09433005373151009,-0.8672179125799347,0.00027644474573726603,-0.0018178439914479337,0.03852676927941071,-1.9756829518526422,0.05579807636115732,1.1697587326205834
P01,session_02,021,lean_forward,3.792686700820923,0.6095911203112439,0.09006074259935498,-0.8660438551349469,-0.0003425410325904574,-0.0019388414001958695,0.06038293083597968,-2.0172697299515208,0.06546691735012071,2.0087035209711304
P01,session_02,021,lean_forward,3.8243587017059326,0.6083863447789436,0.08834195186402591,-0.8666556054560116,0.0016224236071894626,-0.0010781785642994866,0.061505618400765454,-2.007129206113406,-0.00896433711944387,0.289642344883131
P01,session_02,021,lean_forward,3.8558804988861084,0.6085723282566962,0.08819337156362647,-0.8634105292910772,-0.00028242730701015013,-0.0013569830815815614,0.04397154566494528,-2.0042942999851743,-0.005488264450343152,0.1795768273148587
P01,session_02,021,lean_forward,3.888336181640625,0.6088911963482352,0.0884250112740085,-0.8623187075945876,0.0013227816711749885,0.00040825220092950535,0.04265350599107052,-2.0158739680561566,0.008473056379272205,0.2645268870269822
P01,session_02,021,lean_forward,3.92079496383667,0.6096898045317067,0.08827690092200183,-0.8612579666993992,-0.0004154651057824,0.0006732885895695956,0.024374192586508147,-2.0143669845279786,-0.023593280602402584,0.7272774965077197
P01,session_02,021,lean_forward,3.9522454738616943,0.609249613833027,0.09239794620280238,-0.8615406098359024,-0.00034724558086898143,-0.0008317751515543103,0.028659269860586457,-1.9843692173314689,-0.038120092793152115,1.2124047418356652
P01,session_02,021,lean_forward,3.9842116832733154,0.6094226556047686,0.09316063078193414,-0.8596232200861117,0.0009033034675056909,-0.0006039954052005949,0.0339931236771186,-1.9937658483682774,-0.0021900518360054603,0.07648106490028113
P01,session_02,022,lean_forward,0.000568389892578125,0.526875274353167,0.06281344897688607,-0.7992308132713067,0.0,0.0,0.0,-1.9959372063334586,0.0,0.0
P01,session_02,022,lean_forward,0.047595977783203125,0.5224873958219933,0.055403967895028744,-0.8103292929130284,0.000591241004433532,-0.00015794185917480586,0.01301307425078463,-1.9633656830571664,0.1259542264049372,2.678336668811643
P01,session_02,022,lean_forward,0.07946252822875977,0.525742949673127,0.051636000645137216,-0.8119718317606719,-0.0016156391484869303,0.0047171912839846465,0.15647126002456888,-1.9460853533156843,-0.21592417905635666,6.777694476590618
P01,session_02,022,lean_forward,0.11218428611755371,0.5237953400135319,0.054536715333954947,-0.8150261201360715,-0.002369612951519338,0.0003853056944039608,0.07336813880498547,-1.9685892085909287,-0.05968292464397406,1.825427285377368
P01,session_02,022,lean_forward,0.1441032886505127,0.52483960175318,0.055072500828805805,-0.8136254827739451,-0.0032714495873132593,0.001300119067062259,0.11028933464307059,-1.967084066538906,0.0012669573997332775,0.11721460110200414
P01,session_02,022,lean_forward,0.1758565902709961,0.5232495034168932,0.05560654441919671,-0.8198794405763207,-0.0009575482455503416,0.0005468368252158476,0.034726838506114806,-1.940979170542373,-0.11790909180888358,3.713448425616946
P01,session_02,022,lean_forward,0.20825600624084473,0.523297142168689,0.04978615343621687,-0.8221101807868331,-0.0019050696169661705,0.0020533701545459113,0.0864522761169924,-1.9305668589119727,0.020502463893822213,0.6386816643666477
P01,session_02,022,lean_forward,0.24037814140319824,0.5225096050367226,0.04978085568366344,-0.8289277179161131,-0.0003176669537521774,0.0015597878057744493,0.04955483914658645,-1.9297366542781698,0.00340376191140889,0.11697806000593622
P01,session_02,022,lean_forward,0.27208781242370605,0.5220530217355726,0.050684348762397635,-0.8306340700315866,-0.0008969473786374256,0.0010492548892156238,0.04353184662606169,-1.9397744113777555,0.012892077225039825,0.40888997781047637
P01,session_02,022,lean_forward,0.3039681911468506,0.5197453946157838,0.05194122063829454,-0.8322845469653121,-0.0021645364816455185,0.00023056507967619353,0.06827966782727474,-1.9734096706613935,0.046116685710195005,1.4481644438471777
P01,session_02,022,lean_forward,0.33605265617370605,0.519092230878556,0.04985946894450052,-0.8337311550919463,0.0005601152163696668,0.0001411770517684513,0.018003513991129184,-1.9354086898871756,-0.061805435879277656,1.9264193760395931
P01,session_02,022,lean_forward,0.36788105964660645,0.5190746142988539,0.05050919666534859,-0.8336546120512318,-0.00020204103532198367,0.0008783244553440485,0.028316302027653218,-1.9574356725069137,-0.019597951719066274,0.616388573893809
P01,session_02,022,lean_forward,0.39987778663635254,0.51921628789781,0.05168069715909593,-0.8329754131613152,-0.00018746404376545643,0.00014711278143627216,0.007447508762801426,-1.961426503445386,-0.01142867712374829,0.3572603277680231
P01,session_02,022,lean_forward,0.4320948123931885,0.519280281755726,0.05167955088823869,-0.836618193597172,-0.0001066909706862072,0.00013309110329279964,0.0052945948108297555,-1.9793324377435169,0.02995448002512542,0.9297868127541449
P01,session_02,022,lean_forward,0.47959065437316895,0.518858465006884,0.06334907705200679,-0.8367859330758437,-0.00023475012901041272,-0.0004313612598160508,0.010339872845178094,-1.9722793432848729,-0.011260510500834564,0.2373095002947476
P01,session_02,022,lean_forward,0.5116608142852783,0.5201447904467953,0.05964895875483127,-0.8407268641787212,0.00017867821436064993,0.001788214548724029,0.05603711167855264,-1.9869661446245115,-0.07769855240031077,2.423415815751748
P01,session_02,022,lean_forward,0.5439422130584717,0.5202136211227509,0.060628235381561923,-0.8461734241892978,-0.0010358642495559714,-5.80333758150706e-05,0.032138898857874375,-1.9869524786630695,0.01328835406761776,0.4128939270579992
P01,session_02,022,lean_forward,0.5760231018066406,0.5207221269569448,0.06040846322105117,-0.8581676229852265,0.00012164805940786145,0.00023757285090662567,0.0083197993200326,-1.9761918694118652,0.00987421104186771,0.30790349333709804
P01,session_02,022,lean_forward,0.6080102920532227,0.5209386780687049,0.05751930323173103,-0.8627898917292923,-0.0005422830475177472,-0.0003350724558826295,0.019928337751475542,-1.9586477340178128,-0.012099937211068399,0.3787990337213375
P01,session_02,022,lean_forward,0.6401264667510986,0.522333478789773,0.05218013381174393,-0.8713795725135282,0.00047832999392673724,0.00038490059510106394,0.019116876722687234,-1.9530975065969036,0.0005289958297479268,0.025234091984910313
P01,session_02,022,lean_forward,0.672929048538208,0.5244734655525924,0.04977037914448282,-0.8767535061470053,-0.0020389911110392208,-0.00046964472125349494,0.06378702935686698,-1.959040532486549,-0.04138624066787665,1.2632877427428169
P01,session_02,022,lean_forward,0.7043845653533936,0.5268399060587146,0.05175498566788425,-0.881407235864802,-0.0022658627614805067,-0.0002984531944320044,0.07265606120952829,-1.941823597819091,-0.012949395358186344,0.41803562242801456
P01,session_02,022,lean_forward,0.7363142967224121,0.5286953273520735,0.05100030203215527,-0.8835170184745167,0.0001647118510636184,-0.0014058567986059696,0.044330871860446146,-1.9499563840432073,-0.007968767246196102,0.2534786273564614
P01,session_02,022,lean_forward,0.767998218536377,0.5324381059245307,0.05000378318148129,-0.8875149633577318,-0.001034022915533259,-0.0007647633147444132,0.040591726723266205,-1.9961747595264916,-0.0029420410574499357,0.10134060420082067
P01,session_02,022,lean_forward,0.8000397682189941,0.5362320839235543,0.052155362082196434,-0.8847840126906602,-0.003306237000123913,-0.00427750560127985,0.1687283067440733,-2.0044010543207476,-0.011646219693993275,0.4007261454486283
P01,session_02,022,lean_forward,0.8321611881256104,0.5430217337716938,0.05134262639362049,-0.8796021280539604,0.0005986843869178497,-0.001118008859687722,0.039481879245701325,-2.005113737688787,0.009754903084709396,0.3062441377789309
P01,session_02,022,lean_forward,0.8651256561279297,0.5457308955906517,0.05164637935152276,-0.88202567869559,-0.0013982051729497643,-0.004430448472913525,0.1409348506715006,-1.996526784146907,-0.0034983116909470154,0.1764224313100976
P01,session_02,022,lean_forward,0.9123435020446777,0.5503520492915146,0.05261610614841593,-0.8824357092969983,-0.001219380751629864,-0.004220125265832603,0.09303178972174966,-1.9850467558268392,0.006521504720647311,0.1665254843159651
P01,session_02,022,lean_forward,0.9437921047210693,0.556142682752978,0.05405815326758081,-0.8775356367121412,-0.000285166133627911,-0.0024666348080226892,0.07895625952445576,-2.014560799734116,-0.03275889834855082,1.044652754243451
P01,session_02,022,lean_forward,0.9759254455566406,0.5587441910276748,0.057726965225432185,-0.8703454039460702,0.0005512486873650116,-0.00781349010276735,0.2437627493720386,-2.0101974912508904,-0.000914080733402795,0.2454169528167627
P01,session_02,022,lean_forward,1.0079491138458252,0.5645553623618772,0.0590402655361188,-0.8673648235264864,6.933837328631345e-05,-0.001040682672985446,0.0325693495351296,-2.0720522020866756,-0.017081681143112638,0.5344014096144323
P01,session_02,022,lean_forward,1.0397059917449951,0.5695408737760538,0.05755639901013942,-0.8645577459096948,0.0023464962821209386,-0.004105361200412112,0.14890128443652872,-2.0642733425643804,-0.06862956117014259,2.16621647526293
P01,session_02,022,lean_forward,1.071714162826538,0.5743302399856519,0.05760451089746466,-0.8661598522468754,3.171810970624471e-05,-0.002912721364467776,0.09100470155795523,-2.055544080889709,-0.01729504848740581,0.5479423719475374
P01,session_02,022,lean_forward,1.1049065589904785,0.5791035386403706,0.05600885381071036,-0.8658604014969113,0.0016272426611841741,-0.004142708496514515,0.13409207469344095,-1.9972374678584208,0.014672189084678438,0.46192565707658034
P01,session_02,022,lean_forward,1.1357362270355225,0.5858853214627153,0.05582602139184131,-0.8700329728270034,-0.0010662265407313765,-0.0007056801106610556,0.041473107879854136,-2.0716375512138057,-0.03516996136033584,1.14153663258179
P01,session_02,022,lean_forward,1.1677706241607666,0.5917529902039973,0.053730533198995095,-0.8709423449531544,0.0017710825084053924,-0.0009171564858763483,0.06226025306050005,-2.065224479638566,-0.010009727332883363,0.3186105069451309
P01,session_02,022,lean_forward,1.1996197700500488,0.5979625642716048,0.0553286095616907,-0.8715025220664051,-0.0011404089159740606,-0.0015584899068028263,0.06063495350024558,-2.0629152754906133,-0.010286780981592036,0.3286268330425264
P01,session_02,022,lean_forward,1.2318928241729736,0.6006239113610625,0.05675059689807232,-0.8748152727803237,-0.000977245041902457,-0.001947047242663235,0.06750311883669068,-2.014077718079901,-0.05925206137737923,1.8372013033656889
P01,session_02,022,lean_forward,1.2637956142425537,0.603490223623716,0.06144218661816623,-0.8725429741555273,-0.0013073604201469015,-0.0013833736229123244,0.05966234750345371,-2.0011537738738867,-0.009960309838277883,0.31785767346075217
P01,session_02,022,lean_forward,1.312143087387085,0.6059130744284741,0.06374404103243272,-0.8714281552582757,-0.0007932809611390669,-0.004435133231867736,0.09319037186202228,-1.9903692665091044,-0.049221022138622755,1.0223244037428747
P01,session_02,022,lean_forward,1.3437745571136475,0.6088163968472556,0.06413990233060266,-0.8695600311770105,0.001327814837992362,-0.0031296490853431275,0.10747764310504762,-1.9785878539481743,-0.013296921183505893,0.4338921380172494
P01,session_02,022,lean_forward,1.375758171081543,0.6108515167682543,0.06591644076095517,-0.871182632696677,-0.0017192582163940548,-0.0009763974739727497,0.061818214450521276,-2.0068807230560077,-0.02082800761611376,0.6541362704080923
P01,session_02,022,lean_forward,1.4080450534820557,0.6165906575075748,0.061616195955815085,-0.8666832266872404,0.0045707334086861,-0.0015990836414228333,0.14997988546030686,-1.9741239528192136,0.024598357004215754,0.7764905015493023
P01,session_02,022,lean_forward,1.4402143955230713,0.6170597120932918,0.05612970549150455,-0.8759815398587627,-0.000884396138180831,-0.0036851811230906137,0.11780836123300664,-1.98521477925912,0.033664140667813376,1.053076952970328
P01,session_02,022,lean_forward,1.4721617698669434,0.6218594914802592,0.06825417217066959,-0.86729079972149,-0.0024241544004865445,-0.0006308305573264479,0.07840674295650917,-1.9803995851050253,-0.031854666729922716,1.0001761183942695
P01,session_02,022,lean_forward,1.5041069984436035,0.6244143785690077,0.06829973951170969,-0.8661357753961593,0.0002100051232106075,-6.76789237983276e-05,0.006906862830385626,-1.9825644386671457,-0.004367867920595169,0.13690423809892355
P01,session_02,022,lean_forward,1.5363624095916748,0.6272075244860724,0.07351150934948826,-0.8606413543430828,-0.00157154047451566,-0.001745116012805728,0.07280762166991948,-1.9798041102449258,0.005563445243972322,0.18721816590543908
P01,session_02,022,lean_forward,1.568420171737671,0.6293369065642567,0.07835577614542245,-0.8584298703095159,-0.0017137343029447563,-0.00040427062765590054,0.054924999134822315,-1.9968295809887655,0.016685717285514764,0.5233791245793623
P01,session_02,022,lean_forward,1.5998711585998535,0.6306231456691799,0.07647122373275375,-0.8603278676381423,0.0010943066891345825,-0.0006520259283326964,0.0405020935895136,-1.9969075947555592,0.013247132856620627,0.42314211399678947
P01,session_02,022,lean_forward,1.6316249370574951,0.631496840882353,0.07629765409633818,-0.8650131715198552,-8.126659680499035e-05,0.0006208730241384744,0.019719510392772466,-1.9835997395319869,-0.09231116148772849,2.907159074448652
P01,session_02,022,lean_forward,1.6637680530548096,0.6333583129102852,0.0780193361531423,-0.8623467245582993,-0.0010653478715685384,-0.00026802210511817824,0.03417669192299322,-1.966242865984571,-0.001843169571556208,0.06675491798869204
P01,session_02,022,lean_forward,1.6956706047058105,0.635467356854777,0.07853779636114205,-0.8597356464399867,-0.0004591458296146793,0.00014107000898658925,0.01505612104918251,-1.9931495959224925,0.04322970365811911,1.3551383768234981
P01,session_02,022,lean_forward,1.7440462112426758,0.636124087614789,0.07975655196632449,-0.8587039034149052,0.0005258076549056075,0.00010990976396396367,0.011104193226979952,-2.0080933650932753,0.0214900761466471,0.44437249040608706
P01,session_02,022,lean_forward,1.7768924236297607,0.63638388316272,0.07933665540285435,-0.8606205179185178,0.0002300793809596032,0.0008689910427613265,0.027367958798481442,-2.011622897236466,0.008762638552716107,0.2681778732491803
P01,session_02,022,lean_forward,1.8097562789916992,0.6365981134339518,0.0791181324034085,-0.8632481737618325,0.00018040149176926375,0.0021201564186444574,0.06474644022436186,-2.0241302518104787,0.016235151144837177,0.498237217943128
P01,session_02,022,lean_forward,1.839980125427246,0.637775845242768,0.07845052902396281,-0.8651539522859301,0.0002950555677831842,0.0026160028271300633,0.08710306662379079,-1.9945454048608222,-0.05485685452554674,1.8171078100938185
P01,session_02,022,lean_forward,1.8720879554748535,0.638123200115275,0.07882451032850193,-0.8667803113502636,-0.0002559329086531686,0.001504072869192572,0.04751776281095902,-2.0164129563323714,0.027030998649984588,0.8432217679293796
P01,session_02,022,lean_forward,1.9043693542480469,0.6380601092617044,0.07899739280856459,-0.8669014690143636,-2.1602312860865057e-05,-1.26110799403969e-06,0.0006703269713620332,-2.0094018358452894,0.012784131981801235,0.3960221917686967
P01,session_02,022,lean_forward,1.9359798431396484,0.6378781895099259,0.07908241185009365,-0.866710975813014,-7.837451825052712e-05,-0.00043076784397607157,0.01385108546043078,-2.0156301136810684,0.006782491096529969,0.21501118382185916
P01,session_02,022,lean_forward,1.9681658744812012,0.6362549815555631,0.08100635220932109,-0.8645313189289787,0.000305714396401789,-0.004187375017448306,0.13044541066547774,-2.0314262723857666,0.054235914333850735,1.6901176570849026
P01,session_02,022,lean_forward,1.9998488426208496,0.639954305181142,0.07683590798210167,-0.8599871111574224,0.0039270157530285656,0.0006821027883998933,0.12580306384367812,-2.016751384906215,-0.01243925991773553,0.4122793016151108
P01,session_02,022,lean_forward,2.0320534706115723,0.6425205315016442,0.07810649197625422,-0.857258094205395,-0.0016706972743021945,0.0002386892612577745,0.0524043215274986,-1.993451167910418,-0.10034374090954701,3.1162580781929248
P01,session_02,022,lean_forward,2.0635416507720947,0.6408740601853905,0.0791638965854621,-0.8566256786729249,0.0016071537714945005,-0.0007637590180415699,0.05651015333407379,-1.990448634233814,-0.007866476072208235,0.2561347286313415
P01,session_02,022,lean_forward,2.0954384803771973,0.6412022163901152,0.0767101550600445,-0.8580042689755221,0.00022017017025502758,0.0006420584192322041,0.021279829678631085,-2.0527927196552858,0.06575660775192191,2.0616503786921596
P01,session_02,022,lean_forward,2.12776780128479,0.6405636192057489,0.07808068041865532,-0.852562273317941,0.0012293807252882984,0.001059377804829494,0.050197620582545045,-2.0792335130893376,-0.00010175051643223996,0.05029618967706491
P01,session_02,022,lean_forward,2.1767940521240234,0.6424240309810708,0.07645095280245696,-0.8522212920475246,0.0014210546251623268,0.0024688982992292184,0.058104758530159985,-2.0785739211780214,-0.014783236020582019,0.3070843802967766
P01,session_02,022,lean_forward,2.2076644897460938,0.6426509184593246,0.07624690574206834,-0.8544526705967859,0.0001799312932462207,-6.144560916269135e-05,0.006159087434437823,-2.059258512463906,0.033604070349562414,1.0885692211534532
P01,session_02,022,lean_forward,2.239485263824463,0.6427481905074861,0.0693577108915936,-0.8561096493707271,-7.378153093200786e-05,-6.7695858702737764e-06,0.002328398442336474,-2.0663669842199974,0.03574665908690115,1.1233773189414495
P01,session_02,022,lean_forward,2.2722933292388916,0.6405682406018465,0.07433528777976081,-0.8595411264054958,0.004077981931934923,-0.0039370233571400124,0.17277278973968785,-2.056589072356875,-0.015790617114462367,0.5113735630423637
P01,session_02,022,lean_forward,2.304131507873535,0.6424434240437159,0.07413190766029565,-0.8595408507390708,-0.0014509094535560512,0.0002066167057626579,0.046031126792061644,-2.0533545024181743,0.002710000299494547,0.09676739631349132
P01,session_02,022,lean_forward,2.3358590602874756,0.6424981389988363,0.07920733435557895,-0.8577872604890399,0.00033241861793440196,-0.0002766405689472927,0.013630806526340912,-2.0606534804430776,0.006402531477497453,0.20225704397050837
P01,session_02,022,lean_forward,2.3680996894836426,0.6404388304231541,0.07837443656732836,-0.8546134954264305,0.0015948092054562757,-0.006549552072489862,0.20908163403554209,-2.028504752773833,0.04466042799624086,1.4009122189001184
P01,session_02,022,lean_forward,2.4000515937805176,0.6410248362973999,0.0731966657428343,-0.8539152207922478,0.000231563441581921,0.0002903405496519794,0.011622932508537501,-2.046840621827504,-0.08971383509202296,2.8078014667712323
P01,session_02,022,lean_forward,2.4321389198303223,0.6418307887211817,0.07578061034869267,-0.8443935771604079,-0.0005628644781959494,0.0008793074264640071,0.03253713561482395,-2.069019057497149,-0.01808029172157195,0.5644100686621701
P01,session_02,022,lean_forward,2.4634766578674316,0.6395069867976032,0.07453260367337902,-0.8468442203438141,0.0015122824046786868,0.00017676149150862096,0.04858607366354258,-2.0400835503462553,0.0436797078563402,1.3946838341322068
P01,session_02,022,lean_forward,2.4958014488220215,0.6401096180831558,0.06814062907410941,-0.8509880825421917,-0.0005852825580993662,0.0023581239587284067,0.07516434192178094,-2.029611204743668,0.0076646827149523715,0.24874294655425025
P01,session_02,022,lean_forward,2.527954578399658,0.6401395812902669,0.07223267774710221,-0.8508108634030412,-0.0003119133939734052,-1.6713595050032086e-05,0.009714788839793433,-2.0122062270270975,-0.05241653432345467,1.63024457385433
P01,session_02,022,lean_forward,2.559868335723877,0.6380499938299472,0.07432698341197806,-0.8500671498815103,0.001305629457218796,-0.0008793798746476921,0.04932541167024535,-2.0044165047225078,0.0030161043525588475,0.10660559193495313
P01,session_02,022,lean_forward,2.6083712577819824,0.6385383831922729,0.07379337221460722,-0.8514181578184801,-0.0009584242801063445,0.0009664986604549394,0.02806301107844473,-2.066253533747338,0.06616226601260637,1.3643768845679785
P01,session_02,022,lean_forward,2.6396703720092773,0.6374239894703788,0.0760795457752042,-0.8449619455485764,0.0005796483164824775,-3.2728020934260997e-07,0.018519642590115903,-2.080752145442133,-0.0011142956041803461,0.04013034255915387
P01,session_02,022,lean_forward,2.672048330307007,0.6355475763448039,0.07922981489479605,-0.8472599276307706,0.0013779435663647365,-2.6072149221081784e-05,0.04256569200363394,-2.065724518199138,0.017140890665155704,0.5311084476541634
P01,session_02,022,lean_forward,2.7038614749908447,0.6366261576059502,0.07623811092529938,-0.849610387974443,0.0012986954249086808,0.0017239790000130482,0.06784633560142284,-2.066746022165098,-0.0009026465114793927,0.07354028874787077
P01,session_02,022,lean_forward,2.7364590167999268,0.63676477099827,0.07319471310598046,-0.8537488894664887,-0.0001224593132015726,0.0032282643177495396,0.09910520725555036,-2.0679904301971552,-0.018125710054420725,0.5648081289526383
P01,session_02,022,lean_forward,2.767951488494873,0.6367112109646902,0.0789340887620763,-0.8517949614218677,-4.162281851941154e-05,0.00012328873093070565,0.004131946547325687,-2.0737307302844363,0.004800958668019164,0.1525038062424058
P01,session_02,022,lean_forward,2.799647331237793,0.6366196600324865,0.0725072067242493,-0.8516622764894444,-6.676759291926579e-05,-0.0005525384043653595,0.01755933161360047,-2.032471956658316,-0.05208101633298037,1.6432435782250883
P01,session_02,022,lean_forward,2.83223032951355,0.6395678367827781,0.07110851089921087,-0.8480044037321727,-0.0018286876279560989,-5.3494037900930746e-05,0.05614799066362008,-2.0579719279423463,-0.018092774001794154,0.5581141738066128
P01,session_02,022,lean_forward,2.8638525009155273,0.6390528401882076,0.07076479983896579,-0.8456277774030558,0.00035549971657194046,-0.002397326305929053,0.07664057860745777,-2.0694700850274392,0.029871536396935724,0.947742908261657
P01,session_02,022,lean_forward,2.895747184753418,0.6391523757229338,0.07069367625799171,-0.8444538142702636,6.336729340803525e-05,-3.9633700807086065e-06,0.00199064894951551,-2.082074873104487,0.03742610367213137,1.1734293312558304
P01,session_02,022,lean_forward,2.927405595779419,0.6378608316645883,0.07043323000544824,-0.8418190093618707,0.0005105812473276134,-0.005281535027375618,0.1676065583651075,-2.058956304407451,0.029545357626403458,0.9481856892962458
P01,session_02,022,lean_forward,2.9598209857940674,0.638152362663163,0.06895742208682666,-0.8438782968784841,-0.00017082040448564658,-0.0009739016376580339,0.03050307080599461,-2.055212427661279,-0.08477091292097133,2.615321894719248
P01,session_02,022,lean_forward,3.0076098442077637,0.6402720714955583,0.063781578788725,-0.8446751994719078,-0.001643318580865013,0.0010995176750373413,0.04137427020880907,-2.0678268459559974,-0.014897715100660467,0.3144739600062706
P01,session_02,022,lean_forward,3.040295362472534,0.6397099988198361,0.0683218509874967,-0.8437151109796633,0.00027586633372044407,-0.0001010943078904608,0.008988890890909313,-2.046674342342241,-0.013973190014485368,0.42759849833602576
P01,session_02,022,lean_forward,3.07181715965271,0.64003932952001,0.06782547533962541,-0.8451856964076725,-0.0008747724620874735,0.0014457894498950618,0.05360838167330006,-2.0187122722335427,0.01826113560935251,0.5817928127455546
P01,session_02,022,lean_forward,3.104128837585449,0.6388940934056296,0.0744752647896189,-0.8439031716416261,-0.0006983015976335643,-0.0010518838361146877,0.03907474827488101,-2.039696984627663,0.022899534435583405,0.7097840639157421
P01,session_02,022,lean_forward,3.1363186836242676,0.63677492463776,0.07438985120011216,-0.8455792835816275,0.0015828778048492219,-0.0003770366888926275,0.050548946643528936,-2.0316436411159042,0.04341657503971248,1.3497130624506262
P01,session_02,022,lean_forward,3.168325662612915,0.6360829556209705,0.07444815869087834,-0.8462042631457808,0.0005588963672751808,-0.00029067530651369355,0.019682147979831102,-2.0344037201218277,-0.00758297566016578,0.23773247441709985
P01,session_02,022,lean_forward,3.1997430324554443,0.6367246275120706,0.07275372612884222,-0.8469571992838344,0.0018039138999083192,0.000989705878583864,0.06549170105145458,-2.0301198258060755,-0.007152023292140501,0.2368789622260649
P01,session_02,022,lean_forward,3.2313835620880127,0.6371780251574437,0.07283240478228127,-0.846038487920372,-0.0012604684316091224,-0.0002687072299378236,0.04073230730352502,-2.0007510035423532,-0.02266366580234069,0.7174431243390277
P01,session_02,022,lean_forward,3.2643234729766846,0.6374251800663417,0.07400607573009954,-0.845227661234285,-0.0010934411370578261,-0.00048306468670977293,0.036290117775199165,-2.0155737998160945,0.015117932963890666,0.4603873996126987
P01,session_02,022,lean_forward,3.296024799346924,0.6364778840755102,0.0770739535881286,-0.849135594990144,0.0007488415596059721,-0.0009053384536731626,0.037061693641836244,-2.0140118269575473,0.04074207995596571,1.2857196160310187
P01,session_02,022,lean_forward,3.3274269104003906,0.6385110897517106,0.07149882373299393,-0.858877138456399,0.00029294217263870414,0.0061141074626782565,0.19492706159917647,-2.0200656982309892,-0.052804527328011386,1.6928201006157746
P01,session_02,022,lean_forward,3.359748363494873,0.6379888042753279,0.07218748977559332,-0.8573849789093703,8.363949003114509e-05,-0.00011939823318604123,0.004510284546208953,-2.0250695696330143,0.0019297108814222861,0.05987383789147089
P01,session_02,022,lean_forward,3.3918070793151855,0.6370718493833474,0.07332119792334894,-0.8579498463247394,0.0009040850472402806,-0.0005726359259177686,0.03338182179677032,-2.0278193606674675,0.028562935901888676,0.8915821026522627
P01,session_02,022,lean_forward,3.4397177696228027,0.6378079547585566,0.07066532900290017,-0.8631048167330349,-3.0839271647724816e-05,0.0010461522013953195,0.021844950422132445,-2.0223959793204718,-0.04406375877046834,0.9199655919392852
P01,session_02,022,lean_forward,3.472538471221924,0.6383513151688377,0.07030562755367704,-0.8623574489314991,0.0006046938746322336,0.0008406819356098462,0.03155227684187493,-2.0409199448961592,0.001774409858761783,0.06259739686068387
P01,session_02,022,lean_forward,3.5039584636688232,0.6383143061195717,0.06950214575822299,-0.8617022556450228,1.3283049804794816e-05,0.0001457166904772043,0.0046569348352852565,-2.050083542791693,0.043132794028694535,1.3727897066019115
P01,session_02,022,lean_forward,3.5360684394836426,0.6362545473535614,0.07199874627580607,-0.8606790172687582,0.0007958744065188387,-0.003514705037448544,0.11222954735629642,-2.035065577017394,0.10610054475004466,3.3061914174856932
P01,session_02,022,lean_forward,3.5681333541870117,0.6361267373437278,0.07069129043441942,-0.8579841357836383,-0.00033646255729096836,-0.0005614931944348182,0.020414372256514702,-2.070784418043544,0.013257821766118373,0.41397183284473027
P01,session_02,022,lean_forward,3.5994510650634766,0.6366023054643063,0.07031427788641505,-0.852438226825275,0.0003583779488388868,-0.00023744397067513586,0.013727071165611258,-2.0818071938755702,-0.04533812851735845,1.447748426724087
P01,session_02,022,lean_forward,3.632122039794922,0.6359441057857059,0.07076796801331256,-0.8506645768428075,0.0005425694410640686,-0.0012586964321685836,0.04195332923056605,-2.054864734971663,0.02061583453046929,0.6324068659826664
P01,session_02,022,lean_forward,3.6638426780700684,0.6359316911733499,0.07121241380402711,-0.8448165249075239,-3.2921981665557433e-06,-0.0020625797253587385,0.06502335592671173,-2.046845033275928,-0.006460253515414602,0.21378913939878258
P01,session_02,022,lean_forward,3.696946620941162,0.6361976977595822,0.0705450974498429,-0.8444085764455189,0.00017537385757893345,0.0002164681391311523,0.00841572537177668,-2.0627848820811523,-0.05396865503150093,1.6303004843419895
P01,session_02,022,lean_forward,3.727771282196045,0.6349232146620803,0.071597309076706,-0.8430130844713684,6.78730233474658e-05,-0.004022814379648139,0.1305249353204045,-2.0300645968052606,0.020042584612930743,0.6631841721087488
P01,session_02,022,lean_forward,3.7598726749420166,0.6349835322436582,0.07801281688938874,-0.8439859235429094,3.332314590978119e-06,0.0015845390550142573,0.049360554898929286,-2.04192356790932,0.010739721388664213,0.33817797809895067
P01,session_02,022,lean_forward,3.7917957305908203,0.634821063292908,0.07724242288967469,-0.8449434831247052,-0.0003493957544822068,0.001815590380765182,0.05791751179491254,-2.033603285113781,-0.02414257765393428,0.7584885185771376
P01,session_02,022,lean_forward,3.8233652114868164,0.6336301938264248,0.0793405868310609,-0.8461885293169361,-0.0009267981825844119,-9.105831241114054e-05,0.029498764993748806,-2.0149048956803477,-0.0244112002408025,0.7738156086150397
P01,session_02,022,lean_forward,3.871718645095825,0.6335126783006644,0.08390020871339379,-0.8449659135067774,8.85584043011213e-06,-0.00042075238675656247,0.008703530282155461,-2.0080736958796312,-0.03300652877438206,0.682665307730009
P01,session_02,022,lean_forward,3.904543399810791,0.6335584327038781,0.0837361201294932,-0.846194105412061,0.0001435412774445036,0.002016257504539983,0.06158036991127516,-2.0222249456203074,-0.03129072841424998,0.9552531312617873
P01,session_02,022,lean_forward,3.936415195465088,0.6327833850482236,0.08732651191920492,-0.8463149268651768,-0.0006587013672657377,-0.000111526157420654,0.020961355052971416,-2.03998814981668,0.01612542015820441,0.5063804246211309
P01,session_02,022,lean_forward,3.968302011489868,0.6325839996909688,0.08720655228934561,-0.8457017669190173,0.00015068785837708622,-0.0008115991046622055,0.02588748668886928,-2.0162519762620312,0.017674552743081964,0.5548944908290263
P01,session_02,022,lean_forward,3.9995384216308594,0.6325728819101625,0.0874029438076693,-0.8470605250914918,0.00014963046727122067,0.0007675157249104081,0.025033774831084835,-2.0687535035443805,0.01005734872639261,0.32294690795952147
P01,session_02,023,lean_forward,0.0012540817260742188,0.5154585405704721,0.05472860532683592,-0.7887049746351233,0.0,0.0,0.0,-2.0940851102336553,0.0,0.0
P01,session_02,023,lean_forward,0.033501625061035156,0.5150261097764959,0.052925662617933814,-0.790723507158243,0.0002231010268889538,0.0016481874073085386,0.05157659572562919,-2.037304328499814,0.006016118392572652,0.19355870465249245
P01,session_02,023,lean_forward,0.06503510475158691,0.5156230054383888,0.05305724004855953,-0.7972851007292301,-0.0019409081371168264,0.005925808333940907,0.1977444198029589,-2.0145195368277795,-0.022940608824062254,0.7538960233069415
P01,session_02,023,lean_forward,0.09783577919006348,0.5173611261446494,0.04398860099519041,-0.8047593990198636,0.002437879504338746,0.002904187828518755,0.11560054254426277,-1.970095785229391,-0.07098229413219459,2.1671352466318146
P01,session_02,023,lean_forward,0.14528322219848633,0.5222950134346354,0.04718689035775144,-0.8013316162093238,-0.004420548845901024,0.001010937750047804,0.09557251963778302,-2.0544949184141696,-0.13874685534440026,2.9257833559680098
P01,session_02,023,lean_forward,0.17743968963623047,0.5217586635133324,0.04935962314139814,-0.8041999313592471,-0.002199166387930099,0.0018978923307339556,0.09033579496661642,-2.0530381316546857,0.02975767456552755,0.9298012138320176
P01,session_02,023,lean_forward,0.20973706245422363,0.521564566431849,0.0464519833926937,-0.8109611987562171,-0.0003111000146153696,0.003823081766529623,0.11876255855715334,-2.0279405150900995,-7.265381000706078e-05,0.11878386122054577
P01,session_02,023,lean_forward,0.24153423309326172,0.5184771886887415,0.04770719649077854,-0.8178656224913236,-0.0027860218256899574,0.002128157628058037,0.11025661271529999,-1.99008466490343,0.06799464771255209,2.1412272936752994
P01,session_02,023,lean_forward,0.27309155464172363,0.5178377143704146,0.04833166809662183,-0.8378330539259067,-0.0006287498246075471,0.005946045366496838,0.18947095186629384,-1.9448704817263536,-0.08409582139236951,2.6715864686753235
P01,session_02,023,lean_forward,0.3057982921600342,0.5173660312025504,0.04979973035640255,-0.8412542922342897,-0.001027107071754698,0.0015220689356425442,0.0561414405711156,-1.9662346938048092,-0.01585332463953842,0.4879517263719712
P01,session_02,023,lean_forward,0.3380622863769531,0.5175852486579322,0.048821464693514775,-0.8473383178982333,-0.0002543000542742365,0.0026995017422255245,0.0840395993684353,-1.9836112749674346,0.01922298820774553,0.6017009259546102
P01,session_02,023,lean_forward,0.36954545974731445,0.5188238744412894,0.04889383667798237,-0.8518370923369101,0.0002271834255319587,0.0026873702604518724,0.08566340777142761,-1.9812125723460985,-0.04477340141116607,1.4247151585889342
P01,session_02,023,lean_forward,0.4013955593109131,0.5214391044140941,0.05001465150616699,-0.8516042537266038,-0.0025599841108333646,0.0018177253167141686,0.09857703927396527,-1.9895432246318834,-0.026200157982440905,0.8284937761001453
P01,session_02,023,lean_forward,0.4332420825958252,0.5199781941443714,0.04904796799611969,-0.8564241592175478,0.0014132624669867529,0.00010012853961496704,0.04448853109080927,-1.9942973493192433,0.012368511112295187,0.39091845584352664
P01,session_02,023,lean_forward,0.465010404586792,0.520204643804787,0.04923403402544214,-0.8564360499895363,-0.000233999421654954,-0.0005914579579301615,0.020021978346094375,-1.9736358249297454,-0.08867773161669198,2.7914603983227377
P01,session_02,023,lean_forward,0.4970359802246094,0.5200867031538676,0.048679937346127855,-0.8538342417041622,-0.00013738299304945066,-0.00320482003556608,0.10016255011165047,-1.9800437189151454,0.021421031328769467,0.6763306478110511
P01,session_02,023,lean_forward,0.5298452377319336,0.5226359649474769,0.04969277965278777,-0.8555283891891777,-0.002268036740960446,0.0009343234776647284,0.07476388071714353,-1.9834783614702503,-0.022337344957368135,0.6849172069452529
P01,session_02,023,lean_forward,0.5771450996398926,0.5228848218254112,0.04938426353114782,-0.8616574567608709,0.00023562129862677341,-0.0007320561101989061,0.01625883531692245,-2.005762810472787,0.12114864620857933,2.5613412428155597
P01,session_02,023,lean_forward,0.6092231273651123,0.5235875517849071,0.048691584039148444,-0.863652220504013,-0.00010239811430331516,-0.00013159779892677303,0.005198055834135846,-1.9950594870823033,-0.0077808906199350655,0.2426170687603609
P01,session_02,023,lean_forward,0.6413061618804932,0.5268132316449137,0.05069690098552943,-0.8629422473957626,-0.002342942260874601,0.0003958834735754409,0.07406259547889422,-1.9604315364324878,-0.04751158906714196,1.4827453461090243
P01,session_02,023,lean_forward,0.6735179424285889,0.5284793536783232,0.051231460511832645,-0.8698266296119654,2.6222556877242756e-06,-0.0002356646563225752,0.007316554405380489,-1.9774754116589535,0.025108210995150808,0.7795072687680589
P01,session_02,023,lean_forward,0.7056663036346436,0.5290387375490881,0.05073166852087399,-0.8800936804236179,0.00042815872493015826,-0.0031905303208827544,0.10013359185902317,-1.98889740915159,-0.008710231712132562,0.2888502323285756
P01,session_02,023,lean_forward,0.7379283905029297,0.5315049275428309,0.052399734909123225,-0.8849235651937473,-0.0015398938698782268,-0.002652578352777529,0.09506997699901511,-2.0296372574420585,-0.016085759512682367,0.5075791998802469
P01,session_02,023,lean_forward,0.7697834968566895,0.533320561737173,0.05386122028627611,-0.8908680514907918,-0.0016488157169621581,-0.0033095340214561045,0.11607287741894869,-2.032674639848212,-0.03674951840785895,1.1594706459460355
P01,session_02,023,lean_forward,0.8013966083526611,0.5384542429154696,0.05583957562422876,-0.8858352689148187,-0.003987706943792723,-0.0007472522686007323,0.1283365066564421,-2.013943549220423,-0.03956471345112268,1.258091458377903
P01,session_02,023,lean_forward,0.8330104351043701,0.5483970382649985,0.05501381369446268,-0.8766654806812424,-0.0030467930840602903,0.0008742931290988406,0.10026478027894083,-2.022942110420225,-0.06753330219706631,2.1385468396064105
P01,session_02,023,lean_forward,0.8651816844940186,0.551841618676427,0.053941942687132274,-0.8754540995625869,-0.0012973671547948206,-0.004743007549842032,0.15284589321768105,-2.016520132254964,-0.04279958780317659,1.3391190444461847
P01,session_02,023,lean_forward,0.896965503692627,0.5548215844123209,0.05475767636894812,-0.8754437013128152,-0.0008396751616249982,-0.0008635784015765799,0.037896664730499734,-2.05454205020511,0.10339378670144214,3.2532529152432015
P01,session_02,023,lean_forward,0.9293515682220459,0.5600000834993742,0.055325102858860636,-0.8719893734839761,0.00044453350318955284,-0.0035233790389282336,0.1096555281190756,-2.065648948109487,0.0030732842103366326,0.1450153314954416
P01,session_02,023,lean_forward,0.9775638580322266,0.565086108055135,0.05162186056128048,-0.8834100169080382,0.00013975950426246708,-0.003440404340021803,0.07141834390654023,-2.020586666018713,-0.03781140648385476,0.7875141361900785
P01,session_02,023,lean_forward,1.0090327262878418,0.57145746434293,0.052264113463170364,-0.8841629379914345,-0.0010248407350748137,-0.0004406795604036474,0.035449964451782445,-2.0248473516209273,-0.034395222219500116,1.0935667694385827
P01,session_02,023,lean_forward,1.0415730476379395,0.5779077934528508,0.052120253332801764,-0.8814880009290158,-0.00031840198572653474,-0.00011123506226863755,0.010364771054140652,-2.037122470865796,-0.036848999458373034,1.132457867650461
P01,session_02,023,lean_forward,1.073643445968628,0.5846203367213547,0.05080283181623731,-0.8837512644025105,0.0008668167322443069,-0.00022720549139101836,0.027941626503139652,-2.0182099737270613,-0.004430660013799566,0.1409514655799954
P01,session_02,023,lean_forward,1.105358600616455,0.5879688364877507,0.050365426397166374,-0.8828664409080801,0.00020768960598837046,-0.002233214484500699,0.07071859854612368,-1.9798056675472362,0.008968085339140543,0.29147870188485475
P01,session_02,023,lean_forward,1.1377243995666504,0.5940136359120587,0.051583261819089746,-0.8765759555782492,-0.0017467196740611828,-0.0031470831028022435,0.11120775832916177,-1.9827206535931186,-0.015394076379509089,0.48845577786629846
P01,session_02,023,lean_forward,1.1700520515441895,0.6007007191259173,0.047839677948789974,-0.87060159509821,0.003187708549509513,7.1442138941880396e-06,0.09860649815929627,-2.0160359638020973,-0.05372714275820613,1.664878904795293
P01,session_02,023,lean_forward,1.2021374702453613,0.6033588084514823,0.04619501221704118,-0.870160133687328,0.0018124644943872208,-0.001882258257143234,0.08143978497662888,-2.0156547350800027,0.0019367151739433078,0.1013701930913685
P01,session_02,023,lean_forward,1.2336077690124512,0.6043799316248065,0.050979282594981676,-0.8676052798912696,-0.0005441915137493059,-0.003743363045919247,0.12019943596826278,-1.9940598934225726,-0.006403101534897766,0.23631731713511092
P01,session_02,023,lean_forward,1.2649877071380615,0.6075732465929385,0.054052455076772095,-0.8679574791490317,-0.001995435748185443,-0.0010146283465349711,0.07133789337247934,-1.974321128730713,-0.02038549482059599,0.6535397930217599
P01,session_02,023,lean_forward,1.2970771789550781,0.6095722495290201,0.059403875778922956,-0.8636421742287274,-0.000468212572253543,-0.0007226512157547831,0.026833524486917244,-1.9728603086634398,-0.02214345889915707,0.6905752333922206
P01,session_02,023,lean_forward,1.3295388221740723,0.6111907163402771,0.061650090236115604,-0.8607631936669212,0.00018852254435631366,-0.00030173359313983027,0.010960206951744196,-2.0140887030659,0.07033230615297144,2.1666557534224316
P01,session_02,023,lean_forward,1.3612921237945557,0.6130267320502202,0.06448082064694362,-0.8565210167599021,-0.000509850288250317,-0.0015724050272389275,0.05205753957137936,-2.009877770717478,0.0019758612887110973,0.08112943643652185
P01,session_02,023,lean_forward,1.4096324443817139,0.6166904626763838,0.06534315811611896,-0.8498900836583347,0.0026676559760361747,-0.0012764405951892807,0.061176903127141524,-2.014948152591786,-0.012608167264721833,0.2678995517805338
P01,session_02,023,lean_forward,1.441678762435913,0.617279533649457,0.06594630609744971,-0.8553001170197432,-0.0005292586110266874,-5.726020777464948e-05,0.016611801535195776,-2.0128163034867064,-0.0012688253713504854,0.042937115661374585
P01,session_02,023,lean_forward,1.4737236499786377,0.6178492604303476,0.06791300674633015,-0.8531568819550384,-0.0006197067171517308,-0.001288710205265055,0.04462392548668202,-1.9851723806886907,-0.09023679865122991,2.8163034763823007
P01,session_02,023,lean_forward,1.505568504333496,0.6225335061070427,0.06882343059104307,-0.847116943570325,0.002180790239771664,0.0007938241154650246,0.0728775929995098,-1.9747253335135364,-0.02327481583072106,0.7345059240690969
P01,session_02,023,lean_forward,1.5372660160064697,0.6228372362901703,0.06739650895125864,-0.8502272248954356,-0.0002982087660767006,-0.0003448977152522537,0.014384150392033805,-1.9734884579132423,-0.020536725831771126,0.6480567518242244
P01,session_02,023,lean_forward,1.5695884227752686,0.6231992928528334,0.06764343412672372,-0.8529137852462478,-0.0003438485104294386,0.0019653678358372887,0.06172869285530253,-1.9654226392715162,0.00472237271373138,0.15860726989803187
P01,session_02,023,lean_forward,1.6015264987945557,0.6236045068314197,0.06772196673300775,-0.850737512949296,0.0005435204665813707,-0.0014299849996524906,0.04789877213571882,-2.005667464264278,-0.011332733871652753,0.35805289182367267
P01,session_02,023,lean_forward,1.6339313983917236,0.6244213722441624,0.06593511891340781,-0.8533050234604583,0.00023854405680953804,0.0019775101852320108,0.06146742782918077,-2.025406471795028,0.007920349967872994,0.25202885244718476
P01,session_02,023,lean_forward,1.6657969951629639,0.6239656147829015,0.06781507681946156,-0.8542659301737887,-0.0007262805890112541,0.0004541761226429051,0.026881580277023656,-2.003511347266706,-0.01507870458706122,0.4739599286656969
P01,session_02,023,lean_forward,1.6974329948425293,0.6229446369130097,0.07132160924356655,-0.8532196334255941,0.0008183569549768966,-0.002371050029704045,0.0792863669766376,-2.0139048122730405,0.01030826211840562,0.3353472618685156
P01,session_02,023,lean_forward,1.7294156551361084,0.6230761220203179,0.07124745145176167,-0.8494363810397944,-0.00016244586148000332,0.0013194167357897361,0.04156562443946622,-2.052154736306405,0.04096161183417878,1.2814186749230108
P01,session_02,023,lean_forward,1.7613937854766846,0.6240211926496387,0.0701104359536838,-0.8494153320091402,0.000986034137693818,0.0017021610559566683,0.06151497377621828,-2.0477571560449275,0.008236480398174657,0.2648100393790248
P01,session_02,023,lean_forward,1.793518304824829,0.625504194855268,0.06956484812966077,-0.8480117016690969,0.000308372162265662,0.0006262495578538935,0.021729688525581877,-2.0419509092198065,-0.023285820538542827,0.7251869202137146
P01,session_02,023,lean_forward,1.84163236618042,0.6261563298569056,0.06926283134121973,-0.8473582509527481,0.00010277092404437889,8.567218398975663e-05,0.002780825493258038,-2.036750892761472,0.007701548575416945,0.1600927146374225
P01,session_02,023,lean_forward,1.873746633529663,0.6262035389882126,0.07009506350751767,-0.8478487691108814,-0.00036486460129949366,0.001816589295193592,0.05769612598056514,-2.017110675195001,-0.0137798078210729,0.4329483969959911
P01,session_02,023,lean_forward,1.9057903289794922,0.6259356258058502,0.06946343125230163,-0.8484345870771325,0.0006571587991113241,0.0007308033405828552,0.03067118135005866,-2.0273299792740116,0.028382251570450573,0.8862667847534591
P01,session_02,023,lean_forward,1.9371676445007324,0.6256061049095194,0.06864821274582673,-0.8459184707665216,-0.00022537309995812529,-0.0007316170089107774,0.0243979845508501,-2.0094053128934,0.03796367233215575,1.210154201063043
P01,session_02,023,lean_forward,1.969740867614746,0.6261894581054858,0.06882774711130922,-0.8458587851535756,0.0003662768034926997,0.0004705057795385693,0.018305435722361874,-2.0256687563351594,0.02228170403190995,0.6842946028008505
P01,session_02,023,lean_forward,2.001277208328247,0.626019427441538,0.06898592691818839,-0.8466289971881825,-0.00014291341112767037,0.001552481429142058,0.04943647398041843,-2.046705853825132,0.03933015635147217,1.2481170476842094
P01,session_02,023,lean_forward,2.0329928398132324,0.6262390568796359,0.06838209420783013,-0.8477001736114707,0.00020415839867966943,0.0018470862302923101,0.05859365566981119,-2.0397331410061468,-0.01230370821357647,0.39233830090935357
P01,session_02,023,lean_forward,2.0660815238952637,0.6263009514462595,0.06841370144440474,-0.8475031952106749,-4.8928934124056125e-05,-6.561925617026345e-05,0.0024737485445452093,-1.983630951845898,-0.07245208129807827,2.189634600016155
P01,session_02,023,lean_forward,2.0974280834198,0.6266062519919976,0.06997188254908863,-0.8475711614869672,-5.7180792525932655e-05,-0.0007415310761254448,0.02372612741394722,-1.9913702663983026,0.01144647934692338,0.36592902058875526
P01,session_02,023,lean_forward,2.1296420097351074,0.6266036194984232,0.07024562051864577,-0.8501428629185235,1.487491619376955e-05,0.0025939666004540286,0.08052446709803912,-1.9675652115740219,-0.02399815056426573,0.7493013760937667
P01,session_02,023,lean_forward,2.161505937576294,0.6266815123697435,0.07000166666461888,-0.8490869356867247,0.0002364591815256691,0.0003746443626244097,0.013903659940922013,-1.997749071949019,0.03911286194683421,1.2275753039515946
P01,session_02,023,lean_forward,2.1934523582458496,0.6265159143832143,0.06921405232001676,-0.8491055820451341,-0.00022364255318827622,0.0005804288916310426,0.019470846903454693,-1.973587617431894,-0.02514119990460348,0.7872210098609642
P01,session_02,023,lean_forward,2.2413008213043213,0.6251031742035129,0.06978191940111189,-0.8476035898795024,0.0012247924722433605,-8.5673494457817e-05,0.025659867465654133,-1.9987981442058071,0.028149487868781957,0.588864286529627
P01,session_02,023,lean_forward,2.2739291191101074,0.6254429873723599,0.06997882468593096,-0.846749341830552,-0.0006815847775742969,0.00012141205349967203,0.021218208176318636,-2.0031219585080717,0.0052910496156215,0.16354364462305357
P01,session_02,023,lean_forward,2.306070327758789,0.6255529151670142,0.07160514723260528,-0.8467029727801718,0.00012716725812414602,0.0016211949524048198,0.050594700718502465,-2.023276693557506,0.022868238982163093,0.7132894559073677
P01,session_02,023,lean_forward,2.337930202484131,0.6253785843161602,0.07164476554517446,-0.8467303195431702,4.0196865649803486e-05,-0.0003133782910647395,0.009916730410882582,-2.0235066426973867,0.00046749407471792796,0.01771020860888632
P01,session_02,023,lean_forward,2.369058609008789,0.625241484014718,0.07165836631608419,-0.8441660328724125,-0.00038169179941113665,-0.002760678797201987,0.0895304507365196,-2.009822139486659,-0.014716589620116677,0.4811731137171191
P01,session_02,023,lean_forward,2.401501178741455,0.625363450786733,0.07195980179469805,-0.8430538479801971,0.00020394386416042176,0.0007481992446123663,0.023903678298575606,-2.00970684775542,0.011038178690165957,0.34107614916822115
P01,session_02,023,lean_forward,2.4333622455596924,0.6251677505227583,0.07336737068593352,-0.8431448520942879,0.0003228155586402549,0.0002395463775489764,0.012616825241350814,-1.9791232091765127,-0.03145796919900561,0.987428878594536
P01,session_02,023,lean_forward,2.4656126499176025,0.6240014169277348,0.0742024919783021,-0.8438055179983185,0.001650371494889201,-0.000438437016483132,0.05294867567095257,-1.991990728847481,0.024540341877065552,0.7627712595618996
P01,session_02,023,lean_forward,2.497884511947632,0.6239271733430676,0.07428535847443435,-0.8438895899131231,-5.254227741166082e-05,7.685502214123842e-05,0.0028848286899152797,-1.9862085443576103,0.0012640955459644525,0.03927629597801109
P01,session_02,023,lean_forward,2.5294852256774902,0.6236856913316745,0.07438229679142382,-0.8449119740623,-0.00012456146575729423,0.0007072539578684998,0.022725406559581773,-1.977403437297706,0.03063263541241107,0.9696316481456618
P01,session_02,023,lean_forward,2.5610604286193848,0.6239821387728581,0.07398129649637458,-0.8464195922690488,0.0011617507052107832,0.0034227800747502705,0.11447483373436074,-1.9820781904967433,0.004922610551661207,0.19341576236826089
P01,session_02,023,lean_forward,2.593367576599121,0.6232106237758338,0.07228546753425474,-0.849244447369354,-0.0007285233323921233,-0.0015806151633172634,0.053871306268808525,-1.9704684680994051,-0.01990160571651808,0.6183635411680016
P01,session_02,023,lean_forward,2.6252965927124023,0.6238964307269826,0.07255064364553945,-0.8484473084688572,0.00042414455032640256,5.254486644244084e-07,0.013283994542636311,-1.9509367459113622,-0.04632004330321628,1.4507802247945145
P01,session_02,023,lean_forward,2.67317271232605,0.6232898261983977,0.07234870919493178,-0.8477863452811049,0.0007471501539989746,0.0008040016536217048,0.022925132885991198,-1.994527711857553,0.00014963563336361135,0.023137206275179917
P01,session_02,023,lean_forward,2.705763339996338,0.6231179272827997,0.07059148478734462,-0.8505040612828855,-0.0007248772316302097,-0.0015233613555459098,0.05176432847657728,-1.9935366912800552,-0.013035402784612168,0.40330971178561426
P01,session_02,023,lean_forward,2.7375404834747314,0.624267573348614,0.06947743838600388,-0.849602029592708,0.0009151096287202386,0.001453052064915965,0.05403893338665907,-1.9952835277442824,-0.00382943691517673,0.13207067927801197
P01,session_02,023,lean_forward,2.769589424133301,0.6242051513626679,0.0688994692181725,-0.8500644593021042,-0.00015006075976791187,-0.000818244130099419,0.025956877613717417,-1.978614522149836,-0.01613823976819319,0.5042184316936175
P01,session_02,023,lean_forward,2.8013699054718018,0.6237822976868148,0.0691822284737883,-0.8476214994981932,-0.0001403085188480401,-0.0015598647592984288,0.049280636956791427,-1.9858446952319122,0.08080521322314214,2.5430826102082893
P01,session_02,023,lean_forward,2.833479166030884,0.6232444492055987,0.06892966776592943,-0.8471873210999121,0.000797329803268089,0.0011493063748923352,0.04356373974673319,-1.9880291394181704,-0.0017733077703222303,0.07034098451115678
P01,session_02,023,lean_forward,2.8653481006622314,0.6231882266254776,0.06880829642236082,-0.8460597291723144,5.518698615606093e-05,-3.5436357661734096e-05,0.0020579474686550233,-1.9938404844951805,-0.013708514312448567,0.430157812170341
P01,session_02,023,lean_forward,2.897510528564453,0.6230266269819197,0.06896203037104051,-0.8455584047833586,2.5029532469427048e-05,-0.000617355271954946,0.019210690612274477,-1.9562765912065103,-0.03866884582086061,1.2024521848748873
P01,session_02,023,lean_forward,2.929898500442505,0.6232450747896501,0.0693866189500454,-0.8453813418751394,-0.0001345956676337596,0.00017386618616799002,0.006788815797285356,-1.984813249473113,0.03194872461407907,0.9864613114814706
P01,session_02,023,lean_forward,2.9614181518554688,0.6231465457369734,0.07039933192471064,-0.8426770897262248,0.000649195887289615,-0.0028635066066691277,0.09315379984822801,-1.9936530582223637,0.0076896061395596155,0.26114215723506284
P01,session_02,023,lean_forward,2.992987871170044,0.6223827562857285,0.07177121434708654,-0.843810871948982,-0.0008615211915875381,0.00031397693127347185,0.02904528902441846,-1.9520949231423772,-0.04458376655612575,1.4125306138777116
P01,session_02,023,lean_forward,3.025390863418579,0.6226554209688537,0.07464390094998052,-0.842060985310264,0.00042927367194320565,-0.0008521575978009013,0.029447102305773944,-1.9605837401419974,-0.014327605596209386,0.44314867162609306
P01,session_02,023,lean_forward,3.057649612426758,0.6226187067828536,0.07522478971284612,-0.8426820169332585,5.467504007909204e-05,0.0006294869355046087,0.0195871487635137,-1.9863793637157319,0.02718607173417482,0.8429779321154608
P01,session_02,023,lean_forward,3.1052114963531494,0.6223586460529758,0.07506827047386412,-0.841794563339656,0.00021591838162505374,9.72087635171566e-05,0.004978601403619855,-1.9343177270894074,-0.09116740646588173,1.91682301986335
P01,session_02,023,lean_forward,3.138115406036377,0.6218057931412968,0.07669260012148447,-0.8411692308073611,-0.0005568352455371304,-0.0005235727510972296,0.023229026562174005,-1.9901637720468015,0.0896509538181414,2.7247282398930337
P01,session_02,023,lean_forward,3.169220447540283,0.6221304380166953,0.07674762065402084,-0.8407914583981141,0.0005546285272662975,4.6466546160676166e-05,0.017893292232175475,-1.988287222972349,-0.013159613294638503,0.4234483284932625
P01,session_02,023,lean_forward,3.2013983726501465,0.621125204535515,0.07726954558282224,-0.8446090778172253,-0.000826571847389058,-0.0005727993680925625,0.03125260985298947,-1.9873839054406646,0.009672646725766452,0.3022190990410247
P01,session_02,023,lean_forward,3.2330212593078613,0.6218322373256345,0.0782975526252308,-0.8433398092981871,-0.0007183602471459601,0.001400176440354881,0.04976462871190654,-1.9887120308060422,-0.006984994524554564,0.22642068627705597
P01,session_02,023,lean_forward,3.2653961181640625,0.6233880601803615,0.07664077640739343,-0.8418108288129111,0.0014864157125661509,0.00048423725564719356,0.04828757293809623,-1.9655304465485606,-0.04811025496690332,1.4868218456563536
P01,session_02,023,lean_forward,3.2971878051757812,0.6216123983732976,0.07772711118532942,-0.8444221334639037,-0.001549836082108976,-0.0013615496661633444,0.06488996042412827,-1.9597248582752929,0.042742610543620496,1.3460237489841131
P01,session_02,023,lean_forward,3.329019784927368,0.6222424054101203,0.07693379627478597,-0.8424351271664596,0.00080322370069495,0.002856172574892976,0.09320709873310033,-1.9286981829347862,-0.03348198279388323,1.0559564036273774
P01,session_02,023,lean_forward,3.3617992401123047,0.6221637360872138,0.07575477472160685,-0.844424401067698,2.0250186660882624e-05,0.0018973143547034888,0.057884501339198036,-1.9509259754336123,0.023153855058302808,0.7087204545113686
P01,session_02,023,lean_forward,3.3936476707458496,0.6209810238288511,0.07643773410599816,-0.8435918390342807,0.0007580747491330458,-0.0016124460960303924,0.05594490686870498,-1.946011031722214,0.0064473847679300846,0.2100277115837927
P01,session_02,023,lean_forward,3.425036668777466,0.6212073712140613,0.07628701917050376,-0.8436814059181652,0.00011835392292070748,0.00036057887501906666,0.012090413428245574,-1.9560284237088392,-0.005892989104971667,0.18812949892802103
P01,session_02,023,lean_forward,3.4573378562927246,0.620979331861799,0.07602862672689308,-0.8444468674813463,1.4865662810244822e-05,5.744696814806474e-05,0.0018370597665182352,-1.9823934387369313,0.0520798039773157,1.6123196014994006
P01,session_02,023,lean_forward,3.4894917011260986,0.6211422907979174,0.07703153906264128,-0.8437720580070287,-0.0005079388259846922,-0.0004356091816100713,0.020810781157845445,-1.9832162830099709,0.003123753009507049,0.09935418116612131
P01,session_02,023,lean_forward,3.53722882270813,0.6211715406258832,0.07701306272028832,-0.8437352049854419,6.464982181404543e-05,0.00012085558526870535,0.0028711583038319123,-1.9545920550366926,-0.030409069211528496,0.6370174213462634
P01,session_02,023,lean_forward,3.569946050643921,0.6207453897528368,0.07679182913974993,-0.8432562893203274,0.00033834228963071567,-0.00014864063694301972,0.011295369174404851,-1.9634717584156511,0.002966283305196231,0.09136516653708027
P01,session_02,023,lean_forward,3.601539134979248,0.6205769698723685,0.07786115648673654,-0.8441988209720824,-0.0011863142770413336,-0.00034884322224967856,0.03913960377945788,-1.9644075475149587,0.006496340590116055,0.20931725569703874
P01,session_02,023,lean_forward,3.633643627166748,0.6205604498683175,0.0779709969995714,-0.8426853157057017,7.299777167383033e-06,-0.00024271759081548585,0.0075636560663004,-1.967100056353676,-0.008558988728756607,0.26670512702269744
P01,session_02,023,lean_forward,3.6653904914855957,0.6221775159014371,0.07926337885818303,-0.8412295437264202,-0.0014965646229933263,0.0007734897028852796,0.05306458191857346,-1.9782231945442377,-0.005025767067508627,0.16696442089472327
P01,session_02,023,lean_forward,3.7010087966918945,0.6225290822020854,0.07992084056521538,-0.8375192128010378,0.0008464660983131006,-0.0033271721196030026,0.09638748262566449,-1.971737491368799,-0.011465052140310841,0.3360081479321256
P01,session_02,023,lean_forward,3.7295475006103516,0.6223826008411566,0.0777221189348023,-0.8387538358001878,-0.00010916411283272423,0.0013871108764287117,0.04875483477039861,-1.9377422272680498,-0.04352706812133932,1.5259733422622774
P01,session_02,023,lean_forward,3.7616705894470215,0.6223208312555056,0.07930556107405806,-0.8381741604080198,4.723052640800455e-05,-0.0002963371329913634,0.009341485078742044,-1.9477887527926139,0.05670687359320663,1.765324245120426
P01,session_02,023,lean_forward,3.795379877090454,0.6221252811109063,0.07889407097492593,-0.8401555554761219,-0.00013201159382759505,0.0023109394167965215,0.06866674039399255,-1.993592479340852,0.043345072105458286,1.287681702919786
P01,session_02,023,lean_forward,3.826125144958496,0.6216477942323742,0.07857446253034511,-0.8409275376079117,0.00038241215896148725,0.0011858168742799244,0.0405250571865046,-1.9474276692233212,-0.059797890092440596,1.9453682868440567
P01,session_02,023,lean_forward,3.8575685024261475,0.6210127474457663,0.07812513645132026,-0.841402686162973,0.0006266157588507768,0.00043522015102856227,0.02426366578897899,-1.9781209368540493,0.0353697355620053,1.1251331196892536
P01,session_02,023,lean_forward,3.889719009399414,0.6205745876928414,0.0762190069073657,-0.8417674972759165,7.222772855996985e-05,-0.00018978988249268672,0.006316200953731887,-1.985737011440639,0.01919658388630672,0.597118357874932
P01,session_02,023,lean_forward,3.9380314350128174,0.6193186094232764,0.07616646564886312,-0.8385231283045549,-0.0011708837701690873,-0.0006942919215847276,0.028176046010188784,-1.992993208022765,0.0018555514621782017,0.04763415650847193
P01,session_02,023,lean_forward,3.970949649810791,0.6193647301108307,0.07641466222138295,-0.8348651512013053,0.000566439970007931,0.0012208388480327238,0.04088454100820664,-1.9940278432727014,0.000522677045040023,0.04385952747540857
P01,session_02,024,lean_forward,0.0013742446899414062,0.5096435801460673,0.04456718176509781,-0.8017749646265396,0.0,0.0,0.0,-2.063099108673407,0.0,0.0
P01,session_02,024,lean_forward,0.03384685516357422,0.5103502243901333,0.038346844792782706,-0.7991725007714598,-0.00033872498286133555,-0.0014927724742495165,0.04713880895687979,-2.008276948263212,-0.13741685098385567,4.232039686668589
P01,session_02,024,lean_forward,0.06511521339416504,0.5144217999355588,0.04259845354262103,-0.795578908308228,-0.005125764843296366,-0.0002868294037304856,0.16418462986087795,-2.0672192551560116,-0.06457951569261364,2.071846891230194
P01,session_02,024,lean_forward,0.09794378280639648,0.5152200853248046,0.04038467949348858,-0.7976954508909728,-0.0025911449699721812,0.0010827793571432233,0.08554381951173387,-1.9818590562205556,-0.06049401329026223,1.8447091348226643
P01,session_02,024,lean_forward,0.12918782234191895,0.5159687949627726,0.03504058244200857,-0.7981501876015124,-0.0014806180907535333,0.0013080891745843517,0.06323394852555224,-1.966787335178657,0.010095280873133439,0.32924003808195307
P01,session_02,024,lean_forward,0.1619272232055664,0.5153475089673294,0.034701902868735576,-0.7975752435251088,0.00014879547134553293,-0.0014619892386655336,0.04488602721454151,-2.0048566198766635,-0.007881244468268407,0.24487557784882205
P01,session_02,024,lean_forward,0.1931135654449463,0.517807548544356,0.035579068513869265,-0.7994201615430307,-0.0025049586104451183,0.0031594145155842733,0.12928614673328678,-1.9769075453479803,-0.018200015262602776,0.5977385421720401
P01,session_02,024,lean_forward,0.22500300407409668,0.5175629858984164,0.035554335167753554,-0.8024408089723692,4.2322784959076175e-06,0.0013667092530662219,0.042857944975990804,-1.9947326252583861,0.05469353346554291,1.7156340569798538
P01,session_02,024,lean_forward,0.25762510299682617,0.5173554636613239,0.03374294657147276,-0.8014382857197246,-0.0005325881158874006,0.0005982291475302206,0.024552514730536663,-1.9571503496269078,-0.09480477459131548,2.906255608283613
P01,session_02,024,lean_forward,0.3056364059448242,0.5170972641543814,0.03165391087076569,-0.7989715815989837,-8.356912801081207e-06,0.0033010958241898505,0.06875685931185105,-1.9806315016334048,0.026128608296097727,0.5485440539976187
P01,session_02,024,lean_forward,0.3377342224121094,0.5168696756321554,0.03214307636032146,-0.7976141344195841,3.7709155248302564e-05,-0.0009928924363543886,0.030955633979341896,-2.0074593628729147,0.03363065640745997,1.0482124594974167
P01,session_02,024,lean_forward,0.369739294052124,0.51805699444678,0.03327615485109833,-0.8011964170008526,-0.001166362181936714,0.0016497624983270573,0.06312827504366116,-1.9897904688497285,-0.007023801419711668,0.22835813388874773
P01,session_02,024,lean_forward,0.40221238136291504,0.5180871654865151,0.034675323250736516,-0.8015625494765394,-0.00012154770741341449,1.6106653135710393e-05,0.0037757492137691657,-1.9941795371008124,-0.0059632294665713775,0.18367486200521388
P01,session_02,024,lean_forward,0.43327808380126953,0.5172203402014652,0.034690279173563564,-0.8046363037462205,-0.00019227849734022802,2.9386285179357593e-06,0.0061901369272903605,-1.9381403733815843,-0.08583584088456105,2.7630489432453555
P01,session_02,024,lean_forward,0.4658017158508301,0.5185498662022566,0.035920500448714726,-0.8027556319311501,-0.0015869862895123228,0.00016764708675288617,0.049066375040473315,-1.9383582324392137,-0.008188557293924483,0.2565091004692312
P01,session_02,024,lean_forward,0.4975090026855469,0.5188377790091411,0.036248800765803856,-0.8058320196382547,-0.00018533190348539517,0.00018518830213448445,0.008263001845703269,-1.9468118144549231,0.016077894450667762,0.507139859748786
P01,session_02,024,lean_forward,0.5298824310302734,0.5198863243163292,0.03698543140415893,-0.818172141497838,-0.0010501596588433978,0.00035655957193187225,0.034257729226731023,-1.9726283700281544,0.011183588425616208,0.34715025321753795
P01,session_02,024,lean_forward,0.5613431930541992,0.5198839125603327,0.036230404010896444,-0.8292812141130719,-2.9694327183156745e-05,-0.0017312709947075614,0.055037625264830456,-1.9754660777453437,0.02464093167863858,0.7851588004738334
P01,session_02,024,lean_forward,0.593146800994873,0.5207301394700309,0.0372849714299981,-0.8386602948048812,-0.0008599077716739166,-0.0010813948316658005,0.043442039944134155,-1.9991642091132482,-0.010111628302009323,0.3208938116682015
P01,session_02,024,lean_forward,0.6255083084106445,0.5264286041562084,0.03740596813664305,-0.8349001535570143,-0.002096833851811574,0.0007737766131609161,0.06906503510803177,-2.0219443284115437,-0.009589780188014357,0.3042748464975358
P01,session_02,024,lean_forward,0.6573655605316162,0.5283730881727321,0.037899610208880295,-0.8352775555279365,0.001461736229809322,0.00021467338429334874,0.04637612188341071,-2.0278391944365537,0.017780974519569177,0.5600686428987179
P01,session_02,024,lean_forward,0.6893744468688965,0.5310992370781592,0.04036340651547123,-0.8371855861708493,-0.002612097907762318,-0.002421449186688569,0.11127557887447613,-2.0118554060387224,0.00439109317022032,0.1766397045510976
P01,session_02,024,lean_forward,0.7376899719238281,0.5349700982203004,0.04259321374075687,-0.8448255755609366,-0.0017559841327724076,-0.000460485544287831,0.037572989185492116,-1.9811012874521525,-0.0157324111859329,0.32777873589918016
P01,session_02,024,lean_forward,0.7693655490875244,0.5397973962445108,0.03930590834585274,-0.8491755034476021,0.002879460393441757,-0.0005926815006106331,0.09281042322196269,-1.9618641309468337,-0.012939587047728343,0.4189140237278261
P01,session_02,024,lean_forward,0.8017218112945557,0.5420492430027339,0.03936336704079795,-0.860000833515652,-0.0005464545630032542,-0.002476337007512483,0.07837473747467123,-1.9440076544360836,-0.015156183137253854,0.47492728206553836
P01,session_02,024,lean_forward,0.8335955142974854,0.5467417229354917,0.04035412734539771,-0.8613918945167061,-0.001167036821142403,-0.0021591543915119907,0.07700291587847093,-1.9778266586527833,-0.01004572867596633,0.32444326314592664
P01,session_02,024,lean_forward,0.865107536315918,0.5498618643717222,0.040049803980176886,-0.8696907797271317,-0.00018796439749212504,-0.002351289357555758,0.07485366763216356,-1.975130539243089,0.0034247405901192763,0.13196405109750398
P01,session_02,024,lean_forward,0.8974370956420898,0.5525666208197891,0.040959256736617065,-0.8683374509457568,-0.0004605454279720699,-0.0016696457212473789,0.053573218170397285,-1.993272568366418,0.009512320683135263,0.29906735269792206
P01,session_02,024,lean_forward,0.9296023845672607,0.5578529414585006,0.039504924325705425,-0.8722130813076747,0.001066194699085719,-0.0006856875341483252,0.03941052092215209,-2.009507540856265,-0.004813702786477199,0.15475745026431104
P01,session_02,024,lean_forward,0.9618327617645264,0.5656726702199094,0.03845380768967792,-0.8674443746440684,0.0006861398226385258,-0.0035902548741524915,0.113409519211169,-2.0357818851619918,-0.014520522572821288,0.46457786262982537
P01,session_02,024,lean_forward,0.9935348033905029,0.5726245575968626,0.03678667241286367,-0.8640007651980882,0.0012428638456690201,-0.0009368124294735186,0.049094093880016294,-2.1393037189527577,-0.052869217637877906,1.6684137249466848
P01,session_02,024,lean_forward,1.0251896381378174,0.5766691765307638,0.036829618617856705,-0.8699476065439257,-0.0007539868613943254,-0.003053880641112682,0.09937128259821948,-2.033543780062566,-0.011625490829535961,0.3804642945943982
P01,session_02,024,lean_forward,1.057466745376587,0.5853909994466961,0.03765301833155658,-0.8656167735359143,-0.0003943497413408869,-0.0014959936934291198,0.04793170895602483,-1.9892699823731177,-0.0549329291508083,1.7025909467172575
P01,session_02,024,lean_forward,1.0894784927368164,0.5895602660916996,0.03668916424493352,-0.8646715620568989,0.0007776498916234588,-0.003417489141015393,0.10948635997046992,-2.0095267088657054,-0.04120724250452526,1.2919015186439047
P01,session_02,024,lean_forward,1.1214113235473633,0.5955586231125569,0.034470386734352626,-0.8654443590347151,0.0018566570511415173,-0.001068924844369594,0.06709008042975328,-2.035965478243592,0.007038310392089685,0.2303944011539405
P01,session_02,024,lean_forward,1.169706106185913,0.6031857263028132,0.028581965665901567,-0.8623592507767398,0.0054626326061840876,-0.0019635313674760536,0.12019536960717525,-1.9942432342786152,-0.0253130572416942,0.5377415491278309
P01,session_02,024,lean_forward,1.2019214630126953,0.607806795825746,0.03717610599541596,-0.8534908715584963,-0.004281228829342095,-0.0018446538904262656,0.14470501658536306,-1.938650138985934,-0.10978083436900288,3.410788460171085
P01,session_02,024,lean_forward,1.233659029006958,0.613930998972347,0.03514570514764938,-0.8482919474236944,0.001649360448424487,-0.00520007034041051,0.17189016521397024,-2.0063534665719347,-0.08971211137427901,2.8319067844123804
P01,session_02,024,lean_forward,1.265124797821045,0.6154543539727239,0.03677688065462589,-0.8485550937317429,-0.0003095337518583681,-0.006040272309916067,0.1922151711641408,-1.9743841038716128,0.052135463852255856,1.6680067556853782
P01,session_02,024,lean_forward,1.2974696159362793,0.6205550745976799,0.03499675556434775,-0.8509373045538138,0.002734462582891172,-0.0019042498133797791,0.10302065703820384,-2.0240354878401394,-0.023218343018496415,0.7251929427013285
P01,session_02,024,lean_forward,1.32958984375,0.6242868325474847,0.03654667421872935,-0.8555184600748135,-0.003355004072596909,-0.0010804584166035614,0.10973429152440792,-1.9957054657784445,0.01472961801100291,0.4715241874309306
P01,session_02,024,lean_forward,1.3616547584533691,0.6294305861580571,0.03446250458328972,-0.8520152317187228,0.002633227307822127,-5.066243308809659e-05,0.08213696033261729,-2.0280244881190255,-0.12454956716127939,3.8851626881002854
P01,session_02,024,lean_forward,1.3936917781829834,0.6393947382729528,0.03532799816951268,-0.8421386673096259,0.002779320152768071,0.0038441303774907156,0.14806692410526057,-2.1489196395349164,-0.023145837418404248,0.7374883389271797
P01,session_02,024,lean_forward,1.425741195678711,0.6394196437402887,0.030523662142791542,-0.8443663263913485,-0.0008003942900308614,-0.0014276150938926661,0.05106733393072879,-2.1888766038467065,0.07344471418542171,2.292177329145954
P01,session_02,024,lean_forward,1.4577620029449463,0.6422398062847529,0.03276471067947519,-0.8468447727583851,-0.0007307195319359628,-0.0013143856443821776,0.04696473147562112,-2.054819843539219,-0.027320242277692898,0.8544944098491097
P01,session_02,024,lean_forward,1.4894177913665771,0.6442870108009722,0.03448475291662538,-0.8511569626835334,-0.0019438624781259071,-0.0008398290764830357,0.06689220512658892,-2.0308057878944417,0.004753249398012793,0.16438019680812405
P01,session_02,024,lean_forward,1.521705150604248,0.651431968479762,0.033344858728230134,-0.8564337542251549,0.0010360648190303032,0.00251728970392323,0.0843105237845844,-2.0139784799908753,-0.033302987010406716,1.0348959016049375
P01,session_02,024,lean_forward,1.5537300109863281,0.6534328818354613,0.035019820602699654,-0.8591919246458491,-0.0019452744697630055,0.00022088366125406022,0.061132970586040565,-1.9976239886979181,-0.0115523568710228,0.3658743308569809
P01,session_02,024,lean_forward,1.6018869876861572,0.6586195926565893,0.03347504198779198,-0.8558473265416372,0.0015155134209767305,0.0024771934471816944,0.06030297590281035,-2.0083832411247333,0.06781785961415052,1.4095570705722973
P01,session_02,024,lean_forward,1.6331310272216797,0.6599215186591525,0.035923498183745836,-0.8588810208414775,-0.0014405830171401166,0.004542097952613354,0.1525114673773091,-2.041960407930525,-0.04149961132643258,1.3369680802169532
P01,session_02,024,lean_forward,1.6651251316070557,0.6606445014238111,0.03718415940623202,-0.8577543816494169,-0.0010980576970762062,-4.163743663128797e-05,0.03434529151975441,-2.025018099727015,0.0190844266024372,0.5974861807436098
P01,session_02,024,lean_forward,1.6976532936096191,0.6629111471534537,0.0377136900347564,-0.8552132750830319,-0.0001243840533082314,0.0007345481330091959,0.02290338244251717,-1.9873587040856828,-0.018637714639918132,0.5734292250419888
P01,session_02,024,lean_forward,1.7301278114318848,0.6627663665123354,0.03776046489249633,-0.8559164015774663,-6.497667658791525e-05,0.0005034455855213143,0.015631374236786528,-1.9928053527554195,0.008582856895286201,0.26475697416784644
P01,session_02,024,lean_forward,1.761469841003418,0.6627598185121194,0.03513670984142866,-0.8563389590708874,-4.007684094015084e-05,5.535438002504985e-05,0.002180436482265081,-1.9996632634691764,0.008285799740808925,0.2643760366656145
P01,session_02,024,lean_forward,1.7931575775146484,0.6628138852642144,0.035868578292831015,-0.8560511239343788,-2.7551283171716985e-05,-0.0007906802359439302,0.024967390864496848,-2.019790931630394,0.026128823123703213,0.8249499998663987
P01,session_02,024,lean_forward,1.8258347511291504,0.6631154810812411,0.031997412360453524,-0.8602835692162586,0.0002502532158722948,-0.0001226041885510924,0.008528053161971519,-2.0195609573428794,-0.0006829970137136917,0.022574190692905446
P01,session_02,024,lean_forward,1.8571498394012451,0.6633801421084631,0.03273629736365463,-0.8599692386739349,-0.0002332166676008639,0.0017069236283158823,0.055014442900210174,-2.0475142604916496,0.004822648890013993,0.16353538239577103
P01,session_02,024,lean_forward,1.8892600536346436,0.6624889801895885,0.031888880430229326,-0.8609943733698912,0.0009107066436109448,-0.0016116464330561736,0.05765017023150605,-2.0340381979060935,-0.011044407062637589,0.34875100414096893
P01,session_02,024,lean_forward,1.9215788841247559,0.6635720914605602,0.03168549916565423,-0.8597363320758834,0.001140741295825365,0.0019771591592795154,0.07062881826129198,-2.0579587372285046,0.004193923618396756,0.1477428576152245
P01,session_02,024,lean_forward,1.9536795616149902,0.6636305463493855,0.030362255738285868,-0.8594703282991761,0.0002835266752408565,-0.0006008241685352687,0.020696203163170505,-2.035778651208823,-0.021097420418904323,0.6575524234399543
P01,session_02,024,lean_forward,2.001300096511841,0.6619456187303058,0.03501148862264422,-0.8559592944636897,-0.0012153548100186388,-0.0009181400152145845,0.03198571957011496,-2.0480670586256142,-0.0022282442815181784,0.05667933040480201
P01,session_02,024,lean_forward,2.034820795059204,0.6624126399468612,0.03766670150761573,-0.8547768332747057,0.000367224281723368,0.0007184994063061271,0.024071831959144994,-2.0495169470351553,-0.00027349767632654646,0.02541699220999624
P01,session_02,024,lean_forward,2.0657763481140137,0.6624768718991872,0.04456621681183254,-0.8543264641085578,9.056848335704321e-05,6.0911325699956046e-05,0.003525892627547746,-2.033549980714373,-0.012893452103056648,0.41652992096179964
P01,session_02,024,lean_forward,2.097170114517212,0.6624704766939302,0.04909869135631325,-0.8503470054598465,0.0007109688953470794,0.0013657494744268531,0.04904551626378512,-2.0470794153293883,0.008274798003116075,0.2681051415896558
P01,session_02,024,lean_forward,2.129420757293701,0.6617984368133966,0.04587346143123941,-0.8510780266297154,0.0007607535848539486,0.0001226230213725576,0.02389325365546532,-2.0363744872501295,-0.007102408257376805,0.22151767635618794
P01,session_02,024,lean_forward,2.161515235900879,0.663374943356125,0.045307013960772115,-0.851960989016125,0.0012341880091109206,0.002962779011824989,0.1000035140403513,-2.0740772089761945,-0.0002968214973862788,0.10043024993187046
P01,session_02,024,lean_forward,2.1936726570129395,0.6613831230651238,0.043380293184519414,-0.8548289747496093,0.0020775866955906183,0.00046110515124719506,0.06617884774753,-1.9740849236042373,0.009069708065350623,0.2897010708410973
P01,session_02,024,lean_forward,2.2251434326171875,0.661658757539455,0.04333316979668085,-0.8532293092999504,-0.00039181889379753625,7.373347846264707e-05,0.012668776245659225,-1.9938614481096757,0.01618262928653625,0.5143673655579216
P01,session_02,024,lean_forward,2.25781512260437,0.6618909442854612,0.03988868496780516,-0.8512020834065335,0.0029956831722773806,0.0007600394086783805,0.09459550516680205,-2.026441385475211,0.021767474633311235,0.6729307459290839
P01,session_02,024,lean_forward,2.2892401218414307,0.6633477054625547,0.03478932798032263,-0.8495477563811956,-0.0014220791038689587,0.0002714947722073774,0.04607043028357313,-2.031018021613038,0.007640940242991478,0.24747456288785258
P01,session_02,024,lean_forward,2.3215596675872803,0.6629961017146875,0.03645981594794699,-0.8491319980061358,0.0009958439400615492,0.0006864014157596757,0.03742268596382577,-2.03290230697802,-0.040575044160896336,1.255991249920023
P01,session_02,024,lean_forward,2.353555917739868,0.6624677493004886,0.03665695408452055,-0.8469089690625423,-0.00014403657507185624,-0.002009381638841112,0.06296167308528154,-2.0487600485641693,0.021340716287299742,0.6699407032685535
P01,session_02,024,lean_forward,2.385161876678467,0.6635127578389631,0.036401815001049,-0.8467418555046969,0.0016600495169290478,0.000614540368803897,0.0560067832237147,-2.0483530159211463,-0.0010035576275533894,0.06438136188369441
P01,session_02,024,lean_forward,2.4334006309509277,0.6629335217104998,0.039090519438903334,-0.8449886569137692,-0.00010955587141138705,0.00017658410459742648,0.004307919078663947,-2.0490862654496675,0.0024021821866505814,0.04998375379263697
P01,session_02,024,lean_forward,2.4659931659698486,0.6634955620288981,0.03873427236088809,-0.8449490582577207,0.0003354411940763139,-0.0008182555212223099,0.02713330515605865,-2.0005427590878693,-0.04202461000286308,1.2896791786503292
P01,session_02,024,lean_forward,2.4976179599761963,0.663128225673085,0.03634758947912731,-0.84494899721058,0.0006770627760498446,-0.0004394430775603047,0.025523344214384288,-2.0372119071723818,0.0478261747865348,1.512515327974705
P01,session_02,024,lean_forward,2.5293617248535156,0.6608484561455912,0.03506979624867125,-0.8435930879241172,0.0010223841699071676,-0.003363789695240591,0.11075337245818978,-2.0409242213344854,0.024286345133749724,0.7730493545055479
P01,session_02,024,lean_forward,2.5611205101013184,0.6601956571966809,0.03459327778063851,-0.8440796839771814,0.0005200431125898248,-0.000307098656274697,0.019016754555526694,-2.061133417069908,-0.016827227782777808,0.5301859748146951
P01,session_02,024,lean_forward,2.593566656112671,0.6602949503559892,0.03487622799972053,-0.845189088003244,0.0005352881962021861,0.0014374551295471846,0.04727487348551698,-2.0252681203332674,-0.01336813411138986,0.41471326250838964
P01,session_02,024,lean_forward,2.625437021255493,0.6601367108850023,0.03397261143322957,-0.8438364170831714,-6.642058544829958e-05,0.0011112158302290201,0.034928973377662015,-2.0200364777245534,-0.005961261652010684,0.19028052321911187
P01,session_02,024,lean_forward,2.6571247577667236,0.6605504028855875,0.03371554008148138,-0.8419712876801376,0.00018273678393572988,0.0005472741655800021,0.018208191709761734,-2.0265703568916207,-0.016508820723746695,0.5213026238878027
P01,session_02,024,lean_forward,2.6898441314697266,0.6612589947093663,0.03354117310832533,-0.841062603326177,-0.0005350035633756849,8.946208734079434e-05,0.016578306895017842,-2.0168642594562094,-0.009874090574972268,0.3022361812236743
P01,session_02,024,lean_forward,2.721721649169922,0.6620087539522502,0.031217182261321096,-0.8403646782269927,0.0024165559830441117,0.0006345739899494651,0.07837765029242949,-2.0552688268862984,0.03574219090822557,1.1239711502434944
P01,session_02,024,lean_forward,2.753664493560791,0.6618975570613135,0.02895384650464871,-0.842645787893412,0.000216944507971966,-0.00016749516311019842,0.00858030845582966,-1.9969831447162665,-0.0020132738503519923,0.06360874589473599
P01,session_02,024,lean_forward,2.785654067993164,0.6612500965906892,0.03102364970294348,-0.8433669305978617,-0.000687380043102341,-5.530048276474919e-05,0.021557052881206955,-2.0308991874667286,-0.020640646041351032,0.6455904127538404
P01,session_02,024,lean_forward,2.8173465728759766,0.6610923317514096,0.030525825691585868,-0.8432572291717709,7.359379161004595e-06,-0.0002736381715607834,0.008637282484572057,-2.0302557992306607,-0.0123343194738437,0.3892831029551672
P01,session_02,024,lean_forward,2.865543842315674,0.6619657933552258,0.03417401130113471,-0.8406823640421238,0.00017415225187374453,0.000545473711291227,0.011880337754807953,-2.0491879704074125,-0.03967573902036592,0.8232804709457043
P01,session_02,024,lean_forward,2.897772789001465,0.6628940431736654,0.03478767921171049,-0.8461912959314905,0.001550047147479303,0.0007074574736673452,0.05286741126901066,-2.0527058879626643,0.00816844533859263,0.25890569978241074
P01,session_02,024,lean_forward,2.929473400115967,0.663771512660521,0.039404330108898114,-0.8466255358384168,-0.00017342032314867617,0.001344978433719545,0.04277875505877851,-2.0443435128639034,-0.0014542164003786336,0.06272475829744158
P01,session_02,024,lean_forward,2.9610774517059326,0.6650510480603147,0.03886604563593141,-0.8450082188708915,0.0006513100090988459,-0.00018063750428659532,0.021386353922003457,-2.007939834460746,-0.03965972363091924,1.2550758730332365
P01,session_02,024,lean_forward,2.993170976638794,0.6649966443778323,0.038876787942632406,-0.8436221372128723,-0.00024365202082018758,6.695472830374034e-05,0.007873366287165263,-2.04370752820773,0.03813676789503166,1.1883270869859273
P01,session_02,024,lean_forward,3.0251972675323486,0.66429028059301,0.04437228306005622,-0.8423862502648596,-0.0004477591909441568,-6.41546659035263e-06,0.013982423074919878,-2.078169001576948,0.005766158562645122,0.18058665990893635
P01,session_02,024,lean_forward,3.0572140216827393,0.6641792946715394,0.05009121361194279,-0.8427081139379544,0.0001995072369454404,0.00015332386362498058,0.007858930858003802,-2.0741437788287715,-0.0007289726334361821,0.024086639472855362
P01,session_02,024,lean_forward,3.0892467498779297,0.6625552838675521,0.049799180102166454,-0.8412304240249137,0.0005471474733516642,-0.0034992428922985337,0.11056694909208502,-2.057968689785506,-0.01834936688890643,0.5834049848330023
P01,session_02,024,lean_forward,3.1215147972106934,0.6628077122656559,0.04889186535681127,-0.842856524729304,-0.00029473740216988306,0.0003562478165357717,0.01432892256413347,-2.0758616024593377,0.0011055687634711037,0.03713764440258563
P01,session_02,024,lean_forward,3.153744697570801,0.6622062731784435,0.05491550185619317,-0.8399214442524009,0.0003602955032577883,-0.00015468077877738107,0.012165586560198253,-2.1119991571822387,0.046837627843172476,1.4532861871166018
P01,session_02,024,lean_forward,3.1858975887298584,0.6619892595136345,0.054805367976019786,-0.8393314709224228,7.20422056937121e-05,-0.000853476728974469,0.026638720577339077,-2.069387451599654,-0.013232220730581437,0.4124018701820922
P01,session_02,024,lean_forward,3.2181079387664795,0.6619987361599615,0.057434226974900124,-0.838937021866977,-0.00040833086208744086,-0.000521541637472286,0.020564021936187594,-2.077394070985151,0.018725483173496756,0.5817134720777382
P01,session_02,024,lean_forward,3.2500102519989014,0.6620401390274901,0.06044904021867207,-0.8375685618029183,-0.00046546424502514017,-0.0005179527662726559,0.021828216923554505,-2.065693091285147,0.0018771623808073834,0.06275928867131901
P01,session_02,024,lean_forward,3.2973098754882812,0.6622824709531728,0.05633461880081376,-0.8393625745603899,0.0002522329593341155,0.0011995493505141638,0.02591524705534961,-2.0524725431608646,0.056632796160750905,1.1976006586201786
P01,session_02,024,lean_forward,3.3298113346099854,0.6607320043697409,0.05694802706351986,-0.8370840887352072,-0.0005443610661172472,-0.0035945534079404894,0.11185771375095012,-2.0344314842739806,0.004786949401218629,0.1849453041558429
P01,session_02,024,lean_forward,3.3614556789398193,0.6607241637380007,0.0564874648405101,-0.8361598412739953,-1.4546537719548155e-06,-0.0009445100770460104,0.029847709510657666,-2.057156524574749,0.01549122821876743,0.49045084033083
P01,session_02,024,lean_forward,3.3933706283569336,0.6601220659319738,0.05872096020065389,-0.8358889602207311,-7.479676890683178e-05,9.823918463332787e-05,0.003868802775684862,-2.057014169671023,-0.003343834305630543,0.10484469606786802
P01,session_02,024,lean_forward,3.425518035888672,0.6608630176011977,0.057284698610522725,-0.8378447744076796,0.00025267325889163846,-0.00040748805413971887,0.014914694370285468,-2.015420673304676,-0.06255027313570456,1.9457902069126285
P01,session_02,024,lean_forward,3.457787275314331,0.6620818686453319,0.055633718111491086,-0.8384213441135872,-0.0010342647849625615,0.0007110711062390037,0.03889524025763948,-2.032503827748297,-0.043790582840777664,1.3575952506477493
P01,session_02,024,lean_forward,3.4900989532470703,0.6610328328164466,0.05921641483947065,-0.8371504245237719,0.0004284829102449526,-0.00021938108599031347,0.01489798585108416,-2.0336493672082234,0.00031311172260639684,0.01777225416492085
P01,session_02,024,lean_forward,3.5211377143859863,0.6606010517800643,0.0570762175338194,-0.8355907349393508,0.0003430351923370596,-0.0021007761652299876,0.06857873533105813,-2.0550448766014817,0.022303930530950023,0.7218481669996979
P01,session_02,024,lean_forward,3.554257869720459,0.6609862899774356,0.056948673897065524,-0.8362846240020174,-0.00021096514188938273,0.0009669498681256041,0.029881987990166177,-2.0160406982697867,-0.03620782240966795,1.093634543018353
P01,session_02,024,lean_forward,3.5859415531158447,0.6611346506885846,0.05618719033490184,-0.8344408554104426,5.4870633219177134e-05,-0.0018940679947450276,0.059805629227242016,-2.0155917182399397,9.790841269423104e-05,0.05988541161798258
P01,session_02,024,lean_forward,3.617835521697998,0.6624853341955671,0.05415650586203773,-0.8354135328547694,0.0008891073052450803,0.002977734032715008,0.09743653076542794,-2.048460539918553,-0.031018808852535485,0.9774290193428109
P01,session_02,024,lean_forward,3.6497108936309814,0.6637328439233492,0.05060547182419593,-0.8356608041715834,0.0005399242773841471,0.001443030950878124,0.048336140996647695,-2.0446287043746643,0.008073932835369366,0.2578676038144667
P01,session_02,024,lean_forward,3.697394609451294,0.6634961927190755,0.053616639519748335,-0.8349493051946568,-0.0005274390033850319,0.00026204633985507994,0.012351142591596202,-2.0775961361749475,0.04092118158534321,0.8582682538796169
P01,session_02,024,lean_forward,3.7294487953186035,0.6636689070193938,0.049128524782784094,-0.8368143252269357,6.292370156876691e-05,-0.0001366022481157459,0.004691993340170959,-2.0640894269759174,-0.008325686986160378,0.2597802773793047
P01,session_02,024,lean_forward,3.761528968811035,0.6642373045082488,0.04885751737229853,-0.837376825431982,0.00014255361474526916,2.9791675250880073e-05,0.004539668870554374,-2.0789564223264745,-0.02619926583222425,0.8166935443786957
P01,session_02,024,lean_forward,3.793489694595337,0.6619870156661358,0.05036377261171823,-0.8367721212642963,-0.0015785974032925388,-0.003388932666785089,0.11697357858538437,-2.0716780799006442,0.020399279446661346,0.6488911375580619
P01,session_02,024,lean_forward,3.825564384460449,0.6609490525834781,0.05245657015479801,-0.8349912983264671,-0.0007996971727865711,-0.0035504922206625236,0.11346760445841725,-2.05420341707295,-0.004930612942641118,0.19106442323540077
P01,session_02,024,lean_forward,3.8575456142425537,0.6608513246102113,0.05589932185111437,-0.831811793934495,-9.665385401943857e-05,-0.00011580874705326875,0.0047166127259725904,-2.0466126298124787,0.016056918856427006,0.5020953690866959
P01,session_02,024,lean_forward,3.8895068168640137,0.660907309223586,0.05568785763070453,-0.8305516424403061,2.2929812883967187e-05,-0.0015385746619487914,0.04814416827259761,-2.0166649131160725,-0.0055117678635598685,0.1790460678709105
P01,session_02,024,lean_forward,3.92116641998291,0.6614871019183226,0.04840274237886351,-0.8338557296414928,-0.00017995502233050383,0.0011116054993955112,0.035568276789955035,-2.0438728492566005,-0.037860455225713185,1.196388904633637
P01,session_02,024,lean_forward,3.9535248279571533,0.6608612183861057,0.05328313150110459,-0.8329928114927971,-0.0004902519443468744,3.4273103617672717e-06,0.015151052073107803,-2.0312470759415557,0.028578627451596395,0.8833201059512302
P01,session_02,024,lean_forward,3.986351490020752,0.662901381954559,0.05121730174795014,-0.8346203234382703,0.001729747192661269,0.002918364643879211,0.10334506917283154,-2.0192760836375836,-0.007057862178306642,0.23855168005254665
P01,session_02,025,lean_forward,0.0010020732879638672,0.48817685045972,0.07596021079886862,-0.7690306375769097,0.0,0.0,0.0,-2.0837904149176505,0.0,0.0
P01,session_02,025,lean_forward,0.03320026397705078,0.4928604633411139,0.0759770450737481,-0.7739066768014762,-0.0046262913153569405,0.008849502457291894,0.31013553751337086,-2.059822844903499,-0.13981640947531218,4.353429495030372
P01,session_02,025,lean_forward,0.06467795372009277,0.4966881662670008,0.07278798152033533,-0.7904100813760433,0.004438413755473188,0.018256772450880362,0.596884356180315,-1.9985773446911002,-0.15710384738949448,5.026523551837175
P01,session_02,025,lean_forward,0.09737014770507812,0.4969459739508766,0.07391920402273952,-0.792591673795383,7.18152131820932e-05,0.002746489618455384,0.08403927773755154,-2.0763787757493235,-0.016191466959677304,0.5023495751505629
P01,session_02,025,lean_forward,0.12924575805664062,0.4978981834571713,0.07154391127604025,-0.7932284859071065,-0.0009913692818055092,0.0021955874189227404,0.0755759100897114,-2.0705426669401663,0.01021219597931481,0.3291698799671733
P01,session_02,025,lean_forward,0.16138339042663574,0.4996466480175504,0.06255070173520402,-0.800955268515279,-0.001677804764166126,0.0010949959067354596,0.06234149783596059,-2.0727158610560736,-0.17113009144180577,5.325277765349227
P01,session_02,025,lean_forward,0.19330787658691406,0.49886445847872024,0.05607283188795603,-0.8014081486775168,-0.0005989863185111499,-0.0021148670684299825,0.06885170649745619,-2.073576052751835,0.09374107508047495,2.9371449000259364
P01,session_02,025,lean_forward,0.22553086280822754,0.4988334207191242,0.05545238392692386,-0.8014956515888059,8.93173354451156e-06,-0.0011751652095019556,0.03647083306755269,-2.053304215996308,-0.040289646034420104,1.2508704707397615
P01,session_02,025,lean_forward,0.2728612422943115,0.49992778139509286,0.05584039184259361,-0.8039933014034426,-0.0015488119819906294,-0.000580096585841608,0.0349433811805922,-1.9914739041111909,0.06475954823801688,1.3686909893528136
P01,session_02,025,lean_forward,0.3053898811340332,0.49877370070023724,0.055314545067293754,-0.8078977582671754,-0.002510446267237247,0.0021509831054212464,0.10163088067723537,-1.9774692931438533,-0.04078383231254844,1.2578946478389037
P01,session_02,025,lean_forward,0.3368351459503174,0.49768466925018495,0.055906974730646194,-0.8139479935596345,-0.003617827151653478,6.742706191674088e-05,0.11507155218400343,-1.8751674008779349,0.09727069270646092,3.0954731344012534
P01,session_02,025,lean_forward,0.3686683177947998,0.49848366480365136,0.05745002889874979,-0.8144276672198494,-0.002008120578862691,-0.0016392711241000975,0.08143233824777896,-1.98854393664866,-0.14912440866546897,4.685267883573975
P01,session_02,025,lean_forward,0.4013020992279053,0.4986631623820027,0.058099726998789215,-0.8199040468898661,-0.0006590224298889916,0.00019949368558714556,0.021099461714838615,-2.057477947009719,-0.0208170585150348,0.6382479131221365
P01,session_02,025,lean_forward,0.43314433097839355,0.49821395219772946,0.058880729167030875,-0.8199172911218697,-0.0001243323813184592,-0.0039105629522795055,0.12287263639854021,-2.0354261231557995,-0.024483100640949478,0.7786436892665723
P01,session_02,025,lean_forward,0.4649479389190674,0.4990660507067343,0.058772583206069706,-0.8223186096018973,-0.0014861269265883394,0.0004977941478327767,0.049280000171320275,-2.045068928743332,0.064596285062967,2.0316970215673096
P01,session_02,025,lean_forward,0.4972095489501953,0.4973688357476102,0.055820509056720376,-0.8286033923410973,0.0017016071179723848,-0.0014412548774064996,0.06912089041212378,-2.03925428364452,-0.01461957224728827,0.45839819283120337
P01,session_02,025,lean_forward,0.5305740833282471,0.4994926557134528,0.057024017386274585,-0.832889068810114,-0.0021728270916065635,2.7863642029279324e-05,0.06512920926370334,-2.0664788193009467,-0.03594177127550236,1.0792118329038323
P01,session_02,025,lean_forward,0.560901403427124,0.5000143963738557,0.057383553992341296,-0.8351886005402197,-0.0002330772524596377,-0.0010209981676597862,0.034532038346639995,-2.0425484372475955,0.002610638076041008,0.09275010559790832
P01,session_02,025,lean_forward,0.5930047035217285,0.5010737936195374,0.05811260174926417,-0.83671300309101,-0.0010923232441623287,-0.0013939604080167977,0.055164390238331314,-2.0527921795576636,-0.00791150000228606,0.25253754433983644
P01,session_02,025,lean_forward,0.6255104541778564,0.5064233955047559,0.06222383299355936,-0.8373194752299042,-0.00491671465834753,-0.001026378933867625,0.15451734030651187,-2.0779046812526656,0.00996027753594577,0.3431709305815632
P01,session_02,025,lean_forward,0.6569764614105225,0.5089633975756785,0.06218868637484323,-0.8361080122457866,0.002337103412791515,0.0004554988963020869,0.07567143193460847,-2.07044180471664,-0.019114587538309396,0.6121628425254539
P01,session_02,025,lean_forward,0.7049801349639893,0.5105954633301073,0.06258309837327232,-0.8491000482078528,-0.001377304445276256,-0.0018394605073899736,0.04787033228569943,-2.031544894079039,-0.023699594001590274,0.4960191213737663
P01,session_02,025,lean_forward,0.7374920845031738,0.5126549753241246,0.05869067599651294,-0.8557336558211803,0.0019789735934592064,-0.0011899303943515803,0.07102530173253241,-1.9828722446862717,-0.039815958109069925,1.2267139910111318
P01,session_02,025,lean_forward,0.7690978050231934,0.5138514398070275,0.05749770277611155,-0.85843909300465,0.0006067163976708136,-0.0048605749376924015,0.1549812780438756,-2.0095118126964895,0.018725271280795007,0.6123998086303069
P01,session_02,025,lean_forward,0.8010666370391846,0.5168683097454577,0.05426609715474735,-0.8682218056410378,0.0015615321730617232,-0.0007778254565616516,0.05456980524522367,-2.028843018872269,0.005718372101890422,0.187012136635169
P01,session_02,025,lean_forward,0.8326427936553955,0.5211469087621823,0.05922508294105021,-0.8635393508405701,-0.003679778019593589,-0.0024743823012517195,0.1404330444821774,-2.142852672698246,-0.048783142737223936,1.551305529056714
P01,session_02,025,lean_forward,0.8651154041290283,0.5274310819686246,0.05147985640554027,-0.86967024854821,0.006208959815235766,-4.390413323539542e-05,0.19121083731303734,-2.0010722469024445,-0.08046099170562758,2.485177856421378
P01,session_02,025,lean_forward,0.897209882736206,0.536120501822748,0.055192168392246346,-0.8602475219692639,-0.0035905672324787483,0.0007761871185388288,0.11445909790994932,-2.101443657084614,-0.10754413564952854,3.3528152515779768
P01,session_02,025,lean_forward,0.9293873310089111,0.5377979242828197,0.0534371335047056,-0.8611299580914412,0.001591421341893742,-0.0005735500692457772,0.0525716326027641,-2.1249125685157004,0.0519602005147985,1.6156573095733802
P01,session_02,025,lean_forward,0.9615423679351807,0.5438850045956981,0.04904124068423635,-0.8674109462333793,0.0018886557603504353,-0.0028281479584816717,0.10576259414021298,-2.1347460579578903,-0.016601156734491633,0.5270063743965948
P01,session_02,025,lean_forward,0.9942333698272705,0.5489663783833408,0.044076127034829306,-0.8631240983434797,0.004793147539710706,0.0006451593634902996,0.14794199325209595,-2.0698682494644696,0.05135770375023731,1.5779547736600463
P01,session_02,025,lean_forward,1.025177240371704,0.5539095369756571,0.045884644289822564,-0.8617713160440817,0.0012478128912335464,-0.0008396588470416835,0.048604648606962945,-2.0285787306800436,0.014758029195173335,0.47939929253498204
P01,session_02,025,lean_forward,1.0570595264434814,0.5581819433657557,0.046257615781839914,-0.8595855659433163,0.0024181399956455887,-0.0005272971284705585,0.07762816277140368,-2.038266222530497,0.032282960474870795,1.015538614810253
P01,session_02,025,lean_forward,1.1048784255981445,0.5675298577545034,0.0425236286716666,-0.859107020407858,0.0029565236630010824,0.0020946648382982724,0.07577230699932963,-2.0634100432977878,-0.13437992518846528,2.811205772209376
P01,session_02,025,lean_forward,1.1370697021484375,0.570548849205752,0.04516033815761271,-0.8582308910603581,-0.0016299247103560178,-0.0016822636592015738,0.07276391302021686,-2.037743139864405,0.046793214116082275,1.4554192681725477
P01,session_02,025,lean_forward,1.169389009475708,0.5726776551176302,0.04837388750860829,-0.8564832639188582,0.0016853254215537141,-0.004392722520714806,0.14557633938588305,-1.9834390628051068,0.11733869435826065,3.633524132805505
P01,session_02,025,lean_forward,1.2006957530975342,0.5795588559266427,0.0493917672630803,-0.8614097113446422,-0.0017346712634362152,-0.0006021051861585103,0.058651766237498466,-2.1141753494652216,-0.21551344430760636,6.884180260131668
P01,session_02,025,lean_forward,1.233008861541748,0.5836118184100616,0.05051453904637715,-0.8558459771794675,-9.365379098719585e-05,-0.006516751467078508,0.2016959898513124,-2.0450941905457234,-0.03955820723683214,1.2407194642540655
P01,session_02,025,lean_forward,1.2650089263916016,0.5916190575315903,0.05267999068881399,-0.8600713986022347,0.0005963546797474352,0.001090449782699897,0.03883953079129837,-2.087092976794231,0.006373189594763379,0.20291357832576434
P01,session_02,025,lean_forward,1.2972252368927002,0.5968746769825568,0.05107199601739361,-0.8647927375713749,0.0013999796749491103,-0.00033768077970222486,0.04470185846545874,-2.090171177582916,-0.008618873746837048,0.2712402829895864
P01,session_02,025,lean_forward,1.3292276859283447,0.6039241651065246,0.050200901434711696,-0.8581939792412528,0.0005039149493351891,-0.0016657346241795335,0.054379836309775054,-2.0000082577382745,-0.062345157952890286,1.9488959156261298
P01,session_02,025,lean_forward,1.361443042755127,0.6063712711116899,0.05306902877551556,-0.8569998451393714,0.0008990146078914661,-0.0024150657975628826,0.0799919484911926,-2.002652691279318,0.019218690401575343,0.6019082571725816
P01,session_02,025,lean_forward,1.3941540718078613,0.6111344703577632,0.061774032929486855,-0.8588690666583051,-0.004461318410074643,-0.0012983833706972441,0.14204425690101002,-2.0585207812723825,-0.04034010080094001,1.2413797316683963
P01,session_02,025,lean_forward,1.4252607822418213,0.6226415225976308,0.05861359959104889,-0.8450101317946245,0.007850097947254924,0.0021834752314783346,0.2619404004766047,-2.0551023193289946,-0.04059886394990012,1.331174042130447
P01,session_02,025,lean_forward,1.4566059112548828,0.6258516370184097,0.05600093394811783,-0.8503448190414364,0.0013940293285411981,0.0006699493120606023,0.04934283848307898,-2.0225402589934234,-0.02508426604682547,0.8017801770785756
P01,session_02,025,lean_forward,1.4891812801361084,0.6252442057253027,0.05647734233104275,-0.852790693082959,-0.00031027591428481723,-0.0032289286405226343,0.09957836534073305,-2.0260434735378245,0.027834173281259984,0.8602374601005504
P01,session_02,025,lean_forward,1.5367028713226318,0.6252904703390947,0.057304548138062836,-0.8626791877407611,-0.0009081196284760491,0.0001330234278781669,0.019313551652021272,-2.004718583847185,0.028458625130490037,0.5991680958914245
P01,session_02,025,lean_forward,1.569058895111084,0.6254868138937946,0.057714128653837196,-0.8640097429760674,-1.7426745330478504e-05,-0.0009073342756754671,0.02804737751010064,-2.0419079263941473,-0.05217398406501864,1.6127406828701298
P01,session_02,025,lean_forward,1.6020793914794922,0.626194218939291,0.0639262028458815,-0.8643120222403423,-0.0006879774010131768,-0.0005952428732642802,0.027550768861473413,-2.0405692891079363,0.023608540258364594,0.7154968725999868
P01,session_02,025,lean_forward,1.633086919784546,0.6280425236482311,0.0646818219618065,-0.8631385827135493,0.0014965518376411375,-0.00015649905147134693,0.04852732434194348,-1.9944534275390853,-0.01285332688776163,0.4173536124029032
P01,session_02,025,lean_forward,1.665196418762207,0.6295416564999347,0.06635907228122859,-0.8644261721633719,-0.0013846748189880608,-7.900998377391512e-05,0.04319367161287347,-2.0979173991379194,-0.08648123222158846,2.6936687135398003
P01,session_02,025,lean_forward,1.6966884136199951,0.6318093321250114,0.0692843053452259,-0.8597824616510942,0.0012667804648776324,-0.001176556422197957,0.05489895477443466,-2.022711102933332,-0.013991224255856345,0.44765780127268767
P01,session_02,025,lean_forward,1.7291159629821777,0.6317038988837836,0.06994090588617148,-0.8597622553376217,-0.0005492661023809454,9.647834909761935e-05,0.01719756617293631,-2.0266354294316753,0.036337850728046815,1.1207177382682985
P01,session_02,025,lean_forward,1.7607839107513428,0.6318136969971393,0.07057474918217906,-0.8593997320697554,0.000919557184544788,0.0012515477642712455,0.04904162820211937,-1.9354814714814224,-0.06579062023594652,2.0780932417268576
P01,session_02,025,lean_forward,1.7934434413909912,0.6309350828482667,0.06999647940404706,-0.8590884667973772,0.00048241273439969784,-0.005390099084286529,0.16569876660074245,-1.9956773368582439,0.10600468367888552,3.2499771614314374
P01,session_02,025,lean_forward,1.8257474899291992,0.6306184986614212,0.07088465371130505,-0.8629332565948525,-0.0005365891100384088,-0.0005097342528898234,0.02291062659226406,-2.023009068516741,0.027691292021744775,0.8575142103598197
P01,session_02,025,lean_forward,1.8572137355804443,0.631682102261938,0.07679137173504483,-0.8598787791207223,-0.0008113425032401422,-0.0014106140317716469,0.05171576667730958,-1.9899973131163826,-0.05379827809441849,1.7104958922146867
P01,session_02,025,lean_forward,1.8892457485198975,0.6328245797547899,0.0788782274383943,-0.8615509216006638,-0.0004207507219385176,0.003394262252902786,0.10677570740303316,-2.0110228208144525,0.02548771936300207,0.8028274558692002
P01,session_02,025,lean_forward,1.9213030338287354,0.6326957584445309,0.0809282850101441,-0.8618798975528198,-9.398369271549695e-05,-0.00018050144617756387,0.0063481226435957066,-2.023239862337395,0.014191031235074902,0.4427227749962406
P01,session_02,025,lean_forward,1.9690239429473877,0.6326405787880083,0.0813187307134458,-0.8645059605176507,-0.0002755101211154555,0.00338554524823896,0.07117921878027386,-1.9852346848987605,-0.06126900395729073,1.2858742623279125
P01,session_02,025,lean_forward,2.0009875297546387,0.6320336455525353,0.07899055201001046,-0.8654365697510789,0.0025745100937201986,0.0003039014918593139,0.08110431090302106,-1.984681056063853,0.04666252981218021,1.4621164360787589
P01,session_02,025,lean_forward,2.0335073471069336,0.6322384721713296,0.07798645165086963,-0.8665403006637364,-0.00027516683118111035,0.0012512254161664057,0.0393952156997868,-1.984376244417976,-7.777734842806546e-05,0.03946774892214607
P01,session_02,025,lean_forward,2.0651907920837402,0.6328508295993841,0.07830690630219135,-0.8682441865377695,-0.00035240252295931884,0.003656660342133184,0.11594705385142955,-1.9814140719194333,0.001016437517863754,0.12030341524674026
P01,session_02,025,lean_forward,2.09702205657959,0.6313250165880206,0.0759496110156954,-0.8680258202483606,0.0026808989781966354,-0.001306992243721864,0.093697935668812,-1.9732621176390737,0.04165735068452893,1.3120428646939954
P01,session_02,025,lean_forward,2.1286277770996094,0.6316828315431187,0.06941263705697549,-0.8691253912275169,0.00012711269498475703,0.001168724387180997,0.037196322540135725,-1.985670329679804,-0.004303266594508554,0.14114411726949583
P01,session_02,025,lean_forward,2.161417007446289,0.6301309633578321,0.07232591608762175,-0.8691312154533332,-0.0017244391083202479,7.794288830563529e-05,0.05264532472564331,-1.9789753730559023,0.033563777913078734,1.0249749031186115
P01,session_02,025,lean_forward,2.1932740211486816,0.6305531190481042,0.07207190822690702,-0.8632656666224545,0.00039615316795222857,-0.005264428604908405,0.16571901749393697,-1.9714654153950932,-0.0414789748100198,1.31253960726904
P01,session_02,025,lean_forward,2.225740909576416,0.6317622604955156,0.07246762843178936,-0.8657570564927759,-0.0007520724249558146,0.004461180739086505,0.13934594859452676,-1.989520040644639,-0.12038762989541563,3.710629919256235
P01,session_02,025,lean_forward,2.257927656173706,0.6314721448008648,0.07446918916878688,-0.8611765398597103,2.3078350751605554e-05,-0.002398638238444991,0.07452599324052434,-2.0226238495238644,0.03561876786809404,1.1091350404594293
P01,session_02,025,lean_forward,2.288698434829712,0.6313748754496595,0.0743333318004108,-0.8608058946385998,-0.0001073733458321864,0.00028392160684936863,0.009864766947546306,-2.0136514771829255,0.0042030310288758655,0.13694739475286122
P01,session_02,025,lean_forward,2.320871591567993,0.6264072786446981,0.08723011997881681,-0.8633542554849981,-0.0071480020632260525,-0.00037442776479006557,0.2224774544351252,-1.9946378151667776,0.16795713857442401,5.225150649459991
P01,session_02,025,lean_forward,2.3532371520996094,0.6279677158939805,0.08873156826755367,-0.8558305917531938,0.0019738646752297338,-0.004142118822100091,0.14176755666630167,-2.0278827852883916,0.023610656278049136,0.7431469455620916
P01,session_02,025,lean_forward,2.400912284851074,0.6301235522171961,0.07572449942854254,-0.868944591716298,-0.0005974666971863855,0.005261443319097522,0.11106959161372029,-2.0817815078374426,-0.0068879526969910345,0.18223614490785797
P01,session_02,025,lean_forward,2.4331045150756836,0.630042380392008,0.07841227517362243,-0.8629404767879758,0.0001921765726382952,-0.003305280952476405,0.10284664988645648,-2.016172849064628,-0.0972487485323124,3.022626615107917
P01,session_02,025,lean_forward,2.465867042541504,0.629168662183194,0.0833541234789758,-0.8616193860093877,-0.0007537397895003885,-0.00022329171203172544,0.023994450942233816,-2.0206232119358924,-0.007653638425620315,0.234838546844911
P01,session_02,025,lean_forward,2.497157335281372,0.6302042626189687,0.08379055188679072,-0.8599737245030769,0.0008418909968692635,-0.00010285562164219844,0.02710587521692021,-2.006508838404296,-0.0021928345634706858,0.07513975954507854
P01,session_02,025,lean_forward,2.529390335083008,0.6302085915879744,0.08612049136116035,-0.8556377435508925,-0.0004248380890457646,0.0007050881767271295,0.025538638832181156,-1.9978994584056844,-0.009833071753950519,0.3061293914676751
P01,session_02,025,lean_forward,2.5612945556640625,0.632100658710366,0.08455031692546792,-0.8510051597453236,0.00177029193757687,0.00019113825194584544,0.05581019051262949,-1.959079009861138,-0.03279487325665407,1.0294304307691189
P01,session_02,025,lean_forward,2.5932743549346924,0.6311520737799948,0.08263937512524795,-0.8521347704236154,-0.0003166028916180847,-7.068673061182292e-05,0.010143838257699914,-1.9568162777292262,0.030599563232306802,0.9568941461907904
P01,session_02,025,lean_forward,2.6253676414489746,0.6308451956030411,0.08451266732575574,-0.8521164659125721,0.0002395990801282169,4.9603989576502734e-06,0.00746730696699631,-1.9742337302620614,0.015804161772337615,0.49250109242920054
P01,session_02,025,lean_forward,2.6568398475646973,0.6317138625638407,0.07685894861131043,-0.8541117117918994,0.0017591806439144959,-0.0001953125014295372,0.05623977187597396,-1.9646662375833472,-0.04385303474126032,1.3945237926734755
P01,session_02,025,lean_forward,2.689394474029541,0.6304363839816525,0.07770499991402663,-0.8548841239678772,-0.0010243366176930025,-0.0009882794960249163,0.04372229165857296,-1.9567293478522316,0.05222101758676,1.6047000876037536
P01,session_02,025,lean_forward,2.7206859588623047,0.630992388737625,0.07856532458660317,-0.8557077793881726,-0.00018830949704077798,0.0019964490694541473,0.06408485565086026,-1.9910269886652,0.04996362939172532,1.5980019942196355
P01,session_02,025,lean_forward,2.752669095993042,0.6302523268944499,0.07814526645891615,-0.8573518892643245,0.0005544913806517985,0.002080315002698665,0.06731499682510705,-1.8798634072863383,-0.11661465018599769,3.6467505328306924
P01,session_02,025,lean_forward,2.800804376602173,0.6309378101014161,0.07527282967859666,-0.8572143906326879,0.00043920246925262843,0.003133094914153399,0.06572578731515832,-1.8910030292999347,0.03723177655221714,0.7762695368692575
P01,session_02,025,lean_forward,2.83268141746521,0.6316407416277293,0.07320002830286809,-0.8598008511589839,0.0005959254328135697,0.0019034793243204087,0.06257114131234395,-1.893478921530622,-0.018850451629538273,0.5946499950129908
P01,session_02,025,lean_forward,2.8650734424591064,0.6316966738569212,0.07351519624808339,-0.8618387778114485,-5.867790666583692e-05,0.0048778973297695484,0.15060034827382449,-1.9125102539515635,-0.03928860328370574,1.2222236098539125
P01,session_02,025,lean_forward,2.897164821624756,0.6318810651010545,0.07271644983758827,-0.8637118988107718,3.803812826996541e-05,0.0021756488765842952,0.06780579174391736,-1.9260454144148351,-0.06533356278397509,2.036989084099517
P01,session_02,025,lean_forward,2.9293832778930664,0.6357255876044987,0.06853968778738742,-0.8622526189222025,0.003722292444707067,0.003661595569099357,0.16206157244919794,-1.8998479284902026,-0.05581327929988396,1.7399026969632496
P01,session_02,025,lean_forward,2.960827112197876,0.6347919292915721,0.06597441543787745,-0.8677221738951629,0.0006638354530620677,-0.001043329286118802,0.039327701395732315,-1.8769541274933683,0.13358713437971034,4.248618556430179
P01,session_02,025,lean_forward,2.9931883811950684,0.6337143769626377,0.067921147397284,-0.8665374882642175,-0.0008025681628456996,-0.002619506862497594,0.08465970781236104,-1.9287438293086614,0.00318003364467581,0.1297058269452118
P01,session_02,025,lean_forward,3.0256435871124268,0.6338409925945615,0.06896648563074598,-0.8627245847117891,0.00017937599687842145,-0.0024863440930356293,0.07680759122622047,-1.9283830414904628,0.041316616084135886,1.2753500516101637
P01,session_02,025,lean_forward,3.0574707984924316,0.6304729885856425,0.07388840484357927,-0.8596868282196791,-0.0020083986095090164,-0.004168911385968702,0.14539353966973112,-1.958104456784859,0.056356549873191344,1.7766625008474168
P01,session_02,025,lean_forward,3.088799238204956,0.6303414066693096,0.07679177635813696,-0.8566486213180684,-7.584838182071472e-05,-0.0027943692758296414,0.08922878060140106,-1.94965767922527,0.0004992258461243115,0.09064053616197354
P01,session_02,025,lean_forward,3.1210741996765137,0.6299904067625566,0.07902733572675567,-0.8554174481470121,0.00016382065714135073,9.035444849551831e-05,0.005796626601903723,-1.9666656644140843,0.005478081408497129,0.16983057082690067
P01,session_02,025,lean_forward,3.1526122093200684,0.62921080403368,0.08350933177529006,-0.8551017617846578,0.0008569086268085218,0.00043471236209037897,0.030466981547838477,-1.9334831697175108,0.008227895322310753,0.26266119308324654
P01,session_02,025,lean_forward,3.184638261795044,0.6291394750041678,0.08107939983401793,-0.8576377895208512,3.0731272503428996e-05,-6.442316856210163e-06,0.0009804291799029637,-1.9114946710786371,-0.03226833351335773,1.007565600393001
P01,session_02,025,lean_forward,3.232819080352783,0.627854843132894,0.08562066177318596,-0.8570776590608498,0.001339076819258875,0.0003877096305382342,0.028934235199252697,-1.924035907810787,0.022079845111417317,0.4591829589448937
P01,session_02,025,lean_forward,3.2651779651641846,0.6307872907411816,0.0806813383636735,-0.8627828522618562,-0.0015180450423354238,0.0035501290837716836,0.1193203059324445,-1.9512182419731157,-0.12642883675348132,3.908904195345681
P01,session_02,025,lean_forward,3.297241449356079,0.6313986125060943,0.08062627992200282,-0.8623556934961728,0.00034095272226376523,0.003589502681901408,0.1124537551133799,-1.9516224919319012,0.004433305798937377,0.17822309781667334
P01,session_02,025,lean_forward,3.3289504051208496,0.6313700216533271,0.07954587550230748,-0.8630259377667605,-0.00013452748133735223,0.0006488944862963442,0.020899230094481164,-1.9035882174780498,-0.062307229027332725,1.9650837307037665
P01,session_02,025,lean_forward,3.360884189605713,0.631053421292323,0.08013602928177259,-0.8583821855427755,-5.276359110685905e-05,-0.00502209267567196,0.1572744954595535,-1.9465833528402214,0.06458518573535467,2.0285779142195524
P01,session_02,025,lean_forward,3.393110990524292,0.6304567537220563,0.07838686705199316,-0.8575376197764767,0.00047172914546732346,-0.00169617808930115,0.05463010330428386,-1.9592852240417453,0.01608703100330307,0.5021621964638058
P01,session_02,025,lean_forward,3.4250848293304443,0.6302811495131617,0.08601691905174076,-0.8536253211523319,-5.5984459846667836e-05,0.0014265161901301706,0.04464945068030072,-1.96220694591758,0.008591250377855124,0.27238069814735394
P01,session_02,025,lean_forward,3.457822561264038,0.6294360314551743,0.0816005529784999,-0.8563967994430692,0.0006429101835904983,0.0005416572154711714,0.025678932136676692,-1.90986956358267,-0.0561753455727691,1.716112640067822
P01,session_02,025,lean_forward,3.489074230194092,0.6321898962353081,0.07352407478765999,-0.8583375261356464,0.004548780610919046,0.006452527481742371,0.252617370572699,-1.8853315508587747,-0.04178949187050792,1.3608449040380597
P01,session_02,025,lean_forward,3.52119517326355,0.6311278379989254,0.06993583746957018,-0.8619564464995838,-0.0008055503775657522,-0.001142930746580387,0.043531891705223036,-1.9533796146405726,0.1535941395021517,4.7819425435659895
P01,session_02,025,lean_forward,3.5531046390533447,0.6311407395789799,0.0732243274902515,-0.8609303067481133,6.46674789796885e-05,-0.0007548080697264115,0.02374133033278348,-1.9494761624519534,-0.004534420351560078,0.1440722740921365
P01,session_02,025,lean_forward,3.585388422012329,0.6297245291102654,0.07519143747436319,-0.8589699008190559,-0.0011058895377291692,-0.0007212950655624379,0.04089747019557865,-1.9474866439135434,-0.0028934149805364693,0.09851465792813079
P01,session_02,025,lean_forward,3.6168465614318848,0.6283653515777856,0.07345021111601996,-0.8597965553897526,0.0014600338641829822,0.0001956893101487456,0.04682698030481916,-1.9230476725020302,0.019999770009879698,0.6374803931127037
P01,session_02,025,lean_forward,3.6648738384246826,0.6277683141738557,0.07222908484417809,-0.8640218588052251,-0.003026823556515221,0.0001863332581951707,0.06314231665912784,-1.939655491556956,0.006247362491391052,0.14459467258301462
P01,session_02,025,lean_forward,3.6970956325531006,0.6282034521679297,0.0713529714498144,-0.8611708037785323,0.0008050188308446532,-0.0005338486005949014,0.02997800017341711,-1.934917672381155,-0.006023622546408586,0.1893308650262856
P01,session_02,025,lean_forward,3.7292306423187256,0.6279301669277014,0.07182127361940066,-0.8595300166155052,-0.00018133739906128334,0.0005039430748498872,0.016666439882565862,-1.9148075558977606,-0.06249008035030638,1.9446820107792537
P01,session_02,025,lean_forward,3.7615535259246826,0.6287658147761083,0.07150195972432437,-0.8555375322916928,0.002236385859685034,0.0004322709247043959,0.07046956635715687,-1.9161891824938357,0.005112930832205329,0.17316992403588655
P01,session_02,025,lean_forward,3.792895555496216,0.6297947329541265,0.06802839199958798,-0.8633999961866663,-0.0011482720744377722,-0.00010320642858138657,0.03678449818883384,-1.9589904650907644,-0.007712799538963868,0.24881894367581073
P01,session_02,025,lean_forward,3.8252952098846436,0.6278429812717011,0.06440822134431443,-0.8676266709279623,0.0035020315658279076,0.0006254356765841456,0.1097987694156931,-1.917659739232743,0.06411394474466481,1.9818903833422248
P01,session_02,025,lean_forward,3.8575892448425293,0.6283459666961069,0.062468447291251214,-0.8721843769637024,-0.00010364596647313004,0.00354518769477203,0.10982531157381661,-1.9928759483174456,-0.14206894083845006,4.400602316623116
P01,session_02,025,lean_forward,3.8891615867614746,0.6294570266858945,0.06063316480509696,-0.8673666343084924,0.0016439624067339726,0.0015189569205002356,0.07089330768796313,-1.956995792886216,-0.005278661742518913,0.18160182969017516
P01,session_02,025,lean_forward,3.9215993881225586,0.6293361569302416,0.061167859679150484,-0.867423876897148,-0.0010815566277222776,-0.0011741715066989446,0.04921370842727915,-1.964051430391616,0.014871465784845465,0.4610948357061679
P01,session_02,025,lean_forward,3.953246593475342,0.6289920016798396,0.0674965681383232,-0.864532396714612,-0.0001573051963505115,-0.0008214932211822797,0.026429460941376152,-1.9700256512962695,0.011875594702798857,0.3761789810971908
P01,session_02,025,lean_forward,3.9854485988616943,0.6269198438960398,0.07914376812537868,-0.861007904913137,0.001235659110086202,-0.0015735926774094603,0.06213158679514858,-1.9243064204372922,0.003221391691881218,0.11776134107834724
