participant_id,session_id,trial_id,movement_label,timestamp,shoulder_width,head_offset_x,head_offset_y,torso_dx,torso_dy,movement_speed,head_offset_z,torso_dz,movement_speed_3d
P01,S01,1,neutral,0.47713910008314997,0.3387442640144227,0.017358310188727858,-0.8741454220163043,0.0,0.0,0.0,-0.6242609142601185,0.0,0.0
P01,S01,1,neutral,0.6307973000220954,0.33886249456128675,0.02295731998531663,-0.8644590460617523,-0.0035919335108858443,0.013246043606173593,0.08931783856274665,-0.6363364102423961,0.040931665133411156,0.2669419668211048
P01,S01,1,neutral,0.6956742000766098,0.3378571286099057,0.030147784871313057,-0.855145902533676,-0.0035908460619135532,0.012815301600838285,0.2051404138766968,-0.6427991578092693,0.016167729005220025,0.25385923727660936
P01,S01,1,neutral,0.7644796000095084,0.3374412620249685,0.03484811454566572,-0.8577508889178798,-0.002818907264337108,0.0037316794606846917,0.06797018412921442,-0.6409958399044999,0.0003957766924504829,0.03129421465734964
P01,S01,1,neutral,0.8267485999967903,0.33708048760148246,0.03507647284567388,-0.8687661919344154,-0.0051752593375448555,0.012028908281893893,0.21029659564991815,-0.6457582313874461,-0.005367518390395048,0.0873624949174668
P01,S01,1,neutral,0.8896438999800012,0.3365734841872217,0.040083119830549345,-0.8759863984774852,-0.00869329446567923,0.0131457102030642,0.2505779191487921,-0.6482567180443058,-0.007207821937791628,0.149100388938747
P01,S01,1,neutral,0.9477728999918327,0.335713655873383,0.031065548934392714,-0.8877329474960151,-0.0033006260786532346,0.011066092291943294,0.19865878718506466,-0.6460402426415526,-0.0027831318494516435,0.049549332451946364
P01,S01,1,neutral,1.014211400062777,0.3359318907190589,0.031524031291740806,-0.8817389694559749,-0.003411682673083535,0.011558015992476411,0.18138623691084793,-0.6403461880413222,0.0014232192978887446,0.03501538023531776
P01,S01,1,neutral,1.073338899994269,0.3362669519959419,0.03321331298775133,-0.882713227452216,-0.0019019348605142131,0.0036473544850699874,0.06956931605663941,-0.6377413580203782,-0.00653170353532952,0.11177638143189773
P01,S01,1,neutral,1.1257834000280127,0.33534658111647997,0.03485356483046578,-0.8791369932434243,-0.0017997995714945573,0.0008164506549141071,0.037684169810515186,-0.6379044720997356,0.0003002193708175168,0.012809684423304414
P01,S01,1,neutral,1.1880769000854343,0.33442287847507807,0.03562987491194253,-0.8762887893532381,-0.0014572196074196235,0.00038070218706559637,0.02417794032270884,-0.6375524755608102,0.0029598991756898518,0.053256051409917925
P01,S01,1,neutral,1.2490404000272974,0.33462612058155067,0.030165014828150104,-0.8842922165619564,-0.00036671094957582646,0.003197398858705949,0.05279157646350257,-0.6293692343010925,-0.024675472612495523,0.40526178941454666
P01,S01,1,neutral,1.302193699986674,0.33397963224739763,0.030819800721506984,-0.8869781631588219,-0.0011060102149003663,0.0009626558714224173,0.02758579184207212,-0.6278585252905117,0.02975705053322718,0.5616032022140779
P01,S01,1,neutral,1.3685075000394136,0.3337244170351261,0.02616380123420557,-0.8889625675130359,0.0001708797468147278,0.0021222666229694306,0.032106965942792706,-0.6317351292039024,-0.0013455452329729591,0.029603364398362725
P01,S01,1,neutral,1.432152200024575,0.33351674529553577,0.03184064122834808,-0.8790878215757502,-0.00030381651760356265,0.0021874789267456512,0.034700085296791375,-0.6346841761578641,0.01801080569856037,0.2841358465559282
P01,S01,1,neutral,1.4863816000288352,0.33360930462262606,0.029932408699721476,-0.881976962732925,0.0004943688614442807,0.004252161806267856,0.07893879947699826,-0.6451307131793675,-0.005757264573383399,0.1174316943932307
P01,S01,1,neutral,1.5591144000645727,0.3329917072265411,0.026996296086695806,-0.8851903974529431,0.0008994171096020392,0.0009442112051645866,0.017929006107548936,-0.639881019136557,-0.009142521098313492,0.13010042661255805
P01,S01,1,neutral,1.6099210000829771,0.33283661514027457,0.02728036204897342,-0.8869378727145765,-0.00030390010468412087,-0.00033201578908919276,0.008859079720192606,-0.6396346766854317,-0.00030270787205090234,0.04964225149905521
P01,S01,1,neutral,1.661868500057608,0.33307047774421034,0.026031249300031877,-0.887428798858087,0.0007586799443670028,0.001243290226085565,0.028037748417004883,-0.6401767397874778,0.0002776606742334704,0.021970341767303118
P01,S01,1,neutral,1.7269001000095159,0.3328724262246626,0.025877076504684602,-0.8822580761889968,-0.0002307207769178709,0.0004121996340434139,0.007263816662059881,-0.6405399580186213,-0.0012731522773202883,0.07448531671713755
P01,S01,1,neutral,1.7922922000288963,0.3329024715497221,0.02767047652607927,-0.8870618676626906,-4.2344228998235115e-05,0.005622919711160989,0.08599019066485789,-0.6348502972643159,0.015323142219431507,0.23444232775675344
P01,S01,1,neutral,1.8671153000323102,0.33295184248878146,0.024557935503982598,-0.8861704865249832,0.0004415946654647177,0.0029494245103330115,0.03985800616180066,-0.6381126057723878,-0.0035068053381243545,0.05525003898107279
P01,S01,1,neutral,1.9601869999896735,0.3324570403838484,0.024108398400498363,-0.8946693170218267,-0.00014589337506576243,-0.0002253615636960533,0.0028844816706171767,-0.6378191197773699,0.0004827542651800924,0.013681386661953177
P01,S01,1,neutral,2.023132700007409,0.33250612155906817,0.0240802364948538,-0.8925203695748105,-4.8803205378633554e-05,0.0005144727252035933,0.008209969741328413,-0.6476441088577051,-0.012527653032562383,0.19988832842116502
P01,S01,1,neutral,2.0977075999835506,0.33240131660497374,0.019946810821113558,-0.8927968020763649,0.00022378550554325466,-6.267070047064704e-05,0.0031162668213725654,-0.6461541961624278,-0.005674351355300533,0.07609318983135006
P01,S01,1,neutral,2.169750800007023,0.33201940790030254,0.01943442152702661,-0.8993028835910115,-0.00041325864997069706,0.00012467772910714557,0.005991632800165677,-0.6474206497780652,-0.00014285434473887063,0.04593626706673476
P01,S01,1,neutral,2.23833080008626,0.3320662970776108,0.019187248327632127,-0.8992560881244258,0.00023464643225873144,0.0011454551214068423,0.01704931171093584,-0.6449593358652751,-0.0037875029510778964,0.05750400555864698
P01,S01,1,neutral,2.2931694000726566,0.3325508039574975,0.018382535243400992,-0.8983455736972016,0.0013609739130222632,0.00062310944702491,0.027295283246618306,-0.644578782303726,-0.0006213301834232912,0.07267400520690903
P01,S01,1,neutral,2.357390600023791,0.3324666093841951,0.019499175256116937,-0.8981052861168258,0.001004058162962227,0.0025651395760492,0.042893092416084695,-0.6378188696409505,0.001487053179695326,0.06659897918414627
P01,S01,1,neutral,2.408929800032638,0.3324856022152002,0.018471293311111008,-0.8981325479699359,0.00011374672123548687,-1.6044651773957567e-05,0.0022288422121151613,-0.6369102835797438,-0.0011113509843477525,0.07879885099006406
P01,S01,1,neutral,2.4673242000862956,0.3320224610000037,0.018145289811585658,-0.8997514473959375,0.001351515698185019,0.0013849064028223857,0.03313822335582036,-0.629426891862129,0.012425620047988951,0.2136411585567705
P01,S01,1,neutral,2.530280400067568,0.33225482333631673,0.018294637872093563,-0.9005540874369162,0.0004503247177723364,0.0014797344625217077,0.02456851880246353,-0.6299949848210961,-0.00024093019882061837,0.010525290883168205
P01,S01,1,neutral,2.5941805000184104,0.33222194901807,0.02237412688300469,-0.9044919038397635,0.00012989437616909417,-0.0002420269522819172,0.00429859884641086,-0.6213076905421591,-0.01286839744655213,0.20933299703748948
P01,S01,1,neutral,2.656957900035195,0.33214685932881227,0.02613925713514956,-0.8929290901350571,0.0005304621284455146,-0.0002711530027338202,0.009489826076866579,-0.6286002876515661,-0.006856070145737827,0.11179448800420562
P01,S01,1,neutral,2.7120480000739917,0.3323255183055962,0.023925849109060284,-0.890203778675911,0.0022336125359706614,0.0004283923027394648,0.04128369631368044,-0.6301198646908356,0.0052300633613593436,0.09623092582537913
P01,S01,1,neutral,2.76475610001944,0.3324546798059567,0.026180270216816702,-0.8905311029426458,0.0002677196057604039,0.0010247121424567813,0.02009382869216538,-0.6297616197248584,0.00029442589675216234,0.12250955146434378
P01,S01,1,neutral,2.8270998999942094,0.3326211909235062,0.026180021667442304,-0.8925558416711786,0.0009830287095322038,0.0011822507243565083,0.024662447932490672,-0.6306103663742655,0.00043972833557112174,0.0449364366106076
P01,S01,1,neutral,2.879808400059119,0.33241749475611426,0.02397369345066304,-0.8999502243974552,0.0002873836242699744,0.004397314616500922,0.08360502555346205,-0.631505840814791,0.0047277680522268386,0.09715902284852505
P01,S01,1,neutral,2.9375289999879897,0.3323860437758328,0.024131031924130294,-0.8995312560217645,0.0001236884174401515,0.0012332977034355086,0.021473868808627956,-0.6314432665794338,-0.0008003533434867689,0.01594079837615663
P01,S01,1,neutral,3.0163352000527084,0.33256193427661157,0.023883569141590764,-0.8984987240429333,0.0004858890189509226,0.0017574270657776728,0.02313725309738371,-0.6292217332777589,-0.0023773730581213084,0.08766779084932781
P01,S01,1,neutral,3.078562100068666,0.3321267100501468,0.0280795878739431,-0.9002912427236167,-0.00023760976547385128,-0.0002458650896519458,0.005494700548872373,-0.6270321336341751,0.0001187451732712689,0.05873427961167299
P01,S01,1,neutral,3.132469200063497,0.3320375170197577,0.03081889605432301,-0.8994892209894831,0.00017085033394465004,0.00027052424823177055,0.00593536159189178,-0.6271455339754838,-0.010085355237806121,0.1920688963541649
P01,S01,1,neutral,3.1891193999908864,0.3321309319595128,0.03049406202692676,-0.9023008018910527,0.00037646491653122414,0.0003724719028771568,0.009348348834201,-0.6282519271355055,0.0018097616806105057,0.04125111568741049
P01,S01,1,neutral,3.271912300027907,0.3323101547652608,0.030066467575466552,-0.9031293148671464,-0.0002406623179597784,0.003063725025579262,0.03711867520269776,-0.6297929532769357,0.0009231689931660301,0.01366044563912197
P01,S01,1,neutral,3.3314674000721425,0.3321713056733699,0.027894898200969968,-0.9020665560134139,0.0008107075490741405,-0.0014576765770039355,0.02800689035126946,-0.6275374855322993,-0.00284300303520028,0.11747751811308738
P01,S01,1,neutral,3.3930050000781193,0.3324310394515754,0.03439403884108009,-0.9013957339536893,-0.0002451021106283547,6.813372497350021e-06,0.00398450364842825,-0.627275719112827,0.0050991855881961775,0.08352595895557584
P01,S01,1,neutral,3.463335999986157,0.3324226858134752,0.03266255965897903,-0.9039721645785287,2.3937054891553045e-05,-3.980543959494214e-05,0.0006604259709068692,-0.6263878218762191,0.002869524324892027,0.040881951156892
P01,S01,1,neutral,3.5187433999963105,0.332687535770288,0.030923105856942724,-0.9092032637272065,0.0006007717560873189,0.004959446318088754,0.09016307568939602,-0.625764650887627,0.0068455656979732465,0.12462927381829773
P01,S01,1,neutral,3.580548100057058,0.3329958782975212,0.03082833343808972,-0.9083274537508719,-2.8997213127623145e-05,0.0003260396525429973,0.005296143900222754,-0.6280861806976404,0.003207212523583656,0.09416009600343274
P01,S01,1,neutral,3.669762400095351,0.33253268483714843,0.0325201000950902,-0.9082677116604516,-0.0003951892447291299,-0.0011937681686794445,0.014095054366080904,-0.631015946539979,-0.0009177166390895297,0.027793024926984856
P01,S01,1,neutral,3.7200751000782475,0.332758317806175,0.031316330487998784,-0.9087661228034909,0.00021445492761176644,0.00021691786789546807,0.00606271579033044,-0.6303872144063007,-0.010534925925857913,0.21066657761838403
P01,S01,1,neutral,3.78692530002445,0.3326562059476252,0.030533125850289902,-0.9091636478431635,-8.820032774408998e-05,-0.0011625958894210823,0.017441036059077188,-0.6336197052798036,0.008296035892128023,0.13032112916660676
P01,S01,1,neutral,3.864982300088741,0.33255831669915176,0.03161194111784461,-0.9088516301615527,8.782302072560347e-05,0.0003108755703031821,0.004138547106749529,-0.6350047389460858,0.004832326067301433,0.06563094207365223
P01,S01,1,neutral,3.91942619998008,0.3328933471078067,0.030631652178691234,-0.9093126320266968,-0.0004896577348742001,0.0011844175577997381,0.023540623313426667,-0.6309396874688792,0.002544047189237964,0.06156667874441166
P01,S01,1,neutral,3.96889200003352,0.33289232740157954,0.03102641878253098,-0.9101181917663789,-0.00022958791618842817,0.0008047439183535897,0.016917815198536017,-0.6315043698329057,-0.0022834559159510457,0.05681129409177539
P01,S01,2,neutral,0.39507760002743453,0.33618566748737044,0.03932327894819382,-1.0373831537776628,0.0,0.0,0.0,-0.5375811217415861,0.0,0.0
P01,S01,2,neutral,0.47323739994317293,0.33568142284577396,0.03761817000706175,-1.026540807321925,0.0006447317320830047,-0.0006410029063122134,0.011632009114290723,-0.5430229709728589,-0.03035468993613691,0.393300767358603
P01,S01,2,neutral,0.5335467000259086,0.33571631864132856,0.037030981168533275,-1.0265252734537185,-0.00022490471739591836,-0.0002805205869236637,0.005961714719132766,-0.5250523693531453,0.036791588450220396,0.6102115257451111
P01,S01,2,neutral,0.6062195999547839,0.335416165319312,0.03562907396939529,-1.0194775169755925,0.0002627347051580555,-0.0004865523319058207,0.0076088629139016975,-0.5531788667341152,-0.008074251266518714,0.13343867702144457
P01,S01,2,neutral,0.6672289000125602,0.3351398711644965,0.03620564725212796,-1.009689313946325,-0.00033146804143040605,-0.0023389950083820177,0.03872139272494898,-0.5759782155997477,-0.03561091082740293,0.6024526055903958
P01,S01,2,neutral,0.7277691999915987,0.33498469857872587,0.03677583290874649,-1.009514244225738,0.00047147648284739165,-0.0004356675793006278,0.010603635640060147,-0.5680494367055862,0.0010442975275101148,0.024980948669785074
P01,S01,2,neutral,0.7747449999442324,0.33500237495211027,0.03559452948872069,-1.0190622389101156,-0.0001263253664890496,-0.001991492714242158,0.04247921825948663,-0.5362258121576293,0.03429144949537117,0.7436479642945576
P01,S01,2,neutral,0.8628210000460967,0.3341161858868129,0.03445011898777677,-1.0158059418811876,0.0006152396302607309,-0.005951880363669126,0.06793671604927695,-0.5477442437876487,-0.0018468617959938379,0.037330455558181076
P01,S01,2,neutral,0.9136951999971643,0.33519313697399755,0.03619046922871012,-1.014072076866646,-0.0012808503783609505,-0.0002060065477344386,0.025500375762009277,-0.5526511522419243,0.02794582703023237,0.5537794485595667
P01,S01,2,neutral,0.9911012999946252,0.33487538690617064,0.03473947803736685,-1.018940336421415,0.0008159975461240538,0.0021063398322242453,0.02918214084522388,-0.5436462681167864,-0.008904189949809963,0.12227875506026879
P01,S01,2,neutral,1.05491379997693,0.33481394939423265,0.035072836723854604,-1.0232488576057073,-0.0001565268831050232,6.853892521516512e-06,0.002455269235314221,-0.5418065828953051,-0.005630706796674435,0.09894948557511796
P01,S01,2,neutral,1.097422800026834,0.3347248868147551,0.034749310421497204,-1.0230927718398757,-4.6966107626797134e-05,-0.0002837554218134644,0.006766002126507904,-0.5381431466434139,-0.0053238635652810675,0.14423352566733286
P01,S01,2,neutral,1.1605501000303775,0.33565546901195653,0.03424805065836085,-1.034931267832137,-0.0012556015943556117,-0.00036252316301339766,0.020702435038981677,-0.5418734776615362,0.016993188409170495,0.2694955012677858
P01,S01,2,neutral,1.262455299962312,0.33501997957216595,0.03379074909560925,-1.0362386527609249,0.0004641768482512142,0.0031295909732322663,0.03104676472113683,-0.5262957921923721,-0.021125121563022636,0.2122691621942677
P01,S01,2,neutral,1.3495074999518692,0.33488913514844887,0.031832653880044935,-1.0374013737510666,0.00015177518616626216,-0.0001313516123022005,0.002305755432919088,-0.5649978564958548,-0.010948610944748208,0.13466263235765988
P01,S01,2,neutral,1.403641500044614,0.3348121966771469,0.033145597747898166,-1.0336825998182093,1.8692532003100705e-06,-0.00014375447230956018,0.0026557546937039274,-0.56607509501257,0.00341754794053569,0.141323254875415
P01,S01,2,neutral,1.4878473000135273,0.3348684197455829,0.04483487628232461,-1.0284728355492698,-0.00024367409372166125,0.0009241460150495728,0.011349949955540768,-0.5534930496729265,0.0007276892926994412,0.07837572245284616
P01,S01,2,neutral,1.5318979000439867,0.3345568919916728,0.041107472703401676,-1.0304763572654676,0.0004817445502711922,-0.0012214647324923424,0.02980736541443247,-0.5504287066075767,-0.0034132918183143865,0.08543016950820172
P01,S01,2,neutral,1.576621799962595,0.33528797483700823,0.039272967728866834,-1.0307443311503033,0.00025070225180416037,0.001499591451936887,0.03399531984868087,-0.5585986638301648,0.021086689338688763,0.4804089865715277
P01,S01,2,neutral,1.6654164999490604,0.3356743346329205,0.03913196736997828,-1.026863548752485,0.00036818492863604124,0.0007481780548868868,0.009390930127566952,-0.5492240654879427,-0.0037961400755538565,0.05785278033172671
P01,S01,2,neutral,1.746483499999158,0.3351827317305851,0.03789646762042924,-1.0322474113931601,0.0007327374460161852,-0.004309467119707858,0.05392227230938956,-0.551441014480896,-0.022971400546140542,0.28444095677454717
P01,S01,2,neutral,1.8084186000050977,0.3354039734729564,0.0381603821167334,-1.0304814150910884,-0.00024252974141874092,-0.001163378605750348,0.019187663512095315,-0.5366208924002902,0.04150859625607779,0.6724320051250859
P01,S01,2,neutral,1.8816997000249103,0.335208931171566,0.03431621095237209,-1.031169510357137,0.0001993288381657553,-0.0011123118172577005,0.015420494234437596,-0.5375639560966984,-0.0019766282340559103,0.09263635091203289
P01,S01,2,neutral,1.9597034000325948,0.3364830659025145,0.04028351927410525,-1.0301860769449305,-0.0014416547240004556,0.0036473147099796497,0.050278340630957485,-0.5232967887314632,0.01999278818647771,0.2580032788692965
P01,S01,2,neutral,2.0284631999675184,0.33633769252865414,0.034624902480568785,-1.0314757416674356,0.0002914771126521055,0.00046032029190688187,0.007923856701313181,-0.522636694841162,-0.005390038374772509,0.10135053603510524
P01,S01,2,neutral,2.0943280999781564,0.33621024810336814,0.03322547411612689,-1.028419494604178,-0.0002039207401905672,0.0014657828123413254,0.02246871447326427,-0.5520608029830167,-0.023005050658208136,0.4951898470544353
P01,S01,2,neutral,2.1346742999739945,0.3360335746990127,0.029882312813097653,-1.0308752933214196,0.00045271058037653193,-0.0003141347586822756,0.013657396766397835,-0.5486262865118597,0.011249931661966377,0.2965671787749802
P01,S01,2,neutral,2.210917399963364,0.3365041675525703,0.030644688763114908,-1.0339339557782565,-0.0006743300812892975,0.003025717480584129,0.04065875560559557,-0.4769931290035992,0.04296618288119954,0.5640149378731978
P01,S01,2,neutral,2.291336699970998,0.33664396399586666,0.037058986999443294,-1.030332075615383,0.00033631680606114955,0.0013404867273961374,0.01718533285063262,-0.5438162103593003,-0.046040981203206446,0.5819285546826471
P01,S01,2,neutral,2.3359461999498308,0.336279861866658,0.04293687966973842,-1.0204657298841395,0.00041099181290772473,-0.0014303844442761567,0.03336192270304987,-0.5578094931760033,-0.06811201702539493,1.5272514891984346
P01,S01,2,neutral,2.3790172999724746,0.3363672515790573,0.044264655938862585,-1.0135262848510205,0.00031559514740697227,0.0021795734492452323,0.05113181463853738,-0.5637564682103803,0.013994746185619158,0.3411345744083917
P01,S01,2,neutral,2.464105600025505,0.3362476258136486,0.045197125314800836,-1.0221693090861474,-0.0003095031809548252,0.000722883145437444,0.009241620475172645,-0.5547761738501336,0.007413871991358181,0.09330985990839041
P01,S01,2,neutral,2.550905399955809,0.33628524001253457,0.04508891373549219,-1.023653720998393,0.00017848501851160974,0.0013506902518050864,0.01569625781497949,-0.5194851671137051,0.05703390494397921,0.6577819069260418
P01,S01,2,neutral,2.621032999944873,0.33648075064767635,0.04196765757204886,-1.0330183923774987,2.5242638291028845e-06,0.007358450488486584,0.10492945605723575,-0.5162212461459881,-0.0077592344013964675,0.201660227291137
P01,S01,2,neutral,2.694548900006339,0.3364007296221381,0.041952259060959014,-1.0335709581669859,3.672127181048412e-05,-0.00046306896924825204,0.0063186695885178185,-0.5409889645135235,-0.018251378009023107,0.2504301641550719
P01,S01,2,neutral,2.7591938000405207,0.336326567504869,0.04213270675993043,-1.0350473997598462,0.0001631333377044404,-1.9848923218791228e-05,0.002542140837913644,-0.5393316172413612,-0.0024997501312401978,0.04297510287490027
P01,S01,2,neutral,2.8012397999409586,0.3364002066677964,0.03912336448340951,-1.0360057405439387,-0.000232686538830165,-0.0002792415649696098,0.008644855766693884,-0.5124683736096115,0.04139033879885539,0.9902605101931647
P01,S01,2,neutral,2.863450499949977,0.3361557803016655,0.04053006254829554,-1.0327918963505651,0.0001735890044274759,-0.0006260020226059282,0.010442323531276174,-0.533051472350149,-0.017507424217444584,0.2908155716293884
P01,S01,2,neutral,2.9589410999324173,0.3364090341724166,0.039791986221827426,-1.0305379614875798,-0.001164155176332109,0.0013560401251134307,0.01871603181477192,-0.5371994075818326,-0.004137755309857449,0.055356156810610783
P01,S01,2,neutral,3.0386558999307454,0.33625040615055923,0.03876610508546986,-1.0312796033949223,-0.00031433102953825427,0.00023868418512519913,0.004951179998586423,-0.5323448446560562,-0.0052209754680041685,0.07168962996057819
P01,S01,2,neutral,3.1089471000013873,0.33596106764451866,0.03713036801935866,-1.031735407341232,-0.00020438246390472884,-0.0005043030847649234,0.007741296354644312,-0.5416706455992017,-0.004010988640535607,0.07993412248223637
P01,S01,2,neutral,3.1954332999885082,0.3361111488299037,0.03741783124144349,-1.0490115176649215,-0.00041638519406401114,-0.0009120396307799017,0.011592521084843245,-0.5013456104607619,0.04208989795715919,0.49073389704451487
P01,S01,2,neutral,3.2603119999403134,0.3358373454097728,0.03598997861425428,-1.0548568090258423,0.0005449544676442384,0.00018777457312086116,0.008884241008499171,-0.5044392551073484,-0.001996883151832335,0.038452879150695896
P01,S01,2,neutral,3.307345199980773,0.33579102687787316,0.03565821570444037,-1.0535036382716831,3.2128436559650675e-05,-0.0014732041946233193,0.03133009212427515,-0.504062655833472,0.025593449868575202,0.5483242287681265
P01,S01,2,neutral,3.3884899000404403,0.3355895558548088,0.0366102198056571,-1.0541247415059838,0.00031357352609769616,6.2164108827070885e-06,0.003865133991012097,-0.5200708725422912,-0.04153681113666051,0.5122940226659939
P01,S01,2,neutral,3.435429999954067,0.33644415153124735,0.031474527784909875,-1.055919730396627,-0.0007265355843202245,0.004551521327618398,0.09819201778328383,-0.499837947144745,0.039699798770019876,0.845952841735763
P01,S01,2,neutral,3.4974917999934405,0.33644621598435664,0.0385463648990259,-1.0493136167871662,0.0005013613965633022,0.00029213602223776867,0.009349782646430039,-0.5276534414031832,-0.04404712130496697,0.710296757290135
P01,S01,2,neutral,3.5470376999583095,0.3366904454015968,0.03908667352963168,-1.0507834074720166,-0.0005958863313589395,0.0018759974609063226,0.039728040080533863,-0.5150260260727586,0.01459658304590493,0.305370584192531
P01,S01,2,neutral,3.6266093000303954,0.33657779115669273,0.03867292425966645,-1.05085309363414,0.00039327317001532547,-7.995624733172101e-05,0.0050434930331460055,-0.5378093949946178,-0.034779165317864714,0.43720804598355456
P01,S01,2,neutral,3.701391299953684,0.3373300763761557,0.035157420612042786,-1.0492921528365855,-0.0005379047187454077,6.475883367666647e-05,0.007244910310760922,-0.5490267498695106,0.03260511987697436,0.4423341747462928
P01,S01,2,neutral,3.7909672999521717,0.33721224965390567,0.03872283127841437,-1.0438062316138423,0.0003220955468059983,-8.572717256189282e-06,0.00359705289329551,-0.5447992479846325,-0.03224742251233475,0.3604419989780942
P01,S01,2,neutral,3.8343391999369487,0.33731182541969523,0.03735541109428847,-1.0578336767148795,-0.00013681375137063786,-0.0003850399279775524,0.009421404519387172,-0.4673725556329685,0.09124143029416888,2.10374068205794
P01,S01,2,neutral,3.9058422000380233,0.33725074013334605,0.04251343875122261,-1.0577849612022763,0.0004438746829560837,-3.057548084865717e-05,0.0062224872192384656,-0.5094729506542494,-0.04729706333192931,0.6684299929294056
P01,S01,2,neutral,3.9737922999775037,0.3374268130233194,0.04601173870732933,-1.0511312496103407,4.314545828752214e-05,-6.597678063619046e-05,0.0011601437740199505,-0.5095442434067342,0.02722119184281213,0.40093290649925606
P01,S01,3,neutral,0.38614650000818074,0.3371407874282166,0.04296204151522351,-0.9837871796883678,0.0,0.0,0.0,-0.5954964092948937,0.0,0.0
P01,S01,3,neutral,0.47215760010294616,0.33712673666065934,0.04124956094544839,-0.9758078293558295,-1.19341276879757e-05,6.400228478588449e-05,0.0007569420814956526,-0.5946915233190482,-0.00011055983315673597,0.08380656197363198
P01,S01,3,neutral,0.5220450001070276,0.3364494362128666,0.03804375357666825,-0.9696106835825873,0.0003184411606978564,-0.004090573797225872,0.08224421411184131,-0.5941478270571361,-0.006146710720149648,0.1295366782302317
P01,S01,3,neutral,0.5914063000818714,0.3362251528079918,0.038453554133322354,-0.9699832291789034,0.00021804946019490025,5.052365541101348e-06,0.00314451986803772,-0.5903598450141434,0.00048137602903515063,0.09023454649676407
P01,S01,3,neutral,0.6574319000355899,0.3353162106555101,0.031505211185730325,-0.9830117653377518,-0.0013343293637125488,-0.0002932982681843343,0.020691731723800698,-0.5786022790983496,-0.0004833224982399953,0.09837757044875471
P01,S01,3,neutral,0.7293923000106588,0.335262798323573,0.02823801146034155,-0.9763069453547616,-0.0001586729745383019,0.00036116991347289666,0.005482015763715347,-0.5830668617529883,-0.0025296770288835316,0.04065293486995041
P01,S01,3,neutral,0.7903423000825569,0.3348251979163181,0.025321834327380728,-0.9710952281085027,-0.0006879029714808629,0.0017295261226427697,0.03053829326650568,-0.5870134641405014,0.0005391392428016473,0.07189429205982441
P01,S01,3,neutral,0.8638193000806496,0.33385022614709847,0.024763093096435606,-0.9608317129391676,0.00056145448460718,-0.0022593867565637534,0.03168477424483608,-0.5885367699057202,0.0009175510748887474,0.04119226804571523
P01,S01,3,neutral,0.9293318000854924,0.3337025140266625,0.025126821199519436,-0.9599664753163549,-0.0003384775274433221,0.0005626407448266304,0.01002260875594193,-0.5903291254078182,0.002265047200531533,0.035977663417125334
P01,S01,3,neutral,1.007081300020218,0.3332069067160115,0.024641009995537144,-0.961186231845766,0.00046674728598209656,0.0001550010628738092,0.00632558799901923,-0.5919885362710797,0.00029807159074208303,0.02004806316501652
P01,S01,3,neutral,1.0692145000211895,0.3330868101084541,0.02590023684927396,-0.9603129617318807,0.0002806324997935842,-0.0004832444225681964,0.00899390312480969,-0.5918611980473489,-0.0015679480542552403,0.03478293312121318
P01,S01,3,neutral,1.1149351000785828,0.33333494755012266,0.026517709823672565,-0.9596732425811415,0.0001780084095892139,0.0005755098606357458,0.013175913071701071,-0.5932496957767535,0.0030424567230008513,0.06755969929978359
P01,S01,3,neutral,1.161754500004463,0.3333830072547246,0.026347704306335963,-0.9561627018681602,0.00015858432723110018,0.0007020976922621537,0.01537364428309477,-0.5894661316629983,0.00021666368809030817,0.04594078826318746
P01,S01,3,neutral,1.2635125000961125,0.33319079582234096,0.026712500418836795,-0.9565321834855401,-0.0003377898546667621,-0.0004115374344821322,0.005232162139357651,-0.5826730752151679,-0.00575009357333653,0.06040670850700522
P01,S01,3,neutral,1.3334863000782207,0.33344724221824146,0.0262810930408145,-0.9473519397445168,0.0005146294543232003,-0.00031996760098594254,0.008660227974410645,-0.5892064731089597,-0.00032121815911620373,0.05094505009606727
P01,S01,3,neutral,1.3960354001028463,0.33319804106956186,0.028414874708344345,-0.9426491977755774,2.4194404564907314e-05,-0.0003539270198274981,0.005671592700492965,-0.5960278050243158,0.0021648659112300703,0.048690573811264966
P01,S01,3,neutral,1.4559795000823215,0.3333675092259597,0.028416298049790602,-0.9464247988021007,-0.00030444421271571566,-0.001479533613403346,0.025199005278064613,-0.5941120051753122,0.011933569369188535,0.19979475881871733
P01,S01,3,neutral,1.494423700030893,0.3333931599777835,0.02849098793798762,-0.9471813513345398,-4.272886133077129e-05,0.0008638738826371835,0.022498321308294333,-0.5919203254186188,0.0005940787706991697,0.015564312925162607
P01,S01,3,neutral,1.5651965000433847,0.3333215888724915,0.027196143635029247,-0.9506789126088082,0.00016178760740626362,-0.0009574929470647566,0.013720884019369146,-0.5896050261010984,-0.003347540159948463,0.09475161500044679
P01,S01,3,neutral,1.6648724999977276,0.3336758796959276,0.03282382112915077,-0.9731098674391334,-0.000529862325458223,0.0005453585097763016,0.007628465228029807,-0.5789753141610893,0.0011182950202392487,0.013205018638592582
P01,S01,3,neutral,1.731207700097002,0.33391625610306636,0.031673979903324934,-0.9719094156635324,0.0005687512840254451,0.00026123734928873725,0.009435077655340096,-0.5971054844654261,-0.01912046639112555,0.29088554791867427
P01,S01,3,neutral,1.7998455000342801,0.33403397737248014,0.03150021484466308,-0.9699433663537531,-9.024545745997321e-05,-0.0013440907727478954,0.01962645968693951,-0.5993444528282916,0.00240218611898534,0.03816100013104996
P01,S01,3,neutral,1.8624343000119552,0.3338321083395498,0.03175802476463083,-0.9698274456757302,-0.0003359803850623297,-0.0006078624795773623,0.011096802271605984,-0.5968323356940773,-0.0016562042901968911,0.02810793786531303
P01,S01,3,neutral,1.9068839000537992,0.3338776606348734,0.03175199592447269,-0.9659210305002626,-1.463883765774632e-05,0.00035829447779386426,0.008067415730595226,-0.5939237050944705,0.00713007107773083,0.170132343290768
P01,S01,3,neutral,1.951316700084135,0.33378613715989647,0.031301639930569135,-0.9593707973633532,-0.00010093746177106812,-0.00011008924401921893,0.003361450812990891,-0.6031325678493752,-0.015969890566970776,0.35950508825153554
P01,S01,3,neutral,1.998603600077331,0.33379195116608873,0.03263263351938532,-0.957233990794106,-4.540097770842436e-05,-0.00036365424229382973,0.007750082197336306,-0.6023373492504412,0.005440795451638606,0.1164571723875993
P01,S01,3,neutral,2.059075199998915,0.3337498205575609,0.032066512471757076,-0.9553129531939314,-0.00011929864904030412,-0.0007289183174520978,0.012214268016136419,-0.601518120718734,0.0010437887423133862,0.02946561817451494
P01,S01,3,neutral,2.111565300030634,0.33370023364634227,0.03175458893864366,-0.9566555756904175,-0.0002045168429224153,0.0007450128836937941,0.014718479964858673,-0.6017010294668578,0.0018631773246832117,0.043733478697514566
P01,S01,3,neutral,2.1598185000475496,0.3334533073832511,0.03119980396296386,-0.9569689989501785,8.477199703477538e-05,0.001712153028144641,0.03552614863808442,-0.5995372036169409,0.001432880362428558,0.04172858937218058
P01,S01,3,neutral,2.239278200082481,0.3332361559982712,0.030968604707760184,-0.9571403392989447,0.00016549584006939595,0.0006525928911031518,0.008472855900143638,-0.598760026007654,0.000742320249666596,0.07215311117403621
P01,S01,3,neutral,2.3160580000840127,0.33313869957741404,0.029217822834093635,-0.9586792558348418,-1.771292209595854e-05,0.0012300640344415654,0.01602233348934857,-0.5917099889086549,0.003789829392922038,0.07816659222261171
P01,S01,3,neutral,2.3934780000708997,0.33328649551016803,0.02804178633709851,-0.9597764075239326,-0.00030071788548288665,-0.0004153537252655393,0.006623436709053116,-0.5968891906836598,-0.029548520390568187,0.3835392826129855
P01,S01,3,neutral,2.4428832000121474,0.3334866354551013,0.02590023905581881,-0.963276872356452,-0.00026456764994005496,0.00016782909866151774,0.006341623738352424,-0.5936879115412436,0.001481554075628699,0.07514177836894213
P01,S01,3,neutral,2.5110565000213683,0.33309032150923873,0.026122794314944735,-0.9498869325734365,0.0005773640779966755,3.578887822697509e-05,0.008485319490253513,-0.5926358901708734,0.002370571197138138,0.03676285952927824
P01,S01,3,neutral,2.59193860006053,0.3330168278242136,0.026571097019645645,-0.9506662246467125,0.0001481986546940347,0.0004759181435162298,0.006162779456204035,-0.5895559951452254,0.02063427694823091,0.2554391748010116
P01,S01,3,neutral,2.6440985000226647,0.3326271950373561,0.027013560639155186,-0.9492664920844794,0.000544121186002688,-0.0004549723995589741,0.013598045451857837,-0.5888894003303972,-0.0010961483477026867,0.0224072554825221
P01,S01,3,neutral,2.7272789000999182,0.3325720661390253,0.027226744017729544,-0.9439397058259695,-0.00020055081077007976,0.00023227332507419425,0.0036892560433133452,-0.5931413399348576,-0.004521347165194669,0.0547393772912396
P01,S01,3,neutral,2.788575700018555,0.33245419919365954,0.027232273279577487,-0.9579602679398822,0.000122363231259736,-8.551979679251878e-05,0.002435466271401417,-0.5930985762777916,0.0007760015564596782,0.0315331122762676
P01,S01,3,neutral,2.831390800070949,0.33255435715789927,0.028502404581587235,-0.9576573234076715,0.00018501304597306342,-0.0001400704242460151,0.005419935019164475,-0.5913137254961509,0.0020822868330913655,0.05084620190946233
P01,S01,3,neutral,2.8731576000573114,0.3326843260621103,0.027991763825121536,-0.957364000366895,5.9123713487502007e-05,0.00033369065566809847,0.008113812556626182,-0.5924632372495616,0.0010212366291274067,0.034770616084984794
P01,S01,3,neutral,2.9587589000584558,0.33241483850137854,0.028239577863871112,-0.9481191898582417,-0.00020494906089455134,2.6627240194961395e-05,0.002414350540504595,-0.5963942318295959,-0.005713519773552164,0.06853246406536297
P01,S01,3,neutral,3.0145900000352412,0.3327461260140444,0.026503014538622496,-0.9514583025448193,-0.0005944412217703331,-6.260575772449342e-05,0.010706020621091154,-0.5968827732487413,-0.001061847413455311,0.03902871833377854
P01,S01,3,neutral,3.088277700007893,0.3326859053937589,0.026418858048365138,-0.9650622086684858,5.571935637972547e-05,-0.000723276661430713,0.009844515761069199,-0.5965631535101493,-0.0015795783636067178,0.02213937221564847
P01,S01,3,neutral,3.15270530001726,0.3326512135040928,0.02647523304204098,-0.9649571547888682,-2.593639217591984e-05,0.0014914993331423608,0.023153506044261193,-0.5832829480228402,0.004855040675106948,0.07551678705002113
P01,S01,3,neutral,3.205539100104943,0.3326696964978476,0.025687785252857954,-0.9643999382635294,5.469184001196125e-05,-0.00027529569919206704,0.005312429271324515,-0.5846316848093318,0.010936209258899375,0.2078377494796307
P01,S01,3,neutral,3.263159300084226,0.33263310185914413,0.026113679731619446,-0.9625008518365902,6.253743512099434e-05,-0.0003738806830371195,0.006578852373151191,-0.5884252014617536,0.0017688392851791064,0.08169280257467978
P01,S01,3,neutral,3.343197700101882,0.3327101741815553,0.026379309726481087,-0.9615797902061303,-1.1555100764411267e-05,-0.00024785243267539514,0.003100032496324729,-0.592800551520583,-0.0026481802728393965,0.03537640970550332
P01,S01,3,neutral,3.42713020008523,0.3330764797408853,0.027344912966036538,-0.963597745369884,-0.00025053255861976067,0.0005196761073084179,0.006873547775689301,-0.5921364194511473,0.005107439425693289,0.06662116318622685
P01,S01,3,neutral,3.477523700101301,0.3330883107454282,0.02820055367018628,-0.9617181440498972,-6.826769732904423e-05,0.0004749212810256445,0.009521124223704264,-0.5868751160078698,-0.006615981479629502,0.13152777616348457
P01,S01,3,neutral,3.5500759000424296,0.3331183542968956,0.02824578442728831,-0.9605796612084214,1.2167194609499589e-05,4.213785780201696e-05,0.0006045208415809722,-0.5882812391438645,0.0016926706166148714,0.03349238886469073
P01,S01,3,neutral,3.617029400076717,0.33333055096686853,0.028561070544924544,-0.9636064734757189,-0.00021721603984659193,0.0037318779597434646,0.055832692885326135,-0.5822097563486207,0.0033488564381191637,0.05546744363617099
P01,S01,3,neutral,3.69735190004576,0.33318287092413873,0.032403641549257865,-0.9639070593368181,0.0007832456550483113,0.00020036204731436276,0.010065260500575088,-0.592338922480397,-0.012967322378818575,0.1751606428569564
P01,S01,3,neutral,3.7584745000349358,0.3331584885543515,0.034812412088481806,-0.9635458094334272,-0.0001465254698533099,-0.0004461959973310805,0.00768355367086264,-0.5814741028272865,0.009166928974415327,0.17575664553701223
P01,S01,3,neutral,3.807984600076452,0.33304860358905325,0.03331283649824222,-0.9625301026860433,0.00026366284671079307,-0.0005035231082442331,0.011480042616037729,-0.5902322395022633,-0.011782944725407052,0.2561804324450639
P01,S01,3,neutral,3.885486000101082,0.33368703721990123,0.04596693358940304,-0.9553035770971823,-0.0002962932133801289,-0.0015618917002537132,0.02051249326173058,-0.593039230769451,0.00330469228288383,0.04565344439187008
P01,S01,3,neutral,3.9568934000562876,0.3335838426338602,0.0384859441641069,-0.9566906107955188,-0.000204275511671765,-0.0025082156090902264,0.03524172877466458,-0.5939636015488265,0.0001503513545925449,0.029675953003980567
P01,S01,4,neutral,0.39573369990102947,0.3352403845252599,0.043657898624000616,-0.9196804875994863,0.0,0.0,0.0,-0.6040404503467064,0.0,0.0
P01,S01,4,neutral,0.4757577999262139,0.33565218997403573,0.043553814446933965,-0.9105702127253356,0.0010900662140236241,0.0038311694281099092,0.049775352394477806,-0.6055528411778461,-0.00024327145288114777,0.0413227104639569
P01,S01,4,neutral,0.5269060999853536,0.3353687596572662,0.042281606985085825,-0.9111664777900422,0.00041566293506558737,-0.0005158574747313169,0.012952212816926836,-0.612395472535512,-0.012487211848154954,0.24426177270489374
P01,S01,4,neutral,0.5925080999732018,0.3352114786465277,0.04471595550018475,-0.9170434917374344,7.494778482606531e-05,-0.0024734547113237997,0.03772125761607233,-0.6116614449411704,-0.0012071446012858536,0.05733955716233548
P01,S01,4,neutral,0.6601493998896331,0.3348741644481475,0.042939391129838085,-0.9184402732291265,-0.0005751339723321747,-0.000418813226119182,0.010518216162131869,-0.6122535107948684,-0.008501078317528657,0.12725561773214866
P01,S01,4,neutral,0.7125338999321684,0.3349278075130541,0.0398386774073326,-0.921629972962575,-0.0007207042973573642,0.00022165249765012583,0.01439393155611938,-0.6132224371059888,-0.005787463710435345,0.11773423930631713
P01,S01,4,neutral,0.7604923999169841,0.33458640168421633,0.039232887103158955,-0.9235264429594288,0.0006722718768272682,0.000492925149567685,0.01738214132640066,-0.6081280878608338,0.0045886408733107715,0.10117290855887229
P01,S01,4,neutral,0.8698102999478579,0.3348859247615941,0.038875822357713585,-0.9242631009659048,0.0011886722931572378,0.0011472907990853567,0.015112204883701002,-0.6026869135193716,0.009583812633258021,0.08989781996415093
P01,S01,4,neutral,0.9184061998967081,0.33436469509394817,0.03910822490950639,-0.9245117734131412,0.0005740494141704189,-0.0007744608896400543,0.01983734622879144,-0.6031154532885704,0.00020649255612220128,0.017273607413786942
P01,S01,4,neutral,0.961087999981828,0.3343397544254477,0.03914541575524517,-0.9215275898347556,-1.9744030799503606e-05,0.0001518017356729329,0.0035865486034493905,-0.6018772450314475,0.0013913009751243188,0.03390891358735822
P01,S01,4,neutral,1.0427407999522984,0.3342950900281769,0.03905975771799665,-0.9208462257057192,0.00016648715078145448,0.0004843505703858861,0.006272478695916259,-0.6088990282494247,-0.0032451592434337515,0.04417449344887132
P01,S01,4,neutral,1.1032378999516368,0.33426862858853956,0.03305479568804044,-0.9232049686206107,0.00016739189830396287,-0.0005385962490834831,0.009322906983277757,-0.6098482391585883,-0.003254811819899261,0.05745992032186364
P01,S01,4,neutral,1.1667021999601275,0.33428164749789563,0.04113240489258502,-0.9247369086020627,-0.00010627077062720425,-0.0021797989444925702,0.03438764616664096,-0.5897029168990358,0.00847951555450506,0.1336254707952877
P01,S01,4,neutral,1.2686239999020472,0.3341678527928197,0.040319233044991014,-0.927285505432044,-0.000271296786766549,0.0006707505369070398,0.007098959062857089,-0.5940307832189137,0.0018987827716157259,0.029050872063461654
P01,S01,4,neutral,1.315355599974282,0.3343043838683386,0.036546635554221676,-0.9281640427155383,-0.00035962007772925576,-1.6937980854873228e-06,0.007695522216580399,-0.5894890132404061,-0.006282939688392503,0.1348068536155663
P01,S01,4,neutral,1.3682607999071479,0.33445626860123195,0.03760497852272107,-0.9267379955042199,0.0002343953945569545,0.0004151485053187041,0.009011380126912326,-0.5914790852467259,0.0022953387063515394,0.06678065801710027
P01,S01,4,neutral,1.4620413999073207,0.33446676385583074,0.036453911553319784,-0.9271099723799595,-2.6285676349473406e-05,-6.085802354810284e-05,0.0007068844663221329,-0.6039629520375752,-0.001294237590145537,0.01688181177913888
P01,S01,4,neutral,1.5386067999061197,0.3347678229181199,0.03972547126072973,-0.9503973185961804,-0.000737162037797372,-0.0014088915415954603,0.020767723653024827,-0.5957703820854338,0.004531033292292544,0.1058770392681359
P01,S01,4,neutral,1.5922384998993948,0.3345078978820127,0.040023262144162,-0.9446640947977806,0.0002475004390545645,-2.1649606439978108e-05,0.004632437770053306,-0.5924429765934568,-0.005260002333597704,0.11954644979930751
P01,S01,4,neutral,1.6679048999212682,0.334669032360059,0.041507247301883585,-0.9475994466338581,-9.305739068691438e-05,0.0013716392236847294,0.0181691251150992,-0.5831488531817227,0.005357416989761086,0.11600451982865054
P01,S01,4,neutral,1.7243109999690205,0.3346670605323797,0.04107786695297288,-0.946537356923314,3.2102762679043766e-05,0.0003396392145849457,0.006048158271853555,-0.59290873396038,-0.012453191734993242,0.22078497450829623
P01,S01,4,neutral,1.7873970998916775,0.3348087987522355,0.04009090334396123,-0.9434332364309397,0.0005473852007657509,0.0018232524704910767,0.030175413658392526,-0.594920226707623,-0.001665385190937426,0.0363049759932259
P01,S01,4,neutral,1.8621199999470264,0.33480894457781835,0.03904240267703112,-0.9465184584526226,2.5902760231674834e-05,0.0006416051400340625,0.008593453912027179,-0.5932324805497067,0.004138010517404798,0.055863825777576
P01,S01,4,neutral,1.9133629999123514,0.33499599336022684,0.038791389174835246,-0.9458280461596086,0.00015653078627947444,0.00028628364322099954,0.006367355751280786,-0.5933280534425636,-0.0024386433242198674,0.06035714020392492
P01,S01,4,neutral,1.9742456999374554,0.33509014497141903,0.03873922246793142,-0.9400371837983386,-0.0006329733405060853,0.00047083895807773163,0.012957509905973264,-0.5957384973089352,0.0025657370966295267,0.07714227958618411
P01,S01,4,neutral,2.068020499893464,0.33512926379815317,0.03967626852875683,-0.9364437517702161,-0.0008525512260335455,-0.00042783185026049725,0.010172010330576116,-0.605214961479206,7.083613658393422e-05,0.06763583110025415
P01,S01,4,neutral,2.1321978999767452,0.3351665482838692,0.039550704167587894,-0.9424651377824391,6.922262408828052e-05,-0.004977804677855004,0.07757070186512403,-0.6055296436001937,0.004958645320414891,0.10891377821581891
P01,S01,4,neutral,2.1936626998940483,0.33503444077484135,0.03961028667911246,-0.9421200225439179,0.00010936772736238325,-9.375647388365347e-05,0.002343684092547793,-0.6245585264258162,-0.005622649115021987,0.1245031620125043
P01,S01,4,neutral,2.260145999956876,0.3350432352771349,0.04013881480603203,-0.9416531636324174,-4.398610945994849e-05,-0.000621854178431749,0.009376909527741612,-0.6197314560182232,0.0013910631006335784,0.027386308125390134
P01,S01,4,neutral,2.3195930999936536,0.33483238080556704,0.037098790034008455,-0.9420640890316958,-6.915819921456728e-05,-0.00012897069583257142,0.002461736221898696,-0.6191064082612118,-0.008211128422191592,0.1384042403359688
P01,S01,4,neutral,2.3814316999632865,0.33493125918223055,0.03670121782998546,-0.9401013957408836,1.4770748864816289e-05,0.0007352451678914277,0.011892143777149887,-0.6156856961384538,0.004390267486473544,0.09137378643750854
P01,S01,4,neutral,2.469695599982515,0.3348290670440779,0.036042726320665144,-0.9376171149046587,-0.00012612372992636565,0.003613084381722626,0.04095995126621776,-0.6127877842222081,0.004410132091388907,0.0601685146374313
P01,S01,4,neutral,2.535852500004694,0.33474334160277025,0.03794242741451008,-0.9324816231113819,2.9469051312850706e-05,0.00037588620738022863,0.005699172840908184,-0.612219749300379,-0.0011362186816754663,0.03592439219361827
P01,S01,4,neutral,2.597862900001928,0.33505626297664975,0.03883293212225771,-0.9332370996120378,-0.0003644167511976844,-0.0006114231749409037,0.011478477591077825,-0.6121662295818038,0.002855808814874621,0.04759072299708527
P01,S01,4,neutral,2.662500699982047,0.3351020180226347,0.0383942937061229,-0.9346211263788953,0.0002751206478861258,-0.000571407843112448,0.009811457924843994,-0.6092901500444663,-0.002761396487529826,0.05726818855153155
P01,S01,4,neutral,2.704208299983293,0.33553554039491085,0.047749987687549206,-0.9349164483825113,-0.0005595226355465208,0.000541447731771028,0.018668264753220098,-0.6084348288122156,-0.0028466497560754077,0.0709943520548679
P01,S01,4,neutral,2.786531899939291,0.335156766460385,0.05055177452614352,-0.93293230752274,-0.000503290285605179,-0.0019606091002312004,0.024588042410576955,-0.6081161916337579,0.0019132203163933369,0.025938352867500777
P01,S01,4,neutral,2.8789231999544427,0.3355582784818039,0.0491028552705588,-0.9255398230849435,0.0017332080854247547,0.0010763386516660313,0.022082428663388,-0.6112984090182961,-0.007795131315697405,0.08467482416584363
P01,S01,4,neutral,2.9357671999605373,0.3353654506042593,0.048950825264163174,-0.9230494159478954,0.0004075803019806613,-0.0030807792236052685,0.054669327630683426,-0.6099050279405613,0.005400217289253295,0.10780987733453204
P01,S01,4,neutral,2.9825266998959705,0.3352298228395214,0.04639587426748591,-0.926584056749283,-0.00020305026491059333,-0.0002179856609285354,0.006370996555098386,-0.6144939002182361,-0.010873321963818313,0.23401829616965725
P01,S01,4,neutral,3.06180799996946,0.3353349595581243,0.046501529016692036,-0.926931746325053,0.00020738583112039905,0.0006320668656217176,0.008390627006142067,-0.6091030913564233,0.008389481485628443,0.12264704783984934
P01,S01,4,neutral,3.140890699927695,0.3353441593355088,0.04689084071198926,-0.9287946894065012,0.00021800020898493004,0.004061042621188489,0.05142578126570973,-0.6076519575863619,0.00034275899428988456,0.03258644822602183
P01,S01,4,neutral,3.205997299985029,0.33546059074188656,0.04568633073490925,-0.9292497185644484,-5.126068603072147e-05,0.0006519079966957263,0.010043839641155867,-0.6065484540295383,-0.003595116174473885,0.0812867440663331
P01,S01,4,neutral,3.2740853999275714,0.3357533743625961,0.045539266197233114,-0.9273914637771712,0.0005190833350643398,0.0019186023063296348,0.029191327556793645,-0.6051472715980365,0.010232480650323169,0.15045246602142343
P01,S01,4,neutral,3.3311553999083117,0.33593320360446577,0.0459590845866225,-0.9293366787992543,-0.00013990359363444217,5.722119080165835e-05,0.002648557351061136,-0.6039624620210059,-0.004577014601458679,0.08665895453781153
P01,S01,4,neutral,3.3722400999395177,0.3359845903775105,0.04590743859538668,-0.928276837215393,0.00010351459924802677,-0.0001290606185997249,0.00402691511575502,-0.6002933957863484,0.009163873323199834,0.22412667821201843
P01,S01,4,neutral,3.460374299902469,0.3362256289803021,0.04341722019368387,-0.9272501162072884,-6.116012782807372e-06,-0.00034143306144020284,0.003874634756580807,-0.6061151445772573,-0.0046214604409581935,0.07295274446991466
P01,S01,4,neutral,3.5018380999099463,0.33588003721286136,0.04302938295365115,-0.9266211618075207,0.0005215938214423851,-0.0005353024623223457,0.01802539544967621,-0.604757411661492,0.0061256704497835105,0.15069774649443854
P01,S01,4,neutral,3.5414412999525666,0.33585249939660183,0.04275419024392214,-0.9259046790741197,-6.699593852401036e-05,7.489347299902614e-05,0.0025373267321774622,-0.6038301410723973,-0.001302007213394574,0.03401276572049639
P01,S01,4,neutral,3.6137502999044955,0.33569741570345074,0.03675727956744035,-0.93742364251891,-0.0001107497271039246,-0.0004214260156812265,0.006026019687556259,-0.6028458438918106,0.0022383012034164307,0.10196214778589303
P01,S01,4,neutral,3.683133199927397,0.33558846488940114,0.039492986725273356,-0.9329169091099113,0.00023293855362009402,2.5398561317326302e-05,0.0033771885317717813,-0.6042531664887324,-0.0003963625892608454,0.037696106440908615
P01,S01,4,neutral,3.756844999967143,0.3355893358176706,0.04161632277621612,-0.9342903582271794,-2.8417896953805225e-05,0.0024796391210754674,0.03364185864413117,-0.6052788558661997,-0.002358608772087955,0.033327901152497515
P01,S01,4,neutral,3.8295133999781683,0.3356679209880494,0.04150944879671147,-0.9338258244222931,4.7144907804370204e-05,0.0021734601564048638,0.029916324154685606,-0.6056609023613173,0.007370344575608295,0.11262120470307282
P01,S01,4,neutral,3.9115420999005437,0.3355972968459629,0.04091458460103517,-0.937482227324782,-0.00035086389807195093,-0.0010144948548655953,0.013086332433518288,-0.6020309180343348,-0.002925715401208267,0.0608723772583028
P01,S01,4,neutral,3.993217199924402,0.33486409204227335,0.041508255671474245,-0.9396244770522947,0.0012081514143412284,0.00021866873112606986,0.015032499075567132,-0.6023185198772043,-0.005416585931763127,0.07057694992343616
P01,S01,5,neutral,0.3938035999890417,0.33637624578683417,0.04894096885776389,-0.8952393116717149,0.0,0.0,0.0,-0.6124094770439118,0.0,0.0
P01,S01,5,neutral,0.4701583000132814,0.33623313161970186,0.04234521963091289,-0.8996154464635677,-0.00017310589037668303,0.000785402608616379,0.01053311729981163,-0.5982805582444993,-0.016840949033326454,0.22174610072345075
P01,S01,5,neutral,0.5173412000294775,0.3363587248994086,0.04214095017201146,-0.9004934851251958,0.00025154332858162096,0.0015088169575260386,0.03241940085856559,-0.5960085452927106,-0.003681002548233685,0.07805297340465994
P01,S01,5,neutral,0.565556799992919,0.3360901466979418,0.04431649248975762,-0.9010008078258063,0.0004463385529516418,9.665422126100914e-06,0.009259310118664951,-0.5995325768899364,-0.0088233881369666,0.18434657951038613
P01,S01,5,neutral,0.6267760000191629,0.33653410206682655,0.04684605315127771,-0.9142325471902715,6.6373186231041e-05,-0.0007360826203501171,0.012072503802118698,-0.5957473691287299,0.001333872870130846,0.03823756638471842
P01,S01,5,neutral,0.6703744999831542,0.336810777201235,0.046642637252439466,-0.9156963412581085,0.00021006071698862863,0.002530019410638525,0.05822963689877518,-0.601541087838158,-0.004379952531468732,0.10587782396029621
P01,S01,5,neutral,0.7353652999736369,0.3369819593005506,0.046145220343890125,-0.9135412009590668,-1.4990397869367786e-05,0.0012799765685153981,0.019696085375715613,-0.6032062580958135,-0.002400051897038605,0.03874357724437007
P01,S01,5,neutral,0.8000980999786407,0.3370395582902013,0.04698399226795535,-0.9120455473491819,4.094022474840185e-05,-0.0010721387150634395,0.016574597315315385,-0.5943366129016581,0.012727895001353486,0.20945846931452794
P01,S01,5,neutral,0.8654695999575779,0.33724894031560415,0.046754003758529554,-0.9061857380934305,0.0002725739132606932,0.0029957061629234884,0.046015176476689686,-0.5988019607264342,-0.00016787854594297244,0.03208273018508267
P01,S01,5,neutral,0.9183067999547347,0.33720815740546856,0.04728021416981545,-0.9051921805855155,-2.722091709179185e-05,-0.0011512326819405217,0.021794388358323785,-0.5982491001243877,0.006966392164392313,0.13327245582820701
P01,S01,5,neutral,0.9624675000086427,0.33721395854215397,0.04805222292728135,-0.903636090121839,0.00033296441843941733,0.0007207232468144522,0.017977952140574245,-0.5967691035044022,0.000657165363967648,0.10512489390229765
P01,S01,5,neutral,1.033773500006646,0.33722670516746434,0.04470012023767628,-0.9036849180165817,-7.246728679383345e-06,0.001809207677126047,0.025372650133212833,-0.608211960226226,-0.03478779721149349,0.5078572139773565
P01,S01,5,neutral,1.0829452000325546,0.3379887235447637,0.04375444322556979,-0.9099911936256815,0.0008879272163183422,0.006881303663227383,0.14110461702019425,-0.5991309234381906,0.005491938157887389,0.17358138073707804
P01,S01,5,neutral,1.161139399977401,0.33750091727100257,0.04447836620032992,-0.907055367557171,-0.0006258912206581242,0.0010600767641084623,0.015743590955478004,-0.6066391002757174,-0.0017297446098655247,0.06973397248274578
P01,S01,5,neutral,1.2034070000518113,0.3379687238653603,0.0436983040903971,-0.9031658015659778,0.0007368380216472033,0.0019332739093577411,0.04894840662980222,-0.5939856904063523,0.0163740250360366,0.39334713877652594
P01,S01,5,neutral,1.2419974999502301,0.33719085373293495,0.04486029643093595,-0.9042053335276019,-0.001293457643214025,-0.00010270236642281575,0.033623005581162095,-0.6021466796853411,-0.010961940131175591,0.29412703818931674
P01,S01,5,neutral,1.32227729994338,0.33867080996886056,0.04511019099155365,-0.9124445762404811,0.0011158574577830242,0.01158140452023373,0.14493105676024898,-0.5962959042200809,0.004130072025422621,0.10692215819076892
P01,S01,5,neutral,1.392272499972023,0.3385105431072046,0.043721814682266255,-0.9097563601786699,6.713017152148498e-05,0.002067785362000154,0.02955738046176687,-0.599742266493302,0.0038968187615801746,0.05572323777427138
P01,S01,5,neutral,1.4745844999561086,0.33770558728596733,0.04358272644876435,-0.9074183126403921,-0.0010823791427991918,-0.0018886258487603347,0.026445701893974792,-0.6009000394530352,0.0003266662127779808,0.008291922635870978
P01,S01,5,neutral,1.5546467000385746,0.3373065652788648,0.03565376900521832,-0.9175347702609274,0.0008428512329203491,0.0016149310587890498,0.02275290646812821,-0.6006877829351159,0.001027000347647325,0.07050564171600754
P01,S01,5,neutral,1.5975223999703303,0.33707481077939294,0.036264515383761686,-0.9152797664249926,-0.00020914465084201158,-0.0012212703707802604,0.02889863384062985,-0.5993313706149245,-0.0005962831282870542,0.05320274391785983
P01,S01,5,neutral,1.6404726000037044,0.33663002742094394,0.03512084288317739,-0.9156341619673243,0.0004351760204490956,-0.0009464005001730915,0.024252700307132814,-0.6094501482612458,-0.014436935290514092,0.344315639395323
P01,S01,5,neutral,1.7028821000130847,0.3369441632199696,0.04193956816382685,-0.9193211187056101,0.0005037604021302089,0.00014567524928600723,0.00840257395876387,-0.6085902532558388,0.0036184536983124137,0.06237231372800642
P01,S01,5,neutral,1.7764058000175282,0.3367888602171876,0.04187665658838319,-0.9175758976847762,-0.000192597684599749,-0.0005668645842159393,0.008142812090433557,-0.6229740570412545,-0.012245894354083808,0.17619564031301965
P01,S01,5,neutral,1.8409533000085503,0.3373062375511185,0.04747741121808648,-0.9246026486230077,0.0007371366076290264,0.004006937827230489,0.06311905738789501,-0.6030776355742391,0.024136255574748744,0.4010940964604407
P01,S01,5,neutral,1.923912200029008,0.33694417107134844,0.04465711369074862,-0.924290772475654,-0.0002373082481645155,-0.00022165280279548113,0.003914266220516943,-0.6058813963109365,-0.012604618919624047,0.15358480587501017
P01,S01,5,neutral,1.9920960000017658,0.33659188292637643,0.0468681597020677,-0.9329378054600578,0.0006732689376398409,1.531766520406266e-05,0.009876879300845643,-0.5941203111593805,0.01061740334401297,0.16515306957521625
P01,S01,5,neutral,2.034931099973619,0.3364348345618069,0.0458496777488033,-0.9235174972487732,-8.90699537693755e-05,-0.002807984549513112,0.0655863265524118,-0.5941209907405484,-0.0006356159747104919,0.020399725716899235
P01,S01,5,neutral,2.115975799970329,0.3364870769795757,0.0440727735379865,-0.9214504834630145,0.00014064756476378076,-0.0015313579312127013,0.01897475411743492,-0.5956494120214646,0.0025517182228898677,0.03754312622386491
P01,S01,5,neutral,2.189276700024493,0.336629194586548,0.04361301398042399,-0.9174736351198955,-0.00059785391855656,-0.000988809479691725,0.015763750188498144,-0.6142127726135527,-0.037590399451035164,0.5238607914644345
P01,S01,5,neutral,2.2511331000132486,0.33680400483138234,0.043576573903203096,-0.9289737980757504,-5.2206535422710245e-05,0.0010586423555886532,0.017135314156207962,-0.6075182680381613,0.01173670462173701,0.2228246504261888
P01,S01,5,neutral,2.329867099993862,0.3367948747305863,0.039969168206809375,-0.9241597468416812,1.7033950009543723e-05,8.75146834256558e-05,0.00113238278159126,-0.6072408391368641,0.01072377355803178,0.1671667464812289
P01,S01,5,neutral,2.3918307999847457,0.33662388927754544,0.04116355059464529,-0.9342311899572434,-0.0008733337667280964,0.0014180330418859465,0.026876892740860112,-0.603274107745805,0.0018638472280738839,0.03595906671179985
P01,S01,5,neutral,2.467067699995823,0.33678649046566417,0.040248420841655363,-0.9255991287231072,-4.044004648863818e-05,0.0019300609495923136,0.025658746805257236,-0.6077052446734074,0.006458917950407369,0.08853332176135756
P01,S01,5,neutral,2.525034800055437,0.3367545541308546,0.041104656793760096,-0.9186949844127545,1.8584715855050085e-06,-0.004032263850017367,0.0695612558529855,-0.6031760602670421,0.013440087598154767,0.23436084894985035
P01,S01,5,neutral,2.584249099949375,0.33635830729732324,0.03884874013305063,-0.9169399220924276,-0.0006523388714328712,-0.00010986759939922041,0.011171730232974712,-0.6058082017955432,-0.004411220977232437,0.11204120874962585
P01,S01,5,neutral,2.6569730000337586,0.3361543102315706,0.03922889283598818,-0.9157572827798307,-0.0004336197822297866,-0.003190753621437338,0.044278195157955044,-0.6019152113019002,0.01036534768524192,0.145902396444846
P01,S01,5,neutral,2.722362600034103,0.33643395549050537,0.03920540966920321,-0.9144101252243511,-0.00040393838930365003,0.002266395546125852,0.03520607231761912,-0.6022063519894302,-0.010797105299227236,0.16843876247947662
P01,S01,5,neutral,2.784977399976924,0.3363196717819414,0.037205354115526924,-0.9169697593830528,-0.00014452793545138392,-0.0017305248629246332,0.027733852601184463,-0.5933500321116063,0.004845195124073955,0.09086619409227163
P01,S01,5,neutral,2.8579123000381514,0.3362404621239303,0.03535674987707992,-0.9161939600493756,-1.6618866784787164e-05,-0.0006410007711337641,0.00879162333005357,-0.6026262664250923,-0.013280076090418088,0.19310564565859334
P01,S01,5,neutral,2.949190199957229,0.336624134992645,0.03824702436344076,-0.9278510018540662,-0.000510525164965964,0.002127092276679485,0.02396527842006507,-0.5981746120931286,0.007408874693901338,0.08470036108031952
P01,S01,5,neutral,3.011648999992758,0.3364732199523995,0.037940534489452726,-0.9184922849021944,0.0001961884042304579,0.0009534845018243247,0.015585619350363462,-0.6006317614839856,-6.654245671086578e-05,0.01374929374880161
P01,S01,5,neutral,3.08959240000695,0.33640570353920496,0.04158447578353095,-0.9149818736919988,-0.00013425878070253536,-0.0039759380256877514,0.051039654321797905,-0.6091449647113861,0.010720971460552788,0.13943614266438706
P01,S01,5,neutral,3.1532961999764666,0.33634753985896293,0.03988131029245173,-0.9154262069913629,-4.315099497648625e-05,0.00015957893624774484,0.0025949809708946526,-0.6074457455208128,-0.0019376024191743028,0.03237354659415188
P01,S01,5,neutral,3.199970099958591,0.3362209940712612,0.03384696883268705,-0.926878116350814,-5.256297937230421e-05,0.0001582207726468179,0.00357208981563969,-0.6059700827298613,-0.000853682076115795,0.026261026532789406
P01,S01,5,neutral,3.2456136000109836,0.33647774307360384,0.04609842951912931,-0.9300092839698822,0.0004764701279202794,0.003176969424365183,0.07038242789147353,-0.5914956876807931,0.005432379614055804,0.13147894163034085
P01,S01,5,neutral,3.316305599990301,0.33651076214979403,0.04214458274628831,-0.9311932448931828,0.00010366271239571621,0.0009065284272384034,0.012907205355001783,-0.5911847539800953,-0.0060064119590133155,0.08506514811557732
P01,S01,5,neutral,3.387396899983287,0.33652344717310173,0.045382896354248144,-0.92782281919682,0.00012969527533197208,-0.003650507985291376,0.05138197172440866,-0.5940323477036137,0.00487264786947756,0.06967588800979084
P01,S01,5,neutral,3.4584221000550315,0.33673640943401084,0.04246756743908474,-0.922405077124028,-0.0005698734929701018,0.00019966370556616709,0.008501755428317248,-0.59943259921625,-0.008248901618386671,0.14929538186617852
P01,S01,5,neutral,3.55484710005112,0.33633175790549663,0.04218854536111249,-0.9220112309256963,0.0005169944433848736,-0.0015021149720216604,0.016474924032844437,-0.6006050996537158,-0.003029539575146041,0.045299873607113884
P01,S01,5,neutral,3.636309799971059,0.3363104238255033,0.03885028367142821,-0.9257354774635228,0.00015388084686035366,0.0016250313675353675,0.020037402535365005,-0.5993794569097951,-0.004317106441112174,0.09141835770080074
P01,S01,5,neutral,3.6865550000220537,0.3362292598672523,0.038506709751087484,-0.9254399759893952,-3.190928732319786e-06,-0.00030491096775500177,0.006068791918601391,-0.6028582423494623,-0.0015910605798969994,0.08761192474998467
P01,S01,5,neutral,3.763772999984212,0.3361639511556022,0.03514622032317164,-0.9238736353767368,1.2766194617464134e-05,-0.0012001996023002044,0.01554388220656859,-0.6031227785975783,-0.0007555725789023596,0.06374181818732132
P01,S01,5,neutral,3.807288600015454,0.33621013520888865,0.03689650303846971,-0.9211691066707446,7.844812678452845e-05,-0.0015351013103440268,0.03532306725905636,-0.6043484816914775,-0.0003636541744070262,0.025893035688328805
P01,S01,5,neutral,3.877271999954246,0.3362979205114516,0.03662757313889853,-0.9214961647853557,0.00016217242701512717,0.0003887707307734224,0.006019132182447852,-0.6048328494517525,0.0032982838257051323,0.05086243162187306
P01,S01,5,neutral,3.956479200045578,0.33629503927890986,0.03691058338245275,-0.9209103972600288,-0.0001845945681110214,0.002648307284411792,0.03351630748198953,-0.615033649705226,-0.01226656469336819,0.1555259670426517
P01,S01,6,raise_arms,0.3827549999114126,0.33485543559510583,0.03653232821412577,-0.8725353563006435,0.0,0.0,0.0,-0.6038953001333548,0.0,0.0
P01,S01,6,raise_arms,0.4655103998957202,0.3342018738005796,0.03605383063312628,-0.8754557007593341,0.0008445727491710216,-0.005145820978873804,0.06301304053296267,-0.5754081348077327,-0.07254538528299256,0.8985476743563017
P01,S01,6,raise_arms,0.5184325999580324,0.33402002596742064,0.03800906637375243,-0.875214428507803,0.0006942454118642435,-0.0005108918170331138,0.016287437356479646,-0.5758346493102049,0.007395886595718118,0.15688259379457867
P01,S01,6,raise_arms,0.5746128999162465,0.3334571910670943,0.03995306396741994,-0.8870029125155016,-0.0009024515241274375,-0.006028438742802071,0.10850089017371524,-0.5747197187886105,0.0005298774346631076,0.09682773086946755
P01,S01,6,raise_arms,0.6579437999753281,0.3334608432643603,0.039927914811887635,-0.8901704000109769,-2.9537703595755333e-05,0.0013418429100958262,0.01610648598989173,-0.5801896679781197,-0.004399168181251904,0.10248617561572439
P01,S01,6,raise_arms,0.7164611999178305,0.33341499923949425,0.039996063768488535,-0.9071864854775756,-0.00028129480907578686,-0.0028552272279338607,0.04902901094550852,-0.5767097397464477,-0.00017032386633372923,0.06692102697322405
P01,S01,6,raise_arms,0.775926599977538,0.3334291896506478,0.0400285946002866,-0.9034031591008465,-0.00011235224870559029,-0.0028232859823894034,0.0475153722293148,-0.5796825789287096,-0.0005324808512968494,0.010343457935240134
P01,S01,6,raise_arms,0.8605009999591857,0.3336623804537116,0.038043465838156265,-0.8964846363177505,-0.00148769388090581,-0.009259411716610388,0.11088654310242319,-0.5792501974870039,0.000838533269488209,0.08292769094828713
P01,S01,6,raise_arms,0.9317201999947429,0.3335510763037021,0.038679099186023205,-0.8955473823288761,-0.00042002777834538403,-0.0028354778867880795,0.040247841178506556,-0.5842844754408847,0.01927193454935871,0.2713549460421189
P01,S01,6,raise_arms,1.0177662000060081,0.3347591294898611,0.03907073614862892,-0.8825318015410379,-0.0018680360760107383,-0.014263416477821877,0.16718059960251716,-0.5853219173448455,-0.006224005987205492,0.07320423904169499
P01,S01,6,raise_arms,1.075242399936542,0.33451959210920396,0.03977682118586711,-0.88815260776437,-0.0004485231824982961,0.0007298245925168421,0.014904102611403569,-0.6103255002046459,0.08900990329746904,1.6058919041921935
P01,S01,6,raise_arms,1.1165699999546632,0.334492977357016,0.03984181944725824,-0.8888502514220838,-7.929633421492962e-06,-0.0004002237452735549,0.00968607643093919,-0.6129601089156207,0.0019337716961005606,0.5256405549881344
P01,S01,6,raise_arms,1.1625960998935625,0.3334249779566133,0.039641091258204315,-0.8635929268446495,-0.0001478831690793665,-0.02657660318004383,0.5774335573420161,-0.562052394414921,0.18870472831441706,4.129532322127307
P01,S01,6,raise_arms,1.262756299925968,0.3301237485315659,0.04521281089899017,-0.8837773295122109,-0.005002521021212278,-0.018526845877940727,0.19159648462996257,-0.5744180270313813,0.02750695055640154,0.43364505004210296
P01,S01,6,raise_arms,1.330176999908872,0.3299753336630634,0.04376057594958851,-0.8784167725708055,0.0004658089924730152,-0.002670758645936894,0.04021132069559602,-0.5918639869552516,0.0011548350670782422,0.07721541802559659
P01,S01,6,raise_arms,1.4138260999461636,0.3268302486691572,0.04579909419203527,-0.850104968569329,-0.0009450054556533065,-0.0363756203360689,0.43500639504191707,-0.5921819935311278,-0.023158903153212586,0.3968576936966332
P01,S01,6,raise_arms,1.4923572998959571,0.3253017692924673,0.050611543915024225,-0.8564080890332351,0.0004091040479481803,-0.005930932226193997,0.07570271539364778,-0.5784851192090655,-0.01400647861730807,0.20311399192067048
P01,S01,6,raise_arms,1.5553701999597251,0.3241008524738843,0.05461226730201571,-0.8588123963641607,5.172404273274604e-05,-0.0004974703487718331,0.007937296979869455,-0.5704920514697426,-0.04129944326675816,0.6689556148464053
P01,S01,6,raise_arms,1.6279300999594852,0.322516799891503,0.056690305061286306,-0.8625226230277067,-0.00028622600009345524,-0.00030096467548164124,0.005724060857908018,-0.5811551354199246,-0.05137226439924684,0.7131294874677695
P01,S01,6,raise_arms,1.7105867000063881,0.3204671615514584,0.056292916588865996,-0.866700631796859,-0.0030957602805886447,-0.0012017936887874989,0.04017645602103859,-0.641512876786752,-0.04465555603324052,0.542880688275984
P01,S01,6,raise_arms,1.7708925999468192,0.32013065449008543,0.056246846144455256,-0.8678341640847326,-0.0004582564334149812,0.00029743612082495984,0.00905917202020139,-0.6291040927219637,0.002602299963818785,0.061851806609892285
P01,S01,6,raise_arms,1.8423935999162495,0.31964631927093995,0.05497671097467663,-0.8693372745779744,-0.00040669240475419875,0.00027327268187403865,0.0068527180636257096,-0.6298686877163238,0.009302448068239558,0.15341770836917257
P01,S01,6,raise_arms,1.9058326999656856,0.31844894896456366,0.056078666243692295,-0.8685486670262555,-0.0016093026447257528,-0.0030526775394457625,0.05439701587977018,-0.6421569949369158,0.018514204058903142,0.32425538348797467
P01,S01,6,raise_arms,1.9516408999916166,0.318080690617262,0.05664087347065551,-0.8695362411231368,-0.0006208647526475963,-0.009247713265082684,0.2023334547157,-0.635787169714947,-0.001420659709684966,0.0905779778463434
P01,S01,6,raise_arms,2.01353689993266,0.31645889131689453,0.054694130137053015,-0.8821286662991201,0.0020553560160839947,-0.0006482023119682078,0.034818826316564466,-0.630344997937465,0.00027186698690321144,0.022614171827100855
P01,S01,6,raise_arms,2.085480099893175,0.3160458849871491,0.05490577717108591,-0.8829285641761861,0.00030896560892496413,-0.00016388897552619796,0.0048613604160181205,-0.6395520031913526,-0.0012356747620316277,0.05711102208817768
P01,S01,6,raise_arms,2.158177000004798,0.31616494982180526,0.05538973146680472,-0.8841963463382979,-0.000677224927415499,0.0011058811118990375,0.01783800633677958,-0.6192226524033052,-0.0187889489339471,0.298893779370638
P01,S01,6,raise_arms,2.2364789999555796,0.3152763745340488,0.051919479219711184,-0.8825170519090026,0.0012268738589802704,-0.0044657679112262046,0.059145758869518936,-0.6358558886047005,-0.018940524633459795,0.2705287001251828
P01,S01,6,raise_arms,2.3071925999829546,0.31564986582714155,0.052521505282639804,-0.8801559065126487,-0.00018911476989267532,0.0005276896899301859,0.007927103357179128,-0.6255053460576822,-0.0014610459256866764,0.02104551523782287
P01,S01,6,raise_arms,2.3803700999123976,0.3150929660312678,0.05143583293111593,-0.8769261928601133,-0.0007856033502430936,-0.004731401636474899,0.06554171864467116,-0.623089803184615,-0.03863931042927345,0.5558361628863753
P01,S01,6,raise_arms,2.46992569998838,0.3156451892906533,0.05382387119208158,-0.8756614715023622,-0.0009812303368543522,0.0018991067592483465,0.023869194592333706,-0.6143786250258441,0.0007676081170445752,0.057111015130161306
P01,S01,6,raise_arms,2.5567565999226645,0.3157621013255709,0.053968922802243816,-0.8755840642030509,6.635068790902158e-05,6.644507011088363e-05,0.0010814215307715206,-0.6201016400397796,0.0017443878360765524,0.04442086715891579
P01,S01,6,raise_arms,2.6389498999342322,0.3163263818428624,0.052644195819788596,-0.8740576674784795,0.001068667560619575,7.565371164396708e-05,0.01303442097715385,-0.6095842959286941,0.004043376800449355,0.06292213390898284
P01,S01,6,raise_arms,2.6849522999254987,0.3169811585947098,0.053509771782024235,-0.8748321390252748,-0.00042130014039733985,0.0035192335539417155,0.07704731764104619,-0.5613323965578246,0.003329208117336405,0.09619940520328944
P01,S01,6,raise_arms,2.7619971999665722,0.3205120230844091,0.04847921392836911,-0.8737317961883458,0.0045663255813398595,0.013392596186677446,0.18365476435579386,-0.5254643586682826,-0.04473439099006153,0.6913580270752359
P01,S01,6,raise_arms,2.8346848998917267,0.320612268188993,0.04873515756345468,-0.8716206210306314,-0.00016002100693219458,-0.0015572651345542002,0.021536865838214025,-0.5036508501443954,0.07162441447293844,0.9858653906294159
P01,S01,6,raise_arms,2.8945216999854892,0.3212179938325934,0.047543731601504616,-0.8662154489931074,0.0008899373068488647,0.0017823796499034134,0.033293912745849405,-0.5319935542353361,0.029220207082205973,0.51852943653955
P01,S01,6,raise_arms,2.9563909999560565,0.3215134119496496,0.0447273413221738,-0.8654501279788875,-0.0020051074473695332,-0.00034778739997367214,0.0328926613744673,-0.5817766185376994,0.0010339985038867218,0.33075969071386924
P01,S01,6,raise_arms,3.029716399963945,0.32259755324696987,0.044725393917161745,-0.8665947338876611,-0.0017243166966628503,0.004409964202083998,0.06457635911109869,-0.6003408957350479,-0.001564589396857046,0.11309556592340297
P01,S01,6,raise_arms,3.0891102999448776,0.3264841478343517,0.04748940833959104,-0.8739381669685325,-0.005247425992906357,0.018399468869300308,0.32213932652421773,-0.5781075878653213,0.047887805230852294,0.9537610365461763
P01,S01,6,raise_arms,3.1666230999398977,0.3263453570473344,0.04586778281540139,-0.8866736672588599,0.0003151045699842066,0.018665368285237488,0.24083800171550682,-0.5887075379625406,0.03584976888858595,0.6182763301540689
P01,S01,6,raise_arms,3.2286427000071853,0.3261983396287819,0.040858945289503026,-0.8866672752979614,-6.843057353935785e-05,0.0017377163000248147,0.0280405413852861,-0.5735024982087099,0.01841365220686463,0.31714451291587653
P01,S01,6,raise_arms,3.311917999992147,0.3253493075397247,0.04027205967857206,-0.9029215136853999,0.000245490683852989,0.014068448204805023,0.16896474606435835,-0.567661342156418,0.02168466957542485,0.3512767779538217
P01,S01,6,raise_arms,3.405122899916023,0.3254766268898834,0.03228784728492388,-0.9127212395861627,0.0005582728361605315,0.01358323501397967,0.14585824060334732,-0.6189997719260301,-0.08674294440444538,1.101944692347463
P01,S01,6,raise_arms,3.47420489997603,0.32667543051647074,0.031530345702410464,-0.9122993621084468,0.0006662008798521265,0.003042583436350328,0.04508649025501947,-0.5882750191016408,-0.043848553719076686,0.8839408874168811
P01,S01,6,raise_arms,3.5374397999839857,0.3278153069454872,0.02882462758255634,-0.8971667494229009,0.0011408538153021013,0.0036652963002258994,0.06070607455021622,-0.5941665058573757,-0.024475332163881702,0.4561679049611136
P01,S01,6,raise_arms,3.6064938999479637,0.3297232584724365,0.0313694543699342,-0.8932895734372798,0.002522082022959789,0.0006350510972930091,0.03766329862393547,-0.590424108043239,0.002701037449934435,0.0866348093807964
P01,S01,6,raise_arms,3.6527092999313027,0.3302284519360579,0.031011509078265366,-0.8946425129753172,0.0006406225273103298,6.705396038481018e-05,0.013937393967310023,-0.5944078870267295,0.007800871374139629,0.19772657277732175
P01,S01,6,raise_arms,3.693346399930306,0.33021940355478113,0.03179825638782211,-0.9008539398361473,-8.736206219481972e-05,-0.00019475963865332743,0.005252736040969742,-0.5931116498819107,-0.00037340436411664485,0.02797375608023902
P01,S01,6,raise_arms,3.763366699917242,0.3301736879533115,0.03184237467706962,-0.9022056103786376,7.491792497191635e-05,0.0009781753649646474,0.014010795896817533,-0.6038117364615153,0.01425491366381268,0.23164853390711998
P01,S01,6,raise_arms,3.8256909999763593,0.3303877641547313,0.030814839292591188,-0.9051003738442747,0.0001803630463333048,0.0003924779267797995,0.006930478278966528,-0.5878938778992743,-0.05637433426486877,0.9049836611093433
P01,S01,6,raise_arms,3.873572599957697,0.33038360977258213,0.03171267839017128,-0.9057307430965631,-0.0003215815681209706,0.0003750732567312751,0.01031835531559388,-0.5871699575753825,0.0032125956840509374,0.06795025444050419
P01,S01,6,raise_arms,3.9470534999854863,0.3312066324858298,0.03225879328229154,-0.9006172354049121,0.0012406587935678592,0.0002125352531481929,0.017130052746925428,-0.5918707053223856,-0.009335118246000487,0.13329170090736842
P01,S01,6,raise_arms,3.99837139993906,0.331216284134427,0.03265024920884613,-0.9116516803154462,4.7958505041964315e-05,-0.00014216592488987544,0.002923682059008183,-0.5942708036101723,0.0018874230231313975,0.10127949948542572
P01,S01,7,raise_arms,0.39408260001800954,0.3331153785744838,0.038604482533365535,-0.899642980305441,0.0,0.0,0.0,-0.5903683250867698,0.0,0.0
P01,S01,7,raise_arms,0.4733406000304967,0.33315442765822467,0.03866449946326814,-0.8987813700689038,4.1372927867701424e-05,-0.0009262168543614714,0.011697752047160753,-0.586228465496342,-0.036907373536030165,0.5083555239778569
P01,S01,7,raise_arms,0.520059600006789,0.33299997983487156,0.03880513199964214,-0.901481733842035,-5.253442733015202e-05,0.004578012881123111,0.09799683853943844,-0.5893424757646637,0.014185277249971304,0.3052417573185892
P01,S01,7,raise_arms,0.5771881000837311,0.33315058919050494,0.03474806882556861,-0.8962535007525125,0.00028165224700834175,-0.001170174064829639,0.02106816518194284,-0.591457274320264,-0.017027792213513814,0.31770481530541167
P01,S01,7,raise_arms,0.6540977000258863,0.33288866612915685,0.03802208399293881,-0.893492585928983,-0.0003654467465088532,1.9069122245562407e-05,0.004758104643408728,-0.590652913267298,-0.0009376123329368552,0.0520551177435208
P01,S01,7,raise_arms,0.6942004000302404,0.33273955702183733,0.04065742058234397,-0.8890408064519509,0.000474612960796943,-0.004374607705462217,0.10972524055151009,-0.5910324661194102,-0.011709453674873024,0.2922545666098905
P01,S01,7,raise_arms,0.7347493000561371,0.33272308219533037,0.04062006730749128,-0.8912184074393494,-7.725494393051148e-05,0.0013304868836450058,0.03286717780457684,-0.5906245625722283,0.02675938462680902,0.6616312272885031
P01,S01,7,raise_arms,0.7840454000979662,0.3324350644127285,0.04022969837066267,-0.8909630863963942,0.00043129918698706424,-0.001324378068875473,0.028254516751654312,-0.592133564410024,-0.0018373306340445674,0.06039270374624469
P01,S01,7,raise_arms,0.8230413000565022,0.3324793360876824,0.040418584083751964,-0.8967221909479821,-6.543472926473875e-06,0.0021118386595578697,0.05415566249689906,-0.589523622174576,0.011860286530370223,0.3112625799853383
P01,S01,7,raise_arms,0.873976600007154,0.3325047769043958,0.040567413989650976,-0.895033970659316,-1.792595141949753e-05,-0.0004763821589731468,0.009359310951074654,-0.5909970334883305,-0.0028743799691731374,0.08958804193516244
P01,S01,7,raise_arms,0.9599395000841469,0.3320239416907339,0.04077462580110148,-0.8980614362077697,-7.064077246864024e-05,0.0017649421970150868,0.020547879461856378,-0.5911479424333231,-0.006851705205404701,0.22419600100170692
P01,S01,7,raise_arms,1.0286659999983385,0.33191717882070326,0.03958888605167394,-0.8984501470281825,-0.00010110177221852123,0.0007122018270313592,0.010466735085925398,-0.592197247372655,0.0009316583056704348,0.025198358322401374
P01,S01,7,raise_arms,1.091439999989234,0.3304525349789035,0.04086151593539885,-0.8816330536867497,0.00032787263395447485,-0.015271352215691151,0.24333117994265735,-0.5946787304102072,0.17542077871633296,2.8167809466350087
P01,S01,7,raise_arms,1.1515576000092551,0.32600649351636113,0.039383761613989335,-0.8837692612178302,0.0008994454276347665,-0.0032176725441496606,0.05557475021015135,-0.5745848708615996,0.18218621295817233,3.046206008712518
P01,S01,7,raise_arms,1.2197350000496954,0.3213314200367342,0.036238000334585144,-0.8919588940198246,0.004521292732318777,-0.006055874150377538,0.11085041298136182,-0.5827738870864392,0.04106243276191956,0.7010391780739018
P01,S01,7,raise_arms,1.2968682000646368,0.31386415476877494,0.038482999875520445,-0.8963612996333583,-0.0008654485173777245,-0.01094474994300767,0.14233707392164754,-0.549392072016294,-0.07176743568140027,0.9318229295397839
P01,S01,7,raise_arms,1.3586279000155628,0.31393763078429165,0.04076139600092217,-0.8889120933811364,-0.0007607272497316246,0.0010093982462589834,0.020465746655997832,-0.5268472727443374,-0.126888535413086,2.055145250865994
P01,S01,7,raise_arms,1.439869900001213,0.314347308483136,0.04692192329704852,-0.8836623048934502,-0.0015077155749114507,-0.002018061606461997,0.031007150847101584,-0.518068437620943,-0.008515920364421331,0.10591714281284138
P01,S01,7,raise_arms,1.4910552999936044,0.31456471588225116,0.04566737626421065,-0.8810040203732027,-0.0027993734716262654,0.0004033144214811071,0.05525555394903633,-0.5089341742468224,-0.01424482199037614,0.41943568709254775
P01,S01,7,raise_arms,1.5752375000156462,0.3119693845236099,0.05508635378233284,-0.9009384880198884,-0.005392982421922333,0.014589190794079318,0.18476659993526953,-0.4880180403503949,0.05573966145227656,0.7403411512472838
P01,S01,7,raise_arms,1.6477500000037253,0.312519152001961,0.06301436469957901,-0.9136662336839088,-0.007399534683549613,0.012451648534820427,0.19974982682214307,-0.4437241560867379,-0.08430535949207689,1.3011254682208504
P01,S01,7,raise_arms,1.7020063000964,0.3109902549764879,0.05892175634863729,-0.9141948571364392,0.0019626546295070883,0.004475567450104712,0.09007239143435558,-0.46527839547807553,0.09016846462264477,1.6932968287230052
P01,S01,7,raise_arms,1.7600705000804737,0.31100890349194876,0.05887840817408356,-0.9320699845275199,7.905534437693397e-06,0.017679170619178706,0.3044762933369142,-0.44608014739314866,-0.02823381783754721,0.49084377190968603
P01,S01,7,raise_arms,1.8391789000015706,0.3107143585168407,0.05768813639586556,-0.9283355066902305,0.0010619284344964863,0.004976000113195431,0.06431746324318006,-0.4190974694205136,-0.045516202094797946,0.5948139381215298
P01,S01,7,raise_arms,1.8897538000019267,0.31057276439088777,0.054600992062203334,-0.9358844870881883,-6.88507453482253e-05,0.009020455212500658,0.1783635354367771,-0.42310092459751864,0.02296311190611671,0.45839103092757916
P01,S01,7,raise_arms,1.9626208000117913,0.310653098040878,0.05531098540779635,-0.9367224047781867,-9.593441229346345e-06,0.0014533104118336778,0.019945133941348215,-0.4327672484112805,0.04193384211838028,0.5804548281328451
P01,S01,7,raise_arms,2.010480200056918,0.31117165082171583,0.05471604381790721,-0.9344616725637396,-0.0013186717836004965,-0.0006452330904685728,0.03067458221183441,-0.43436100825612933,0.000502248527181708,0.2266094625792317
P01,S01,7,raise_arms,2.0493006000760943,0.31099135386471843,0.052819520694691154,-0.9344481864655949,-0.0005864320971792512,-0.0005871508226844141,0.021376611166578876,-0.42715760563991373,-0.023895467561930266,0.6155796284790619
P01,S01,7,raise_arms,2.1109163000946864,0.31113894197755126,0.05146516703906002,-0.9353913193566239,-0.00020114768217819443,-0.00039463259551150525,0.007188741807146823,-0.43635598461692987,-0.014297304297486945,0.251827417755147
P01,S01,7,raise_arms,2.151902500074357,0.3121883004382983,0.05315727870513383,-0.9294356227740541,-0.00197459717921146,-0.00026080395917743766,0.04859553095420654,-0.43798167681379097,0.003260550234208758,0.08902542619525738
P01,S01,7,raise_arms,2.2190115000121295,0.3125513346156558,0.052806905736970056,-0.9284013581340266,-0.0009579992144246519,-0.00019775956710627333,0.01457625665814411,-0.43085847542445627,-0.017424923774498943,0.26465747493941255
P01,S01,7,raise_arms,2.2898353000637144,0.31149451319585403,0.043650168695572304,-0.9314007855752034,-0.0007952528638306061,-0.00018589705418946915,0.011531312819798889,-0.4363089367134706,0.004306901901703463,0.09068808425294313
P01,S01,7,raise_arms,2.3422518000006676,0.31163158624298004,0.043345216934838386,-0.9290960360057906,0.00021020174943716863,-0.0030734594283037876,0.0587723171807701,-0.4438960890588471,0.017407698820876383,0.34627014621807484
P01,S01,7,raise_arms,2.387219800031744,0.3122735659337223,0.04797830894329629,-0.921240087430932,-0.0009139007278161404,-0.0068789735338616945,0.15431897747203638,-0.45325060562136604,0.012371418716200427,0.31254991601726856
P01,S01,7,raise_arms,2.4622963001020253,0.3120571444244332,0.05819724058650924,-0.9211543215620307,-0.0009049842696813741,-0.0014238508312241036,0.022471908528903097,-0.4555589606911918,0.005368878854512066,0.0772523440193823
P01,S01,7,raise_arms,2.50384490005672,0.31237203849833384,0.058672706753146446,-0.917876535797075,-0.0003494263003489548,-0.0023637914040807386,0.057510450896172766,-0.4493727163336564,-0.036840321485627825,0.8995482147357489
P01,S01,7,raise_arms,2.573395000072196,0.3127640659062643,0.05551196400823048,-0.9186952424940652,-0.00028262098443366564,-0.004117728665312349,0.05934450328293795,-0.45435243919334944,0.015647310522190795,0.23043766731269932
P01,S01,7,raise_arms,2.65538730006665,0.31378259488694066,0.05592699853343723,-0.9115239124029971,-0.0013238929709015997,-0.004173696299110402,0.05340298706678348,-0.4686175003046001,0.004850316991318692,0.21879234075956636
P01,S01,7,raise_arms,2.721479900064878,0.3133912030153483,0.06387380883162853,-0.9096058196550113,-0.0007473137351345297,-0.0028766610024584236,0.044969433136454934,-0.4805098869801969,0.017446844069200988,0.29645509605948384
P01,S01,7,raise_arms,2.7708365001017228,0.31393289642800715,0.06634513133778132,-0.9024943398375908,0.0028959524660911963,-0.010559112320676323,0.22183530046243052,-0.5069495220454773,0.0077788041724492895,0.41915047509593145
P01,S01,7,raise_arms,2.8626969000324607,0.3163340037073593,0.052907897425719885,-0.898502786467963,0.00848120795382289,0.002615501540873233,0.09661774082456769,-0.5456527803216962,-0.03113418602276082,0.44318607523493825
P01,S01,7,raise_arms,2.911809700075537,0.3182218781011512,0.049836555663068285,-0.8927217905562175,0.0021479703696102126,4.617075678393036e-05,0.0437455517108807,-0.5536411860780759,-0.034567351655612526,0.724633358681673
P01,S01,7,raise_arms,2.9901714000152424,0.3171856537669701,0.04260205416068296,-0.8917898023778784,0.008174445842987516,-0.004665514661795565,0.12011162719667468,-0.5755470953097431,-0.024082589371571414,0.3324886452466546
P01,S01,7,raise_arms,3.0605076000792906,0.31730118951450137,0.038998348217756815,-0.8741461766488469,0.0029522315964946224,-0.017543480347672915,0.25293018695316605,-0.567981218656761,0.03189635774472489,0.4616754655220798
P01,S01,7,raise_arms,3.1147202000720426,0.3172146315519955,0.03700677370269857,-0.8724473603762901,0.001956744134067417,-0.0030319551887947995,0.06656285432197677,-0.5740970118513904,-0.015075076375170447,0.3029127976368347
P01,S01,7,raise_arms,3.199448100058362,0.31866056768031,0.03330912830508416,-0.8761708182731571,-0.0017999107943842104,0.0006261413197060241,0.022492122657571417,-0.5788284889222135,-0.009260786646834735,0.3412419753629158
P01,S01,7,raise_arms,3.2628763000248,0.32471831840968196,0.04401876841018118,-0.8825263926152467,-0.00905372296511413,0.022536608667802056,0.3829087259608933,-0.5512227777513032,0.02432626609427065,0.5087050577584105
P01,S01,7,raise_arms,3.318366300081834,0.3264013342120007,0.04085453473639023,-0.8878739341632601,-0.0023095335852577623,0.010391052191988758,0.19182949839842908,-0.5526633750856703,0.026825248447573377,0.48596456177650377
P01,S01,7,raise_arms,3.3933109000790864,0.3269210199572285,0.039839742792169536,-0.8868919034307611,0.0010816663190927986,0.0041482639459203404,0.057201828219793624,-0.553429433753795,-0.004965592368456699,0.5238210021224873
P01,S01,7,raise_arms,3.453990700072609,0.32837362988535884,0.04050564322880843,-0.9045573287916571,-0.000928356993252361,0.023332899379435206,0.38482922761452754,-0.6074531319470825,-0.04809283839003801,0.7983109063666491
P01,S01,7,raise_arms,3.5089652000460774,0.3283698572115909,0.03742985268174107,-0.9071192122000028,7.033775891183897e-05,-0.00019449524819105924,0.003762164594780152,-0.6058904242504771,-0.025120944934919367,0.5398507564380536
P01,S01,7,raise_arms,3.5857076999964193,0.3302610968787365,0.03493292351049611,-0.9061117599781832,0.0014648443425266347,0.0028029935912993486,0.04121157853130279,-0.5750613448181405,-0.14725781927454987,1.953396349467592
P01,S01,7,raise_arms,3.663374499999918,0.3337587213135987,0.033610694346739585,-0.900293962707541,0.0013424311820622859,-0.00016483490502108418,0.017414303475782163,-0.5773445178728367,0.02745813605232495,0.5165574722150227
P01,S01,7,raise_arms,3.725009800051339,0.33500149247608446,0.03212693832783899,-0.8986203526225607,0.001241194476119562,0.0037435998243683546,0.0639892376668689,-0.5843281770373593,0.011549105042836082,0.21332738139905022
P01,S01,7,raise_arms,3.780167300021276,0.3359544095647779,0.03397690722567696,-0.8914116456849068,0.0020255466481925435,-0.0035668285471139247,0.07436598241418371,-0.5925994174963747,-0.005058798378400478,0.2697634333324473
P01,S01,7,raise_arms,3.855632400023751,0.33639434660644013,0.03426456457306333,-0.8953667324744724,2.7906924259660845e-06,0.00038653304934888977,0.0051221441875721856,-0.5911724191083624,0.0030037970260195887,0.04419609266437306
P01,S01,7,raise_arms,3.922688200022094,0.3373759421974044,0.03327201923368958,-0.8925156474253199,0.0014087327424184887,-0.0004126158106183891,0.02189097445932528,-0.5920625191623635,0.0032959393368101686,0.0959771833390631
P01,S01,7,raise_arms,3.9914787000743672,0.33743809792907187,0.035371468657249445,-0.8949288480117151,0.0001279306167368527,-0.003766998042844488,0.054792009550233285,-0.5928168993621015,-0.0073255834461565875,0.11337713982634025
P01,S01,8,raise_arms,0.3878695999737829,0.3289786737484823,-0.023238938771315353,-0.9619873878805031,0.0,0.0,0.0,-0.5803984616237052,0.0,0.0
P01,S01,8,raise_arms,0.47795239998959005,0.32843412770472724,-0.01981734707202363,-0.9649633513635356,-0.00022031826979435645,0.0024321213283764976,0.027109280699972052,-0.5764502040562688,0.01935936663061077,0.2739483497220993
P01,S01,8,raise_arms,0.5281273999717087,0.3281774535748827,-0.015361192206883643,-0.9637746092100867,0.0003910347856122123,-0.0045202386178898,0.09042592576037849,-0.5800754564301652,-0.009563266960496626,0.2042815865428066
P01,S01,8,raise_arms,0.5851779000367969,0.32616550415222073,-0.019390644840227733,-0.9639031921896143,-0.00030011060837599246,-0.00286642408140151,0.050518257329006534,-0.5929261265987771,0.0089361314097524,0.17360664040327659
P01,S01,8,raise_arms,0.6593140000477433,0.326883884430259,-0.006614363050272059,-0.9550413976607651,0.0010550305203069412,0.004521806836818472,0.06263151176583738,-0.5654466367228203,0.08375808550062824,1.4559398449863785
P01,S01,8,raise_arms,0.7184903000015765,0.32696060266013327,-0.004658472856356923,-0.9349953710981682,0.0004710610417479177,-8.25815216376961e-05,0.008081697065502415,-0.5634986025035673,0.005713426450655247,0.10886603125752999
P01,S01,8,raise_arms,0.7958239000290632,0.32579096922020856,-0.0055333872034126165,-0.9128917524929543,-0.0020690684905708967,-0.023885329948316013,0.3100176256541863,-0.563863743401385,0.00030519082601247174,0.25441857035949367
P01,S01,8,raise_arms,0.866344099980779,0.321312358079853,-0.011601867784177863,-0.8934805356395512,0.005845918549524486,-0.020727260612625233,0.305385964457936,-0.5714504741584759,0.048105239181731055,0.7849965092951874
P01,S01,8,raise_arms,0.943024400039576,0.3195640324434914,-0.02124764250519604,-0.8919473719158061,0.0007540015522464162,-0.007616021863228642,0.09980731276368214,-0.581468415607267,-0.035369800502719,0.5257827398142115
P01,S01,8,raise_arms,1.0135294999927282,0.3114418444891438,-0.019860665221109637,-0.8830767969548785,-0.005441877197477627,-0.03261576165608445,0.4689962677320273,-0.6189372701618271,-0.08459131868066491,1.213481424917036
P01,S01,8,raise_arms,1.085445599979721,0.31109864203293164,-0.009385521300284532,-0.8831847103940617,-0.0021318668512399536,-0.001071489652696993,0.033177405273513406,-0.5821695434921689,-0.10180316866002871,1.4240790662913578
P01,S01,8,raise_arms,1.159529000055045,0.30727939625402356,-0.0030116136158263606,-0.8786461162977066,-0.00786177459678524,-0.01893122344815481,0.2766982783594988,-0.5960331771086053,0.02430139911801103,0.34742057992486175
P01,S01,8,raise_arms,1.2474242000607774,0.3068082206786803,0.026906317472060175,-0.8658585058637697,-0.00012346068065246236,0.0003818441665183552,0.004565747023918903,-0.5720326049296187,0.039525809870407255,0.4917796452083439
P01,S01,8,raise_arms,1.3076247000135481,0.30757307714998233,0.035863345313309244,-0.8800159766456571,-0.011614718087138189,0.003276895202170089,0.20046558111671334,-0.537041927896926,-0.002525041520754845,0.24842138601949001
P01,S01,8,raise_arms,1.3765801000408828,0.3056739981365082,0.04026990161770102,-0.8946276528728233,-0.005021928368343157,0.007845687560867473,0.13509148399576998,-0.5028758237470794,0.10950643890093412,1.6027754524991504
P01,S01,8,raise_arms,1.4165245000040159,0.3073529885683031,0.04484815624682676,-0.9058401260191675,-0.005006130601040807,0.004729927282775415,0.17241972138725584,-0.4881497381418874,-0.026224398557431246,0.6707332879266902
P01,S01,8,raise_arms,1.4766581000294536,0.30804664898972695,0.04157892462941648,-0.9073423250623854,-0.00012015869845333709,0.013421010695846003,0.22319549422532517,-0.4928312515440042,-0.0034636064954080823,0.09462671131074855
P01,S01,8,raise_arms,1.556054300046526,0.3089256601126479,0.041296471599327644,-0.915851458938278,-0.0009497073264768099,0.007825715711696766,0.09928853038135028,-0.4423737120765122,-0.04996470609326451,0.6443115551459265
P01,S01,8,raise_arms,1.6009434000588953,0.30890887821932755,0.04086389732438051,-0.9182392155041508,2.518026088478348e-05,0.002647304056239305,0.058976985634914256,-0.4449121076503043,0.0022398929632243656,0.10640170672948794
P01,S01,8,raise_arms,1.6656133000506088,0.30905623656674613,0.0408740174132969,-0.9183565461138067,0.0006640176371828345,0.001144239512461736,0.020457006479495998,-0.4518607272243595,0.022401230829885804,0.3543783787172478
P01,S01,8,raise_arms,1.7446026999969035,0.30948772242576217,0.04107462198457182,-0.923556202515809,-0.0006626103896542203,-0.000261731585391683,0.009019306539021391,-0.4543889709148263,-0.010770804076973452,0.14346197489541967
P01,S01,8,raise_arms,1.8074445000384003,0.30921759467612225,0.042728527817402245,-0.9256879398291584,0.0004111561227266919,0.0016757551584268618,0.027457167435607662,-0.4383917062943709,0.016341301528955042,0.28590640462606204
P01,S01,8,raise_arms,1.857413199963048,0.30941024166094944,0.04209193082347584,-0.9251350841029934,6.848335434504036e-05,6.386000552849754e-05,0.0018739325596536882,-0.43875121856655563,-0.01739915986016934,0.35989767305482273
P01,S01,8,raise_arms,1.9232435000594705,0.3089086313678022,0.04339334226807212,-0.9255133843932882,0.0011751762564778715,-0.0004944403837492071,0.01936729903888122,-0.4519620627281984,0.04027877260137293,0.6142542535990216
P01,S01,8,raise_arms,2.0110507999779657,0.3090606940291302,0.04337464385913438,-0.9312670617277815,-6.27268723837414e-05,0.0004431863266343974,0.005097564492469457,-0.4485082069585811,-0.06681689763465405,0.7658455094325567
P01,S01,8,raise_arms,2.094132800004445,0.30920918794808055,0.04146264653621152,-0.9310849801180131,0.0017235581957786054,-0.00015045292009564676,0.020824154508464754,-0.45841820072772654,0.0136269406407351,0.1899064690811766
P01,S01,8,raise_arms,2.166265400010161,0.31016410723917426,0.04283311274603232,-0.9251664288339759,0.00019356455840235747,-0.0011420741331200897,0.016058774454504047,-0.4731953894608499,0.031003803902719642,0.45192534464357614
P01,S01,8,raise_arms,2.233615000033751,0.310067639914495,0.043419623951792025,-0.9282284470491323,0.00015114170562130976,-0.0027054605595094607,0.04023303876408763,-0.4741890722483345,0.016823142071610012,0.2761913005656531
P01,S01,8,raise_arms,2.286583699984476,0.3097885204536455,0.04158477521016974,-0.9344985670531444,0.0012620279333477808,-0.006271129694030703,0.12076673987263722,-0.5010108213951768,-0.027514025916055597,0.5391325470072299
P01,S01,8,raise_arms,2.3546477999771014,0.3092502464290942,0.039663655199888216,-0.9380577301920502,0.0010180484489146521,-0.0016778910965593531,0.028834368336412376,-0.5194429399106413,0.015915486712820674,0.23424608671548047
P01,S01,8,raise_arms,2.4021241000154987,0.31093751699357464,0.032902433044463504,-0.9310683503554218,0.00473707738702595,-0.004018562902381195,0.13084390269858193,-0.5418110468322856,-0.01183335027191266,0.3245073820312725
P01,S01,8,raise_arms,2.481826000032015,0.31404802386637687,0.014899357011942229,-0.9270347572837199,0.017591689471327682,-0.011299141691926534,0.26232560071136457,-0.5416645224337968,-0.012029491142836126,0.5348773346562359
P01,S01,8,raise_arms,2.548701300052926,0.31396369512019934,0.0046910862475231,-0.9312408012074131,0.0016956065082862227,0.003959610921270307,0.06440926632268625,-0.5461932225707056,-0.005323999175662957,0.11467427997296219
P01,S01,8,raise_arms,2.6241582999937236,0.3157945292806595,-0.02196605106630138,-0.9344958464890029,0.00774637874228372,0.012722735569633633,0.19740313614110458,-0.59485903093929,-0.01432707418691548,0.25430130705197457
P01,S01,8,raise_arms,2.6811455000424758,0.3158638463952986,-0.028085605883874015,-0.9239044285579556,0.000471287239819903,-0.012069482225778177,0.21195426491628322,-0.5570453263434498,0.022369430502533504,0.4026212514945574
P01,S01,8,raise_arms,2.752015699981712,0.31722276103417085,-0.025824414848244867,-0.9264544644336744,0.002838533293406494,0.006565435251089542,0.10092784386982659,-0.5517250556310035,-0.003550408010983351,0.07706196918504234
P01,S01,8,raise_arms,2.820054500014521,0.31590439540523624,-0.039879603484763985,-0.9203459295075211,-0.0008011798080645107,-0.001668869096810267,0.02720828948704074,-0.5634451795950787,0.02452615803795466,0.40365857724600673
P01,S01,8,raise_arms,2.8915452000219375,0.31994013142122807,-0.034108340623789514,-0.9391161193323228,-0.004965017922857376,0.028206842345080117,0.400618326521294,-0.5539442402740051,0.0016303074590349376,0.47375781985612725
P01,S01,8,raise_arms,2.9717594999819994,0.32282943435383105,-0.026924469432417854,-0.921143459368662,-0.004400288346116954,0.0031646848306056854,0.0675705723810964,-0.5450638061656274,-0.00346594989966276,0.36807134326824714
P01,S01,8,raise_arms,3.0560064000310376,0.32274277142797997,-0.019486030467523615,-0.9206534637097397,-0.0013762933002715615,-0.0008566455061638616,0.0192424690960638,-0.5421232742214992,0.0038483801559101648,0.2349540341656507
P01,S01,8,raise_arms,3.137020600028336,0.3231808398479938,-0.01980874569417387,-0.9360865032833448,0.0007039740636068477,0.013591937274980887,0.16799716231809741,-0.5456593291476715,-0.10680007118739866,1.3298518744217416
P01,S01,8,raise_arms,3.1861404000082985,0.32417201237424426,-0.022034845581552467,-0.9533695198909973,-0.00021659572345915677,-0.00018883175551150596,0.005850022667099936,-0.5538659939634782,-0.09694352319435588,2.159281019314189
P01,S01,8,raise_arms,3.226045500021428,0.32685025999323686,-0.025361724264764508,-0.9495988901490969,0.0035852115164553547,0.004783503727779268,0.1498036642599828,-0.5583870926038932,0.01304999696690928,0.6402031160532365
P01,S01,8,raise_arms,3.309263800038025,0.3291715928711488,-0.02715853293968039,-0.9447310399174096,0.002637941380892447,0.0019751627397096294,0.039600085570697226,-0.5722056385814027,-0.03334135937912471,0.4118436769454855
P01,S01,8,raise_arms,3.3603867000201717,0.3292537026748789,-0.025834136629891445,-0.9483862186983695,0.00010644536672845656,6.861019386068885e-05,0.0024771897929108475,-0.5683788326787074,-0.0011986745258940042,0.18703665755043214
P01,S01,8,raise_arms,3.428402699995786,0.32939520235637404,-0.015716746903345263,-0.9488526325399832,0.0004536008485304497,0.0008340971821286957,0.013959343518806669,-0.5649069930617683,0.011776458262670438,0.17634885493626393
P01,S01,8,raise_arms,3.513566100038588,0.32961531359689683,-0.016648380701759894,-0.953384441246584,-1.772143145974051e-05,-0.007071212814302989,0.08303138457231617,-0.5639216130538386,-0.04521413323496815,0.5354044720976601
P01,S01,8,raise_arms,3.5862973000621423,0.3303371784217924,-0.01809504679739345,-0.953597206321004,0.0009753906903059985,-0.00029591467087857143,0.01401448332415211,-0.5665381598361355,0.010002047203117521,0.1488387253777018
P01,S01,8,raise_arms,3.657404600060545,0.33058950835031076,-0.017977654111575782,-0.9520896527276536,0.0005069981256960869,-0.00031299742041550745,0.008379321385076391,-0.5696681171209423,0.0040073062919347,0.061862121145134494
P01,S01,8,raise_arms,3.729761700029485,0.331049657550442,-0.018766795237068833,-0.9755320723969255,0.0007205048601917847,-0.00016087239147407,0.010202813768841891,-0.5709011368856511,0.003785259211760805,0.052933307245437024
P01,S01,8,raise_arms,3.812557499972172,0.3312658847894405,-0.004427490605496831,-0.9719230507967282,0.0017498634728726082,-0.00035662110518840226,0.021569129838760474,-0.5753909289671613,0.0022561018810036515,0.1472304384397181
P01,S01,8,raise_arms,3.8663097000680864,0.3312255978567326,-0.01825903501140906,-0.9741655967681888,8.142819255331305e-05,0.002287907270989662,0.04259092373884404,-0.5718295384271086,0.010198007734319935,0.20928204696458103
P01,S01,8,raise_arms,3.9527420999947935,0.3309051424782322,-0.017062217372201503,-0.985930973498156,0.0014121884342423077,-0.0014315519873904007,0.02326528886450178,-0.5639300329477246,-0.007564971822155942,0.09171055416194467
P01,S01,9,raise_arms,0.371647399966605,0.3304720985362346,0.028333669935632928,-0.9060048676344642,0.0,0.0,0.0,-0.5843993134978829,0.0,0.0
P01,S01,9,raise_arms,0.47256050002761185,0.3302203716327883,0.02151744748775876,-0.9032843432312944,-0.0009980274096802724,-0.00610711369405022,0.061321329241737305,-0.5707517157587546,-0.04862741338994829,0.5296409953435148
P01,S01,9,raise_arms,0.5450960999587551,0.32932449433461175,0.0203756978859567,-0.9013563694173617,-0.0010606502873426623,-0.005796134145643119,0.08123432748333402,-0.5690096490879362,0.014414687411193823,0.19898596850969633
P01,S01,9,raise_arms,0.6098328999942169,0.32913731074754615,0.020877732356181043,-0.8930904695992709,-0.00041031271596985954,-0.008926735016952564,0.13803833277999822,-0.5717080529156486,-0.0015701767019407097,0.11358243218967205
P01,S01,9,raise_arms,0.6752036999678239,0.3288036257067407,0.021972988244838978,-0.9016317670076622,0.00055226139893659,0.0005652227283388438,0.012088482226856746,-0.5750152627326641,0.003570623518338064,0.08093580394066831
P01,S01,9,raise_arms,0.7411554999416694,0.32872055632736874,0.021847988268564558,-0.9025265205274219,3.0280965050379122e-05,-0.003672881605152572,0.055692284816393184,-0.5680050186439617,-0.024189840388196677,0.37960100273898995
P01,S01,9,raise_arms,0.808099800022319,0.3287330639659731,0.023679176335887658,-0.9042085207656196,0.00010371289215694003,0.0010574363410127171,0.015871556267237706,-0.5677504244814786,0.009981168044116901,0.1507025264836881
P01,S01,9,raise_arms,0.8729313999647275,0.3291973856149897,0.02330076687619398,-0.9047508319906918,0.0009080184309184656,3.340566311155671e-05,0.014015275189147518,-0.5698296506190984,-0.022237754010528563,0.35272062743647503
P01,S01,9,raise_arms,0.9363972999854013,0.32946888028009025,0.02411194905944661,-0.898216302688658,-0.00029778000646643073,-0.0009316932158579091,0.015411792709779567,-0.5735540605282091,0.0018800186270111075,0.06533431051381569
P01,S01,9,raise_arms,1.0015895999968052,0.32866276526882515,0.022545150221662567,-0.9019278794448637,-6.220477437179954e-05,0.0010995555306595353,0.01689330901744002,-0.5797334412326518,0.03205021214169928,0.49276042923503416
P01,S01,9,raise_arms,1.0630795999895781,0.32876603912178787,0.022111292580188093,-0.9074348581536986,-0.0011234134229231927,0.001541577396129413,0.031021143728552112,-0.6020263072862037,0.06830318809146751,1.3180498220512618
P01,S01,9,raise_arms,1.121098899981007,0.32792408920522204,0.023297496873257578,-0.8964379891651608,-0.001156334229116471,-0.002898128835013569,0.05378034547212481,-0.6084241761701062,0.026761639832970908,0.5542918502526828
P01,S01,9,raise_arms,1.1919762999750674,0.32630749102489154,0.02595564684328088,-0.890211009697507,-0.0013056368959080962,-0.007021605719101426,0.10076502434552993,-0.5878952976322229,0.1339994177269509,1.8924247782613342
P01,S01,9,raise_arms,1.2610245000105351,0.3196235766628377,0.020854911910062782,-0.8744349424079599,0.003986232801911117,-0.02694859904196922,0.39453345957758856,-0.5754866591843684,0.04212211098642378,0.7065544178913066
P01,S01,9,raise_arms,1.3276390000246465,0.31680437866622363,0.02124891268635211,-0.8787701948600797,0.0029483477818279826,-0.020719853517997038,0.31417440653125567,-0.5994589828129819,0.010673525143365495,0.3304831711569923
P01,S01,9,raise_arms,1.3825179999694228,0.31055105699133273,0.025389755268145176,-0.8904961200177945,-0.003454725658286136,-0.006968086502539101,0.14172070434507908,-0.549597415955614,-0.04963951056277452,0.9647259852840097
P01,S01,9,raise_arms,1.4528641999932006,0.3088994940356982,0.02901148438511295,-0.8713398091879836,-0.0011544680278755964,-0.0024645567250611827,0.038687951072324804,-0.572171546801978,-0.10978725302645052,1.5762333201322467
P01,S01,9,raise_arms,1.5098782000131905,0.3088817184429415,0.02793151357791485,-0.8685424038789775,-0.00011380356025434404,-0.0008371002024304271,0.014817423219437844,-0.5682619826675158,-0.018842934585374584,0.33548987591650176
P01,S01,9,raise_arms,1.5630679000169039,0.30982090150306324,0.03252817542731159,-0.8704970242462061,-0.006057745440740543,0.004480146944486202,0.14165249962026627,-0.5457308696769084,0.006511764696740399,0.17481942256111122
P01,S01,9,raise_arms,1.6629446999868378,0.3065273700710694,0.04122795296106128,-0.8544793775659962,-0.01056400424250227,-0.02233224536932717,0.24735278441074351,-0.5391002110513755,0.07091997547467753,0.7206740459290548
P01,S01,9,raise_arms,1.734541799989529,0.30422677028723977,0.04382627764805711,-0.8569733448356419,-0.004696783411565467,0.008851255386887148,0.13995265737962762,-0.5268931702794767,0.051789567077658194,0.7817149818801284
P01,S01,9,raise_arms,1.7837949999375269,0.3042765289462259,0.043346771598004305,-0.8682809005181034,-0.0008722479612304402,-0.0002281135816861148,0.018305069034788197,-0.5267887726804865,-0.0012365644035225774,0.03473520118270834
P01,S01,9,raise_arms,1.8532201999332756,0.30358843308683126,0.05081141075379853,-0.871103830592871,-0.002997868571548392,0.0004833736053278413,0.04373898656879465,-0.5136362139224718,-0.010970306874665355,0.16973875142824507
P01,S01,9,raise_arms,1.9096885999897495,0.30198203580755834,0.05134298197816977,-0.8802912902816563,-0.0025050736819661173,-0.001389344546446274,0.05072845142061072,-0.5120208586673377,0.05489522089453451,0.9798196614474651
P01,S01,9,raise_arms,1.9635700000217184,0.3017432302618647,0.053487109451449966,-0.8803791693923966,0.0007215434991345499,0.00022953488357931615,0.014052589924971898,-0.4909263274004028,-0.02533899342989827,0.47618421558279067
P01,S01,9,raise_arms,2.061535899993032,0.30201154460107177,0.05303752093927379,-0.8813953529575367,-0.00036555789094436323,-2.0327959383058125e-05,0.0037372458561974135,-0.4935488354484999,-0.0059992428721801485,0.08777430131267944
P01,S01,9,raise_arms,2.1115681999363005,0.3021613783970806,0.054421834195701624,-0.8807305546468558,-0.0013795445514843527,-0.0001808883039552658,0.027809099503399288,-0.4963137798845064,0.018962183213505214,0.38206368988677475
P01,S01,9,raise_arms,2.158337999950163,0.302434200600763,0.05036702859713657,-0.8836928548303659,0.0002077255001863808,0.003710876131887442,0.07946763848878127,-0.48819296073468293,-0.03682318434312091,0.7881260765972604
P01,S01,9,raise_arms,2.2008738999720663,0.3030301810513156,0.05403468697755448,-0.882775969009973,-0.0029671502136102627,0.00015607780540270093,0.06985281545040108,-0.4801219810903237,-0.015765009588334437,0.41651742308406425
P01,S01,9,raise_arms,2.2800817999523133,0.3030759578239874,0.05382105905841463,-0.8838438680863574,0.00017321331346385787,-0.0011859924914491,0.015132008142765559,-0.49690727510804844,0.0197503799905061,0.2559701933094386
P01,S01,9,raise_arms,2.32660000002943,0.3028579981507013,0.053360542040415036,-0.8896237032806144,-0.0004889183699536426,-0.0004301222089297316,0.013998571832385743,-0.5002652679305591,0.006389559433365696,0.16290021925572842
P01,S01,9,raise_arms,2.4044217999326065,0.3036841857426605,0.042204670759647435,-0.8865078514494326,0.0026149783913234797,0.001626602624591848,0.03957248406008129,-0.5034624615282481,-0.0006175070971750919,0.017103512499967416
P01,S01,9,raise_arms,2.4829703000141308,0.3044374497290184,0.03957279179791248,-0.8905179643149718,0.0011026188089297015,0.004859315049182,0.06343649659074736,-0.5207992713128569,-0.020867843813216703,0.27679027785645227
P01,S01,9,raise_arms,2.5536930999951437,0.30468008592945883,0.03929179996731314,-0.8847940019032587,7.385042358140681e-06,-0.0006262124659181012,0.008855079425230639,-0.5359868349920036,0.03933923837473137,0.5563036581437351
P01,S01,9,raise_arms,2.607406700029969,0.3054413973917998,0.029518741338116536,-0.8912965070165557,0.0016348563653488409,0.0036526801881889056,0.07450353457488161,-0.5471504790226241,-0.010747075227317377,0.33300344611259397
P01,S01,9,raise_arms,2.6750964999664575,0.3088550901459354,0.0206991255440036,-0.888636378114495,0.007089091907092922,0.006025788429089581,0.13745128831814515,-0.5808440382296901,-0.02603770311847568,0.48590817118617874
P01,S01,9,raise_arms,2.74832230003085,0.31258741963736814,0.014693965716474756,-0.8912706014096449,0.007058171858749113,0.010624679036716274,0.17419343337303209,-0.5804152049633703,-0.03614936008094759,0.5179559738098958
P01,S01,9,raise_arms,2.826588699943386,0.314168001736057,0.017186839328139452,-0.8810038781513688,0.003870380331096616,-0.0019213167295996584,0.05520926211633026,-0.5800535898459602,0.010718744807667897,0.44963390973650463
P01,S01,9,raise_arms,2.8869898000266403,0.3135319833085346,0.015475237793253402,-0.8868213170971952,0.000739468951679242,0.010459880761062685,0.17360589159388629,-0.5793846235614526,0.03374668094882583,0.5730532904973442
P01,S01,9,raise_arms,2.9278008999535814,0.31338059200246,0.015386282895754298,-0.8891750207821486,0.00012686266820529035,0.0022281801469639824,0.054685826330340824,-0.5734604765579155,-0.0011724420805202351,0.056111344097601865
P01,S01,9,raise_arms,2.997552699991502,0.31385967474052356,0.013648729558994311,-0.9040412733332464,-0.00033134299287679596,0.014951977181070261,0.21441236042958295,-0.5513104086748857,0.039691353906136026,0.5784259728342604
P01,S01,9,raise_arms,3.067371499957517,0.318846030124076,0.019044421174982666,-0.9083618877804036,-0.004389646522836992,0.018984273666014094,0.279081919271916,-0.5374313738001958,-0.018461231795740007,0.2949442235143315
P01,S01,9,raise_arms,3.1424651999259368,0.32226368440571573,0.018957125059501437,-0.9103899666094537,-0.000730854158340215,0.01583169009020559,0.21105033704237147,-0.5421535117641793,0.00186100848920793,0.07628265261011646
P01,S01,9,raise_arms,3.191628900007345,0.32424586643225023,0.019544092871381816,-0.9151067495589691,-0.002648005716886768,0.004789848036241587,0.1113235496403621,-0.5443461024692912,-0.16185436403716974,3.350035032599371
P01,S01,9,raise_arms,3.27868959994521,0.32681056406414266,0.017280137477756544,-0.9092670951788385,0.00016884093101099377,0.000752146907360884,0.008854334960660496,-0.5459531258159156,-0.08721627425221626,1.0102896322608212
P01,S01,9,raise_arms,3.347283900016919,0.3281902576970172,0.015445453037428109,-0.917736094073366,0.002229065581605793,0.0002174853166556351,0.03265067571096398,-0.5599157753917647,-0.01217880387534933,0.4495388067573978
P01,S01,9,raise_arms,3.4026685999706388,0.32992512812331615,0.016269708593425622,-0.9038203279819977,0.0024578042735311596,-0.001838407606854576,0.055417661115056874,-0.5832618875459766,-0.000901577503435608,0.27545443966056227
P01,S01,9,raise_arms,3.444713499979116,0.33041955533917455,0.01738516243184114,-0.9003703918111312,0.00043672610373527777,-0.003088831505270203,0.07419574819058364,-0.5819205548086398,0.011477996101378446,0.30432733676546947
P01,S01,9,raise_arms,3.5047383999917656,0.33049059491564275,0.021964711218962693,-0.9032492422516869,0.0001359854194099408,-0.0022644097259967,0.03779247015176182,-0.5819632525462922,-0.01317456054412483,0.28408542617847304
P01,S01,9,raise_arms,3.5517106000334024,0.33058187468853206,0.029390298044169136,-0.9033393474954936,0.0003353170473289657,-0.00016317350602646267,0.007938986718035097,-0.57920630553777,-0.011909600087515158,0.2539619079101229
P01,S01,9,raise_arms,3.590097500011325,0.33068777453058884,0.03167927350147773,-0.9009951838865254,0.0003021798647010431,0.00044033725586916094,0.01391230228787125,-0.5807222188003731,0.004619883525261581,0.12942240148239334
P01,S01,9,raise_arms,3.6627082999330014,0.33105946797713204,0.029489142022051402,-0.901625225211484,-0.0005081688522805239,-0.001054146547423372,0.016116604110094652,-0.5768041343433155,0.0035892302467035423,0.07075177795832858
P01,S01,9,raise_arms,3.7583905999781564,0.32987231927861604,0.02825400570480326,-0.9093932194794634,0.0020157781609818244,0.0070780808543438965,0.076916250656359,-0.5886708523902615,0.013966856738677962,0.15182487173560852
P01,S01,9,raise_arms,3.8441865999484435,0.3302700729041043,0.02758200854038231,-0.9011478739431474,0.0005937543162379524,-0.007134346125337573,0.08344224701910666,-0.5845392892155032,-0.018099925998280635,0.21486424583624303
P01,S01,9,raise_arms,3.911905199987814,0.3299847907133058,0.02980414757386824,-0.9046508217015158,0.0006295353423846565,0.0028910488264938298,0.0436925264854734,-0.5856812201467625,0.006223092170411088,0.09220037396545751
P01,S01,9,raise_arms,3.9966884999303147,0.3301704527969057,0.03151660998900622,-0.9000508358209912,0.00027227968075562884,0.0006526949681896079,0.008341391295020342,-0.5812818920352143,-0.0030928473286392037,0.03744514854532854
P01,S01,10,raise_arms,0.3871711000101641,0.3304496950317722,0.02380278377590816,-0.9002345191755946,0.0,0.0,0.0,-0.5865494707519795,0.0,0.0
P01,S01,10,raise_arms,0.4695136999944225,0.32982297842582203,0.024382212567462896,-0.8994093776040524,0.00031688739551284336,0.0006045889829986983,0.008289779260213985,-0.5690726361553713,-0.04894255037247857,0.6715115723840189
P01,S01,10,raise_arms,0.5260092000244185,0.3299527549068605,0.01964900071082273,-0.9002502353563677,-0.0002428785446059824,-0.0006770612013263087,0.01273210275714395,-0.5705423541696094,0.0013213642424965255,0.0854464928893813
P01,S01,10,raise_arms,0.5768144000321627,0.32946593716632033,0.020373463271958523,-0.900737025987695,0.0007479844682682554,0.0015306137607409781,0.033532036989054305,-0.5707005357339417,-0.0008539178850736055,0.07123198244945451
P01,S01,10,raise_arms,0.6586394000332803,0.3301418767126102,0.02093399490197103,-0.8968564986887925,-0.00026769941432678207,-0.00229361211236381,0.02822097848573653,-0.5739940095393753,-0.00988261156014437,0.12564503884343212
P01,S01,10,raise_arms,0.7108792000217363,0.329926717609906,0.020997554236693108,-0.8974798572040995,0.0001570389262389724,0.00010415063672909702,0.003607157819719249,-0.5806242961279369,0.01701371040667945,0.3637056258542393
P01,S01,10,raise_arms,0.7866137000964954,0.3297454042111186,0.01932961736533542,-0.8975716965509873,-0.0004942419148100338,-0.0017170353657421636,0.023592322970856842,-0.5741199195542265,-0.028855546966336604,0.39022824280108515
P01,S01,10,raise_arms,0.8641575000947341,0.3291694690458336,0.01981449762160692,-0.9013027404063856,0.0015236628260705718,0.0026320281666586008,0.039219598498860565,-0.5734357929776795,0.012107409438227638,0.16366615039117277
P01,S01,10,raise_arms,0.9117577000288293,0.32920274828031776,0.019089848599025912,-0.9017055523707473,-9.908374709423016e-05,-0.0014545258698611201,0.030627955499408752,-0.5730187238319174,0.010781135290688887,0.2429234221755229
P01,S01,10,raise_arms,0.964392299996689,0.32913858341926217,0.019119466401911672,-0.903216173346736,-6.908692303887688e-05,0.0011195160110782094,0.02131004533380251,-0.5721157927483891,0.003771588207083536,0.07179432540807638
P01,S01,10,raise_arms,1.0204374000895768,0.3289298651051148,0.017292973860023736,-0.9072891445431196,-0.0002554123408163788,0.0028012001919191145,0.05018851397333975,-0.5672028371897758,0.008210048744818904,0.296982528815999
P01,S01,10,raise_arms,1.078210800071247,0.32639985070475,0.016976055218184634,-0.9001965424109984,0.002060871710450454,-0.0013786319594210003,0.04291731903251466,-0.5777735797915929,0.12602138007283406,2.188534260498373
P01,S01,10,raise_arms,1.131869100034237,0.32576281042615574,0.019814951880092867,-0.8988758847317414,0.0008531408390751596,0.0035510712358094894,0.06806247455177736,-0.5963046041104619,0.024593504277186602,0.47069674615868146
P01,S01,10,raise_arms,1.1912818000419065,0.3230151420963667,0.030671702836038945,-0.8693918978376237,-0.00977414993184983,-0.02852225343202617,0.5074757573612324,-0.5660652284131991,0.12194105494641219,2.0725413996938915
P01,S01,10,raise_arms,1.243465300067328,0.32187896615725675,0.029970651593359234,-0.8702856990207378,-0.0007962619477563567,-5.555315914579233e-07,0.015258887218345285,-0.5596783034155747,0.07147310982602684,1.4431316400522574
P01,S01,10,raise_arms,1.2909912000177428,0.3190881923932599,0.03335228369893022,-0.866813241751039,-0.004086086020169585,-0.010777053045677115,0.2425133616925541,-0.5380297624258904,-0.07389300335024385,1.6052411749341873
P01,S01,10,raise_arms,1.3616100000217557,0.3183613532003709,0.036426715695405,-0.8671693803808287,-0.0010744741876714961,0.005776960365009878,0.08320777429950793,-0.553703675626289,-0.01513210252998231,0.35008348631660463
P01,S01,10,raise_arms,1.4250028000678867,0.3152044918212093,0.035717555471317525,-0.8638493225233856,0.0010518594917459903,-0.012112126591517154,0.19178383620402265,-0.5567188997308057,0.010413051640586968,0.23990021887159466
P01,S01,10,raise_arms,1.4867367000551894,0.3148433513260538,0.04031354457254013,-0.8855095426220728,-0.0046103940518402485,0.021234354635182917,0.3519799422570455,-0.5134176902551763,-0.10761593426248085,1.8111019099904713
P01,S01,10,raise_arms,1.5520384000847116,0.3120466167563508,0.04393643433877332,-0.8976024858544436,-0.004525981314818865,0.003312816422775551,0.08589141557245188,-0.5019477342745936,0.03398196522107322,0.6988707549479524
P01,S01,10,raise_arms,1.6121618000324816,0.31138529063214243,0.047923421938122886,-0.902651813761833,-0.0019113532242811526,0.010634686838887374,0.17971511559373649,-0.49228778401309076,-0.007821251473057577,0.1771725858106006
P01,S01,10,raise_arms,1.6920772000448778,0.31101579121997897,0.04561148004651702,-0.9135094067442148,-6.396154393239933e-05,0.01161187094422784,0.14530424799766925,-0.4387449794951762,0.0274942289200322,0.36458968969136885
P01,S01,10,raise_arms,1.760561800096184,0.31114760091210325,0.0460876858064076,-0.9384791593585803,-0.0006779924974606975,0.026251149221452042,0.3834424534983863,-0.42251916875850376,-0.13216497673211838,2.0750375962855463
P01,S01,10,raise_arms,1.8161281000357121,0.3104793323669795,0.04984239883463154,-0.9420550873918375,0.0007763517836568087,0.00032607158866001227,0.015153932589828572,-0.3759688675380557,0.010092997120534684,0.23733890927148424
P01,S01,10,raise_arms,1.8838915000669658,0.3098589276276762,0.04845971917796438,-0.9434609614979468,-0.0011061214574121462,0.00029027212368765333,0.016875990231087774,-0.399948464972379,0.13764102575795814,2.0338019149613786
P01,S01,10,raise_arms,1.9529467000393197,0.308982164024339,0.049584908718761936,-0.9516891888401157,0.0007005396838530157,0.009442673070291391,0.13711673387981227,-0.393456814385584,-0.07198182861349343,1.0567339961623046
P01,S01,10,raise_arms,2.0045040000695735,0.3095707311801746,0.04751522725860354,-0.9460974572290358,-0.0027886963682723343,0.0016995476201080448,0.06334263988851482,-0.40109051030715065,-0.052626451035045416,1.0346860394199355
P01,S01,10,raise_arms,2.0587975000962615,0.3091342121721992,0.04649553979601286,-0.9457398524426545,0.00046477222699325716,0.0015372864409115285,0.02958012193899456,-0.399231368983423,0.005969358289127392,0.12353607097667894
P01,S01,10,raise_arms,2.133280700072646,0.30953012679393604,0.042897398864460826,-0.9452827167007328,0.001184563118729671,0.0039459441026496065,0.05531328887648173,-0.4081281068461683,0.02571219071205052,0.34856460481134593
P01,S01,10,raise_arms,2.1893090000376105,0.3097748897575712,0.04248752971570967,-0.9431692071479011,-1.2218210927939803e-05,-0.0007097145040583616,0.01266894888933472,-0.4131282363019799,0.05953579253476212,1.0698815632311394
P01,S01,10,raise_arms,2.250505800009705,0.30838095331952664,0.04159526598023956,-0.947653227365537,0.0027304053812529675,-9.654461387717108e-05,0.0446446826229143,-0.4225242293257359,0.07743533888434478,1.2782271065662294
P01,S01,10,raise_arms,2.324424499995075,0.30873259931391944,0.04459257900717304,-0.9549260190417764,-0.0005750362444977374,0.0036589178800473794,0.05010678840074661,-0.41004522339438926,-0.1910823272082414,2.6249379070768413
P01,S01,10,raise_arms,2.3943186000688,0.3088279653882971,0.04968976273622038,-0.9552674679385265,-4.279835850462698e-05,0.001130513573577689,0.016186250350734455,-0.408316616195744,0.011425800847953966,0.20828432335752275
P01,S01,10,raise_arms,2.4524605000624433,0.3089868712647808,0.04850775186555345,-0.9554492329148904,0.001211240992255507,0.005518968751143503,0.09718155784128835,-0.43166843571533076,0.056816199490999926,0.994770629364775
P01,S01,10,raise_arms,2.5144181000068784,0.3094312435482429,0.04783646959659129,-0.9529518907559125,0.0003448495183793763,-0.0018483471881632764,0.030347231225431214,-0.43518477570519337,0.011828524925722997,0.20286401366485596
P01,S01,10,raise_arms,2.5610984000377357,0.3096789751559774,0.04405856039046682,-0.9439728233511141,0.006100315376212114,7.410186057018295e-06,0.13068296203827287,-0.43858545064031756,-0.016167519659222966,0.35081206914752233
P01,S01,10,raise_arms,2.6386822999920696,0.31114604055845335,0.04700398004525754,-0.9409031381978944,-0.002387089603367809,-0.0005772806772930657,0.03165477641856983,-0.43719025858123917,0.0020710798115949522,0.03551821396106702
P01,S01,10,raise_arms,2.715878500021063,0.31294760832536245,0.04329354893333582,-0.9312201288690563,0.003671156121606138,-0.003293374634332168,0.0638879466035673,-0.4440282399978495,0.011347270218571553,0.2037833573785696
P01,S01,10,raise_arms,2.795003700070083,0.3134937581969537,0.04390829831607448,-0.9198289215196549,-0.0003059195627855261,-0.009702726617819122,0.12268592204478006,-0.45760131425794903,0.010817837903690463,0.16467971415596377
P01,S01,10,raise_arms,2.8577964000869542,0.3130222695494551,0.04306419594795588,-0.9146324693326907,0.0003606966958877838,-0.0064693096974736755,0.10318647270673813,-0.47939491908930604,0.05275449758731913,0.8491993502189396
P01,S01,10,raise_arms,2.935813800082542,0.316998134697246,0.041062718129837465,-0.9136309179414406,-6.580993194584864e-05,5.0579633409809376e-05,0.0010638842704538238,-0.486253554763691,-0.02879711278570284,0.5038842731319446
P01,S01,10,raise_arms,2.9982407999923453,0.3192462160611109,0.035256868660709935,-0.8957660220194678,0.005413724874776848,-0.01122279612787296,0.1995982481174817,-0.5125697491507192,-0.010904083369485947,0.7265722383615043
P01,S01,10,raise_arms,3.076395699987188,0.3214489786343463,0.027634985422834248,-0.8886397482799284,0.004679011931075709,-0.0009753349749329567,0.06115528023455882,-0.5562302515518587,-0.04643609028892573,0.6829983797176643
P01,S01,10,raise_arms,3.1541152000427246,0.323992183841895,0.025519452060413426,-0.8801481085040774,0.005500454831490194,-0.001227811716053867,0.0725149432504413,-0.5918050865047861,-0.09331840127597764,1.2852160339205931
P01,S01,10,raise_arms,3.1985438000410795,0.32439758536316654,0.025157196663654225,-0.8788714249864054,0.00046513650241871975,0.00037528789499910535,0.013452060849447056,-0.5862401582097233,0.00953186642676908,0.24135689956897896
P01,S01,10,raise_arms,3.28019140008837,0.32444533269404996,0.026401958215271294,-0.8671343060982306,7.132635609792455e-05,-0.010128066997240387,0.124049183861309,-0.5973369904572828,0.16580819291665802,2.050427825902145
P01,S01,10,raise_arms,3.359660700079985,0.3217137854945611,0.023855241201525382,-0.8698885304922613,0.004227589077525093,-0.004492018931299931,0.07762152769487864,-0.5946585905247216,0.021997371350528473,0.3764286808075722
P01,S01,10,raise_arms,3.40430940000806,0.3203688701276162,0.025100617105963584,-0.8744280789638547,-0.0009753673948112145,-0.002882845547467767,0.06816271067774218,-0.596062544063422,-0.0005544406896389909,0.035918522316834824
P01,S01,10,raise_arms,3.466132300090976,0.32295857804160405,0.029426001073503717,-0.8857781797082612,-0.004262555539104096,0.019324255671963282,0.32008835988177053,-0.5847826094521881,-0.0025373805230486505,0.1296151029186797
P01,S01,10,raise_arms,3.5519662000006065,0.3233735183495221,0.029362253463727936,-0.8826713726828527,-0.0006105644853858307,0.0016887522460694282,0.020921075398884173,-0.5382783875687427,0.11111030141304509,1.3270004622418847
P01,S01,10,raise_arms,3.6059409000445157,0.3238752439522663,0.030240121145779657,-0.8846478367032286,-0.0010723306903821078,0.0003241790897340856,0.02075530229805618,-0.5506371723901334,-0.02288724626339431,0.6545020746993694
P01,S01,10,raise_arms,3.652242400101386,0.32388199221652925,0.030950590651998566,-0.8853715135309244,-0.0008936593017983954,-0.0009815345729286948,0.028668994318805773,-0.5655804739604967,-0.00841308400848078,0.3427552788824951
P01,S01,10,raise_arms,3.696031400002539,0.32326354874807417,0.03188212396663345,-0.8929284760652106,-0.0009741009760237145,-0.0020377204119867653,0.05157867460308715,-0.5591486881080613,-0.049006140258312736,1.503308276650457
P01,S01,10,raise_arms,3.7718236000509933,0.32601296116837747,0.03409149579568444,-0.8896850800795697,-0.0035430444451124937,-0.0008422020866097684,0.04804936644660811,-0.5503084030716501,-0.20642008029213468,2.834635211618114
P01,S01,10,raise_arms,3.839294800069183,0.3293967773235914,0.03802194689304999,-0.8932312971648995,-0.004317488579870707,0.002172496558672578,0.07163448746343415,-0.5784096195048974,-0.03364077534474289,0.5076374365579449
P01,S01,10,raise_arms,3.8850898999953642,0.33092261936647666,0.03618829934508108,-0.8882389759926469,0.00040084941066155977,-5.9168290901964674e-05,0.008847949150249319,-0.5742705638218463,-0.07059174024441106,1.725196390642009
P01,S01,10,raise_arms,3.9468341000610963,0.33294383090215945,0.03325247117257324,-0.8851170897667886,0.0028338465437712556,0.002373220045326994,0.05986522713389584,-0.5870788643236229,0.026192708640381725,0.44182677757097977
P01,S01,10,raise_arms,3.9929963999893516,0.33414232896262636,0.03714186872823062,-0.8816827278905041,-0.00021459235017427266,-0.0007033563065146775,0.015929965290182098,-0.573446656614098,0.00941350761773892,0.23163675522887986
P01,S01,11,lean_left,0.3735457001021132,0.3411846496402508,0.03514465089130044,-0.8497914479993118,0.0,0.0,0.0,-0.5872405741287713,0.0,0.0
P01,S01,11,lean_left,0.4705480000702664,0.33971501874825966,0.03046523299792012,-0.8684777791051087,-0.00039534362164798156,-0.015475643386316172,0.15959098215289225,-0.5898464083854459,0.001970778596439158,0.03466797661058511
P01,S01,11,lean_left,0.5204712999984622,0.33883206595487686,0.025483015983982178,-0.883812945272655,0.0001103848140557586,0.0006940610101306702,0.014077276587329811,-0.5876055599348975,0.0018702723361046654,0.19331249457867142
P01,S01,11,lean_left,0.5723667000420392,0.33753126921829013,0.026986482869189556,-0.8943553874821367,-0.0014458747226292815,-0.0071692888677188345,0.1409303131151754,-0.5846183854243021,0.019337918111280644,0.37294349846394864
P01,S01,11,lean_left,0.661825800081715,0.33773046660040634,0.027612400800949465,-0.9042927022769612,-0.0006217154895620977,-0.003335935329984464,0.037932140097400376,-0.5857026181296788,-0.0003233275430000275,0.0068934007059800306
P01,S01,11,lean_left,0.7122279000468552,0.33774135233051367,0.02740599969103901,-0.9040731339667856,0.0003466952561576391,-0.00019201040402113076,0.007863065652121849,-0.5864035090478957,-0.005329360504287471,0.1067018572595176
P01,S01,11,lean_left,0.7806644000811502,0.3386812204645177,0.028281129931957437,-0.8975204374467151,-0.0012960373317573916,-0.006708050234207793,0.09983129484359721,-0.5921880740498585,0.006971266316386617,0.1262137401580637
P01,S01,11,lean_left,0.8657167000928894,0.33873331412222574,0.02456413011196357,-0.9159721430114914,-0.000623086181223678,-0.008601087980291834,0.10139205493772097,-0.588535458121921,0.003577047369958414,0.050219092334614704
P01,S01,11,lean_left,0.9447363000363111,0.3387749769016408,0.0240443684304778,-0.9147696252779456,-2.0937062096917614e-05,0.00044381293394516537,0.0056227381201356215,-0.5911532517964746,0.003080511139776486,0.04115668131837861
P01,S01,11,lean_left,1.0163326000329107,0.33773628869679345,0.025853714940079427,-0.9144515232609611,-0.0017961095426880125,-0.006769350632919904,0.09782040280697146,-0.5878821093731822,-0.004579286737389812,0.06408166982843377
P01,S01,11,lean_left,1.094153800047934,0.3376859535071631,0.03835904653533512,-0.9125216150899487,0.0007580624704417231,0.0009918046501919884,0.016041039683798733,-0.5869487639537022,-0.0009680263442001965,0.016158611205927872
P01,S01,11,lean_left,1.1779638000298291,0.3365163273450819,0.061050881335339334,-0.9001863506357214,0.003284915625715924,-0.01201776799335843,0.1486532426474039,-0.5971436351384221,0.03896180324993174,0.5439216304411657
P01,S01,11,lean_left,1.2289217000361532,0.3364910432435153,0.07186496578531758,-0.8990351189302737,0.0014319223553726777,-0.0005921653235207499,0.03040815784225558,-0.5980102232821197,-0.0018468355689080934,0.07482528083763057
P01,S01,11,lean_left,1.2923255000496283,0.3358185303780694,0.09205862481512074,-0.8902351717833793,0.006120720234241078,0.0003618146629307285,0.09670406028900859,-0.6060925492483215,0.025793737500935086,0.4754536883587211
P01,S01,11,lean_left,1.3483567000366747,0.3359700824736931,0.09105899246944377,-0.8839125194518977,0.0037111630671211268,-0.008874786493757548,0.1716809366609734,-0.6035014104649566,-0.007850486082667151,0.1524460536729937
P01,S01,11,lean_left,1.3955428000772372,0.3331841969740976,0.10837146439664982,-0.8989074200185219,0.007301915300581486,0.007882605137308525,0.22771379299241368,-0.6068912644595866,0.019908002424630367,0.4445702178175256
P01,S01,11,lean_left,1.458883500075899,0.3355061087953082,0.11607691062766046,-0.9046027785703467,0.025785601311465272,0.019098543839623897,0.5065966262732345,-0.60779678328746,0.007006562309744635,0.41699064245291306
P01,S01,11,lean_left,1.4968120000557974,0.3347808756781445,0.12371505608764365,-0.8930855272103705,0.0076395958958159725,-0.013805726381871277,0.41600680444342075,-0.610308959139671,-0.002236632475931524,0.14838448117475697
P01,S01,11,lean_left,1.5392218000488356,0.33332230983090233,0.12674871528876067,-0.8960227156411912,0.004039093316457386,-0.00402854294542602,0.13451337162366261,-0.597704436130632,-0.041382382370424575,0.986341972135916
P01,S01,11,lean_left,1.58221590006724,0.33151870715925547,0.13515781676096927,-0.9023921666933533,0.015620794654127874,0.001756934303153263,0.36561502395060336,-0.6111761402753982,0.01628107889615693,0.6728045948812692
P01,S01,11,lean_left,1.6482392000034451,0.3298238138915632,0.14584373367563547,-0.8943179386099168,0.007827469311623652,-0.012276079982882814,0.22051666860338018,-0.604708996706315,-0.0018536230290816203,0.08568227309026338
P01,S01,11,lean_left,1.7065082000335678,0.3305446119626832,0.15012811864695977,-0.8931032006082368,0.017525863451383624,0.00025407446211226286,0.30080668998861254,-0.6054608944602672,0.0028159974288315104,0.2639583410204029
P01,S01,11,lean_left,1.7614619000814855,0.3302545738087245,0.1701006822910913,-0.8830381178628453,0.02278327792228089,-0.005126018699414368,0.42495431271082956,-0.5968177303443412,0.01493088958883539,0.28837117904489845
P01,S01,11,lean_left,1.848709600046277,0.33300106141795627,0.16795336110944342,-0.875610472462449,0.010611159135686022,0.0001834671656439381,0.12163925349360834,-0.6035205768977007,-0.08871718139828569,1.0231763732808907
P01,S01,11,lean_left,1.9327619000105187,0.3297359253035545,0.17865133171524314,-0.8850319058938309,0.01558260263065485,-0.006000216004763618,0.19866091668188088,-0.5938377797625323,0.006917568908441799,0.09848590712578058
P01,S01,11,lean_left,2.004179500043392,0.33122599209616643,0.18435293858792626,-0.8807581338089364,0.015618853488456987,-0.00037942793291543045,0.2187620630246912,-0.5860558254049402,0.08478078202981545,1.3133672475656444
P01,S01,11,lean_left,2.0700635000830516,0.33005053581037863,0.19917327904236012,-0.8858227287307944,0.014372723406642193,-0.0013945351302807763,0.21917640631556817,-0.5658889823151114,-0.05833050106446654,0.8927019449511013
P01,S01,11,lean_left,2.111215400043875,0.3341485292314028,0.2008213561197644,-0.8740870103975817,0.006041295809071052,0.0008813641960735818,0.14835884601733876,-0.590408864286678,-0.054862169377824246,1.344105672707752
P01,S01,11,lean_left,2.1609488000394776,0.3326676844628912,0.2063795851155146,-0.8754527851230794,0.00865229246168958,-0.006542455746753399,0.2181107872289304,-0.5852602935582486,0.0031565245004020804,0.06882125870495669
P01,S01,11,lean_left,2.202099799993448,0.33463435112536133,0.2084529255922182,-0.8700792579943031,0.00565228610708315,-0.00046845225312971994,0.13782569492516222,-0.5934550032658749,-0.0463118196337236,1.1405180299271283
P01,S01,11,lean_left,2.285505300038494,0.3356014036853469,0.2127139411682122,-0.8717857699968552,0.013442336346787974,0.004450615453405295,0.16977246185982783,-0.5848793520149409,0.003157914708473918,0.15753951373057787
P01,S01,11,lean_left,2.354365500039421,0.33525159902181867,0.21612203309025055,-0.8669877818948589,0.005034368299944519,-0.004476771952239544,0.0978350238858036,-0.5821045542655794,-0.022556574819796896,0.33359854097365027
P01,S01,11,lean_left,2.404008200042881,0.3364215885175164,0.21721960852173416,-0.8537603069741777,0.004145437227851336,0.003578441021445539,0.1103143580061922,-0.5993972930387452,0.07237138869363294,1.5504004068004031
P01,S01,11,lean_left,2.461106800008565,0.33727260068645243,0.21445586530335056,-0.8531707225025488,0.002770391993771433,0.0017910238520613404,0.05777575471262915,-0.6022664671942146,-0.008984584761443256,0.18259434504617345
P01,S01,11,lean_left,2.5323490999871865,0.3375955309329435,0.21275454258487594,-0.8518630808949972,0.002214061141683358,-0.0010632225191058537,0.03447553803604585,-0.5974587669350128,-0.03607873862654302,0.5174259849603053
P01,S01,11,lean_left,2.5864963000640273,0.33792254685135936,0.2152125612476743,-0.8498743031217763,0.000823058941389627,6.411613719692032e-05,0.01524644821032606,-0.5905585985226269,-0.00348140808939426,0.18285040447166076
P01,S01,11,lean_left,2.6535427999915555,0.33887848778648194,0.21338533426168085,-0.8557930546679827,0.0007728516815976947,0.0020534918940949215,0.03272523216928297,-0.5798609741095906,0.06479876364212504,0.999476643000832
P01,S01,11,lean_left,2.7078485999954864,0.3390587555440099,0.21608731932392664,-0.8546700353128018,-0.00034025014271543913,7.181202960436935e-05,0.006403474022149725,-0.569087990912506,-0.01276775172116596,0.2779158571699903
P01,S01,11,lean_left,2.7768012000015005,0.33820023483511974,0.21688955509071906,-0.8513436357289497,-0.0006338496631712917,-0.006131678174954538,0.08939985688503581,-0.5716547951381304,-0.05747231525558877,0.8457063084065775
P01,S01,11,lean_left,2.845350000075996,0.3396573399560886,0.21351294669061152,-0.8515683281892548,-0.0011188022988539894,0.003305779578983837,0.05091221061343615,-0.5833866921016506,0.042018111109590826,0.6179624561704467
P01,S01,11,lean_left,2.9162173999939114,0.3392932613506941,0.2112765748622564,-0.8518832344590127,-0.0006850366298946252,-6.087067374239969e-05,0.009704542888931631,-0.5881281394855147,0.017079864231966106,0.2547858030653749
P01,S01,11,lean_left,2.9817165000131354,0.34068818347383656,0.20833490635670462,-0.8464853810435513,-0.002047745118894432,0.0017647575730948043,0.04127175373144379,-0.5908895871077625,-0.03889224261116224,0.6080615811782812
P01,S01,11,lean_left,3.025873300037347,0.34059524650481515,0.20399939381026483,-0.8476221656316095,-0.00011462591662250024,-0.00046025368048423763,0.010741555417641994,-0.5913152814616792,0.0053098104867245685,0.14747264639527272
P01,S01,11,lean_left,3.0875112999929115,0.3393716188286406,0.20548975168997868,-0.850852465059371,-0.005253998709287882,0.001064946929984943,0.0869729847418549,-0.5861001676222627,-0.006708796402737404,0.15976537081783132
P01,S01,11,lean_left,3.169364200090058,0.3386253458990619,0.1973691492905796,-0.8520809924103057,-0.002682800340689539,-0.004777167683385105,0.06693638001203094,-0.5808400785654915,-0.0012998583119690754,0.12133216025297586
P01,S01,11,lean_left,3.2206080000614747,0.3387838316779189,0.1953038597919825,-0.855873027903295,-0.0009980911666772141,0.0004621867609485354,0.02146426026431557,-0.5866701180410263,0.00875142506832962,0.2617249496552264
P01,S01,11,lean_left,3.2664264000486583,0.3373673090503991,0.19312499751321216,-0.8621444159485756,-0.009425831484273457,0.0023936922993885576,0.2122514638279807,-0.5846366846512163,-0.003604673025702088,0.7002355238031905
P01,S01,11,lean_left,3.3106257000472397,0.33817007782135394,0.18864737062953651,-0.8572339907205802,-0.00406958431119979,-0.002691523549056971,0.11038908669398766,-0.58611956646609,-0.0032345932542224795,0.1214917201230708
P01,S01,11,lean_left,3.351841800031252,0.33879838105042426,0.18676702410199258,-0.8557776007515105,-0.0026224937515628892,0.0012944016219182206,0.07095631405167013,-0.5931903012193052,-0.005154361501380617,0.13190433132640078
P01,S01,11,lean_left,3.429459200007841,0.3367472382532612,0.184769320891466,-0.8565716132378235,-0.013612184105520682,-0.0012305119193490599,0.17609052547372903,-0.5929190187591235,0.0039733568117549965,0.3195170311303258
P01,S01,11,lean_left,3.483911900082603,0.335229715955452,0.16899601565106698,-0.8642272758996984,-0.018500027549989563,0.0007975326214086079,0.3400604613491574,-0.5904724281032812,-0.003993525973960611,0.09574328367053213
P01,S01,11,lean_left,3.5369185000890866,0.3361643954253871,0.16573876431980739,-0.8590767040560852,-0.008635521358961284,-0.0028618401653744516,0.17162734348151548,-0.584680565074339,0.0259837063900401,0.5030980372778305
P01,S01,11,lean_left,3.604657100047916,0.3344424628123246,0.15454142278478317,-0.8774537887405123,-0.018245456213576643,0.010219366007909101,0.3087233431020386,-0.5913913417467818,-0.02549904657112949,0.4195936672078785
P01,S01,11,lean_left,3.6536089000292122,0.3335119187616846,0.1512752034066858,-0.8764267408364143,-0.006367997006523544,-0.0016303566420726332,0.134282895355183,-0.5870861046071113,0.02908160296906581,0.595317147167637
P01,S01,11,lean_left,3.7086240000789985,0.33068629562311647,0.1163859109989071,-0.8825632752425835,-0.023569413876308103,-0.0031756515098287307,0.4322883919835591,-0.5856157111565722,0.0004515233858209275,0.4216798539143807
P01,S01,11,lean_left,3.7767841999884695,0.3312755149914341,0.10147838054452123,-0.8801157516605992,-0.035265104554422194,-0.00033259079189767017,0.5174085892446386,-0.5913141776283216,-0.011100254385285911,0.3344121122815925
P01,S01,11,lean_left,3.8320503000868484,0.33148172589255637,0.09430523064577798,-0.8895947813917802,-0.007571510840553742,0.009768957655087816,0.22363843597212238,-0.5895188472474383,-0.00016832623659534987,0.14999385016865818
P01,S01,11,lean_left,3.911210900056176,0.33386742839887806,0.06533410823502916,-0.8923331441392025,-0.026736647993784512,0.012587286830247181,0.3733100680437042,-0.6091803259610195,0.09022606221353514,1.1635129219252076
P01,S01,11,lean_left,3.973306700005196,0.3365169149142574,0.03950194475269749,-0.8815900386391052,-0.02974263971307644,0.0032675519062587825,0.48186172704503355,-0.6076389457429261,0.011740843438383742,0.22829242969782093
P01,S01,12,lean_left,0.3974933000281453,0.3380479625767705,0.03230139838147916,-0.8857541628595734,0.0,0.0,0.0,-0.5978682393048385,0.0,0.0
P01,S01,12,lean_left,0.4720154000679031,0.3373280540009028,0.028955632755548594,-0.8855873956552014,-0.0005743073971567597,-0.005468046061814656,0.0737784229781601,-0.59575173831278,-0.003798940535668235,0.1560055381001213
P01,S01,12,lean_left,0.536251200013794,0.3370158492335879,0.029201099931287087,-0.8876588058372562,0.0004329092224616417,-0.0006634021012985877,0.012332017656216141,-0.5940852246578943,-0.005259651814281435,0.09537042015029548
P01,S01,12,lean_left,0.5955329000717029,0.33715552941155236,0.026590589923398442,-0.888013585257409,0.0005953295253126893,0.0006572049028507565,0.014958336522962965,-0.5938615533276426,0.01840191403959296,0.31603614028713717
P01,S01,12,lean_left,0.663593600038439,0.3371829937650198,0.025460571994753198,-0.8920428159022925,0.00010893598734825953,0.003945559817627834,0.0579932821978925,-0.5893084873350506,0.0048769336402481175,0.09391204794219489
P01,S01,12,lean_left,0.72276110004168,0.3374766990225118,0.02570457786556269,-0.8902876529295619,-0.0004345699388865531,0.0004184976509618726,0.010196762208888203,-0.5904929607811027,-0.0019685500505702263,0.05797300936429
P01,S01,12,lean_left,0.7844119999790564,0.3374282996586054,0.023135667489620808,-0.8963741686210557,0.00024019151865844535,0.0032559883564418413,0.052956821433900396,-0.5891797559475491,-0.0028886707986810313,0.06507434685762954
P01,S01,12,lean_left,0.8654149000067264,0.3376307289929873,0.02266504843359041,-0.8934649522952843,0.000497969489482325,-0.001859386208622738,0.023763509237193926,-0.5882529680672448,-0.0018899006475268005,0.027208010588945668
P01,S01,12,lean_left,0.9305260999826714,0.3377143661948703,0.03134904158142762,-0.8944901704375766,0.0003906700289267445,0.0014351630179434483,0.02284377515411977,-0.5845138626249461,0.0005453878691360069,0.07300877309030994
P01,S01,12,lean_left,0.9983439000789076,0.33812412274853443,0.031083825773618342,-0.8919937338659228,0.0002873369997802318,-0.002454175282785514,0.036434960446743984,-0.5909581905114297,0.02080769099298608,0.3157630983212432
P01,S01,12,lean_left,1.0607231999747455,0.33799633572971105,0.03411865048980356,-0.8934207082779623,0.002055544889749154,0.0012623801045164027,0.03867040927338742,-0.5929088230592868,-0.006571109756347148,0.11026970965808716
P01,S01,12,lean_left,1.1296748999739066,0.3376145168544041,0.03265672392056459,-0.89349311456116,0.002235563573100343,-0.0018640657034672543,0.042214382152744576,-0.59307867077976,0.003218415901157497,0.1395380560540692
P01,S01,12,lean_left,1.1847574000712484,0.3384595169837671,0.04159519400093043,-0.8949117641481117,0.011780193499449561,0.004287909249079274,0.22759156209691742,-0.5963086056458622,-1.7154595684101453e-05,0.2830839715087672
P01,S01,12,lean_left,1.265611600014381,0.33732041333398144,0.05604534018629689,-0.8993004092491846,0.02484853492812945,0.0030006374806944716,0.30955786344951913,-0.5929029142288178,-0.020194736168736262,0.25908892253551075
P01,S01,12,lean_left,1.3479427000274882,0.3383998918056006,0.06769501938888473,-0.8907296127836744,0.007588762230753218,-0.006520669200375994,0.12152662214045462,-0.5921831536884807,0.03765761240888957,0.4760427651833728
P01,S01,12,lean_left,1.4251824000384659,0.33889902608142164,0.08812798057619822,-0.9029933530745514,0.02078214511522725,0.019471903219433827,0.3687091575202314,-0.5974158236731749,0.006536973354099121,0.15693253155372044
P01,S01,12,lean_left,1.487414599978365,0.33636957532664113,0.10960299214193073,-0.8969044921212982,0.03309313878600129,-0.0015139070831362957,0.5323248891243353,-0.5935453838408429,-0.02605416560904669,0.4628777355539289
P01,S01,12,lean_left,1.5348606000188738,0.3353204184109113,0.11402915843541399,-0.8977733110447311,0.009948685731939582,-0.0031939780605133466,0.22022552363792117,-0.5935317544652362,-0.033368697921737606,0.7578459003547755
P01,S01,12,lean_left,1.575119800050743,0.3331260050617029,0.12345876178802467,-0.9073984241527109,0.025146285048101787,0.006292621171131446,0.6438693590220641,-0.5904636243961378,-0.009112453975373538,0.7203439934235711
P01,S01,12,lean_left,1.6680426000384614,0.3320798117024624,0.1498622046509323,-0.8804343160469786,0.043603870097698526,-0.0040265645530020355,0.47124484392279786,-0.5913854807634225,0.06675732726274917,0.809573423415604
P01,S01,12,lean_left,1.709501100005582,0.3323284359288154,0.1464593793960101,-0.8849086783636178,0.003841148504985544,-0.005445565377553339,0.16073852419602927,-0.5882752988367681,-0.03638237646330472,0.882770180400807
P01,S01,12,lean_left,1.7740986000280827,0.33308357981997827,0.1580714904431432,-0.8722902315569265,0.021514651182298318,-0.0021703709758044486,0.3347474162300727,-0.5963414174693511,0.024850356758786305,0.5481445530377989
P01,S01,12,lean_left,1.8579428000375628,0.336697231498485,0.15984523399936468,-0.8646039922598312,0.025859635542901438,0.001592892793629573,0.3090094284266465,-0.5948707411078098,0.038784649971520625,0.5154660978101994
P01,S01,12,lean_left,1.9005784000037238,0.33776806022343614,0.1622491529591275,-0.8603613805929226,0.0043556710035180905,-0.0014585813444441473,0.1077362730329613,-0.6032552463413092,-0.08434841902157945,1.9853180146828782
P01,S01,12,lean_left,1.9701140000252053,0.33918039851612514,0.16953906050199996,-0.8580583586371435,0.01593624553855378,0.001239609264229391,0.2298733980311037,-0.5968432845144785,0.011880452875477125,0.22291007856401063
P01,S01,12,lean_left,2.0658945000031963,0.3391632375777955,0.18424558986659553,-0.852521405355558,0.014771234748546738,-0.003863825954106096,0.1594084340062604,-0.5913359600454176,-0.037888564498581793,0.4198866354581679
P01,S01,12,lean_left,2.1440168999833986,0.3393757425646237,0.17563911421453857,-0.8556533413263019,0.0038758960592925502,-0.003321343561061305,0.0653372330254648,-0.5903024953856059,-0.016592668465171632,0.29745465258472326
P01,S01,12,lean_left,2.197416700073518,0.3401262761833859,0.18212456171614191,-0.8524754428224072,0.005506300673099925,0.00058469724693033,0.10369434438955513,-0.594491788601148,0.0027314282854346787,0.3900743945447313
P01,S01,12,lean_left,2.2671227999962866,0.3409235448600105,0.17676814757489487,-0.8741073107250479,0.0096214466905986,0.006124920240617833,0.1636236105458556,-0.5924609320161991,0.0029756793660632684,0.06959920930777877
P01,S01,12,lean_left,2.311819600057788,0.341357520929505,0.18761036934101724,-0.867624752704186,0.0028365930034316726,-0.0036319006768980953,0.10310263549991482,-0.5894894905722957,0.019636940569879927,0.4562623263867959
P01,S01,12,lean_left,2.352290700073354,0.3411601937503418,0.18429230822898993,-0.868054605993234,0.0026695496358911377,-0.0013142680433901788,0.07352241105432625,-0.5889352044359819,2.433223219484658e-05,0.008174653298596884
P01,S01,12,lean_left,2.4187995999818668,0.3433217146758456,0.18302329706303935,-0.8585579807805176,0.0038960621405163976,0.003562684395278204,0.07937878742143822,-0.5878429762562549,-0.03665099299312738,0.5559129824165304
P01,S01,12,lean_left,2.504613000084646,0.34305228742701904,0.1928706048669727,-0.8379880237712939,0.002086452715863466,-0.005484963364344908,0.06838557960602737,-0.5809208912861664,0.04845147145053471,0.5838309290486682
P01,S01,12,lean_left,2.5595007999800146,0.34253992101158803,0.19177995507711004,-0.8394663797007006,0.0009963256072892813,-0.00010849391191457309,0.018259346709348222,-0.5795967732216878,-0.012098847482436528,0.2211906524133826
P01,S01,12,lean_left,2.611556100076996,0.3418438146616893,0.1912644088407762,-0.8369572896968096,0.0004691215399842683,-0.003007573849912152,0.05847513655554162,-0.5918657098110826,-0.023003912757251156,0.45432626251817987
P01,S01,12,lean_left,2.688218600000255,0.34213049846858806,0.1907260487998007,-0.8356848046892853,-0.00022330149981607462,-0.0003162893488715299,0.005050350016292462,-0.5889342945599232,0.0650535775750281,0.8932115256249847
P01,S01,12,lean_left,2.7383088000351563,0.34191423294829637,0.1930708278446231,-0.8359328087942587,0.0001895798564286128,-0.00044366044561914447,0.009631978555346874,-0.5711706099754735,-0.022503324083744974,0.46389333570555724
P01,S01,12,lean_left,2.811111900024116,0.34147499647041535,0.19299712751673181,-0.833302092512967,4.992145422641106e-05,-0.002114156131434583,0.029047464268938984,-0.5859054957453753,-0.02727279499722871,0.39363937666499904
P01,S01,12,lean_left,2.8548007999779657,0.34159769862686584,0.19133856754801207,-0.8329451015282078,-0.0001425565657416412,-3.8300081004027226e-05,0.0033787047074214723,-0.5856930790522159,-0.002611560964168075,0.08360085499705834
P01,S01,12,lean_left,2.898373099975288,0.34149391324299205,0.19466621793517094,-0.8360464045953553,-0.0003902733857014315,-0.0017099769050612364,0.0402537440623421,-0.5833327769502368,-0.0013247190475302966,0.10879678834007149
P01,S01,12,lean_left,2.9780652000335976,0.3405692346371214,0.1838136329553532,-0.839005822591555,-0.003083322633206479,-0.00037531916485944623,0.03897602902385478,-0.5857438453126796,-0.019158945880582107,0.2786665119924325
P01,S01,12,lean_left,3.0212591000599787,0.3405116420655274,0.18366433912705193,-0.8401640357677007,-0.0002089154517828175,-0.0007398250163050509,0.0177978049328795,-0.5837214851276479,-0.002608969548181585,0.0646802269080167
P01,S01,12,lean_left,3.066822799970396,0.33836085267109545,0.18188636704343775,-0.8499143622214055,-0.004739769278829604,-0.002423128103430049,0.11683088480737304,-0.5915473167251893,-0.0097381190736889,0.2496177326456382
P01,S01,12,lean_left,3.156417299993336,0.34007548643279617,0.16876682899982368,-0.8584767194846419,-0.010960701422779018,0.0010152449048387337,0.12286044332562084,-0.5879240593100419,-0.002657543599207795,0.2603795779251651
P01,S01,12,lean_left,3.237776100053452,0.34184273483250455,0.16987266321137423,-0.8522511121870235,-0.00621411461674323,-0.001536397512428322,0.07867900450521723,-0.5885617253891096,0.004315377521192437,0.05371028072470148
P01,S01,12,lean_left,3.311377500067465,0.33687493144785746,0.1651745674065357,-0.8558928828291592,-0.014753468530858774,-0.010542703625941254,0.2463704975806847,-0.5878974742055841,-0.002902306776542448,0.3334777787576456
P01,S01,12,lean_left,3.3617307000095025,0.33371461180504836,0.15310002584879598,-0.8753340251941597,-0.026296026672003526,0.007951343699810685,0.545583849174157,-0.5857320468218046,0.0019774466149730446,0.26293836119806613
P01,S01,12,lean_left,3.442032300052233,0.3360940695682575,0.1487153260632054,-0.8691646446472028,-0.0133996212724556,-0.0009373576581253704,0.1672739675317789,-0.5879564544322986,0.013569217484852639,0.1969807525021646
P01,S01,12,lean_left,3.5271361999912187,0.33333675040600896,0.13231885390821838,-0.8695163103691377,-0.02066795202392463,-0.007002639510497157,0.25641638953791973,-0.5912583571163482,0.005380370584356654,0.1763781323456886
P01,S01,12,lean_left,3.5983830000041053,0.33368159821635746,0.12595100622570551,-0.8733226507611684,-0.03812152311343865,0.005300675976265518,0.5402106466713245,-0.592603613319467,0.005041712920387801,0.33995330814116487
P01,S01,12,lean_left,3.6825984000461176,0.3336802194916592,0.09979144966316528,-0.8708803947343641,-0.03800954687244594,-0.00546351733967757,0.4559760338853949,-0.5862745164776042,0.008239100130886592,0.28089824454632095
P01,S01,12,lean_left,3.728345400071703,0.3325997018442285,0.08305523124949243,-0.8778468305181273,-0.0024016159406249466,0.00278113443018812,0.08032374643028888,-0.5876154653946595,0.005961273260129956,0.13481511641427257
P01,S01,12,lean_left,3.7900676999706775,0.3326099401885358,0.07174466206031813,-0.8763770467440479,-0.025736797792816825,-0.0033626516280717204,0.4205213115033494,-0.5886716447409128,0.001048983639928647,0.32356463454450063
P01,S01,12,lean_left,3.8307201999705285,0.33407132637233095,0.06453189260898098,-0.8766289733422348,-0.0031260778722017094,0.004098371768929248,0.12679451315443913,-0.5900485861074848,0.012034353486800365,0.3494964594479479
P01,S01,12,lean_left,3.8699412000132725,0.3340902138099531,0.048629073703771536,-0.8767852086359939,-0.01688969649715302,-0.0016494788547872653,0.43267767018732955,-0.5885498806281001,0.016676574876592413,0.44021191634390866
P01,S01,12,lean_left,3.956350399996154,0.3361590169363744,0.034052018950739685,-0.8867867602750517,-0.017996431818428565,0.015728271282633356,0.2766006211669299,-0.6064723593501634,0.09406908786153417,1.1110015047396187
P01,S01,13,lean_left,0.3901408000383526,0.34274730046503243,0.038457819666130724,-0.8750236843762261,0.0,0.0,0.0,-0.5893444133541026,0.0,0.0
P01,S01,13,lean_left,0.4685453000711277,0.3423086110314961,0.03127362933693263,-0.8805781408943871,0.0005447950367916526,-0.0004146797858951085,0.008732422225358983,-0.5912404013777911,0.0028816037550401796,0.050765095407653615
P01,S01,13,lean_left,0.5191145000280812,0.34136462067051454,0.032407011445480007,-0.8816245051431857,0.0014183761331817283,-0.0013903953649741301,0.03927687055907154,-0.5975613724083749,-0.005869306819809859,0.12575150053066705
P01,S01,13,lean_left,0.5708381000440568,0.3413386768518216,0.03194144865313665,-0.8811811862979994,-1.3227483868450885e-05,1.7636645157934514e-05,0.0004262233572413559,-0.6049860798103899,0.029451541308555172,0.5709937630045026
P01,S01,13,lean_left,0.6547473000828177,0.34138485422752146,0.027778498287124417,-0.9160299444272042,-9.087754544879203e-05,-0.0017626402691225357,0.021034420882554986,-0.6005634452046283,-0.0016880917152158976,0.022457847616830708
P01,S01,13,lean_left,0.7194255000213161,0.34133179153740356,0.026333701303518545,-0.9176664294181338,-1.2834847206171072e-05,0.0010549022037072034,0.01631121895343707,-0.5956564844267483,0.007925877702390552,0.13420273859009063
P01,S01,13,lean_left,0.772124300012365,0.3411394089241624,0.0265216580344237,-0.9217609406924084,-1.6729655348943836e-05,0.004076007987549204,0.0773460177627685,-0.5942792679049028,0.00787505894359292,0.15227942237615727
P01,S01,13,lean_left,0.8622521000215784,0.3410181189682785,0.026545467012053108,-0.9233284418226086,3.6835810731751944e-05,0.0017895300032125376,0.0198596779055069,-0.5950839470443392,0.024454661595946843,0.2826248463937255
P01,S01,13,lean_left,0.9277333000209183,0.34083048907866453,0.02675599050878844,-0.9206038984514698,0.000201243865126896,-0.003034878153736392,0.046449104657313674,-0.598357309655471,-0.0019960405111637053,0.18180747002575168
P01,S01,13,lean_left,0.9884915000293404,0.3411674475021741,0.030493165646294066,-0.9222323716057922,0.0010393809125876024,0.002789822936110456,0.04899997748198965,-0.5959348130473244,-0.0011183160019643482,0.12881121622108038
P01,S01,13,lean_left,1.0526660000905395,0.3411318227559109,0.027693306064727825,-0.9133715207150376,0.0029914861502957817,-0.006213523435181557,0.10745932421061584,-0.5957999012344406,-0.007799479406766744,0.21837359506565682
P01,S01,13,lean_left,1.117354099988006,0.3409695420698954,0.0392325808610856,-0.9139753577895722,0.0026068872925664346,0.0010985890053902706,0.043731611257325984,-0.5960942155301218,-0.00026259631611915584,0.00631584579154476
P01,S01,13,lean_left,1.1917974000098184,0.33755233661089623,0.04536658133409184,-0.9120164434021512,0.009785256197231819,-0.0019004311919031582,0.133901814833552,-0.5925242231229723,-0.04694292422715246,0.6499399129161135
P01,S01,13,lean_left,1.2604003000305966,0.3377193147915321,0.052026743011929534,-0.9067284972727792,0.024228246542197653,0.005515982308082012,0.3622036250677189,-0.5931065818707325,-0.010371740554566387,0.17581301888459847
P01,S01,13,lean_left,1.303928600042127,0.3357013460014663,0.07571237660590673,-0.9052663707954002,0.007331989979056597,-0.006158500497486183,0.21997732926506805,-0.5919345077014542,-0.018299547169169327,0.43077445476408205
P01,S01,13,lean_left,1.3671983000822365,0.3371547384184206,0.08771619947804188,-0.9045826630278155,0.0255160512649988,0.015478073610517245,0.47168844076125455,-0.6066509250053329,0.03160101730818477,0.5438937705533489
P01,S01,13,lean_left,1.4527447000145912,0.3348374617394474,0.12147707025006352,-0.893979967403819,0.043550624761858045,0.0018295047797123709,0.5095367591044926,-0.5997575523682983,-0.02580391007738298,0.4441176818744794
P01,S01,13,lean_left,1.5085916999960318,0.3339021963250427,0.12304681222572984,-0.8949276863846823,0.008275601538046781,-0.002409339918657824,0.15433584043796325,-0.5971258307571332,-0.013171948113024903,0.3473008642941157
P01,S01,13,lean_left,1.5787792999763042,0.32880725543426215,0.14280870746613034,-0.9179374095518538,0.03621609243605083,0.009900442958385937,0.5349229971064389,-0.5941863209789837,-0.01004706084150919,0.2979134791156696
P01,S01,13,lean_left,1.6639521999750286,0.3345444758794087,0.15999046998555333,-0.8934686020557171,0.03856085993288097,0.008044755539509611,0.46248384752026583,-0.5911769265785499,0.04323367819589339,0.6683606804910204
P01,S01,13,lean_left,1.720114600029774,0.33348173926387453,0.16644279676815227,-0.8910578030540545,0.002361885181848467,-0.008669956900262175,0.15999875727217608,-0.5922428209364073,-0.05653085216320443,1.032972554812681
P01,S01,13,lean_left,1.7844967000419274,0.3326234248969854,0.17329658784771526,-0.8881039153351504,0.024710397349958117,-0.0010844020019635887,0.38417790175794286,-0.5968458729806707,0.0007258583463705347,0.47291424415131655
P01,S01,13,lean_left,1.8522013000911102,0.33542089270282865,0.17818484095963294,-0.8897535991322685,0.025312137368197356,0.01157828960411863,0.411117272422213,-0.5966444099479117,-0.00539081075106973,0.27151355777917535
P01,S01,13,lean_left,1.8902383000822738,0.3378228096778401,0.18155649285620135,-0.8742040958696004,0.005554255555800555,-0.0034505018671224124,0.17190592481094794,-0.5987728951897148,-0.01239316484355203,0.33084205497030933
P01,S01,13,lean_left,1.9296903000213206,0.33890348149819893,0.186113327565563,-0.8622806686252341,0.0023134155859017374,-0.003522600077546395,0.10682178463417771,-0.5929606322775723,-0.0068244594942682485,0.17389596793872591
P01,S01,13,lean_left,1.9720002000685781,0.3390149769535013,0.1949706189090471,-0.8534428739367134,0.006008375054278445,-0.002375025879929782,0.15270071950422953,-0.5882723715985354,0.059307837900791874,1.4747952174697077
P01,S01,13,lean_left,2.0171932000666857,0.3379226190923886,0.20651353593204147,-0.8561185203458594,0.004853908042078518,2.8309870206808165e-05,0.10740580617881793,-0.5877248828963703,-0.013135657931216915,0.29253268586257686
P01,S01,13,lean_left,2.0953635000623763,0.33576323882651216,0.21987228791619243,-0.8576243849519116,0.012901699977053593,0.0016186261276292478,0.16633988415218412,-0.5905722391050731,0.05839525741816854,0.8972592740501834
P01,S01,13,lean_left,2.158103600027971,0.3389412153092987,0.2173178013550657,-0.8572894732387089,0.007751706263582096,0.008485550869705693,0.18318738206025506,-0.5963826663536926,-0.0016694521763127566,0.0919779471730344
P01,S01,13,lean_left,2.228662500041537,0.34048997300838624,0.22265047322929685,-0.8514280591397504,0.0056696102255422865,0.0016853468914367693,0.0838278556633211,-0.5960362239023838,-0.003638614316302731,0.05887124550928933
P01,S01,13,lean_left,2.2799897000659257,0.3416328613654757,0.22444294047898328,-0.8471703494733795,0.005970184868683151,5.836017529952699e-05,0.11632175731967366,-0.5824525407570526,0.021040023811164304,0.40996774285799437
P01,S01,13,lean_left,2.349795200047083,0.34229874734638754,0.22558076786613457,-0.84691475310357,0.004516988153246726,0.0005245680674494564,0.06514308729607453,-0.5962767267437198,-0.06721524079371827,0.9693168551403296
P01,S01,13,lean_left,2.397317900089547,0.3422212613841695,0.2257335156937599,-0.8482296467328407,0.0034534844298902746,0.00019637656851720573,0.07278759902049116,-0.5970975808959855,-0.056749221376698473,1.2054507352499582
P01,S01,13,lean_left,2.4358546000439674,0.3428340981762559,0.22320127902631,-0.8424923594726207,0.002229736112337871,-0.0003799678965703249,0.05869416612872872,-0.591755014384773,0.051248927340732595,1.3306717200353713
P01,S01,13,lean_left,2.5132828999776393,0.342169465980318,0.22401365998100534,-0.8382704273450267,0.000896283359626891,-0.0001462377688949565,0.011728723128864946,-0.5958566305572192,0.0724220570114636,0.9410231639579173
P01,S01,13,lean_left,2.5724213999928907,0.3421261572238696,0.2226584188665403,-0.8429073503356559,0.0010382976402113886,0.0005168186500586575,0.019611789963968913,-0.5990323757643585,-0.003982924096783232,0.11033726980965385
P01,S01,13,lean_left,2.62596770003438,0.3422080905558567,0.2221072249338171,-0.8388363776577537,0.00023522551041506166,0.00015449465215709715,0.005255718933699243,-0.6113870889633648,-0.02318279040114111,0.4402737198829562
P01,S01,13,lean_left,2.699367400025949,0.34189121499518965,0.22175585295008268,-0.8377736124724783,0.00033529563801714795,-0.002585868998252618,0.0355248914418005,-0.582213803645652,-0.10389524604215497,1.4620665686843517
P01,S01,13,lean_left,2.7404578999849036,0.34103546504160354,0.2216585504220045,-0.8346558798546536,0.0005265112013026549,-0.004504838577120641,0.11037837686404592,-0.5773954439550156,-0.0019153926568866019,0.09817452175993091
P01,S01,13,lean_left,2.817597800050862,0.3421800516895881,0.22164548538482812,-0.8314955559430061,-0.0011509662483500562,-2.5780250435990668e-05,0.014924247171171565,-0.5851707603249535,-0.022157469193299948,0.2980351208135569
P01,S01,13,lean_left,2.889669800060801,0.3427521753407596,0.20851920067516483,-0.828869450526447,-0.0032899729147549002,-0.0013574643447678493,0.049381467209069135,-0.587718477851696,-0.02442081851121623,0.4342129481741188
P01,S01,13,lean_left,2.9424011000664905,0.34195756456344706,0.20559212635185728,-0.8254339064804559,-0.0014302096582294828,-0.005658524876138182,0.11068325322741802,-0.5895734126464492,0.03852677956045577,0.7489605708230089
P01,S01,13,lean_left,2.9914558000164106,0.3424351447794978,0.20200693724574012,-0.8262221837794785,-0.002294821804066762,0.0018466144204599725,0.060045981997570025,-0.5817448027344571,-0.027851252797709707,0.6201247113014368
P01,S01,13,lean_left,3.0598708000034094,0.34208780658855686,0.1958524501015341,-0.8159688438264473,-0.010984564052050129,-0.011005733951124958,0.22728197101172729,-0.5836448188015761,0.004728930819126112,0.12493351476633935
P01,S01,13,lean_left,3.1089337000157684,0.34239511256605815,0.19220674645110505,-0.8161254436534162,-0.002347358072050456,0.0007356682954176336,0.05013846649051198,-0.5885043598147174,-0.0013215694034883147,0.029971985014174588
P01,S01,13,lean_left,3.188584899995476,0.3412364120296045,0.17708454720104463,-0.830291790005011,-0.01244315064330277,-0.00798795179568032,0.18564012938334826,-0.5824017597449107,-0.0017756720314624195,0.22315835693338681
P01,S01,13,lean_left,3.2644601999782026,0.3372779423423807,0.17154014983374713,-0.8424204270263749,-0.01308401330542951,-0.005395606956450438,0.18652814305882692,-0.5790531269071866,-0.004327749798628648,0.38639131503527757
P01,S01,13,lean_left,3.32038020004984,0.3381458218722037,0.165851819092792,-0.8427147701145663,-0.008449280925148798,0.0010877563439123219,0.15234284311812069,-0.5854573655367734,0.00036841101430743216,0.06223333385673215
P01,S01,13,lean_left,3.378819999983534,0.33233043426653736,0.16445348926386588,-0.8542998118645871,-0.023841826755257357,-0.008265777606266123,0.4317951185241775,-0.576871884949184,0.008121114894155766,0.2974293566843649
P01,S01,13,lean_left,3.4564881999976933,0.33284098404157014,0.14524694254114418,-0.8620144943448824,-0.03800214658626145,0.0020525970994311224,0.4900015620960412,-0.5769404035811885,0.0011997336278557994,0.4218026051789122
P01,S01,13,lean_left,3.494980600080453,0.3351426985411546,0.13075745917553347,-0.8582669828429041,-0.005331188295506628,0.0010919012056399432,0.14137486466511084,-0.5795869958332367,0.0014167482444755433,0.08779408203052842
P01,S01,13,lean_left,3.5453314000042155,0.3352068984371828,0.13128746402988073,-0.857783783422187,-0.0033149066901839216,-0.0020888757593099435,0.07781731174509758,-0.5841171443678498,-0.0001733409441375851,0.055349448626543625
P01,S01,13,lean_left,3.612987900036387,0.33578218449911923,0.11029698707496359,-0.871567676930468,-0.02950062802457977,-0.0010222792188141685,0.43629710541568645,-0.5792482394343258,0.026584888783564305,0.5439739095724382
P01,S01,13,lean_left,3.6706435000523925,0.3373292050616516,0.087507035683363,-0.8763433615330181,-0.03880473305543373,0.0019857954492431217,0.67392430957262,-0.5781564786800194,0.00824279406830243,0.24737066085647966
P01,S01,13,lean_left,3.7415781000163406,0.3352147893988456,0.06613441014409367,-0.8825199424781558,-0.005429571096681459,-0.00012268911216230832,0.07656287753288647,-0.5891764487977251,0.04864197981697916,0.6969692581374292
P01,S01,13,lean_left,3.796294800005853,0.3340186474333495,0.0698804922708911,-0.8805346030270397,-0.035630791636099356,-0.010584497990446385,0.6793113858037861,-0.5976086506757585,-0.002930592905103931,0.6145598052565939
P01,S01,13,lean_left,3.834524500067346,0.3348843236630703,0.048970159791468154,-0.8867529693527155,-0.004079033419239881,0.0061568838144384136,0.19318771077304736,-0.6035850912087413,0.07625195818790564,2.023356772044876
P01,S01,13,lean_left,3.894251100020483,0.33854772001769134,0.03622602097920581,-0.8814182254371609,-0.03281904372309106,0.004214167436334221,0.5539993924658905,-0.6033992731597264,-0.00658804080098723,0.17721548257378764
P01,S01,13,lean_left,3.9661211000056937,0.3393035056321951,0.024435280356112397,-0.8938835369294313,-0.033126217070609684,0.013515955760009675,0.497808117701543,-0.6063012195633891,0.0427079217135571,0.6249304687795746
P01,S01,14,lean_left,0.3730437000049278,0.33812504793615944,0.048973152353505696,-0.8882107065996877,0.0,0.0,0.0,-0.5881828274121261,0.0,0.0
P01,S01,14,lean_left,0.4667419999605045,0.33806688360497517,0.0496307523832542,-0.8898936312485513,-0.00025229991699881704,-0.003754790483833199,0.040163561954815144,-0.5872115446165522,-0.028480114199822826,0.303981000287145
P01,S01,14,lean_left,0.52178399998229,0.33799262746841524,0.04968852086898079,-0.8964217412582108,0.0001491471239960623,-0.001025733664467155,0.018831443978878964,-0.5909502440011222,0.005139415832697115,0.22416200732965325
P01,S01,14,lean_left,0.5715017999755219,0.33807903028821484,0.04986733206889751,-0.8956602051369773,7.038932407693982e-05,-0.0004916233692887832,0.009989116245906026,-0.596867459874438,-0.00301733976664803,0.2752193578211724
P01,S01,14,lean_left,0.6573616999667138,0.33779486539649084,0.053699034192794926,-0.8973301586145576,0.00036305038704901585,-0.000396752755907515,0.006263578589444803,-0.5925733285615621,-0.003906850116420137,0.23609123680010177
P01,S01,14,lean_left,0.7197990999557078,0.33817547985388346,0.05291683777444042,-0.8942049114022179,0.00019370270321330648,4.8910373195352636e-05,0.0031997214190931226,-0.5935804046292311,-0.0015799263054627458,0.1516722319046499
P01,S01,14,lean_left,0.7830663999775425,0.3381136179151851,0.05304987556402563,-0.8930899156754337,3.054152261304897e-05,-0.0014151346191991377,0.022372760570689473,-0.5953446769422862,-0.00023943919850862678,0.0147020527449366
P01,S01,14,lean_left,0.8609068999066949,0.3378460647105176,0.052899495831301116,-0.8941597420009774,0.00035946685906765774,0.00041177700567554017,0.007022112207592691,-0.5925514135805672,-0.019375658170494456,0.2670058191105661
P01,S01,14,lean_left,0.9271764999721199,0.3376937959726006,0.052777202478862105,-0.893733175503765,0.00025487322563263033,-0.0013215812167065926,0.020309970262625494,-0.5929731856831364,-7.562611843601617e-05,0.04747863620654609
P01,S01,14,lean_left,0.9769950999179855,0.33769696508928754,0.052667319241673984,-0.8968962886654245,-7.285175667639691e-05,-0.0007226929562968072,0.014580008698720141,-0.594286488785126,-0.000544430276456082,0.012013434375450506
P01,S01,14,lean_left,1.055931199924089,0.3370304106830413,0.0759412262993812,-0.8867113445246292,0.0010194215796439211,-0.007114596127422527,0.09105161580395699,-0.5929536231385794,-0.0006925775917798463,0.027368759766888573
P01,S01,14,lean_left,1.1210470999358222,0.3368435957030298,0.08564448738498463,-0.8843529768387723,0.002040593237687084,0.0005678341744483049,0.03252854806860522,-0.5884735829732546,-0.0322153667616139,0.5467156186860685
P01,S01,14,lean_left,1.1702193999662995,0.33592452868635725,0.0871442687555908,-0.8881483354947264,0.0027812878401820393,-0.002653978492473547,0.07818157400619974,-0.5850831082450624,0.025645856096325404,0.5348776999292422
P01,S01,14,lean_left,1.2624384999508038,0.3345413527730708,0.09448346515144689,-0.8808204946810708,0.014477015979989861,0.005534261940015138,0.1680647030916666,-0.5870419572107582,-0.0045948640698494966,0.16589030298932414
P01,S01,14,lean_left,1.3346090998966247,0.33312797399302885,0.10009093864867548,-0.8875552914856829,0.002305885183809035,-0.006580204575158329,0.09661180225276957,-0.5846904555288939,-0.014813271436250946,0.29252601464660105
P01,S01,14,lean_left,1.4083250999683514,0.3313585088383677,0.11104266139257497,-0.9014164713644139,0.01987233663662119,0.011927188448108503,0.3144076743026442,-0.5888521312163971,0.03989105122371994,0.7658165444590271
P01,S01,14,lean_left,1.4909474999876693,0.32731534298585724,0.13059848102761204,-0.8843100925870527,0.033067600315408625,-0.006492194877957971,0.4078661963752091,-0.5915367641273006,0.00985305987090311,0.12332827189642462
P01,S01,14,lean_left,1.5568363999482244,0.32735872062381755,0.13885454793186106,-0.8899688667211781,0.026003073995548007,0.00511109641527679,0.40220167190914974,-0.5871368200843011,0.0384807068802829,0.6876844571892304
P01,S01,14,lean_left,1.6300234999507666,0.32900621313457334,0.15035073763952933,-0.8822835382279921,0.007268957144301661,-0.0019356650472803448,0.1027813564687634,-0.5865434711119001,-0.08799097909798591,1.2196760592996254
P01,S01,14,lean_left,1.6839637999655679,0.328512159038289,0.1615226087733189,-0.8907909232320538,0.02340810935194994,0.008205904089359431,0.459855925506575,-0.5914705797862745,0.09105272811363935,1.7488206213418651
P01,S01,14,lean_left,1.7350942000048235,0.33061963611305023,0.16718912134211245,-0.8816753926357512,0.008712560162027804,-0.0026580722575953223,0.178152516270973,-0.5933053130594074,-0.07869379621254623,1.548364331722594
P01,S01,14,lean_left,1.7823666000040248,0.33109474270589906,0.17798673291482445,-0.8878396828902089,0.0167529786146019,0.009438962121000179,0.4067711454604613,-0.6003762520251514,0.01430277615423081,0.7810847437281515
P01,S01,14,lean_left,1.8522457999642938,0.33270982621388073,0.18963982484915376,-0.8720948220820074,0.024704876059321552,-0.0007465140347835347,0.3536982723025,-0.5920092983770074,0.04950507886559597,0.7254837857315144
P01,S01,14,lean_left,1.932432199944742,0.33624409166816716,0.196403547480598,-0.8515293107420862,0.005230853727804334,-0.011901018733474614,0.16212037379629135,-0.5857203010587252,0.026596172845216547,0.389637680507023
P01,S01,14,lean_left,1.9833988999016583,0.3344291801521982,0.19578680258420555,-0.864635102728034,0.015934786467636915,0.0035285579946287685,0.32022455127024646,-0.5833256725556182,-0.10218020907945596,2.042368792111902
P01,S01,14,lean_left,2.063206599908881,0.33708182130731507,0.20458328823242578,-0.8458973229813823,0.013685405710993907,-0.0072371120219595405,0.19398070234974574,-0.5909838586653023,-0.05706622625505305,0.7285752700420897
P01,S01,14,lean_left,2.136178799904883,0.3400265301837535,0.201762896216196,-0.8450836558636187,0.00478083982812143,0.005658230624953666,0.10151213644373898,-0.5952639132386409,-0.020258853553146685,0.2931208078102482
P01,S01,14,lean_left,2.2043595999712124,0.33902222990098724,0.2082920472288499,-0.8463374902860046,0.007057456822555013,-0.0032616898608566047,0.11403097325217834,-0.5862319919804326,0.11715753800226844,1.7593494721062815
P01,S01,14,lean_left,2.2518532999092713,0.33870216472121595,0.21236289124828972,-0.8462747826765445,0.0062541362037534095,-0.000467137639012449,0.13205030998623588,-0.5833920630152586,-0.03917111440047443,0.8275974989828863
P01,S01,14,lean_left,2.3088809999171644,0.33920320415854155,0.20608787782680285,-0.8450993372080472,0.003327469908274948,-0.000810594425341466,0.06005467841298152,-0.5806571721334586,0.0009727236229263823,0.0541160899903094
P01,S01,14,lean_left,2.3517289999872446,0.33955106566149124,0.20280884109784725,-0.8421703500290111,0.0026064113917618893,5.169640051682896e-05,0.0608412065578346,-0.5883339055163386,-0.04679460211427393,1.1367148454981482
P01,S01,14,lean_left,2.4606757999863476,0.34090062265123594,0.1994717635600805,-0.8341632070544902,0.001021092665601851,0.0010071050948401818,0.013164099317147846,-0.5768181535502493,-0.03591690619868972,0.35349612403918457
P01,S01,14,lean_left,2.516010799910873,0.34091229007996277,0.20065182899092499,-0.840493015745974,-0.00016513510550514852,-0.00035020181718032023,0.006997077995751362,-0.5761182544264718,0.004694492824559917,0.09033329356430495
P01,S01,14,lean_left,2.5826261999318376,0.34061199254409386,0.19983267290025433,-0.8362483092048062,-0.0015290870475734642,-0.0021835601029551025,0.04001651305063336,-0.5749984944345115,0.0025058130737265925,0.0682940982175738
P01,S01,14,lean_left,2.664559999946505,0.34136659543712705,0.19982784351528843,-0.8342505520384749,-0.003918725387123203,-0.0003912919738693415,0.04806578660693103,-0.5771192031653148,0.012005683701814528,0.15800811146602348
P01,S01,14,lean_left,2.7490598999429494,0.3422088837531276,0.1911192391611318,-0.8323104023082477,-0.001933181702083777,0.003225394968842903,0.04450144392780242,-0.5832893820187057,0.021174772407860063,0.26296916309193397
P01,S01,14,lean_left,2.7947929999791086,0.3408364966639395,0.19422960896993327,-0.8305452426200104,-0.005984221648371595,-0.0017844503192619339,0.1365446778462844,-0.5697927282763371,0.06813658787687597,1.501626535667582
P01,S01,14,lean_left,2.866513399989344,0.33841563442897366,0.18295482092529458,-0.8397881798921147,-0.010738687949719645,0.0006370568561832675,0.14999313420224478,-0.5792671622722465,-0.0485880622410034,0.8336860377192017
P01,S01,14,lean_left,2.9479664999525994,0.338350193614584,0.1776286101306989,-0.8360849808874494,-0.005374103902277412,-0.004557149913887676,0.08650593832864258,-0.5807189312021896,-0.0003840019011481509,0.055823776235356344
P01,S01,14,lean_left,3.024922899901867,0.33382146443379784,0.16789377399858185,-0.8609159669502802,-0.012396718974106847,0.0006302901954312631,0.16129563830603816,-0.5761136790954278,-0.008673591561068575,0.3444151985316668
P01,S01,14,lean_left,3.1203115999232978,0.33128335710901796,0.14166651452865822,-0.8667011008884993,-0.02228031177505836,-0.010374751879106065,0.25765508161585754,-0.5744943614134934,-0.020493530158664657,0.3747748263791887
P01,S01,14,lean_left,3.188770799897611,0.33052325818039535,0.1215769843771836,-0.8853841687191251,-0.03210232647949886,0.011015804299133238,0.4957662377872891,-0.5768274371945825,0.0041247206210456855,0.3388389398423954
P01,S01,14,lean_left,3.247431299998425,0.3319376368990126,0.10581825609702579,-0.8848953763476943,-0.008509039309903706,0.00025228993822987877,0.14511943516259557,-0.5808123835944461,0.0026056397930143073,0.08200781174835468
P01,S01,14,lean_left,3.306476900004782,0.3286155665434778,0.10966635359424297,-0.8856669215874211,-0.0340522563250069,-0.008026566028709405,0.5925158354992776,-0.5792538552407402,0.017893293375382303,0.5736234422548699
P01,S01,14,lean_left,3.3885519999312237,0.329016065076272,0.08403147086335391,-0.8814746881595205,-0.03646647881049853,-0.0037735687781189926,0.4466787649098503,-0.5816342331052328,0.00966869554033843,0.1376549443738596
P01,S01,14,lean_left,3.4411659999750555,0.3317872353146496,0.06484949206146397,-0.8789010659110086,-0.00507700925986449,0.0046089385041737175,0.13032637395205018,-0.5858921701605364,0.0038258647556809137,0.09583320854168415
P01,S01,14,lean_left,3.518517299904488,0.33224105768265566,0.04924655737826701,-0.890845396902848,-0.027299706912257006,0.005773419122905018,0.3607375558659042,-0.578944053984803,0.02572525973552219,0.33592347611705303
P01,S01,14,lean_left,3.5655321999220178,0.33062017396246496,0.03213933866119966,-0.9018880024918136,-0.02677583387472897,0.006367266163070344,0.5853992716018307,-0.5900112115651198,0.04000238986300039,0.9079739201659368
P01,S01,14,lean_left,3.6193397999741137,0.3331581807730885,0.012548782021469066,-0.8994410763976204,-0.00863235297089274,0.004423946157538049,0.18027079878357713,-0.5989037131757571,0.015557289933952846,0.3107497351997311
P01,S01,14,lean_left,3.6609591000014916,0.3367197895952313,0.011622930695517286,-0.8865879592654623,-0.021846553326854982,-0.0029176590977659884,0.5295745571779675,-0.5970447616426258,-0.0007830377105717042,0.24601836929181187
P01,S01,14,lean_left,3.730041299946606,0.33563742239258926,0.008064997999495258,-0.8921316114934296,-0.005278933612238295,0.002666371147175936,0.08560972510878445,-0.5943218035199722,-0.0168638168120136,0.2490389187247579
P01,S01,14,lean_left,3.775910699972883,0.33424549373290824,0.005458022312480819,-0.8979012888918134,-0.01894615125880904,0.0018464760360238717,0.4150025202306934,-0.5961853744418147,0.019066271596679348,0.5290914114512284
P01,S01,14,lean_left,3.8519935999065638,0.3343290637743212,0.0014693505121324928,-0.8948158760554743,-0.019224927368359793,-0.00601351987739073,0.26475714795933425,-0.5876431581330829,-0.002227578347690012,0.1666385797825077
P01,S01,14,lean_left,3.938190099899657,0.33566364710672997,-0.004026546020858246,-0.8933984107613273,-0.006523260258240979,0.001426706533685501,0.07746782987961,-0.5892626275776851,0.0010117015366557568,0.038366416622996544
P01,S01,14,lean_left,3.9878364999312907,0.33414929891543316,-0.006508942540810929,-0.8990468467316952,-0.007975293013388467,0.0014862395398717904,0.16340752901751476,-0.5866731189486099,0.018722566970669458,0.4260809915270961
P01,S01,15,lean_left,0.37582069996278733,0.33744602205012053,0.08844659897409579,-0.8992686761688777,0.0,0.0,0.0,-0.5665961069075549,0.0,0.0
P01,S01,15,lean_left,0.46609509992413223,0.33705253549833925,0.08830705209319199,-0.8938534779926887,0.001563095955918936,-0.009300500516084019,0.10446967610369812,-0.5742438280961718,-0.05143137335715669,0.5929808297659797
P01,S01,15,lean_left,0.5159323998959735,0.336680305067131,0.09363424809910155,-0.8952728855752183,0.0007942734836582428,0.0005688177204934657,0.01960271214013498,-0.5724246112866783,-0.0005152548808475175,0.04529782605924329
P01,S01,15,lean_left,0.5647341998992488,0.3367780992344304,0.09355661773316036,-0.8875259217429062,0.0001660118544715646,-0.002744416653905455,0.05633876538733187,-0.5699912284297207,0.0008222594323714413,0.17182729127845445
P01,S01,15,lean_left,0.6181128999451175,0.33669563451621354,0.0898714978737079,-0.8938967118726893,0.0002719154185249506,1.6994713657809413e-05,0.005104020619940873,-0.5666096234812639,0.0004451597060135492,0.30933023561344863
P01,S01,15,lean_left,0.6762124999659136,0.3364234145630225,0.08909206750735056,-0.8901121528819519,-6.599638793771815e-06,-0.0016305094179619331,0.028064268491522774,-0.5688002138786186,0.0018965467744709722,0.04894319738641022
P01,S01,15,lean_left,0.7213706999318674,0.33635066447709205,0.08915984863425747,-0.893869784760474,5.5510979902234606e-05,0.0008597335003852871,0.019077902664996073,-0.5680780930074452,-0.000406432831889697,0.011313900890171254
P01,S01,15,lean_left,0.7683320998912677,0.335644680350789,0.0816973050544757,-0.8950164166492197,-0.0008019628838578473,-0.001259326791602729,0.03179206352705148,-0.57163445591473,0.002135558315984342,0.09486562934171254
P01,S01,15,lean_left,0.835401099990122,0.3352509222738268,0.07626057737995669,-0.8969402280298195,-0.0009006899321383398,6.63160964641928e-05,0.013465654705070955,-0.5807332175426501,0.04139852376050039,0.6238984200008647
P01,S01,15,lean_left,0.8931050999090075,0.3354650007422694,0.07063700746885153,-0.8956757870873583,-0.001250584386816259,0.0015658734390866934,0.034728550604122825,-0.5813811632057247,-0.009870424527587667,0.17117079402375263
P01,S01,15,lean_left,0.9601595998974517,0.3336496358191579,0.07126599214056316,-0.9006072467432138,-0.002927892677442486,-0.002789979187281981,0.06031395166136615,-0.5833448984014017,-0.003672036806317063,0.0565014437107798
P01,S01,15,lean_left,1.039299999945797,0.3331713900907313,0.06566068182589004,-0.9010828798811319,-0.000798479217322097,-0.0008379715798883554,0.014625682533597062,-0.5836110857402287,-0.018263002358800764,0.26119096630007405
P01,S01,15,lean_left,1.1002500999020413,0.33320640978147925,0.07876529837331359,-0.8945030765856486,-2.8263363482976963e-05,0.000226196348887496,0.0037400311404948328,-0.582431882032529,0.00043335873242668176,0.08420660575546589
P01,S01,15,lean_left,1.1676523999776691,0.33191217550743984,0.09780172590752621,-0.892061768677369,0.003755502590770762,-0.005469365083779499,0.09843266040058098,-0.5757421035059817,0.0037230896274734627,0.05596136291128604
P01,S01,15,lean_left,1.2139392999233678,0.3324421928628467,0.10271724356418524,-0.8939182776667928,0.0021142709542966444,0.004070763839117061,0.09910094034481925,-0.5807119669153925,0.005478627354410624,0.19906286641367837
P01,S01,15,lean_left,1.2597428999142721,0.33163550199660313,0.10986722500154304,-0.891145109697507,0.0013706612213760477,-0.005071693646995575,0.11469939637872821,-0.580111613719609,-0.0008711768240042214,0.10175238302688365
P01,S01,15,lean_left,1.314335799892433,0.3302473641766524,0.11354166319191278,-0.9015071881621316,0.015111815698638379,0.010891899506520189,0.3412155803756168,-0.590806169643917,0.0896755513194494,1.791932684831216
P01,S01,15,lean_left,1.3818754999665543,0.32773475504855876,0.13210954225539687,-0.9082240779219081,0.04198512777230622,0.006547995284098574,0.6291510358984367,-0.5923670643884527,-0.07519332270623325,1.1318135682308774
P01,S01,15,lean_left,1.4528920999728143,0.3300605528871488,0.14392075026281775,-0.897963074364519,0.006559371275713638,-0.005394133663860317,0.1195842801189184,-0.5892169572751444,-0.03763173426194457,0.5300852652880305
P01,S01,15,lean_left,1.5248503999318928,0.3299469239177594,0.1466006118754612,-0.8955165165128082,0.028580101997902698,0.011516205257102128,0.42820729361862125,-0.5808020696439808,0.09799578227581143,1.4889704593095612
P01,S01,15,lean_left,1.587066699983552,0.3285655284671407,0.16424838769847042,-0.9087766694399256,0.02960313305503582,0.009432435964531704,0.4993794275997923,-0.5826818722194462,0.004173030701791329,0.21533698447281457
P01,S01,15,lean_left,1.6512030999874696,0.3318482601376357,0.17426124888118646,-0.8893512253741531,0.003900770407452673,-0.008798129952962266,0.1500565917271188,-0.5775733665981518,-0.08925333889520333,1.4406527789854584
P01,S01,15,lean_left,1.736422699992545,0.3329498761514196,0.16562806826839674,-0.8885608466081281,0.029215148287654348,0.007526890589505972,0.3540168286720023,-0.6024778524283686,0.09732431119189228,1.2559411156031937
P01,S01,15,lean_left,1.7906251999083906,0.33369573967187716,0.18861158959515087,-0.877437924521335,0.013688434124244921,-0.0051070061690667865,0.2695464304844632,-0.6099430750442528,0.009392582691104078,0.3497487738459547
P01,S01,15,lean_left,1.8297269999748096,0.3360961322948009,0.18541398827794953,-0.8680196088623382,0.00684986907635379,-0.0032548837751146423,0.19395175600208,-0.6115256732858491,-0.10470449589787348,2.6870587305290545
P01,S01,15,lean_left,1.8931398999411613,0.33633158273847735,0.2044488354677459,-0.8618648767703829,0.010844705098358253,-0.005698594046594146,0.19319065500745658,-0.587713608269996,-0.008516295069654595,0.15615777208558076
P01,S01,15,lean_left,1.9327575999777764,0.3370627323808067,0.2014150633198315,-0.8580292802691979,0.005583402949490086,0.0005686144354242532,0.1416609782896766,-0.587817259089668,-0.03005824089255464,0.7806976274193352
P01,S01,15,lean_left,1.9760212999535725,0.336492008815523,0.20536408968669617,-0.8557058415715895,0.00641951955336922,-0.0015006910634063598,0.15238166662042113,-0.5882395359385583,-0.026282200451601366,0.6141696974397722
P01,S01,15,lean_left,2.0640988999512047,0.33670251981224014,0.20909159987232348,-0.8546771208953152,0.015447214969350828,-4.700004382708788e-05,0.17538269061936337,-0.5822864153298251,-0.024746954649682067,0.32305150333158666
P01,S01,15,lean_left,2.1310786999529228,0.33877901644080133,0.20991186580713062,-0.8475878813038273,0.0038271261576297935,-0.0008009650308060974,0.05837645719548523,-0.5769671225094327,-0.0001411518343664881,0.06452791911687697
P01,S01,15,lean_left,2.185471099917777,0.3396874260247758,0.21226562062073176,-0.8466811036781955,0.0023600154425773147,-0.00136435993782486,0.05011754850218539,-0.5765333641522623,0.025171082516626656,0.5739220413464367
P01,S01,15,lean_left,2.2626384999603033,0.34070960516815163,0.2161351403950991,-0.8470689506080472,0.00818101857416293,0.007755995380553983,0.14608730394853803,-0.5896920654123355,-0.0356567933088869,0.4782010502426898
P01,S01,15,lean_left,2.3324776999652386,0.3418118516874676,0.21614269852931434,-0.839104816641468,0.0020215265863622023,-0.004550669044100943,0.07129912306620644,-0.5890224707779168,0.002714832777426656,0.03931228265171719
P01,S01,15,lean_left,2.4233705999795347,0.3410766891327871,0.2214843981246074,-0.8363375815575513,0.0050411395519507195,0.001995432869066083,0.05964933310018241,-0.5828700742325584,-0.0011518777816149962,0.1170405691042087
P01,S01,15,lean_left,2.498109799926169,0.3418192003995722,0.22277231425017055,-0.8358407905103649,0.0022325201924504917,0.0014221134444684829,0.035416346909416155,-0.5787292237875531,0.0007788637444586527,0.02932494375145897
P01,S01,15,lean_left,2.5770546999992803,0.3416176107604963,0.2289915605263699,-0.8453339299971395,0.0019128859356525925,-0.0014732894459479628,0.030584371475348544,-0.5770166164235825,0.008966540812008355,0.12553570122967475
P01,S01,15,lean_left,2.653259399929084,0.3413271047814961,0.229143629839399,-0.8360922865867704,0.003150299750140246,0.0005639552136515805,0.04199715099795712,-0.5761844212019911,0.00881091421372939,0.19143045684879878
P01,S01,15,lean_left,2.731144499965012,0.3422838221106079,0.2268049125912462,-0.8374796164219022,0.001513477516143638,0.0018651928865714951,0.03084018083557198,-0.586032345777284,-0.02123076924447248,0.2753431493704436
P01,S01,15,lean_left,2.807947199908085,0.3422423045311476,0.22686756302276812,-0.8362721438784386,-1.8591494229474687e-05,-0.0011180149621181521,0.01455898726784,-0.5852075292714835,-0.011431937831646427,0.23386327546744232
P01,S01,15,lean_left,2.860507799894549,0.34251609426696145,0.22647369486639607,-0.8266881052009452,8.49652565198937e-05,-0.0005770502624064876,0.011097131545088257,-0.5781998999380551,0.05062203860141367,0.993330556035141
P01,S01,15,lean_left,2.8996342999162152,0.3420094304411316,0.22734824149686567,-0.8333763961317164,0.00021732439347957002,0.0038067495804123878,0.09745180307150847,-0.5766943450524294,-0.015548510370717531,0.40979095343234145
P01,S01,15,lean_left,2.98144149989821,0.3416016249166124,0.22175806092949837,-0.832731815638234,-0.0023980460739042105,-0.0012798536000354628,0.033226991865658105,-0.5995410892911156,-0.024949427432005844,0.3262571845269873
P01,S01,15,lean_left,3.0423295999644324,0.3422792422101601,0.2204942258974503,-0.831191293362691,-0.003660170035792957,8.881160493157971e-05,0.06013075380393286,-0.592682043858621,-0.011855260262592362,0.22184018748744563
P01,S01,15,lean_left,3.090756499907002,0.34300096407163133,0.21075908558887183,-0.8392440726560304,-0.0048373464520818175,0.0033451492331276716,0.12144741114447295,-0.5830852649199417,0.009663387019981061,0.2314351151655102
P01,S01,15,lean_left,3.1669678000034764,0.3420786084015394,0.20059985774008313,-0.8354511494264072,-0.011861647866165854,-0.0047746811356891945,0.16777782274909162,-0.5731644091175012,0.006470667503640668,0.22661234252433074
P01,S01,15,lean_left,3.2286049999529496,0.3418069533270465,0.1958394751384057,-0.8361452147259781,-0.007842088799256708,-0.0020521158299716025,0.13151379171538313,-0.5760920950066634,0.0041066500970130615,0.12117613306248756
P01,S01,15,lean_left,3.3135062999790534,0.33729834643877665,0.18508945428545984,-0.8481052711861167,-0.019479089555120205,-0.0008404419812452667,0.22964562277792033,-0.5753985754429557,-0.0012466799800340616,0.13514933350622868
P01,S01,15,lean_left,3.389059599954635,0.33474280110160876,0.16460169958433918,-0.8664503567043925,-0.02316217754905305,0.002567283793836461,0.3084447858570342,-0.5734990301464195,0.04545085246407606,0.7066315695347241
P01,S01,15,lean_left,3.4336522999219596,0.3369950848154839,0.15485402026312006,-0.8643470773976555,-0.010394883296332069,0.0018691723243714979,0.2368459512650021,-0.5787913493293293,0.009659609399441329,0.2217594284987341
P01,S01,15,lean_left,3.4779813999775797,0.33413496907966234,0.13397052017341496,-0.8642649318320478,-0.02312840956849512,-0.009477502409629912,0.5638491888128968,-0.5712675745658861,-0.00041164726290204596,0.7241825187070142
P01,S01,15,lean_left,3.5365609999280423,0.3328259020681331,0.11729923218543019,-0.8821032814444171,-0.012471229634101461,0.0016667585830233823,0.21478665605477595,-0.5818107084817346,0.01656463361686092,0.42136099044545605
P01,S01,15,lean_left,3.605918199988082,0.33155927602509877,0.10584894611705005,-0.8846606274702209,-0.030772879612971052,-0.0014178515497419518,0.44415757585412696,-0.5767559550369624,-0.00487080736441862,0.31768077095431646
P01,S01,15,lean_left,3.6887669999850914,0.3294048708834266,0.09475424147411014,-0.8953243429284846,-0.038652018221485805,-0.001871891112440862,0.4670836377468268,-0.5769533367413185,-0.003922933871026179,0.4180194587969727
P01,S01,15,lean_left,3.751366699929349,0.32966635766106694,0.07875265045891376,-0.8954397302884173,-0.0045363004185912685,-0.003172006677777388,0.08842389335695476,-0.5799763135074858,0.002785473460742447,0.12460193242869905
P01,S01,15,lean_left,3.8370917999418452,0.3254791919809438,0.06445747955360641,-0.9018135736774057,-0.030478691382776306,-0.012320271104969268,0.3834886844768075,-0.5802823917390777,0.005371740245171846,0.11602174467359477
P01,S01,15,lean_left,3.8976053999504074,0.32676310297839806,0.056307485809741945,-0.90389286292943,-0.02645532945964074,-0.00039655792395344475,0.4372290102498501,-0.5719251018428341,0.017777006117109768,0.4282543644081664
P01,S01,15,lean_left,3.985669199959375,0.3284188536138651,0.0352041048611977,-0.9066305197286565,-0.029958235338323445,0.007685908022079679,0.35120504041748046,-0.5806307741749899,0.0596620670476342,0.7127098135956004
P01,S01,16,lean_right,0.3799970999825746,0.33485396522124117,0.013681271164194986,-0.8860570975947848,0.0,0.0,0.0,-0.5889724503068111,0.0,0.0
P01,S01,16,lean_right,0.46844129997771233,0.3351676802441439,0.009435496399493738,-0.8879264039113876,-0.0011117818332099132,0.002552736805664286,0.031481267016778225,-0.5896538793772159,0.05645148638297491,0.6470324800696244
P01,S01,16,lean_right,0.5283261999720708,0.3356043729593367,0.00758333123069285,-0.8868384233636268,-0.0004992445568756757,0.0045572272170584845,0.07655505473484997,-0.5858056969779609,-0.01848413798824915,0.31062316889011676
P01,S01,16,lean_right,0.5887025999836624,0.3352144114393657,0.007144604020561863,-0.8934577951623587,-0.0020666915340830376,-0.0008159724210536918,0.03680149351395982,-0.5905043316687135,0.001748955397310397,0.11115663893771012
P01,S01,16,lean_right,0.6583484000293538,0.33538192490056484,0.006432725677173242,-0.8933937296373012,5.420511752946744e-06,0.00044074980810845655,0.0063289263435112215,-0.5927207186446115,-0.0022187085599951386,0.16237733191465512
P01,S01,16,lean_right,0.7134465000126511,0.33555643004434754,0.01122195136893549,-0.8935547331312497,-0.0006359572052572175,0.0018869557688562034,0.0361399346607128,-0.5921901500941794,-0.0015250826466838207,0.1021392105761764
P01,S01,16,lean_right,0.7761214000638574,0.335977096548177,0.008792195727313186,-0.8965343944484043,-0.0008303972023652619,0.0023068215184223685,0.03911822795995731,-0.5966539975738931,0.051492438704165845,0.8259601759098036
P01,S01,16,lean_right,0.8674847000511363,0.3350974335030846,0.0029981312584488914,-0.9007207715951145,-0.004811275394368845,-0.002569814087771965,0.0597019624205412,-0.5877759210107595,-0.04046794960917005,0.46566544101119006
P01,S01,16,lean_right,0.9307706999825314,0.3353724619593475,0.00172323819423266,-0.8988623515444586,0.00018590214017815207,-0.0009600796952603991,0.015452270377554155,-0.578023933403408,-0.017699717280224667,0.2839201551083561
P01,S01,16,lean_right,0.992976300069131,0.33562142180897075,-0.0013496322598513996,-0.9015220273133104,-0.0006877361571517265,0.0034682503326058274,0.05684022278344678,-0.5967178340353417,0.06626889719658095,1.0737020369459462
P01,S01,16,lean_right,1.0568147000158206,0.33404008885829,-0.01725204630320114,-0.9059589549164249,-0.006430105399825788,0.0001915506201219054,0.10076940972710217,-0.5950731022759891,0.011341617980858781,0.21255144328779182
P01,S01,16,lean_right,1.133402300067246,0.33412653973731044,-0.020081075756014,-0.9077786150210525,-0.00424928094855093,0.0020579005267570044,0.061646675114033905,-0.5953012192387175,-0.003352430027553506,0.04733426491468077
P01,S01,16,lean_right,1.196234800037928,0.33340187228412804,-0.0495434457688308,-0.9066990125209361,-0.012568884574833676,-0.002532468068584362,0.20405803183096188,-0.5843053197126051,-0.029102252948765738,0.7341503478070351
P01,S01,16,lean_right,1.2665812000632286,0.3339295178508114,-0.07888362961574519,-0.9070804585629682,-0.02844352998962102,0.0009901100288977895,0.40458015571980743,-0.5635978598590876,0.010846442750251338,0.22947224349799714
P01,S01,16,lean_right,1.3209379999898374,0.3322941495848283,-0.0819059009774268,-0.9053792837093743,-0.009729333604398732,-0.003912755973683102,0.192922297423928,-0.5611718457165318,0.0025899387544509873,0.24135137077719387
P01,S01,16,lean_right,1.399419300025329,0.3340414244098206,-0.08087075148120902,-0.8980363031165802,-0.029494350511748528,0.00356611049142547,0.3785507427007891,-0.5491993213388191,-0.019904671191906354,0.42877737573076113
P01,S01,16,lean_right,1.455779500072822,0.33437935656496176,-0.09855863914265384,-0.8945521446051778,-0.028352769097098978,0.0020783590317832706,0.5044134438647794,-0.5444870918720995,-0.012930227195669084,0.5264795130142631
P01,S01,16,lean_right,1.5214512000093237,0.33461531320637555,-0.11659571584516464,-0.8896793833598308,-0.011010634782478412,-0.0030993531253298576,0.1741775279531363,-0.5478039350857289,0.007519601143925761,0.1906486410915597
P01,S01,16,lean_right,1.6024419000605121,0.3374569960886146,-0.11416786167420118,-0.8740872174036247,-0.02518643655761143,0.0011351053736887438,0.31129502646258966,-0.5444357815067626,-0.003229221850426726,0.13832524165695162
P01,S01,16,lean_right,1.6744035000447184,0.33892834059056504,-0.12102217596069546,-0.8693729881107282,-0.025567049802189018,0.0003627155511251613,0.35532315250682056,-0.5402741589013659,-0.0010969551748506738,0.1361848184662495
P01,S01,16,lean_right,1.7416314000729471,0.33888627646514025,-0.12372422031886475,-0.865488773547345,-0.0070930025211216234,-0.0036541642015441686,0.11868505998691403,-0.5411814434898782,0.004614035862097573,0.1747536295533015
P01,S01,16,lean_right,1.8033294000197202,0.3414403588237975,-0.12402327645222545,-0.862539350025936,-0.01315812523329955,0.0036080638058839177,0.22113910547895207,-0.545324803117321,0.0031998912368161672,0.05420195068918054
P01,S01,16,lean_right,1.8657313999719918,0.3395406717309825,-0.14088858973209353,-0.8608049465911802,-0.01834440170632074,-0.006815619831136017,0.3136055395489282,-0.5473798570470386,0.003514521788601572,0.28901224125403674
P01,S01,16,lean_right,1.9126714000012726,0.33681860486024473,-0.13801727941152753,-0.8652166228011092,-0.0036183090909906804,-0.002708162993842548,0.0962834951432747,-0.5510217223701681,-0.00038706064508858606,0.11571558786126417
P01,S01,16,lean_right,1.9655471000587568,0.3382387801451371,-0.1384703900455255,-0.8590777734466974,-0.0030398496088931233,-0.002227428533291348,0.07127225706551374,-0.5500244184755387,0.0014315468361100812,0.09245537674153319
P01,S01,16,lean_right,2.065305200056173,0.34077985780730746,-0.14027764767371778,-0.8503333386602178,-0.005187292358768751,-0.002307979982133796,0.05691334918240223,-0.5542945396553992,-0.00035326969797430213,0.21622331615004045
P01,S01,16,lean_right,2.1389270999934524,0.3403643654707293,-0.14611279822135317,-0.8514041994600595,-0.0012259283229401577,1.471008915462799e-05,0.01665287876350948,-0.555744437245751,0.0009648608817123036,0.12643474741048796
P01,S01,16,lean_right,2.2095618000021204,0.34041723401098234,-0.14785134386984322,-0.8501495389145549,-0.0006808706746680922,0.00021002394786444478,0.010087494478950128,-0.555459732988084,-0.0007996971393698648,0.022991309936962655
P01,S01,16,lean_right,2.299068200052716,0.3406962953178529,-0.14654703484580506,-0.8481143879750306,-0.00034869621199466326,6.9105050479970894e-06,0.0038965334512492933,-0.5572798981498772,-8.054574300111649e-06,0.015080017116169783
P01,S01,16,lean_right,2.382162700057961,0.3407994610486645,-0.14610764690694744,-0.8474331755904723,-7.192619990786647e-06,-0.00023243749465666757,0.0027986058448903214,-0.5532867272300307,-0.00042667275161397707,0.08014961850333653
P01,S01,16,lean_right,2.4676437000744045,0.34089011095312916,-0.14348341758993216,-0.8462132782026391,0.00019867334208280857,-0.0008907734576377278,0.010676759691597221,-0.5525699890266327,0.0006598547871796292,0.011965820932875819
P01,S01,16,lean_right,2.5600671999854967,0.3408814858668683,-0.14449342283848046,-0.8472062680986825,0.0005689763807673318,0.0010388102883032325,0.01281518561049024,-0.5530668049363825,0.0005385237724414481,0.04206287283922285
P01,S01,16,lean_right,2.6039075000444427,0.3411538584949391,-0.14454908524083704,-0.8481133981001631,0.000563258832900209,0.00037170584064059387,0.015393425376025963,-0.5520079300989291,-0.0018837558601217754,0.052301492909091404
P01,S01,16,lean_right,2.676530500059016,0.34052491906908183,-0.14607668349054515,-0.8492238655956311,0.0013841093622454824,0.0003933093565558772,0.019813367299282826,-0.5541569711284359,0.004311940883735057,0.0601602869687888
P01,S01,16,lean_right,2.7532820000778884,0.3421563933140319,-0.13315579520175302,-0.8490127120695997,0.009122985445552383,0.003372220236443242,0.12672443925517654,-0.5479689922232533,0.002111499949309908,0.2038934963243281
P01,S01,16,lean_right,2.8108195000095293,0.3423805410556162,-0.13408830361433088,-0.8542307170447822,0.0008636984537151926,0.00011037234964080265,0.015133124621919892,-0.5417722966568268,0.0023268538596548523,0.08169634954711208
P01,S01,16,lean_right,2.8795855999924242,0.34214797996609103,-0.1284397090702135,-0.8656537408209339,0.012139585831906833,-0.0015531443749796816,0.17797341369576042,-0.5443588748584008,2.207962728247665e-05,0.29087260780973445
P01,S01,16,lean_right,2.9627876000013202,0.34147233615842587,-0.09828888707750469,-0.8682605949811327,0.015330609653386486,-0.00043795071490673363,0.18433287495546702,-0.5545614182833173,0.0037535569045561807,0.11812187269205071
P01,S01,16,lean_right,3.0073043999727815,0.34096751150161075,-0.10234271039511514,-0.8688373429644803,0.0015628699452536127,-0.0013509342658355962,0.046405258413092655,-0.557874667822078,-0.0036813077835089396,0.10376810558048168
P01,S01,16,lean_right,3.0801026000408456,0.3399446044616988,-0.09707273240276458,-0.8696100642985178,0.02234534610419083,-0.0020414410760211457,0.3082274559206074,-0.5547154974176542,0.002238041995786032,0.3199454438812954
P01,S01,16,lean_right,3.1544724000850692,0.33464914355556846,-0.07925808328904672,-0.8900171771130682,0.03172238913797486,0.00019565477320546127,0.4265574532293504,-0.5601174241173558,-0.031568583418388925,0.5878681690759404
P01,S01,16,lean_right,3.2180300999898463,0.33334102088127116,-0.05945926866567863,-0.8909205960515159,0.009254212337480949,-0.0037335488432233372,0.15700646103494373,-0.5545890686282922,0.008306673785727308,0.15842664478845211
P01,S01,16,lean_right,3.270317199989222,0.33373341278032875,-0.05419862989969005,-0.8910929183213857,0.032831959370733715,0.0009561328101573354,0.6281832168453303,-0.5517292075993971,0.006197709360462024,0.5987041360784332
P01,S01,16,lean_right,3.362565500079654,0.3314427701753303,-0.024516934922355425,-0.8997586175600764,0.042153065302829966,0.005914107432088386,0.46142769435947223,-0.5784505623396737,-0.018453103939091418,0.44394609543525737
P01,S01,16,lean_right,3.4284106000559404,0.33142333668064183,-0.018591149339088568,-0.9092021335697016,0.006599571613103882,-0.0019244254427190455,0.1044030290570927,-0.5868901470215873,0.013087569561775552,0.22195924601072461
P01,S01,16,lean_right,3.471388400066644,0.33186859738817237,-0.017386168425584728,-0.9214862787951752,0.02696350628659978,0.008008414562657867,0.654469565463139,-0.5842812375044841,-0.007974664816419372,0.22809706350027503
P01,S01,16,lean_right,3.555467600002885,0.3295492245787379,-0.024525411149820847,-0.93930774671929,0.042013686585776235,0.009417302819661627,0.5120908562063978,-0.586999478503599,0.0015567891339231237,0.38406020411495
P01,S01,16,lean_right,3.6023135000141338,0.3302374500809803,-0.003086654261581733,-0.9219288401146173,0.004240257788342523,-0.005952839664845653,0.156014313657786,-0.589983967520772,0.0026032148487102795,0.1732419297901387
P01,S01,16,lean_right,3.6543790000723675,0.3323807752337057,0.0036014119053140166,-0.9140319934144651,0.007355520232346645,0.002329718805352141,0.14819123628785574,-0.5955899754495461,0.025882288200417963,0.510008436477848
P01,S01,16,lean_right,3.732415599981323,0.33170798387130396,0.009734487205329396,-0.9287019294607776,0.022380268682865266,0.007731436604261385,0.30342277107181675,-0.5892095519654905,0.003866967041974292,0.2531695877456607
P01,S01,16,lean_right,3.814806899987161,0.32931102085521297,0.01339747389813047,-0.9355346338260638,0.023280825868394448,-0.0009398322509597738,0.2827942799985721,-0.5755124372681224,-0.039701180380838766,0.5059513331832768
P01,S01,16,lean_right,3.890929799992591,0.3314445513557875,0.02748768812900065,-0.9545978804833818,0.019644364807128577,0.007852764550692726,0.2779160919047676,-0.56987374782203,0.03810923967705895,0.5068960184907036
P01,S01,16,lean_right,3.96630810003262,0.3309097450412417,0.02462892622089487,-0.9536074147908538,0.01284636801400291,-0.003104970107514148,0.17533266514477103,-0.574828901333988,-0.008812215477849059,0.16492489939937915
P01,S01,17,lean_right,0.36908420000690967,0.3393309259120983,-0.01766006521841909,-0.882316192486469,0.0,0.0,0.0,-0.5768896453999489,0.0,0.0
P01,S01,17,lean_right,0.4628620999865234,0.3394396497446598,-0.017104394368789605,-0.8846008139478138,-0.0006249942576725943,0.0028601268438494675,0.031218627810576306,-0.5911498734138075,0.04386828710149362,0.5199956589747168
P01,S01,17,lean_right,0.5118519000243396,0.33960972750086643,-0.005161902223441292,-0.8832402404216642,-0.00017006845243326007,0.0008041833323521132,0.016778383508855098,-0.5945929604909506,0.0006247737039767877,0.11180352591216994
P01,S01,17,lean_right,0.5727629000321031,0.33959816487892397,-0.005161551429995588,-0.8823529826738443,-0.00012830162184870698,-0.0006892482476058445,0.011510040046955636,-0.5944130485368162,-0.0260667395668612,0.44960831601861484
P01,S01,17,lean_right,0.6519267000257969,0.3394537123558469,-0.004823059586436235,-0.883015376679184,-0.000672553229913167,0.0010357170489244344,0.015599606746751711,-0.5986460799423649,-0.012442994946926526,0.17629997386470583
P01,S01,17,lean_right,0.7114967000670731,0.33930980879231504,-0.005034672675177224,-0.8824846709038014,-0.00027544173668441634,-0.0013866945595578971,0.023733182474828515,-0.5904650308942127,-0.0014210536969952567,0.027688689615549305
P01,S01,17,lean_right,0.7894287999952212,0.3392464832339677,0.0030876580241485027,-0.8828522425753554,-0.0003794180242207094,0.00032468835784203335,0.006407888188674146,-0.5983561424171391,0.04162634429536967,0.5384192084178869
P01,S01,17,lean_right,0.8571098999818787,0.3388272901574635,-0.006322104471764583,-0.8866316792858258,-0.0007767946024790812,-0.00168033562653687,0.027351786284706726,-0.5921611431835518,-0.008077739136154333,0.11985137375691021
P01,S01,17,lean_right,0.9278809999814257,0.3389257069149703,-0.0009342306226641763,-0.881982997995054,-0.0007559930141046878,-0.004751039086372828,0.06797704879213173,-0.5831925970660694,-0.04395986334288984,0.7545727963776215
P01,S01,17,lean_right,0.9910564000019804,0.3371008390212381,-0.007525576017949789,-0.8810075901886861,-0.003790216509442673,-0.0068763537997866,0.12428493206391242,-0.5714624684396422,0.009835681318758832,0.16122182739023636
P01,S01,17,lean_right,1.048870800063014,0.33592053673092964,-0.03162321930912764,-0.8686183141079542,-0.006713540835668789,0.0009297685150855186,0.1172306133350704,-0.5722429955087552,0.010223275950772465,0.19393347704529587
P01,S01,17,lean_right,1.1315090999705717,0.3353028263852846,-0.030979710726130302,-0.8706953737801295,-0.0029849622942250587,0.00024620261601689553,0.03624346826766639,-0.5674615479743026,0.010858824085579472,0.1396788621392067
P01,S01,17,lean_right,1.1853661000495777,0.33324148261347053,-0.05978261678957176,-0.8764524959459362,-0.012787870663511107,0.0028451772480615313,0.24324711514289732,-0.5693751308375476,0.00047481830535670163,0.4565624629294991
P01,S01,17,lean_right,1.2714752999600023,0.3316602173618351,-0.08302586764788614,-0.8695306642123806,-0.029508332423042863,0.0007231771494453946,0.3427879108882789,-0.566680286709297,0.0045371044928577565,0.2888305813215381
P01,S01,17,lean_right,1.3131206000689417,0.33171563133676246,-0.08866406504511463,-0.8696508928313024,-0.0020788319012546488,0.001613669848021036,0.0631915061775517,-0.5669973370998593,0.0029354573125108933,0.1878218329632191
P01,S01,17,lean_right,1.3789338000351563,0.3344476671752449,-0.10787232784720338,-0.8677734039061102,-0.026899534805558543,0.014755126248139646,0.46617687608652963,-0.5698267229097067,-0.054682186976719054,1.0054470311109942
P01,S01,17,lean_right,1.449925799970515,0.3379786927303958,-0.1187495490842881,-0.8653920531739622,-0.035223980583222306,0.011868685444798879,0.5235773940708487,-0.5683982164419601,0.008454562010937375,0.18849643294685572
P01,S01,17,lean_right,1.5372856999747455,0.3370084861080516,-0.13617023569161002,-0.8590702825478028,-0.011750972054427208,-0.008777668337205632,0.16789632582305025,-0.5595886913065825,0.013553531238442796,0.17177841199129293
P01,S01,17,lean_right,1.606963700032793,0.33644311457453185,-0.14456486094008345,-0.8586654855039074,-0.0186877539751727,0.0022223093048226645,0.27009136759763636,-0.5404939396115316,0.031141780970511748,0.44698970327639953
P01,S01,17,lean_right,1.6739970999769866,0.33848890563736217,-0.14092285318345704,-0.8523142220513652,-0.024580326037707576,0.005960659838607926,0.37731525104473995,-0.5403528325952182,-0.0006144929459396028,0.35093756270919857
P01,S01,17,lean_right,1.7444587000645697,0.3377923754178841,-0.1491762097786918,-0.8444715711086882,-0.006594375851820278,-0.004053136749451438,0.10985266738217495,-0.5441142931783304,0.0023501774103846327,0.13506730201710354
P01,S01,17,lean_right,1.8257444000337273,0.341645483714945,-0.14355525329149965,-0.833170286245753,-0.012968063424121738,0.005082032641278524,0.17135002349886758,-0.5478568365032321,0.0040296463225981535,0.05232983873169857
P01,S01,17,lean_right,1.8976769000291824,0.34158350498925427,-0.14428043711308441,-0.8269322360851767,-0.006253271515496292,-0.0059711347652915605,0.12019966621104079,-0.5464043883402859,-0.0010657213759105335,0.03502699502266285
P01,S01,17,lean_right,1.9849350999575108,0.33758538282036465,-0.1364820738787466,-0.8270235062332777,-0.013897501455139818,-0.01026776835924949,0.19802275529524554,-0.5484435997217096,-0.00443573075179429,0.22231019064176227
P01,S01,17,lean_right,2.042560499976389,0.3358152286436621,-0.15154710008890313,-0.8278115117534884,-0.004071985850072395,-0.0078038075504324195,0.15275034544005123,-0.5463147052712389,-7.991604994864565e-06,0.2163908640392431
P01,S01,17,lean_right,2.1237105999607593,0.3364257532865401,-0.15331563023146155,-0.8235613396008468,-4.599783384190142e-05,-0.0036698165865545495,0.045226128453022145,-0.5490711452977232,0.0003766777231338682,0.06821052533625876
P01,S01,17,lean_right,2.2027378999628127,0.3358390171497448,-0.15405715564751,-0.8214250102022166,0.0009771816459502559,-0.003487034556506941,0.045824244433884144,-0.5460243372350057,0.00037607097861676173,0.10834660275857845
P01,S01,17,lean_right,2.2720511000370607,0.3351378597722246,-0.15780252183480342,-0.8188449786399705,0.0039857770584557275,-0.004719546329851094,0.08912330534112481,-0.5488462858889982,-0.0026034388887172526,0.06501755098779254
P01,S01,17,lean_right,2.3451225999742746,0.33655940570952986,-0.15110893738406558,-0.8134484585983031,0.008475116806535149,-0.0015500670744791327,0.11790782364417833,-0.5643257552809815,0.009858757973590135,0.4429624494074137
P01,S01,17,lean_right,2.415292000048794,0.3383626814807976,-0.1489674049171911,-0.8086812298932409,0.00660975058494956,-0.0004817868883981664,0.09444695436122165,-0.5587379550767775,0.00474683935048733,0.06876211455178166
P01,S01,17,lean_right,2.4664349000668153,0.3384202552876618,-0.11774145264641431,-0.8133792834016951,0.022188235863534297,0.0024357361063409057,0.4364540960840118,-0.5537563392062098,0.003493631319398594,0.7327656919062951
P01,S01,17,lean_right,2.5525569999590516,0.3343159815207252,-0.08231475068010051,-0.8376314740791526,0.0369210212799574,0.005920866964433837,0.43418309291773566,-0.5510381758610029,0.013016790886290285,0.8304455904472973
P01,S01,17,lean_right,2.608756700064987,0.33435448645675303,-0.07272328679040177,-0.8404386369730135,0.0049323139914224405,0.0021155933314011065,0.09549668703382802,-0.5530260824208535,0.0048970320975365205,0.09216814483999981
P01,S01,17,lean_right,2.6816485000308603,0.33358464277631433,-0.06492407841210794,-0.8535599395818064,0.04022703620930226,0.011119744084844493,0.5725696729016762,-0.56371782009749,-0.019161020419213946,0.3075442832863993
P01,S01,17,lean_right,2.7466886000474915,0.33058987404277856,-0.035646598524355234,-0.8674690472274428,0.046558314784794115,0.00613688819845653,0.7220319026670623,-0.5746829549368009,-0.03476864459517118,0.5829878126855418
P01,S01,17,lean_right,2.8112579999724403,0.3282322824209131,-0.02568281691213067,-0.8761169028293299,0.0034163522096301003,-0.0019383223784083924,0.06083253170784554,-0.5815923126949682,0.00043593280321664677,0.0637494130468599
P01,S01,17,lean_right,2.8581340999808162,0.3298804978649863,-0.014416088300173774,-0.8904838819988723,0.03255154382417897,0.013563252424271258,0.7522855880985461,-0.5971722323179653,0.024312458844586028,0.9260597081512767
P01,S01,17,lean_right,2.955735699972138,0.3267096054349612,-0.005246860676580555,-0.9152829592152338,0.05035285916009945,-0.006443297065148342,0.5201086526826472,-0.5929962799475778,-0.017762084066123188,0.3586384678974998
P01,S01,17,lean_right,3.022967000026256,0.3280895903311784,0.006080602434779335,-0.9084915365875426,0.0074391445731643155,-0.002861604238134663,0.11855414008245237,-0.598591646971523,0.017865172581252597,0.3056342849066292
P01,S01,17,lean_right,3.0889647000003606,0.32868303399016435,0.013570866550720217,-0.9209750212452235,0.026027601861098516,0.009813422107198832,0.421471808656947,-0.5966958638085934,-0.00026681132589883737,0.09955891300104562
P01,S01,17,lean_right,3.147515899967402,0.331008822031922,0.020893212101925362,-0.9185413485008139,0.025718538678544848,0.0036343458706538444,0.443612739938893,-0.5941754766304683,-0.0024544500157231437,0.4605758046584708
P01,S01,17,lean_right,3.227034499985166,0.328560226080109,0.040513932735922076,-0.9143459780742529,0.012623255861520978,-0.0031515734686279532,0.16361865639000223,-0.5998883976187968,-0.014346194373255865,0.1868064420975426
P01,S01,17,lean_right,3.297649599961005,0.32781588346082374,0.04225870013944192,-0.9174441329830786,0.013839498834476204,-0.00605745127334395,0.21393581724554578,-0.5868689378144175,-0.04110323912158778,0.5855888207872965
P01,S01,17,lean_right,3.368381100008264,0.3298749885875038,0.06205997884117573,-0.9147304484216966,0.017179915793773575,0.008897376937472308,0.2735296968076909,-0.5912149149080629,0.004647009130782462,0.25607380041813094
P01,S01,17,lean_right,3.4324778000591323,0.33061139060535105,0.06276692811062734,-0.9114949815172504,0.003364679853910365,-0.0038274743234483766,0.07950703782753506,-0.5780134006739734,-0.02145080089799454,0.3954606017431691
P01,S01,17,lean_right,3.4868017999688163,0.3303454369094737,0.06741990104048128,-0.900816077132947,0.005860407458375786,-0.0009412196892431431,0.10926127056097899,-0.5811552183827686,-0.0019352017944221978,0.1529179906368491
P01,S01,17,lean_right,3.5504656999837607,0.33002928914961094,0.06887265346989252,-0.906948760440019,0.003242701575179896,-0.0037581005431504685,0.07796744519427087,-0.5789231594087372,0.0001874821377358593,0.03168146357679976
P01,S01,17,lean_right,3.591415600036271,0.3302617681460263,0.06847039240581028,-0.9018634755401093,0.0004618856975112269,-5.369189997444173e-05,0.011355239753555402,-0.583466792942654,-0.026556796324406738,0.6772262992325813
P01,S01,17,lean_right,3.6332698999904096,0.3289344486757482,0.06687451758700164,-0.9062866682221016,0.0014249526835497899,-0.003632168375827533,0.0932206226108515,-0.581774976431219,0.0019120870913325201,0.08863227835650299
P01,S01,17,lean_right,3.7013399000279605,0.3294445028117338,0.07091741286468138,-0.8961426991062663,0.0006963791345202173,0.004689567983051191,0.06964875255708053,-0.5823504874446404,0.00017373535650243023,0.10545012800723977
P01,S01,17,lean_right,3.75527870003134,0.32921508624756607,0.06963547548153427,-0.8948991930807578,-0.00022640398756081315,-0.005770993285486541,0.10707380674424553,-0.5780096121759623,0.0010874500634409504,0.4289679755139937
P01,S01,17,lean_right,3.8229056999552995,0.32956172847074766,0.06419316581068951,-0.898943418713169,0.0001877782433209391,0.004935949845984502,0.07304065509549702,-0.5916943719436074,0.0653985638842792,1.0328834243977874
P01,S01,17,lean_right,3.865470099961385,0.32984662899239797,0.06518503574287748,-0.8957840233821874,-0.001302470119801416,-0.003594747056045169,0.08982699939604383,-0.5814438203265625,-0.016483854379976636,0.4674786915908319
P01,S01,17,lean_right,3.931881600059569,0.32948749619791345,0.06630087993784001,-0.8950815521535762,-9.886244165752733e-05,-3.925553493080225e-05,0.0016016947617898175,-0.5793256190847786,-0.030505225574503633,0.4723637552155965
P01,S01,18,lean_right,0.3991294000297785,0.33064483378696624,0.03516895736376835,-0.8744929386610414,0.0,0.0,0.0,-0.5550637765569102,0.0,0.0
P01,S01,18,lean_right,0.47299390006810427,0.33086950135146886,0.034841847001909336,-0.8779134107762591,-7.50756283328674e-05,0.002711009312012769,0.03671653691808139,-0.5958046908471195,0.11125388019115084,1.686608173422677
P01,S01,18,lean_right,0.5214115000562742,0.33065620588175754,0.03055863679557085,-0.8785835546440178,0.00026151463928313534,-3.3618804222853516e-05,0.0054456789185447566,-0.5970153232842038,0.01215461517601131,0.5382830739316732
P01,S01,18,lean_right,0.5842158000450581,0.3310626534048777,0.02962451870633192,-0.8810038172398892,0.0003382958675075637,0.003811994892356384,0.060934944001094574,-0.5901062199535008,0.007427156082371378,0.1883515319528606
P01,S01,18,lean_right,0.6645965001080185,0.33145479809594186,0.026989345942018617,-0.8817950201124936,-0.00013882673001246542,-6.761509130140804e-05,0.0019210726843202535,-0.5850958855073162,-0.017486124346889072,0.2286998622139748
P01,S01,18,lean_right,0.7125094000948593,0.33195061423206496,0.026578109925835827,-0.8825926854662088,0.000258160624959434,0.0067723284376856145,0.14144932126038431,-0.5989186866314375,0.05712045478427764,1.1978596527100982
P01,S01,18,lean_right,0.7847951001022011,0.33189546069653697,0.02492546249443879,-0.881334251160384,-0.0002474731059235161,-0.0014772959138801478,0.020721671842040042,-0.5967215127784299,0.0068338344985833825,0.10808113593204736
P01,S01,18,lean_right,0.8671908000251278,0.3319035393874734,0.013323220055331363,-0.8888772464078057,-0.004798535780904482,0.007428142906804843,0.10732672100000845,-0.5985514500902624,-0.0048715307169506375,0.12384947414969408
P01,S01,18,lean_right,0.9248686000937596,0.33114022167340623,0.01307497945215545,-0.8866751069440965,-0.0015886191383456792,-0.005491025174560042,0.09910591243960215,-0.5947165392118365,-0.029806364945861707,0.517356880164236
P01,S01,18,lean_right,0.9866158000659198,0.33153260701952914,0.0011935487705416424,-0.8768387727170394,-0.00906454333643328,0.005301864544270086,0.1700680255593462,-0.59768431895909,-0.0014790126933759014,0.4182635941286012
P01,S01,18,lean_right,1.0586535000475124,0.32722942061816457,-0.029518722991354603,-0.874567698008745,-0.024650097040697077,-0.015697271558743453,0.4056739648315238,-0.5807281790768345,-0.020458621726290118,0.3511098783498502
P01,S01,18,lean_right,1.1022553000366315,0.32876086198484633,-0.026929531265557784,-0.8680016043905933,-0.003726413661759574,-0.0007592882279607903,0.08722077294250127,-0.5754452298221059,-0.006572829982174792,0.29424180255232385
P01,S01,18,lean_right,1.1776611000532284,0.3289178990430014,-0.04942077877318367,-0.8741089130783809,-0.02688722682063726,0.0036927861170428893,0.3599143856847336,-0.5753588387408011,0.009509971877471029,0.29292739145099794
P01,S01,18,lean_right,1.2665535000851378,0.3288492838693277,-0.07254713075554413,-0.8759242893351273,-0.03625709408724581,0.0014209263502679558,0.4081893013975961,-0.5694973715998258,0.00853791341745702,0.2574707352731155
P01,S01,18,lean_right,1.338489600108005,0.32821156418728675,-0.07025518289685427,-0.8815615886062574,-0.008281748157119384,0.0006496895294106143,0.11548016371652799,-0.5608825047115418,-0.006740656258689706,0.1774658193253525
P01,S01,18,lean_right,1.4082465000683442,0.33127014094757656,-0.08480271652446474,-0.8706759130277419,-0.029859031886615404,0.00505479631580326,0.4341343939090859,-0.5564296659901086,-0.041666569756185504,0.8011965317802494
P01,S01,18,lean_right,1.4579336000606418,0.33571879411875305,-0.10641026139336209,-0.8718537746634125,-0.03805726385740635,0.013742477938962175,0.8143454637413039,-0.5550068507514906,0.00513777332768903,0.8095730483977054
P01,S01,18,lean_right,1.5072959000244737,0.3370333333254579,-0.13478566744371093,-0.865047821713683,-0.008357973035755466,-0.0034495650243107964,0.18317337103668568,-0.5464985152124565,0.01805821638607032,0.3764470760222157
P01,S01,18,lean_right,1.5913108000531793,0.3400534110378384,-0.1429999329416069,-0.8679392144320827,-0.037791296954136806,0.014365881137787044,0.4812205964191965,-0.5426149252558068,0.0022396009762732203,0.12349162650482716
P01,S01,18,lean_right,1.6653823000378907,0.3413852309055908,-0.1725203757054029,-0.8681765899712256,-0.041533371321974974,0.0027707581483647913,0.5619663379505954,-0.5469107485484715,0.005555068841230212,0.2808194134425165
P01,S01,18,lean_right,1.706636100076139,0.33981798028769783,-0.16792994155140364,-0.8552876226486033,-0.0031730602490048576,-0.008371308300003058,0.2170101189914439,-0.5544942025142312,-0.0015824849000502382,0.07891736338677778
P01,S01,18,lean_right,1.7769468000624329,0.3415183703784167,-0.17355077193237764,-0.8495329014074873,-0.026672821850373545,0.003733772700394996,0.38305533191138147,-0.5603113918613035,-0.0005558770244336379,0.10958417309806946
P01,S01,18,lean_right,1.8567212000489235,0.34383906950399745,-0.16005395980082254,-0.8367198870260246,-0.02118270542349859,-0.002983793987333611,0.26815396547001175,-0.5593448333212935,0.0022163372078377284,0.055983193757874666
P01,S01,18,lean_right,1.9157177000306547,0.3428965600741999,-0.1653660241815856,-0.8350573696362017,-0.0026252858858290436,-0.0024062857249054536,0.06036335871668563,-0.5569304572621451,0.014965755401431783,0.2706223038936147
P01,S01,18,lean_right,2.000881400075741,0.34526504359669896,-0.1640637428506538,-0.8231867984538616,-0.014952388588638073,-0.002920802449183928,0.17889068914915063,-0.5595956629532146,0.00018661707229535816,0.02873281348016137
P01,S01,18,lean_right,2.0769821000285447,0.3462058084526413,-0.16728427030046578,-0.8168398024158543,-0.0023076182916100148,-0.00015176375753006514,0.030388726868102036,-0.5603094010474945,8.914161411583423e-05,0.14809680965850908
P01,S01,18,lean_right,2.1485241000773385,0.34691333655362966,-0.1813628395926996,-0.8125052430362558,-0.001887572511879515,0.00048520336092550836,0.02724184664769181,-0.5615047299249397,0.004547942659199044,0.07081868506677423
P01,S01,18,lean_right,2.2119858000660315,0.34752181142888466,-0.18780114015738705,-0.810064183571272,-0.0004923935101108504,0.0007177835467632373,0.013715978426246403,-0.5598804404145752,-0.000725025464619841,0.035487446893795384
P01,S01,18,lean_right,2.2822585999965668,0.3478271695279853,-0.18636593519008848,-0.809412232618784,0.0002325179269042152,0.0007237508718783623,0.010817615497586884,-0.5666604115377418,-0.011588993677146692,0.1650068475657087
P01,S01,18,lean_right,2.3580331000266597,0.34792605705136775,-0.1849267566939503,-0.8073806422816661,0.0003082583368479469,-0.0003439130871676295,0.006094972513113469,-0.5654483309754826,-0.0015498718544011676,0.0207078189555402
P01,S01,18,lean_right,2.447161400108598,0.34802378321994176,-0.18437019338256652,-0.8053122182283357,0.00030108564577299425,-0.0005462529392451451,0.006998165455840273,-0.5660784465524967,0.0001680607894648211,0.007288998629081528
P01,S01,18,lean_right,2.509472000063397,0.3462002623720278,-0.18564415966585318,-0.8060284207636322,0.006960068005669512,-0.0045197572177518444,0.13318505044068332,-0.5561852093062929,-0.007925382978275674,0.1519370420672962
P01,S01,18,lean_right,2.5866889000171795,0.3450747900551189,-0.17323407682238418,-0.8082710844145174,0.010254051984976007,-0.0021555795610443585,0.1356979212112356,-0.5589048203063406,-0.004339129128665726,0.14349116416949198
P01,S01,18,lean_right,2.65832670009695,0.34172166708901197,-0.15099707903161327,-0.8106991879723557,0.018357877649143726,-0.007983149583815737,0.279441162368111,-0.5635316063119088,0.010864273410519779,0.6349874209178552
P01,S01,18,lean_right,2.757096100016497,0.341914868063581,-0.11791677377419683,-0.8170301358703398,0.03050874634395876,-0.005129803478323365,0.31322462625453135,-0.5531969605957969,-0.004363618432376163,0.10680319772220974
P01,S01,18,lean_right,2.8207665000809357,0.3413771645383995,-0.1226077883825787,-0.8206295380260937,0.005123631666219713,-0.003975742096555394,0.10185617981350371,-0.5518755837370831,0.012003799616618892,0.19969914608150932
P01,S01,18,lean_right,2.8935508000431582,0.3380406911071311,-0.09794817739620394,-0.833305666428415,0.02981729306874854,-0.0034488950072497537,0.41239790830961737,-0.5529014266072055,0.017566849467195784,0.6668030832932618
P01,S01,18,lean_right,2.9640013000462204,0.335397556134931,-0.07262325308978149,-0.8492629054696129,0.04677243788051098,0.0008492035491893096,0.6640143979367085,-0.5613881901760175,0.00435974020897143,0.4767737755649016
P01,S01,18,lean_right,3.0060545000014827,0.33292882864214973,-0.07464548864637145,-0.8532332066105813,0.004955762403504591,-0.003809067623892333,0.14863283081458203,-0.5662100887826231,0.003556791166549461,0.14027295895573963
P01,S01,18,lean_right,3.076677400036715,0.3320549168559368,-0.05454170558340959,-0.8685078604008912,0.043659508987018876,0.009840948219602321,0.6337158954962206,-0.5667381345269891,0.0021787082471318897,0.40732195734788457
P01,S01,18,lean_right,3.160911900107749,0.32814120104523686,-0.043469962074211346,-0.8818966625845754,0.04752769135476546,0.0024903293986479644,0.5650047194249579,-0.5829884284874338,0.0027633422742782887,0.24023841161951326
P01,S01,18,lean_right,3.2387339000124484,0.32920659572694294,-0.0289515794768337,-0.8898794266787421,0.005949481731963487,-0.0025673661277919126,0.08326426721801834,-0.5957075681785703,0.026718212078237425,0.3447522175279925
P01,S01,18,lean_right,3.3215807999949902,0.33075045490760774,-0.026906932318301432,-0.9037831296819794,0.03891650835420189,0.015247504930967258,0.5045077384429217,-0.5893905405988028,-0.014165426747854063,0.4093055775530152
P01,S01,18,lean_right,3.3895565000129864,0.3302399917393163,-0.00806658931559495,-0.9086486829189879,0.034261391048429714,0.004799830912319027,0.5089461705257368,-0.597296045225513,-0.007018162235163831,0.15816229372104365
P01,S01,18,lean_right,3.4755922000622377,0.32811711430943263,-0.0021807876801383714,-0.90385502042489,0.031983008856993095,-0.01329126965370131,0.4025633455790748,-0.5979242656143864,-0.014863198816837056,0.6036391525246341
P01,S01,18,lean_right,3.5239793000509962,0.3299098234204509,0.01932039045016933,-0.8966249073165563,0.0031071993291389116,0.0009532123129118892,0.06716921014770248,-0.6000524089104536,0.0027620951466828616,0.13905531110641875
P01,S01,18,lean_right,3.5967697000596672,0.327566431877349,0.015113218264572575,-0.9004831084395842,0.020578219637769374,0.002888282908286604,0.2854761815484409,-0.6047483279922546,0.00497870701715999,0.14991217795046924
P01,S01,18,lean_right,3.6504929000511765,0.3262479201044603,0.029383084841347423,-0.9063052264010817,0.005752547168057402,-0.004110874060627394,0.13160864135448153,-0.5936856096340339,-0.03943115409063491,0.765589404874289
P01,S01,18,lean_right,3.708610500092618,0.32813159628886157,0.032938204232314826,-0.9090823935097712,0.004886710612092277,0.0132667054328362,0.24326682096103697,-0.5927540834003987,-0.00177974047589021,0.2062810907944102
P01,S01,18,lean_right,3.763455400010571,0.3276928238347933,0.03677966322719986,-0.9051519115298327,0.012289339059908047,-0.002069474204518735,0.2272292681332251,-0.5928055364740412,-0.040314769938707126,0.7645885666030969
P01,S01,18,lean_right,3.8195767001016065,0.3271102039321719,0.043248189291561524,-0.9087275547053444,0.0019838288779442386,-0.0017990165112350197,0.047719243522933025,-0.5901627678329205,-0.014954231033903165,0.2775197442703014
P01,S01,18,lean_right,3.8923855000175536,0.32740199549746385,0.060564567633020074,-0.9065448928115021,-1.4336704847904238e-05,0.003610573954235693,0.049590192697358815,-0.5728830924546349,-0.021159466916351028,0.38069378683003163
P01,S01,18,lean_right,3.9547271000919864,0.3265752917296443,0.055193723997334965,-0.9018043744600595,0.0012980413533351784,-0.007532910682818169,0.1226136201596194,-0.579626716703938,0.0014497449102125932,0.14426880195316022
P01,S01,19,lean_right,0.3892890999559313,0.3331324208121091,0.018749839259244064,-0.8920562984767979,0.0,0.0,0.0,-0.579450342846917,0.0,0.0
P01,S01,19,lean_right,0.4730069999350235,0.33271300278755067,0.013310064093117868,-0.8929506203682559,0.00019316560426134848,-0.0001689359284196166,0.0030652587694027125,-0.5918089591105672,0.049624795551014976,0.6468306125454046
P01,S01,19,lean_right,0.5190874999389052,0.33239508891140945,0.012999168920360375,-0.8936153976099631,-1.4838619822322752e-05,-5.549912791551531e-05,0.0012467001635026675,-0.5952440643856759,0.006027115912678833,0.2508497401105592
P01,S01,19,lean_right,0.573307599988766,0.33235868957407516,0.011234962097329099,-0.892599394565698,-0.00024708335276123927,-0.000988243741891351,0.018787567142164337,-0.594238726596447,-0.0016527245284602245,0.07777362616946015
P01,S01,19,lean_right,0.6546889999881387,0.33217972035158305,0.00778352838135434,-0.8892967374410236,-0.0011163992739796986,-0.0025058087935269802,0.03370857244644857,-0.5951503227317141,0.014581263700485028,0.20860512462004746
P01,S01,19,lean_right,0.7110553999664262,0.33216175676388343,0.008403392196699283,-0.8884174614909243,-0.0008245480919033355,-0.004330896234621763,0.07821484692752614,-0.5973502956932362,-0.003466364010140787,0.062273248633739
P01,S01,19,lean_right,0.7681872999528423,0.3321520004043445,0.007800777076622802,-0.8882890507665429,-0.00019147304817649968,0.0006743727413751507,0.012270346158219815,-0.601037076765091,0.035286239759928215,0.6344817939388717
P01,S01,19,lean_right,0.8648050000192598,0.33164072782593007,0.008439195080952356,-0.8848844015450558,-0.0035576421807485058,-0.004768325171949058,0.06157530197779167,-0.6020518404840796,-0.0031790262338142433,0.1051178873304128
P01,S01,19,lean_right,0.9172056999523193,0.3318453150933162,0.009471991612071245,-0.8783197546036932,-0.0002024269489625777,0.00011306811390589411,0.004424832710674828,-0.6016478361123682,-0.0010391860251310948,0.034045262014556876
P01,S01,19,lean_right,0.9782123999902979,0.33179051029902634,0.005345035020938619,-0.8818423479980628,-0.002377427456398937,0.003016066915934846,0.0629507803155959,-0.5995473726267189,-0.0009574982124287898,0.17043518187670864
P01,S01,19,lean_right,1.05529279995244,0.3296000477010045,-0.008218739692198484,-0.8928063796663047,-0.010443470077714793,0.005650052941525231,0.1540454625250456,-0.6028556933820842,0.02150417115220084,0.29866182510545175
P01,S01,19,lean_right,1.1076977000338957,0.3285902412844914,-0.012081636219935686,-0.895100699486981,-0.0029327498948241125,-0.0022567358749057092,0.07061408595692086,-0.6048493553482036,-0.0020939138649234395,0.10068806219546883
P01,S01,19,lean_right,1.1624440000159666,0.32644749159913294,-0.03340711269072796,-0.8959590914946015,-0.011897786523987191,-0.00458892647574527,0.23293046334334555,-0.6055010229834438,-0.013931150852133797,0.5310800908313336
P01,S01,19,lean_right,1.2637281999923289,0.3248714930855082,-0.04995202944629842,-0.8834098157870409,-0.03263429663006535,-0.017954332889219392,0.3677495586847314,-0.583629330785418,-0.02538960115632567,0.5873312447126144
P01,S01,19,lean_right,1.3320952999638394,0.3257725023381542,-0.04327785053179342,-0.8940244731023569,-0.007756850868131472,-0.004028959076828651,0.12785068649418943,-0.5817436444575835,-0.002747454207777127,0.07416860620355605
P01,S01,19,lean_right,1.4120243999641389,0.3280166255405252,-0.07497784321062112,-0.8892699450402045,-0.020536666182094047,0.004469667497635838,0.2629509812065493,-0.563187211656169,0.014883737085081969,0.19075283587152067
P01,S01,19,lean_right,1.4816553000127897,0.32985950870021713,-0.0933256065104665,-0.8812149492603947,-0.029439165677142866,0.00274009027945123,0.42461621888689227,-0.5639739920280183,-0.00155732188126233,0.23373416234653382
P01,S01,19,lean_right,1.5444582999916747,0.3317698201347694,-0.09820152162226868,-0.8785224927181899,-0.003472358253049022,0.003145338289001863,0.07460038605947097,-0.5553474636091573,0.0004539481209117792,0.06317320354969155
P01,S01,19,lean_right,1.6049127000151202,0.3336146481396123,-0.10432927595599775,-0.8772962885309998,-0.03321754464682912,0.007343412896345231,0.5627310447161837,-0.5456189170489212,-0.011421569105721832,0.4550159551723287
P01,S01,19,lean_right,1.6666482000146061,0.3360922757794641,-0.12139546976706794,-0.8604498865932284,-0.038070127450916605,-8.548080646932174e-05,0.616666641046537,-0.5442676434516833,-0.00868378052810752,0.3279363690262554
P01,S01,19,lean_right,1.7079381999792531,0.33606048710699543,-0.11724171938047628,-0.8569745325150477,-0.00331850320907762,-0.001905586428739859,0.09267890049456706,-0.543522108816884,0.006471593806674415,0.21696427117652267
P01,S01,19,lean_right,1.7627382000209764,0.3372890449929685,-0.12463098962209097,-0.8528199606599624,-0.004802942055894284,-0.0008971028964447347,0.08916067724167369,-0.542089840058815,0.005439930802302368,0.13656798225837988
P01,S01,19,lean_right,1.842165399924852,0.34025417299953287,-0.12633099885318042,-0.8428711631001822,-0.02245276365842501,-0.0024071923026265274,0.2843035412395007,-0.5435377179232362,-2.2647413686021636e-06,0.02700718510506945
P01,S01,19,lean_right,1.9035294000059366,0.33965691684900884,-0.1314172297651779,-0.8445654374495257,-0.02191121447000724,-0.00019584109808929996,0.3570837890533144,-0.5447208230134636,-0.0011325290548547312,0.17920028243989872
P01,S01,19,lean_right,1.9658440999919549,0.3393417514239311,-0.14153942057454602,-0.8410720167575299,-0.01896146947450867,-0.0033618117838185267,0.3090311461066174,-0.5441929929968128,-0.0019642737064993836,0.14147118531661004
P01,S01,19,lean_right,2.0638318000128493,0.3408077393423929,-0.14921807694247072,-0.8343513729643384,-0.010576217515764165,-0.00011542890906076454,0.10794056183273035,-0.5397310046577496,-0.007416718722323941,0.17501450318325407
P01,S01,19,lean_right,2.1178459000075236,0.34111614533413537,-0.152759552604096,-0.8299373091161906,-0.0028299290087687185,8.736708243024639e-07,0.05239241501589225,-0.5378730518076571,-0.002887720624406806,0.11830891241541103
P01,S01,19,lean_right,2.179709199932404,0.3410865676679427,-0.15539264106509237,-0.8291647145185455,-0.0065234793823774635,0.0007988665031686844,0.10623765683485861,-0.5426472558048662,-0.007426993799062642,0.14523297156391538
P01,S01,19,lean_right,2.258692199946381,0.34184739998646324,-0.1542764674039343,-0.8241264846971241,-0.0037925999463013283,-0.00014471912077006655,0.04805287287411489,-0.5531818991080847,-0.0010951162536273278,0.1785222176682754
P01,S01,19,lean_right,2.3133195999544114,0.3423969007154796,-0.15224620254266275,-0.8212980762640273,-0.0015762124452383375,0.0008422887974251142,0.03271522116902626,-0.5595435302389578,-0.0061956659563811535,0.12152030037090483
P01,S01,19,lean_right,2.3744254999328405,0.3429121179780176,-0.15421974311506603,-0.8180942046939639,0.00015513346619452608,-0.0011133976669008814,0.018396805408115925,-0.5589933924789368,0.0005970536649426233,0.036322104786644493
P01,S01,19,lean_right,2.465921299997717,0.34328780208864407,-0.15355647476131679,-0.8170147730414878,0.00030801746869013147,0.00010686851859006533,0.0035633343065546432,-0.5595422483900233,0.0012717184610135815,0.01640501347920667
P01,S01,19,lean_right,2.5218825000338256,0.34332690604557986,-0.15409425183822523,-0.8165595689874204,-5.3059254135649734e-05,-6.814153700856448e-05,0.0015432642156052454,-0.5599982632358169,0.0003252681905264725,0.02686824790488113
P01,S01,19,lean_right,2.580103399930522,0.34246269376312044,-0.1566513258609237,-0.817377914056528,0.00247305725154384,-0.0027562101561812036,0.06360374356936176,-0.5572156665821476,-0.0037557930992449173,0.08476338469402853
P01,S01,19,lean_right,2.6551184999989346,0.34103983156705625,-0.15622654436819405,-0.8211461432476058,0.0024310961127796105,-0.0038555856071872466,0.06076169182383878,-0.5518720015060357,0.008074560732662177,0.3160754229357522
P01,S01,19,lean_right,2.713953800033778,0.3410579066662246,-0.15091841536372208,-0.8185142825815069,0.00030413305495329175,-0.00256212765530397,0.04385318530167426,-0.5481776169766684,0.006449306849943899,0.11376219584586326
P01,S01,19,lean_right,2.790844999952242,0.3376213968765649,-0.1543387497828291,-0.8213306699848185,0.005214149039622561,-0.007229429846961422,0.11592465054554948,-0.5552295737723707,0.008863615656315958,0.18799454830050785
P01,S01,19,lean_right,2.86321889993269,0.3352110407644365,-0.14076014754574517,-0.8254723352300066,0.011083729427216344,-0.003620169438742757,0.16110726044864124,-0.5529682050727869,-0.004332740788328103,0.061820864025103624
P01,S01,19,lean_right,2.9172504999442026,0.3356801610455614,-0.14315533097658664,-0.8280108038788436,0.004127736862539972,-0.0005119164336438921,0.07698012514448284,-0.5514060544927852,-0.00011975676484934381,0.20258801850623695
P01,S01,19,lean_right,2.979292699950747,0.3379484859538366,-0.11059603641416492,-0.8268205706592054,0.022133030437036755,0.0011771948036118382,0.35724578105101645,-0.5511747034382931,0.0040434023240180075,0.39787251152587116
P01,S01,19,lean_right,3.0551701999502257,0.3382035595187544,-0.09243143234085006,-0.8446855943308118,0.022972969188537747,0.003773716805550883,0.3068215994119863,-0.5554915419704352,0.003044870132435665,0.4821897398780939
P01,S01,19,lean_right,3.1206336999312043,0.3376336596525745,-0.08951443557915874,-0.847727197238114,0.0026352035950414025,-0.0012682377950913554,0.044673814386728065,-0.5522216932802413,0.0020009881710867693,0.052307793933836805
P01,S01,19,lean_right,3.1822592000244185,0.3337618207802396,-0.07108318721716056,-0.8553043065866199,0.02811833241966438,-0.003963680110856223,0.46078858262332634,-0.553599549702678,0.005488439256148125,0.7245162747729924
P01,S01,19,lean_right,3.2649111000355333,0.3315051299528982,-0.036915650879363826,-0.8646259812777998,0.04129567042614191,0.005041054495310735,0.5033425608142175,-0.5600073761970189,-0.0016405477677650946,0.22243062613007836
P01,S01,19,lean_right,3.3210035000229254,0.3303223375918277,-0.029803645258617444,-0.8723985303678792,0.007150449696299436,0.0016417686567688802,0.13079324501508224,-0.5729068812322066,0.017691523579929147,0.32347237113235616
P01,S01,19,lean_right,3.3848909999942407,0.3286009542829421,-0.04377835983542572,-0.8928450565406001,0.03622758337526017,0.00951884863824004,0.586300283280397,-0.5852103087652616,0.012078924003271452,0.42898567031818197
P01,S01,19,lean_right,3.4572433999273926,0.3286432281658946,-0.017105244177391468,-0.9083917808522833,0.05064948523474988,0.015760779439183227,0.7331478256954953,-0.5964467412881791,-0.03347447126591072,0.5430374936555562
P01,S01,19,lean_right,3.509647300001234,0.3288669539841832,-0.007235288291904271,-0.9064517355905676,0.006637913253763054,-0.007618706645419971,0.19282496544530212,-0.6056145474269992,0.01091314446269089,0.250178738043982
P01,S01,19,lean_right,3.5884202999295667,0.3300260099867168,0.0063739885976227964,-0.9051975868422711,0.03712133045869971,0.017086401837987156,0.518767580703244,-0.6050389357720914,0.00090648117540359,0.07647933920524137
P01,S01,19,lean_right,3.663732699933462,0.32681437968682847,0.016282176356210806,-0.9158499074156369,0.035911403848807255,0.0020392901199594643,0.47760076057170275,-0.6032151115754405,-0.003962425226767956,0.48460248362405434
P01,S01,19,lean_right,3.7298762999707833,0.32750040831839905,0.020614809440176286,-0.9085668454483098,0.00415735054021477,-0.007600265228983762,0.1309726337771967,-0.6062661436672795,0.0020629438303449883,0.054600824904291446
P01,S01,19,lean_right,3.7906718000303954,0.32681679872266606,0.011223171030991484,-0.9267590814358471,0.024598874681820905,0.0063207221356257875,0.41776045719954125,-0.6000932355081453,-0.013344555898725272,0.22196926253726088
P01,S01,19,lean_right,3.8574628999922425,0.32798615207981824,0.019782535562345584,-0.921528986026025,0.01921772136276062,0.0014904516273796858,0.28859281453443913,-0.600751969437237,0.0002407968354593804,0.26673096177874533
P01,S01,19,lean_right,3.9293472999706864,0.327618988496035,0.03459011287296577,-0.91696813096774,0.005797925910046953,-0.0005796379481120728,0.08105831086968437,-0.5980762716591175,-0.023205701207497615,0.365979772458959
P01,S01,19,lean_right,3.9891544999554753,0.32702191906725375,0.041647731059337854,-0.9150260828068398,0.008880451238600064,-0.0018321276169840136,0.1516117652038072,-0.6031281977452749,0.04351991653787198,0.803453707058728
P01,S01,20,lean_right,0.3922103999648243,0.3391025768895971,-0.08159455287354074,-0.8575769738344668,0.0,0.0,0.0,-0.5807130261920697,0.0,0.0
P01,S01,20,lean_right,0.4665213000262156,0.33843571287487506,-0.10378954913286682,-0.8553253352069319,-0.01154964695221302,-0.0009539435294326206,0.1559525652825959,-0.5604895442777998,0.0209779702482667,0.3658736448886746
P01,S01,20,lean_right,0.5240293999668211,0.3384855690613473,-0.12472803660061257,-0.8556139616230833,-0.0010275416006363368,0.0006902811489643872,0.02152519556088412,-0.5515375143689166,0.009156075429051018,0.4480166011645591
P01,S01,20,lean_right,0.5774661999894306,0.3360627665960589,-0.12125204639870463,-0.857790968301384,-0.019593894601220366,-0.0004714272497893738,0.3667802903604099,-0.5434934186633857,0.006140558672679405,0.11512459077282743
P01,S01,20,lean_right,0.6619794999714941,0.33315098177803076,-0.14900133265978047,-0.8582439726458919,-0.022206623172352107,-0.007275448707535809,0.27650157818579957,-0.5401489755718687,0.011425030464443764,0.1745651181452852
P01,S01,20,lean_right,0.7325152000412345,0.33431490850496187,-0.16046056501542377,-0.8479369444957073,-0.007511490589103391,-0.004173743673088946,0.12182729138930438,-0.5395284240790794,-0.002787398439219173,0.2054589802912342
P01,S01,20,lean_right,0.785523800062947,0.3369490584016558,-0.16664524367085468,-0.8454834140252202,-0.013996782300159155,0.004729379532774576,0.2787132396682828,-0.5411009499599109,-0.00204904177753943,0.0968784538883345
P01,S01,20,lean_right,0.865033800015226,0.33881395303927525,-0.1699707172448179,-0.8404081212257625,-0.02263843089558775,-0.0010580796120873764,0.2850351376066674,-0.5374876564935874,-0.010434968659914766,0.5577763680049435
P01,S01,20,lean_right,0.9184983000159264,0.34013053866285026,-0.17053206999833226,-0.8353930932957756,-0.002616472056519178,-8.683166646050952e-05,0.048965434661798715,-0.5393164353450779,-0.004317222908037049,0.11370386609605095
P01,S01,20,lean_right,0.9855555000249296,0.34263652565251923,-0.18820869733755952,-0.8372663971749489,-0.013451604743149364,0.008023502531552502,0.23357322961042573,-0.5428145298130675,-0.006159737048019134,0.0972771674493183
P01,S01,20,lean_right,1.056040900060907,0.3427997669376798,-0.19907073775588197,-0.8381521126787007,-0.022990142640913938,0.0016876402436268737,0.32704647792931685,-0.5446262837253731,-0.0002997598928000478,0.3916828849729439
P01,S01,20,lean_right,1.111258800025098,0.3420143412689411,-0.19808043261494038,-0.8308943393923518,-0.003210520975696168,-0.00032850890107342543,0.058446340038770805,-0.5460750362345943,0.0012201470929653995,0.053753375851089795
P01,S01,20,lean_right,1.1644785000244156,0.34253337707869164,-0.20846276669172847,-0.8280895558585628,-0.015813855297363684,0.00025623149539555503,0.297181889742721,-0.5494742220020863,-0.0006618465108308307,0.04595036339509554
P01,S01,20,lean_right,1.2643473000498489,0.34512484078535255,-0.20069517049485996,-0.8166335763510008,-0.012343672119271872,0.005269821564322099,0.13439154461964195,-0.5514880327174758,0.004702668712151271,0.09645510882707117
P01,S01,20,lean_right,1.3094924000324681,0.3461441440213261,-0.1983418574685601,-0.8121396375495377,-0.003943181290304793,0.0010375671329340443,0.0903177555828006,-0.5517981707325369,0.0004910056235953718,0.04763325428605994
P01,S01,20,lean_right,1.3753305999562144,0.3486632594254836,-0.20970906106051793,-0.8107151704364363,-0.013746626486362708,0.0044383385634924,0.21940705659584447,-0.5496425588191051,-0.00045812318607986544,0.10504362719866726
P01,S01,20,lean_right,1.4573750999988988,0.34976647633814545,-0.2099568009212521,-0.804543683039074,-0.0025673949271132787,0.0019278787189773176,0.039132954843648184,-0.5485528427312432,-0.0018505668737970205,0.030426735737586513
P01,S01,20,lean_right,1.516916900058277,0.34833644238165745,-0.20307062760450012,-0.8048812196214149,-0.006065395794729312,-0.0030215007371829027,0.11380775397395182,-0.5555663123305106,-0.007322465570683837,0.16391965011644008
P01,S01,20,lean_right,1.5629741000011563,0.3466829937475943,-0.19632348890857143,-0.8002722699564767,-0.006001783272464771,-0.008445293852930101,0.22495318485945584,-0.560359368947435,0.005332526292558752,0.11605906744350449
P01,S01,20,lean_right,1.6640043000224978,0.34633998887332185,-0.1956559227645606,-0.8028377962265063,0.0005899111500046102,-0.001832592482189218,0.019055676291916273,-0.5641860786793014,-0.0007645765359448914,0.0432171706722199
P01,S01,20,lean_right,1.7280597999924794,0.34658897408729344,-0.1911639466106621,-0.8036969529318179,0.0010591726339758722,0.002119592086826348,0.03699131635688933,-0.5673874338864024,0.0037800065752454023,0.11877988984932071
P01,S01,20,lean_right,1.7981494000414386,0.3483958089707257,-0.1954314649053065,-0.7938157054849404,0.0035447568702741666,0.0011809868324767765,0.0533076591503181,-0.5672388323270862,0.005031670411810079,0.07858778344739785
P01,S01,20,lean_right,1.8571252999827266,0.34816018288145406,-0.19586645050207108,-0.7946479157935283,0.0044555801037458485,-0.0007859742084780338,0.07671562173497323,-0.5613021847751035,-0.0066422295935047075,0.1157870260967783
P01,S01,20,lean_right,1.9097524000098929,0.3486724136434698,-0.19534160122711644,-0.7921795121492289,0.0025373723523357742,-0.0013094571325804776,0.05425597707927661,-0.5631550727284469,0.0030000791261223206,0.13904299260411018
P01,S01,20,lean_right,1.953673699987121,0.3469848319516342,-0.1903837968046122,-0.7969703233060059,0.010740170068795395,-0.004385169701130521,0.2641293335026757,-0.5595928279903668,-0.0002909312866519277,0.38252087336661705
P01,S01,20,lean_right,2.0665881000459194,0.34475812354900637,-0.17177800812059718,-0.7976524872248517,0.025134803137837825,-0.006074603195043875,0.2290092682173038,-0.5541071420990618,-0.0027232431639256298,0.18476109397001567
P01,S01,20,lean_right,2.137649100041017,0.345066020321129,-0.1659657938091385,-0.8001288205926219,0.003690289845973203,0.0006613122390614309,0.05275856362566288,-0.5502935536057163,0.006195596733766584,0.0955490465846775
P01,S01,20,lean_right,2.1846863999962807,0.34396737458650334,-0.16189962070361408,-0.8070867023305879,0.016686334771546327,-0.0032556060442180995,0.36143577321545234,-0.5527297874051843,-0.004119389112575784,0.31537242644634295
P01,S01,20,lean_right,2.2546309999888763,0.3409848603957878,-0.14261905316697912,-0.8192386772205963,0.02904098691524018,-0.006167257021915927,0.42445902924360385,-0.5490005313493055,0.006032203913100867,0.2408844879194384
P01,S01,20,lean_right,2.2965360999805853,0.34114076652715697,-0.127757644993713,-0.8170982755109619,0.007271277701479226,-0.006454563638664962,0.23201953016401394,-0.5472252139547095,0.00700319065132428,0.3437426431330507
P01,S01,20,lean_right,2.339093300048262,0.34148638773601714,-0.12773954722284048,-0.8161842730195904,0.0027901191131863203,-0.0005009433366861216,0.06660994124986898,-0.5464048718223713,0.0024271165282315995,0.06121155952059517
P01,S01,20,lean_right,2.3873202999820933,0.3398753690954666,-0.10699147070916261,-0.8291044873335541,0.023208826555718768,-0.003013768909442136,0.48528177599142175,-0.5467064554657043,0.003220860367327582,0.7253998500472241
P01,S01,20,lean_right,2.458258399972692,0.33861449534237736,-0.11346770502089863,-0.8333363654988716,0.00822191161319757,-0.0025711983928916296,0.12143790686915101,-0.5473194536572573,0.024850805211740386,0.40411812815134535
P01,S01,20,lean_right,2.503421499975957,0.3364331081040235,-0.0854605567306912,-0.8413528114384268,0.028588280011259414,-0.0005359283795274022,0.633112052574606,-0.5518104956873686,-0.005657915490358598,0.5030387059490619
P01,S01,20,lean_right,2.5621048000175506,0.3333347150240034,-0.06272780226081442,-0.8636083568503861,0.04435394200706965,0.008405471769584597,0.7692712063519941,-0.5542130679332046,-0.009343489658292051,0.47884339947667426
P01,S01,20,lean_right,2.629991100053303,0.3308141006187113,-0.06202028659606189,-0.8751505963582568,0.009032655647427557,-0.001611310815437982,0.13515611835866534,-0.5688171570211985,0.0005044830008723299,0.059441961816771915
P01,S01,20,lean_right,2.7034736999776214,0.33148452740533396,-0.04986597304277209,-0.8765774701283134,0.0370984308091562,0.0031923688011184594,0.5067258273782238,-0.5706077277700474,-0.007926446674850143,0.3322374982090341
P01,S01,20,lean_right,2.7596969000296667,0.3311558211871257,-0.02007069909337109,-0.8842760135799189,0.0400073508399755,0.010269763663161197,0.7346510468553683,-0.5909548292292301,-0.02713714727553167,0.6836364000829137
P01,S01,20,lean_right,2.802849299972877,0.3296499391183009,-0.008971572006161301,-0.8865439014042946,0.003912770366011106,-0.002332112392828616,0.10555738169885145,-0.598149500857469,-0.013089242392481475,0.3324150198506428
P01,S01,20,lean_right,2.87304660002701,0.32863788846447495,-0.008055357240105808,-0.9033653051446562,0.034354688260267864,0.009693706548924166,0.5085112096373539,-0.6014499138296079,0.016341962082991688,0.3693670479923029
P01,S01,20,lean_right,2.9597904999973252,0.3255164163305443,0.0012729207146854465,-0.9133667331025573,0.03281038172857574,0.0006979159641850727,0.37832981515671266,-0.5948941345376167,-0.005555929164198876,0.2511062803070617
P01,S01,20,lean_right,3.0290400000521913,0.3241424948965384,0.010223265336288371,-0.9173059217724194,0.005488939816771956,-0.0020353209501487567,0.08453697306776753,-0.601061870491498,0.01505132549179322,0.2234840904770842
P01,S01,20,lean_right,3.086324300034903,0.3235633140393084,0.014001311132101865,-0.9234997234589368,0.020197369341401514,0.00462412062255639,0.36170377217260213,-0.600786913106313,-0.0068956249648725616,0.2913444649632841
P01,S01,20,lean_right,3.151145000010729,0.3230572877289976,0.02962812616368837,-0.9254194178683125,0.021585693553597258,0.00267933485578672,0.33556170833805155,-0.5955879468698233,-0.04246173500956208,0.7010989344627087
P01,S01,20,lean_right,3.20006329996977,0.32300439082522564,0.04387769494512142,-0.918296164580002,0.0034590983875524245,-0.0034551770826492896,0.09994484400175598,-0.599314217019176,0.0023401390475388424,0.2624016781042572
P01,S01,20,lean_right,3.2685983000556007,0.3220135312786554,0.04639466682823343,-0.9168958162100952,0.013228065664311577,-0.004324579506582198,0.203064557489075,-0.5937328886718519,-0.021693856515416464,0.33416943270644606
P01,S01,20,lean_right,3.360995900002308,0.3253165000879638,0.057179538507258515,-0.8976126973900406,0.008988109593187335,0.004552937277837354,0.10904485310831544,-0.5967974252695133,0.0048091083478514094,0.055718679554786044
P01,S01,20,lean_right,3.427720500039868,0.32538620433758253,0.058372713580275654,-0.8952052917409261,0.004327381760754036,6.411343011255371e-05,0.06486148551972853,-0.5976689670945414,0.008678784667781814,0.1454246271131764
P01,S01,20,lean_right,3.4895643000490963,0.32455776310792345,0.060829533973512644,-0.8957704530010024,0.0023245347269466947,-0.0018457622969131151,0.04799535243948791,-0.5850811789046556,-0.013355064716753174,0.22534419798713112
P01,S01,20,lean_right,3.5686747999861836,0.32468456297735354,0.06591036831221027,-0.8974256544335216,-0.0006495416118420009,0.0020129227086405823,0.026736362183131034,-0.5691632533295549,-0.016059753450029322,0.2899891198961017
P01,S01,20,lean_right,3.6279404000379145,0.3245689322236491,0.06749205597703682,-0.8972816735450188,0.0007641363737780732,-3.35147532358804e-05,0.01290581707850239,-0.5702829754984651,0.0012699962704239168,0.08617004481093331
P01,S01,20,lean_right,3.678109099972062,0.32427779905233256,0.06693556238449276,-0.8997072296521894,-0.0001100546542611315,-0.0011686471679202908,0.023397413179329425,-0.5689651497182199,0.006964670420710727,0.13974185714155102
P01,S01,20,lean_right,3.7610136000439525,0.32351341237127057,0.06785182382259801,-0.90187779855298,-0.0034167153321294124,-0.0023658470230050977,0.05012828510360152,-0.5701956255582894,-0.00277459122853921,0.03927507712568417
P01,S01,20,lean_right,3.8275538999587297,0.32351345235102663,0.06637926423472107,-0.9016107209816889,-0.00015835567829451859,-0.00042449270830781946,0.006808925791705908,-0.5831069326722127,0.030079262906570994,0.4563548620921379
P01,S01,20,lean_right,3.914481000043452,0.3240369485282222,0.0705879490672641,-0.8986312563736156,-0.0047408340867755696,-0.0013471137103198427,0.05669706282403667,-0.568108278734988,-0.02902783092094054,0.3443403736389555
P01,S01,20,lean_right,3.9984743000240996,0.3241573914158389,0.07085325644618626,-0.9078326943232234,-0.003982654221993139,0.003157788142911848,0.060512365114314605,-0.5703851223818908,0.004148502554048461,0.07729557786686068
P01,S01,21,lean_forward,0.37856919993646443,0.33339886437225574,0.04657200826615936,-0.8920514440499914,0.0,0.0,0.0,-0.5724869441528769,0.0,0.0
P01,S01,21,lean_forward,0.4735269999364391,0.33259727601938627,0.04486970824466692,-0.8808228268363956,0.0013256586579472127,0.004821725508993036,0.052661716416067386,-0.5916820084496003,0.08750575590077228,0.9513312569039476
P01,S01,21,lean_forward,0.5247875999193639,0.331847740135165,0.0430943079499023,-0.8721240022516077,0.0011017100485365356,-0.0006722968349985331,0.025177985185262822,-0.5884571289019055,-0.006148169501442353,0.3341728518055423
P01,S01,21,lean_forward,0.5844164999434724,0.33149350175691955,0.0424340347110029,-0.8726637179886003,0.0017394918200874996,-0.0003511618497176408,0.02976045933673096,-0.601468934506301,-0.018016655453007104,0.3816886178249672
P01,S01,21,lean_forward,0.6613701999885961,0.3322305992522076,0.04167922126019413,-0.865586498290192,0.0012896704576047518,-0.001123808269657949,0.02222911228325267,-0.6022592239078768,0.010367965616534927,0.341996283050138
P01,S01,21,lean_forward,0.7082382999360561,0.3320065665618299,0.04898570088604668,-0.8665328706718501,-0.00034496403526580244,-0.007178896362316563,0.1533490750941446,-0.5927640826728531,-0.07620701043231169,1.6604570997339887
P01,S01,21,lean_forward,0.761902799946256,0.33250335093937783,0.04845539893690086,-0.8651937504992928,0.0005990878656608591,0.0023269777331369275,0.044775578924404535,-0.5926437179462212,0.004512799213497264,0.14706352411265153
P01,S01,21,lean_forward,0.8699905999237671,0.33274374444711086,0.048711389871486606,-0.8672819778678229,5.00670515756899e-05,0.002081589169357082,0.019263887294762187,-0.5975330100465543,0.03999960868838638,0.379600085162876
P01,S01,21,lean_forward,0.940895100007765,0.3329511920853177,0.0468398725201487,-0.8619986777972334,0.0002813733743945091,-0.0006283572731825844,0.00970995305002394,-0.599595723263655,0.0016249809377978032,0.032417562450625124
P01,S01,21,lean_forward,1.0090385000221431,0.3329631869400551,0.04739097640429264,-0.8665836465899818,1.8259297140210263e-05,-0.0014418579295668978,0.02116086869773351,-0.6051527850083943,0.010515718787628914,0.1644159211624675
P01,S01,21,lean_forward,1.0610248999437317,0.33560997601495357,0.04703583102550891,-0.8562546785280463,-0.0006746615432266725,-0.0058848069061706604,0.11394045043782815,-0.6084732296057761,0.01815504633377008,0.3510285900337514
P01,S01,21,lean_forward,1.133504599914886,0.33647755713924976,0.04725444594183458,-0.8666298915595779,-0.0003604417245175572,-0.0018497272330322311,0.026000635502732294,-0.6078438651667613,-0.0539880759357334,0.748173683606826
P01,S01,21,lean_forward,1.1918116000015289,0.34011023232378773,0.04725905017186843,-0.8555090302694892,0.0004195069858858586,-0.013141456124127388,0.2254986577459489,-0.6140396123724166,0.020983048229484387,0.360528572963552
P01,S01,21,lean_forward,1.2703388999216259,0.34645623263831915,0.05038635184067457,-0.8536407482555106,-0.0037398682639410733,-0.029100805574494935,0.3736297396345249,-0.6191042137188135,0.04092342618946378,0.5261056155658167
P01,S01,21,lean_forward,1.317809599917382,0.3490248959470137,0.049850947198185204,-0.8502706509563428,0.0002562902293945454,-0.00579848638938024,0.12226800061921947,-0.6180876174517648,-0.0013255710456055315,0.09738418962032351
P01,S01,21,lean_forward,1.3789807999273762,0.35381249761484257,0.05058959263234161,-0.867387938842217,-0.0015585861890639637,-0.029452212420533915,0.48214557039619116,-0.6052272008234139,0.01222489510598543,0.20086786318261401
P01,S01,21,lean_forward,1.4626925999764353,0.3609494483622718,0.050125526960645324,-0.8761824752738029,-0.00032138999081575957,-0.03232799373513467,0.3862011237625129,-0.6090951984169979,-0.008732751586674907,0.10788562465554581
P01,S01,21,lean_forward,1.5149484999710694,0.36403169464871277,0.05341560243937507,-0.8657438156509225,-0.0013277252271949988,-0.007388449502350564,0.14365458459189276,-0.6115178987146646,-0.031098174928889177,0.5963668334145346
P01,S01,21,lean_forward,1.5552988999988884,0.3654826367326446,0.05534615346048244,-0.8597583848837266,-0.0014617286224533484,-0.0025382510632448864,0.07259050699991511,-0.613047605597726,-0.007273502113183464,0.1960888849409782
P01,S01,21,lean_forward,1.6292998999124393,0.3699409081420272,0.056014275611613165,-0.865443453261408,-0.0016781387621499263,-0.022363206955753216,0.30305107361278844,-0.603213908152667,-0.011335246265778406,0.20567167003077808
P01,S01,21,lean_forward,1.708513499936089,0.37720277371208416,0.05438883841327472,-0.85681098171125,-0.00029754697985791864,-0.015375262181176496,0.19413511087893534,-0.6129720114606014,-0.04848294342956078,0.6469094320607132
P01,S01,21,lean_forward,1.7936881999485195,0.38368369606383823,0.054347236400157074,-0.8506710106183349,-0.0022078113306302927,-0.013331843553571707,0.15865531244100292,-0.6128574313726743,-0.005480641249768995,0.13539158119854938
P01,S01,21,lean_forward,1.8758464999264106,0.38720248394552026,0.05208345753381032,-0.8475719186870154,0.0016552035937805677,-0.005573121684188019,0.07076246448825114,-0.6122403401702406,-0.014317437979065878,0.1802287799757479
P01,S01,21,lean_forward,1.9482783999992535,0.3897978853351498,0.05228164607927436,-0.8468876250832417,0.002116909129871308,-0.005297013086381969,0.0787547166575642,-0.6102020427748619,-0.0002563809187639506,0.08852836287467751
P01,S01,21,lean_forward,2.017214799998328,0.3910452519762906,0.05540407025738499,-0.8467527901478809,0.0015161224881860044,-0.006355467189524582,0.09478016962381389,-0.6047139377556591,0.005717064413431277,0.09117494176965159
P01,S01,21,lean_forward,2.088523400016129,0.3932817516560871,0.07264594419192441,-0.8427694434985578,-0.00019440987984739347,0.0017991344249997333,0.025377130652535836,-0.6098612682033593,0.009511901464797476,0.2176352712291582
P01,S01,21,lean_forward,2.165148500003852,0.39420044297012624,0.08003834858734217,-0.8468595203539201,0.001971396461978192,-0.0016122115950178305,0.03323571591604533,-0.6077975334358857,-0.00683996249085769,0.09066776420884873
P01,S01,21,lean_forward,2.245826800004579,0.39499765808795795,0.08882717846129845,-0.849021704696641,-0.0005753391310405313,0.0021399703329227707,0.027466643762265524,-0.6139259091985877,0.03220847366346488,0.4060129862605741
P01,S01,21,lean_forward,2.309091300005093,0.39562099324180106,0.09218108923250946,-0.8516456277876515,5.8870776181861694e-05,0.004105963565666735,0.06490821210543725,-0.6137489469682182,-0.012001725267871613,0.1982542048200995
P01,S01,21,lean_forward,2.3574186000041664,0.39583503979484325,0.09162936110466242,-0.8550896673296088,0.0001340157603975431,-0.0003852576662664203,0.00844039648911085,-0.6091999863874683,-0.005150239059870357,0.12201790472811619
P01,S01,21,lean_forward,2.418426899937913,0.39585103885221645,0.09143465534987535,-0.8513061679166832,0.00037199163438996754,-0.00023737899680865567,0.007233086810936283,-0.5998464524183922,-0.03967826463645063,0.6536844094895632
P01,S01,21,lean_forward,2.4703774999361485,0.3974368373208665,0.09015694185807539,-0.8490398578475143,0.0008357974252524372,0.000901110502355871,0.023658001728762187,-0.601387124030524,0.004072170692917203,0.08355848352767463
P01,S01,21,lean_forward,2.5172740999842063,0.3987826219118459,0.0893255179518488,-0.8444934511078283,0.001397810755310887,0.0010485822662407536,0.037260653680812626,-0.6018957117461943,-0.0043110092323172386,0.09292037845327342
P01,S01,21,lean_forward,2.561981200007722,0.39974973337661535,0.08851254648893249,-0.8424643904377213,0.0012183361533374,0.000251241759683456,0.027824923212639234,-0.603384817501333,-2.3094384907500457e-05,0.011920811619752272
P01,S01,21,lean_forward,2.621976999915205,0.4008090301924008,0.09119145324711746,-0.8389264376987963,0.0011792397284082327,0.0002481240249502363,0.020085755031749815,-0.6074693366494694,-0.003184628099947385,0.10237813036096614
P01,S01,21,lean_forward,2.6825812999159098,0.40027934512483393,0.09083067028790612,-0.838168049386574,0.0007673581947951609,-0.0012503028346378632,0.0242062413053391,-0.6043258238826342,-0.0026652412058376547,0.13647145527771548
P01,S01,21,lean_forward,2.729125599958934,0.4004052284868483,0.09357963337850153,-0.8389757401678258,-3.3568111604446904e-05,0.0012483467135915376,0.02683030908322908,-0.6022475256971624,0.0029743980570037906,0.11472091308349126
P01,S01,21,lean_forward,2.776324999984354,0.3981758453367442,0.09665706990001943,-0.8444796360667604,-0.0004912966129007418,0.0008980908071596587,0.02168860497372911,-0.6101226130221402,0.021466689629478296,0.4548470426514073
P01,S01,21,lean_forward,2.843896299949847,0.3971729895495158,0.09698689383030103,-0.847420148476702,-0.00018811556725117497,0.0005621706541068221,0.008773098571105767,-0.6093112811405065,0.013640930579470174,0.20222895186799725
P01,S01,21,lean_forward,2.8885787000181153,0.39658019538634465,0.09634059254749279,-0.8456874112274774,0.000761214574348748,-0.0007411124075450272,0.023776714985098736,-0.608311761934166,-0.007567384858336711,0.17554709843408248
P01,S01,21,lean_forward,2.963992099976167,0.3935371795230866,0.09620394018660576,-0.8431880636951042,-3.729671436311874e-05,0.00011260957209737577,0.001573000224563732,-0.6028085376229217,0.026623657136766676,0.3557344613850476
P01,S01,21,lean_forward,3.0431453000055626,0.39323191271108043,0.09529549953277598,-0.8377356226887458,-3.198260273663959e-05,0.0005766720953153807,0.007296714497264831,-0.6105954852987523,-0.011645021316154898,0.14788462879396921
P01,S01,21,lean_forward,3.1070599999511614,0.38696441231020606,0.08990023426398282,-0.846494678087791,0.0028097625856061477,0.009883420568780993,0.16076200976418098,-0.6128524249100427,0.022881754428459775,0.3658126140999392
P01,S01,21,lean_forward,3.1943562999367714,0.3771164446030337,0.09315459128653597,-0.8368853860420753,-0.002070937956982603,0.022250561078939565,0.25598711520021644,-0.6149309507115436,0.01791039978443028,0.2701215821809751
P01,S01,21,lean_forward,3.2577777999686077,0.37397910676033863,0.09261927755629988,-0.8463706448492893,-0.0020269899001047914,0.007152239759565386,0.11721456761564635,-0.6125090253084019,-0.0006693485326584829,0.03708433487398876
P01,S01,21,lean_forward,3.3014922000002116,0.3691093975889221,0.09138955087976372,-0.8617883104871095,-0.004737205200928062,0.017949002970469665,0.424656760590072,-0.5993730798118797,0.011036031053911117,0.43129810325218493
P01,S01,21,lean_forward,3.3647166999289766,0.3612042726168419,0.08706655396075165,-0.8534516429376217,-0.006931680764172434,0.026706673905527233,0.43640626837221136,-0.601852823864264,0.005534729475294377,0.16139340647024605
P01,S01,21,lean_forward,3.4412469000089914,0.3593546260033832,0.061203860513247346,-0.8734087815766828,-0.0019180307171416079,0.012089212222179194,0.15994235590516798,-0.5986725839803682,-0.00362693430442453,0.07991963271657684
P01,S01,21,lean_forward,3.505077000008896,0.3553781554263042,0.06133747785791304,-0.8722975723188194,-0.0025870240736523423,0.027536556284627804,0.4333036154078076,-0.5982904614080287,0.006419345308760383,0.14222417158553122
P01,S01,21,lean_forward,3.555839999928139,0.35043637496744745,0.06378106539609292,-0.8784889229020472,-0.0026540788704448454,0.03043059159325364,0.6017397193874959,-0.5989196615034303,0.0012061993765698532,0.04784877352016994
P01,S01,21,lean_forward,3.611660899943672,0.3484962891879593,0.05237140486051143,-0.8675729719728889,-0.0005532943443893942,0.0066742519941599176,0.119975613567404,-0.6098958553192738,0.018117117136801274,0.32487661046931554
P01,S01,21,lean_forward,3.676559599931352,0.34628989762084683,0.05469660254253025,-0.8596253466898138,-0.001536589917080714,0.03883675182846596,0.5988893123045471,-0.610121065683159,0.020399450058664795,0.3217585794180664
P01,S01,21,lean_forward,3.7634698000038043,0.34231267766618445,0.05259218597902436,-0.875940089384548,-0.004787609742049728,0.02134160774105097,0.25166233478035754,-0.6072351015039156,0.0010255292585360416,0.05749404333342121
P01,S01,21,lean_forward,3.825285099912435,0.3405582604006003,0.0527886482897191,-0.8699583519810784,-0.0009315461073938978,-0.0009168443933457837,0.021144454547308355,-0.6067045794649101,-5.8670169767805295e-05,0.06967825173683599
P01,S01,21,lean_forward,3.8780716999899596,0.3384821493716324,0.05607111809598839,-0.8458883987593897,-0.0028195716458137847,0.01085645362448755,0.2124899164117627,-0.6060973242173187,-0.015069146105373953,0.31408929278071585
P01,S01,21,lean_forward,3.9551775999134406,0.33611753744184336,0.04056490921986158,-0.8617755949338982,-0.002530759903886223,0.00893162958388967,0.12039612017176864,-0.600836485620904,-0.004882083611249735,0.07901205233227968
P01,S01,22,lean_forward,0.39008540008217096,0.3328910418386073,0.04416663676361041,-0.8511378407848719,0.0,0.0,0.0,-0.593136919900556,0.0,0.0
P01,S01,22,lean_forward,0.4812362000811845,0.33274178729441717,0.0511827551779896,-0.8526505756876672,7.922105115277411e-05,0.0005198405662981356,0.005768927553729673,-0.6008755748914063,0.08118053960771408,0.9149171487122598
P01,S01,22,lean_forward,0.532966100028716,0.3322439414110309,0.04916737323230618,-0.8520104283529328,-6.485318887921283e-05,-0.0030630797978525035,0.05922621689781854,-0.5873351547595416,-0.07185962701991738,1.3999321922029833
P01,S01,22,lean_forward,0.5978573000757024,0.33216879462381194,0.049910435555342136,-0.8528896301915245,9.5462522469697e-05,0.0005613806420045997,0.008775295833346006,-0.6013758796365645,0.08672120133662611,1.3479117897883959
P01,S01,22,lean_forward,0.6581416000844911,0.33227066714559633,0.04715662939804584,-0.8564941719187082,-0.00021741560905259963,0.0007919883778607487,0.013623591969159216,-0.6012297012553642,-0.03636246561179464,0.6125984120707055
P01,S01,22,lean_forward,0.7212932000402361,0.33259865937888755,0.047039831181912184,-0.8518432322791913,-0.00046840730077689086,-0.0031856176675695885,0.05098636283914902,-0.5993768823713829,-0.0701919877242192,1.1287692033910088
P01,S01,22,lean_forward,0.7705688000423834,0.33289013049351324,0.0466799315971784,-0.8525715126390735,0.0005602537186239335,-7.162080135812509e-06,0.011370729031112312,-0.5969021551546191,-0.0003111041364851398,0.08253648600916144
P01,S01,22,lean_forward,0.8685890000779182,0.3330596562032142,0.047006040238618936,-0.8498514223832863,0.0002262065356547578,-0.002097779280810974,0.021525564309302563,-0.5978296358264746,-0.002464301710191905,0.03667247509268928
P01,S01,22,lean_forward,0.9228128000395373,0.333665015157523,0.0436996801783301,-0.8493930788694646,0.00024160543777913728,0.00026071950938162723,0.006555321240903845,-0.599548233633375,0.017202440885127564,0.31789780094688136
P01,S01,22,lean_forward,0.9845917000202462,0.3336366659070176,0.04251973875999485,-0.8569573543313808,0.00030808427375847094,0.00017757945382193107,0.005755988293551662,-0.5918920152472161,0.06583048065075758,1.0781032288184342
P01,S01,22,lean_forward,1.0561588000273332,0.33392203074292115,0.04510599400996185,-0.8555217263970886,-0.0009009721336278201,-0.007395379191349027,0.1040989412628837,-0.5867527228706123,-0.06163582751069371,0.9128090791529083
P01,S01,22,lean_forward,1.1096950001083314,0.3344080435843936,0.04628753468637886,-0.8556716479195621,0.00026758170051753853,0.00021379800151259782,0.006397630383622785,-0.5896631641264448,0.0001874416668138099,0.13028122467336042
P01,S01,22,lean_forward,1.1566345000173897,0.335688406140408,0.04497336423178751,-0.86333145314759,0.0010545255029540135,-0.0031774261450348666,0.07132253709122216,-0.5971202782361894,-0.0025443061089597723,0.2516626436781538
P01,S01,22,lean_forward,1.2645540001103655,0.3418600392001864,0.04832777380703967,-0.8261399664177057,-0.0025198939068543143,-0.03777779124940547,0.35083316960132765,-0.6001452188364216,-0.024211750316211523,0.22478053215442612
P01,S01,22,lean_forward,1.3211367001058534,0.34303318537845306,0.048008547379147434,-0.845135207772302,-0.00022588496247825398,0.0002672392863781189,0.006184142738627076,-0.5973758084380276,0.010655861255030279,0.21407035899482701
P01,S01,22,lean_forward,1.4196481000399217,0.34509189414491676,0.04586150577727662,-0.850723259034487,-0.002419908696188978,-0.038584421220134904,0.39244424275995915,-0.5969056912364343,0.014336928256450516,0.14669738989082617
P01,S01,22,lean_forward,1.4804919000016525,0.3484144547709773,0.04670635929932012,-0.8643796431943571,-0.0026256433264630974,-0.02138561512604241,0.35412310599175273,-0.5972662607252784,-9.34614485054507e-05,0.12939417600370895
P01,S01,22,lean_forward,1.526733500068076,0.35025959442448873,0.04282078638068818,-0.87969502195938,-0.0006379351648279171,-0.005680792434776377,0.12362243665506596,-0.596934778923368,0.003383861714926979,0.08657932364265745
P01,S01,22,lean_forward,1.5663524001138285,0.3548991072078271,0.04273465602488509,-0.8742964052266212,-0.0005364683446845045,-0.024272956787366375,0.6128106638137641,-0.5990164612637117,0.00529634374557536,0.14154933521234234
P01,S01,22,lean_forward,1.666789900045842,0.3627799001551743,0.04618133100852458,-0.8676999319880506,-0.005278006055756759,-0.03821948863220667,0.3841414465392544,-0.5976200527558017,0.008262697192592018,0.12128538901523489
P01,S01,22,lean_forward,1.7179947000695392,0.36632467875549446,0.047773817555000486,-0.8731983576000864,-0.004192098043657466,-0.0017579989059529032,0.08877672280000223,-0.5950536239479794,-0.0040250871648028815,0.08577135404938796
P01,S01,22,lean_forward,1.7616824000142515,0.36794310052561546,0.048760575374433755,-0.8851971675345905,-0.0015435616456212652,0.00016798797570543653,0.03554034481954612,-0.5924720238829546,-0.007896811916158028,0.19769802838871253
P01,S01,22,lean_forward,1.8312466000206769,0.37372041854784094,0.04902581008152182,-0.8825290552730897,-0.0037707008849466573,-0.015578338763783046,0.23040857814118118,-0.5941564721310802,0.0025052886154004433,0.03680689426040712
P01,S01,22,lean_forward,1.9036939000943676,0.37731018693268453,0.04768337625106949,-0.8730073041737416,-0.0011125610347402968,-0.012767418850339449,0.17689826676434076,-0.5999751348687582,-0.0118310603089902,0.1643420955010618
P01,S01,22,lean_forward,1.95174200006295,0.37858813968548305,0.049193438602776966,-0.8777889785876898,-0.0017524960045162974,-0.01391243700672356,0.291840471985729,-0.5935002431761535,-0.008023641724606644,0.1770876864103755
P01,S01,22,lean_forward,1.9911460001021624,0.38066331548841986,0.049804268519123826,-0.8764627666303624,-0.0009197176822784783,-0.008345062989720816,0.2130644479869397,-0.6039939194534419,-0.0012073606104853996,0.14579208612017477
P01,S01,22,lean_forward,2.0713566000340506,0.3823904106752339,0.054041795707135604,-0.8689776675557981,-0.0005682768909036201,-0.010537653120325202,0.13156571682063298,-0.6167295185916197,-0.016761022033237954,0.23493521059829703
P01,S01,22,lean_forward,2.116200500051491,0.38474742800210104,0.05833013821480286,-0.8647463652651581,-0.002483233629987288,-0.0010298233264401328,0.05994807078078521,-0.6142652444903988,-0.007636053938437762,0.17317229312593635
P01,S01,22,lean_forward,2.184801100054756,0.388936486283423,0.06036951927325116,-0.8757551393791109,-0.0030879941444961596,-0.002830686840843105,0.06106495398511942,-0.610901463751788,-0.014323409748905743,0.2469572644032838
P01,S01,22,lean_forward,2.2254254000727087,0.38926391224045614,0.06048265646173314,-0.8715684118960118,-0.0001918611449844091,-0.0018637939798485455,0.04612124174716341,-0.6146373879548084,-0.01486596206053105,0.37176903769932856
P01,S01,22,lean_forward,2.2728422000072896,0.39027910045001396,0.06196046003589327,-0.8680564930348622,-0.0010909776605051301,-0.0015586540573528707,0.04012362216408617,-0.6148212619144232,-0.0008454552132143937,0.10724153307060723
P01,S01,22,lean_forward,2.3522043001139536,0.3928637946994172,0.061658866456526136,-0.8667997904187298,0.0016990178874281543,4.627409525075564e-06,0.021408508427710103,-0.6088614356568203,0.00641985009212178,0.10393028780049123
P01,S01,22,lean_forward,2.422721700044349,0.3933326033936927,0.06861675446899292,-0.8687502457465052,-0.0002379517808872743,-0.00012835227410381872,0.0038339690507703007,-0.6076922937936453,-0.0006276054669460027,0.014149875493752899
P01,S01,22,lean_forward,2.4750081000383943,0.3971327664321444,0.06640360385688564,-0.8571895082109171,0.00118854252752012,-0.0002017550565246775,0.023056566790966803,-0.6026997628757554,-0.03846148939779155,0.7853608735431674
P01,S01,22,lean_forward,2.560296400100924,0.3998975809723779,0.06228797581968533,-0.847967836014437,0.0036612959544884615,-0.006195104880155447,0.08437427782286835,-0.6011048398576774,0.00043074590299672114,0.06407077448547772
P01,S01,22,lean_forward,2.641309200087562,0.4011807834901992,0.07158608898354825,-0.8391118387263177,-0.0006970675157768886,-0.0011160434617439212,0.016242471130175132,-0.6007508504892833,0.009150141740232154,0.1253440750581255
P01,S01,22,lean_forward,2.740056600072421,0.4014594329579442,0.07490978647028342,-0.8381230193125448,0.00026709736314045146,-0.00017701324691728917,0.00324493523124184,-0.6035941182305857,0.011478419471892232,0.1436809847261998
P01,S01,22,lean_forward,2.806677700020373,0.4022571697547088,0.07431573948842836,-0.8364465956919214,0.0009494343174323115,-0.0004904237584270922,0.016040209324339343,-0.6096770484607483,0.00793088636639453,0.14229180230591532
P01,S01,22,lean_forward,2.851192600093782,0.4028204087635855,0.07385981181103543,-0.837107374533767,0.0003200553989925462,0.0018443136878838855,0.04205060137177342,-0.6045011694885324,-0.009287653180127222,0.2108050231889075
P01,S01,22,lean_forward,2.9119350000983104,0.4042926848851334,0.08007055145656322,-0.8319973029730516,0.0014437396642238134,-0.000857744491226075,0.027646557650365843,-0.6030479587896732,-0.002599802543285098,0.05661966559257317
P01,S01,22,lean_forward,2.9629947000648826,0.40960501550058526,0.07648207455770195,-0.8287827238579705,0.0034837949864029295,0.007652794890873371,0.16467887424048813,-0.5948827775710248,0.011297107698635971,0.24171516127665446
P01,S01,22,lean_forward,3.005392500082962,0.4087177712742392,0.07947635556209183,-0.8292887412517582,0.000650161128892009,-0.0025928424361880724,0.06304842581276675,-0.5979896279409612,0.015045227383307788,0.38313420337471676
P01,S01,22,lean_forward,3.053701200056821,0.4088182506442332,0.07436692470024282,-0.8375336237662492,3.8599866027060565e-05,-0.0002889704795680228,0.006034878028932108,-0.5971401735993082,0.0002943711904852451,0.027498616114609496
P01,S01,22,lean_forward,3.1327424000483006,0.4092647184826549,0.07886339353292943,-0.8331364323062499,-0.0002193677884714538,0.0005645671249856204,0.007662943598177547,-0.600406930478016,0.00029180683348464743,0.03066559200435063
P01,S01,22,lean_forward,3.200233400100842,0.40990706667835825,0.08750993190689774,-0.8252476693865283,0.0012689943092954665,-0.00043026861019884103,0.019853822571955237,-0.6025209291160832,-0.01221866186338204,0.18516220943056605
P01,S01,22,lean_forward,3.2787458000238985,0.4096086760497141,0.08197607786356509,-0.833590334896017,0.001343586253298942,0.0014965600218831906,0.025616305641055465,-0.5995224924581458,-0.002503796410949603,0.04764705560251677
P01,S01,22,lean_forward,3.361780400038697,0.41078499718975015,0.08030521069526993,-0.8328722767669303,0.0013609595518225173,0.0021130095925598813,0.030268928193902558,-0.5960131256143721,0.0009614694173929679,0.08152477269350521
P01,S01,22,lean_forward,3.422031300025992,0.4106348245867762,0.0798243318871393,-0.8334692384438471,0.0002454890560678124,0.000882091348839081,0.015196695173180412,-0.6056231547235249,0.01889961860021098,0.322994254991853
P01,S01,22,lean_forward,3.467832300113514,0.41079751249332314,0.08095210030477076,-0.8308947588495993,0.0005036971209535541,0.004264268050198612,0.0937515218187447,-0.605117453705808,-0.00030584664092096693,0.11216112490080463
P01,S01,22,lean_forward,3.552910700091161,0.40962949018804273,0.0913319399568909,-0.8259225962462621,0.002391362336025853,0.005529766214730628,0.07081342863011435,-0.6042896725411276,-0.0010232234017682168,0.03876714685484576
P01,S01,22,lean_forward,3.6042187000857666,0.408280393192027,0.09511269763650074,-0.8265946964795001,0.0017519833249789217,-0.0011163086052497823,0.04048881131948082,-0.6023433590900231,-0.002118556247547658,0.04245043400140618
P01,S01,22,lean_forward,3.6699843000387773,0.4068159760581378,0.09380147022799133,-0.8178667207050201,0.0015894314032353176,-0.0012982694595043579,0.031205767320433953,-0.6050680958055613,-0.007445303053757577,0.1159186401839742
P01,S01,22,lean_forward,3.7605943001108244,0.40166894953775734,0.09328573479232527,-0.8342143113297334,0.001299695388120076,0.01343181799433496,0.1489300554546276,-0.6048504319614881,0.014623310686630918,0.20668666512574735
P01,S01,22,lean_forward,3.806813200004399,0.3987862581450685,0.09303241050898142,-0.8379775153857523,-3.736628554644675e-07,0.0003267308008181304,0.007069207948232262,-0.608157445715189,0.002543750922506375,0.11488072794705399
P01,S01,22,lean_forward,3.905036500073038,0.38988969829290127,0.08888764129529754,-0.8238074491359672,0.0032785713945504905,0.008548577568132595,0.0932133210710938,-0.6047145454175461,0.00817716133007874,0.08557014053177489
P01,S01,22,lean_forward,3.979696700000204,0.3785269140393251,0.08995862584189505,-0.8289056872641846,-0.003759037808052651,0.0168303045602359,0.23097962881238296,-0.604342925121771,0.004355475871650064,0.14675179523539228
P01,S01,23,lean_forward,0.3867599000222981,0.33277328778181725,0.0289426347875489,-0.8774236638481488,0.0,0.0,0.0,-0.6394799685960837,0.0,0.0
P01,S01,23,lean_forward,0.47421719995327294,0.33162418332044674,0.03565602217085152,-0.8594532846718055,-0.0007406002069507523,0.014631010471159347,0.16750737259682877,-0.6241251340681064,0.018153034730329233,0.44593026794963303
P01,S01,23,lean_forward,0.5218604999827221,0.3316667305546042,0.03809396510780817,-0.8626202678064034,0.00014758885957580415,0.0006244109498887446,0.01346708398669928,-0.6073396228605528,0.0044039586228253585,0.40603543735644804
P01,S01,23,lean_forward,0.5828421999467537,0.3315955103070397,0.038806186916333335,-0.8565123672953076,2.3053073563528164e-05,0.0004265492675731176,0.007004917396012198,-0.5952917930766906,0.012179919490816605,0.4320099415613797
P01,S01,23,lean_forward,0.6580012999475002,0.3312687013036702,0.03875801508337393,-0.8605205799799885,0.0005306987924701562,-0.005061655562086523,0.06771502821851329,-0.5974951803102553,0.005900859819164598,0.0829423472409329
P01,S01,23,lean_forward,0.7220860000234097,0.3318589941948747,0.03961015091134678,-0.8606570570154165,-0.000745688947037886,0.0009451889164296682,0.01878645688639361,-0.6086980950970751,0.029584585703449934,0.46388705346518694
P01,S01,23,lean_forward,0.7822345999302343,0.33254437250444674,0.04218424102676682,-0.857115136614314,-0.0011592676740932602,0.0014693048986710218,0.031115699638923904,-0.6034975552762663,-0.004259051886089645,0.08518828804128092
P01,S01,23,lean_forward,0.8681098000379279,0.3326626178223776,0.04121550094036686,-0.8541877182935262,2.759286677744858e-05,-0.0033712570444875568,0.03925894738651845,-0.6017781775284832,-0.007296821387396139,0.09024457653663721
P01,S01,23,lean_forward,0.914894999936223,0.33213423467590425,0.040973969463252435,-0.8587977999457181,-0.0003528622483134657,0.00018358707184980313,0.008501913505542002,-0.5980465135344778,0.04230533624716956,0.9110807575573838
P01,S01,23,lean_forward,0.9627419000025839,0.3328067232748949,0.04159224980515489,-0.8536492349390675,-0.00042741469690495284,-0.003488090775998685,0.07344634502425591,-0.6023478017245528,-0.03612216346430726,0.7578241001303171
P01,S01,23,lean_forward,1.053874299977906,0.33300702851187036,0.03683158171101842,-0.8586064749117974,-0.000217785047524519,-0.0022015665375398263,0.024275803807956454,-0.5967043753095832,0.0005725193980227783,0.18097120451024887
P01,S01,23,lean_forward,1.125412299996242,0.33365213103819136,0.03665269226151057,-0.8459406413505627,0.0003222274579187523,-0.011290957311321868,0.15789586406536657,-0.6003806943611083,-0.01361007544822891,0.19699491310286663
P01,S01,23,lean_forward,1.2073693999554962,0.3366391237928107,0.04021323239028419,-0.8510026439841775,-0.0038363596154808053,-0.01113632752449381,0.14371666626835633,-0.6034682653896644,0.016577259944901147,0.3893888857556114
P01,S01,23,lean_forward,1.287572699948214,0.33781413252600145,0.03681019506828228,-0.8649331674455336,0.0007146347332965542,-0.028113318415515048,0.35063893735980967,-0.5958798065011032,-0.004555806523694511,0.16320731236345476
P01,S01,23,lean_forward,1.365666199941188,0.346242865519298,0.03970465548497771,-0.8633194135854195,-0.0038578556371820717,-0.018460089482509157,0.24149123655463867,-0.6028059964654424,0.009514856038528263,0.23337147485913995
P01,S01,23,lean_forward,1.4350792999612167,0.34691347110038856,0.040913675112502525,-0.8611902726845931,-0.0010722921391990773,-0.023173691830265075,0.3342090626676182,-0.5999076100465135,-0.0010422347621396157,0.020678314568769524
P01,S01,23,lean_forward,1.5137200999306515,0.3512364521304164,0.0437017748310493,-0.865238360207347,-0.003063245390148397,-0.018841054938043097,0.24272956773776128,-0.6017222848754303,-0.005667151948076387,0.07223809663106669
P01,S01,23,lean_forward,1.5911969000007957,0.3551121090756597,0.04573673845457566,-0.8634069497668464,-0.0026245458946932815,-0.046930637021963074,0.6066844159335613,-0.5919467271119233,-0.010432596218610339,0.13693831515151086
P01,S01,23,lean_forward,1.6667391000082716,0.36076806132441713,0.04684409668288628,-0.8676362863688798,-0.0035796517887006097,-0.025021710655667703,0.334600653819286,-0.5954287957917702,-0.019486395331758544,0.26327129761283014
P01,S01,23,lean_forward,1.7577673000050709,0.3672165908277758,0.04784062986233088,-0.8782830084084325,-0.005448335829116949,-0.03711016844016615,0.4120479736019468,-0.5896290637999931,-0.009329969306418058,0.11059456504141854
P01,S01,23,lean_forward,1.8222272000275552,0.3695377625838285,0.03849973834275349,-0.8823350972339196,-0.00249543741898928,-0.0007542160698840671,0.04044256093112098,-0.5885365540290881,-0.02134172290421238,0.3361434883127272
P01,S01,23,lean_forward,1.8674749999772757,0.3717994581722419,0.03705072120873171,-0.8875486811202292,0.00013261972632461238,-0.012793294760101005,0.28275368408783363,-0.5850755791118973,-0.002593444485160185,0.08244435423090855
P01,S01,23,lean_forward,1.9506113999523222,0.3804007998316106,0.03960159370642941,-0.8683592688292094,-0.004955134918778681,-0.011844988039227605,0.1544410047498292,-0.5870949863739041,-0.04842598600274103,0.6516946406375319
P01,S01,23,lean_forward,2.002570000011474,0.38258595010582364,0.04188159035709358,-0.8693512970162564,-0.0001453559221399985,-0.003236506179546478,0.06235288476377012,-0.5984833654175321,-0.020871440313280625,0.4375041982884323
P01,S01,23,lean_forward,2.0740233999677002,0.3848676621869224,0.052167235230409274,-0.8595992657937501,0.0008457090473845329,-0.0025056884319729347,0.03701097690589636,-0.5947644499751207,-0.005739405453519845,0.09760556934964067
P01,S01,23,lean_forward,2.1575453999685124,0.38831953298324123,0.055783027567909815,-0.8477087089273951,-0.0005040352999436574,-0.004402854831338822,0.05305921432451816,-0.6003043404518079,-0.014257143649040495,0.17593607223633767
P01,S01,23,lean_forward,2.2086222999496385,0.38931963252242663,0.057869624294936514,-0.8442873011378964,-0.0009796072114944463,-0.0010477747680964471,0.028082864692944992,-0.6033037042318629,0.0037800007330885967,0.11483775163504666
P01,S01,23,lean_forward,2.2622085999464616,0.39163502455195315,0.055720108104862796,-0.8558070004260476,-0.0017327328717449818,-0.001752137653576118,0.04598589157756691,-0.6002734620604566,0.0016373773035350731,0.03707907025226486
P01,S01,23,lean_forward,2.3517511000391096,0.3947600404833792,0.054110355062706145,-0.8535178608735684,-1.721280982764673e-05,-0.0023414328526296033,0.026149550419951383,-0.5870353624711254,0.020962142065526823,0.23514510926156448
P01,S01,23,lean_forward,2.4182118999306113,0.3958007022801423,0.05546840115084202,-0.850500826636144,-0.001233767273959891,-0.0003883782367999217,0.019461885668539337,-0.5785788288548853,0.022344842825042437,0.33677459225267126
P01,S01,23,lean_forward,2.504014499951154,0.39888759545673086,0.05053757658369101,-0.8469851430022298,0.0038040421954763557,0.0022405483527259684,0.051453428318985986,-0.5859347824902462,0.010635917744458776,0.17689684610355733
P01,S01,23,lean_forward,2.5717590999556705,0.40081666699413904,0.05464624910967035,-0.8439720649070407,0.0019499708224207455,0.00343359335793665,0.05828751331689619,-0.5932801632300118,-0.007163930836908758,0.15921794440335524
P01,S01,23,lean_forward,2.6419461999321356,0.4002665732756761,0.05605419063929388,-0.8554971457998741,0.0007980214004313644,-0.003493037505116349,0.05104978417492665,-0.5929969625889947,-0.011076629311063542,0.16458919481906673
P01,S01,23,lean_forward,2.7141884999582544,0.40131519131417615,0.057427710782870844,-0.8476286920984631,0.0007723952690137533,0.0003693031124704735,0.011850980209904523,-0.6004827917367774,-0.008553152266218042,0.12481964722045474
P01,S01,23,lean_forward,2.773967199958861,0.4026410024260584,0.059766593847608886,-0.8465952784926758,0.0014432595804606061,0.003460299778785237,0.06271837554529223,-0.6022696986602413,-0.000760044273938604,0.11704210116134435
P01,S01,23,lean_forward,2.813393299933523,0.4026950464900745,0.05869597781141912,-0.8461493681729129,0.0003852813480142123,-0.00018338977725301925,0.010822798788594165,-0.6043712035513346,-0.003382511232561609,0.31961644971351644
P01,S01,23,lean_forward,2.8692821000004187,0.4029168234292758,0.06676199632148618,-0.836890197309887,-8.909257501450546e-05,-0.0005563755494056538,0.010081869865363094,-0.6144679471102229,0.0268818362081149,0.5321142754707784
P01,S01,23,lean_forward,2.9580554999411106,0.40337911626897516,0.07083833538087186,-0.8371360519591521,0.0005095249309081514,0.0007924547827043908,0.01061269911847503,-0.608616390355616,-0.01787567551570193,0.20316002149031387
P01,S01,23,lean_forward,3.0125386000145227,0.4038967413839855,0.06985107557783009,-0.8337477613851524,0.0006097387421518942,-0.00032562196032145084,0.012687213803543138,-0.6064280460877256,-0.008953231425089487,0.16457760230081878
P01,S01,23,lean_forward,3.062416399945505,0.4046255012930417,0.06869230695767768,-0.8340568332316293,0.00022085178367140437,0.0021685973208728226,0.04370309398127191,-0.6059195480905736,-0.00038332393988013767,0.0507436878562618
P01,S01,23,lean_forward,3.152146599953994,0.4037104198852094,0.07416877234879503,-0.8333165001846569,0.0026352265164155354,-0.001818212174502826,0.03568041979318904,-0.6081601809883832,2.5372546445521065e-05,0.020859135953989964
P01,S01,23,lean_forward,3.222084500011988,0.4038915773179714,0.07745850785653208,-0.829274919449605,0.00044770824954585,0.001947042040505372,0.028566094945137493,-0.6130647332406219,0.0014499284704183634,0.05764418893084224
P01,S01,23,lean_forward,3.293751599965617,0.40307675050411745,0.07829560859230253,-0.8347431032111294,0.0013042502854889299,0.0038459856632810465,0.056666411808745945,-0.6095458590612273,0.02684448241675198,0.4070830197868628
P01,S01,23,lean_forward,3.372561699943617,0.4028026665609291,0.08107421014388579,-0.8305595897850416,0.0005851663539785146,-0.0007524518674878611,0.012094984557760641,-0.6107497646189423,-0.0010425136768833227,0.05536275337864403
P01,S01,23,lean_forward,3.4375460000010207,0.4030069376493727,0.0807916328722089,-0.831692626340335,0.0002781625455759457,0.0021164461130888114,0.03284865991764867,-0.6016805581417919,-0.01824455716275305,0.28196793627060246
P01,S01,23,lean_forward,3.4802409999538213,0.40287938678004076,0.08162562868893945,-0.831732502301384,0.00014731784991397223,0.0005624190875701385,0.013617354841729441,-0.6015475266472827,-6.887767559085949e-05,0.015400617467350579
P01,S01,23,lean_forward,3.5665680000092834,0.39858816208477155,0.08307827277875382,-0.8371463032706327,0.0005236122984421269,0.003725400938152074,0.043578698870488826,-0.6059300047440329,0.023637367931672773,0.2766199940105631
P01,S01,23,lean_forward,3.622539500007406,0.39830185554734776,0.08272646191328514,-0.8386441074180438,-0.00014425962812680444,0.0008065968834060953,0.014639517188278744,-0.6061921555160256,-1.5560655708677747e-05,0.1364305945761219
P01,S01,23,lean_forward,3.683790299925022,0.3933657676492178,0.07369371526479886,-0.8439987743886604,0.0011663237874997325,0.0005340489381328146,0.02094304107964718,-0.608691302883882,0.0006590243169739341,0.05060659134142252
P01,S01,23,lean_forward,3.7574107999680564,0.3866964492566868,0.0698680901966772,-0.8482130962594376,0.0022412060877758035,0.013721216947969551,0.18884753554220948,-0.6114176514973174,0.027089406366419034,0.37326847875141717
P01,S01,23,lean_forward,3.832490299944766,0.3817464315758757,0.07389639809557705,-0.8481513427006692,-0.003782334549666807,0.004293994659029564,0.07621622666995236,-0.6089438603970782,-0.0014299812538420007,0.23261670978769836
P01,S01,23,lean_forward,3.894163199933246,0.3757733105774364,0.05804275724874121,-0.853999925639876,-0.0021848129018919413,0.014637881619844993,0.2399762830110666,-0.6032967400037905,-0.00033762931711919764,0.05120434871736831
P01,S01,23,lean_forward,3.962623600033112,0.36671387546698697,0.05593229962729871,-0.8658363298468373,-0.002362803207259216,0.02993089942975649,0.43856034540649774,-0.6005849460102186,0.01473886741414556,0.22155905433782272
P01,S01,24,lean_forward,0.3876933000283316,0.33302959293349677,0.03119166794861226,-0.8985638931124847,0.0,0.0,0.0,-0.6078111310636022,0.0,0.0
P01,S01,24,lean_forward,0.46781830000691116,0.3336013895961898,0.034963311851898535,-0.8978867214696853,0.0010718875170202418,0.0007731061859643433,0.016494272459615978,-0.5934351688537007,-0.003984025496577873,0.1230849131455177
P01,S01,24,lean_forward,0.5248447000049055,0.3333577567267235,0.03490129690738602,-0.8831309314941514,-2.9546837745274835e-05,0.0063493070000216765,0.1113409885379945,-0.5908351525344028,0.011284575420597341,0.45614347777113556
P01,S01,24,lean_forward,0.5795185000170022,0.33286515417079793,0.035802701894011184,-0.8810530803429283,-0.00028202806555434887,-0.0021221940437570574,0.03915681777436749,-0.5880993776450391,0.003944670349264304,0.2333063018600978
P01,S01,24,lean_forward,0.6605866000754759,0.33271400330106465,0.03597151043227251,-0.8781314209626484,-0.0008452145424003352,-0.00431600439921765,0.054250513839849475,-0.6004930923133518,0.024859986045144916,0.31144269181355333
P01,S01,24,lean_forward,0.7267707000719383,0.3329161232931179,0.03624544222885881,-0.8733323509413888,-0.0009908859422196052,-0.004369243930603893,0.06769292060712775,-0.6008170545373002,-0.0023121620376894006,0.09983886863531434
P01,S01,24,lean_forward,0.7994495000457391,0.3332465873522677,0.03603756979029804,-0.8711282554483804,9.42147581611937e-05,-0.0031089528739589346,0.04279625015010694,-0.6025249558587099,0.013317148686119612,0.18828877283910134
P01,S01,24,lean_forward,0.8986471000825986,0.33478382145036495,0.036601121330161794,-0.8629847706642655,-0.002284732583336011,-0.004220419309031979,0.0483798051813959,-0.6091560153349285,-0.005955127728260158,0.14022047279070882
P01,S01,24,lean_forward,0.9644969999790192,0.3353234075545793,0.033605172104368856,-0.8652587810683741,-0.0005816513087727878,-0.00481869824418107,0.07370817630079983,-0.6060555196562843,0.009048959877535883,0.13798298430769504
P01,S01,24,lean_forward,1.0193878000136465,0.33558550364893963,0.031442497477043835,-0.8704836925813376,-0.0003137549263923941,-0.0017634394490160681,0.032630858972911805,-0.603138751262486,0.00736222262356789,0.1428635045267149
P01,S01,24,lean_forward,1.0695313999895006,0.3372259071045887,0.032931775921175965,-0.8572887943389859,-0.0008194567158631702,-0.011019914282508278,0.22037389170773528,-0.604560195997864,-0.02142466402994406,0.4309115014377497
P01,S01,24,lean_forward,1.1140813999809325,0.3378882369239099,0.03301046251471904,-0.8654400024565719,-0.00020630381424173997,-0.003524099571624079,0.07923979817563066,-0.6053917422638815,0.00042684710206244845,0.1276978623138984
P01,S01,24,lean_forward,1.1555250000674278,0.3392466527284824,0.03202254899021032,-0.8712924273382359,0.0007747362546490311,-0.013109900837967894,0.31688300668196795,-0.5972630612955883,-0.01063169492246041,0.28274257198208536
P01,S01,24,lean_forward,1.2673092000186443,0.3473516429335467,0.03404222490620119,-0.8646327963953075,-0.005249636883972324,-0.028171748566926162,0.2563572839718713,-0.5965757541541619,-0.024532653384667136,0.23517237058490442
P01,S01,24,lean_forward,1.3395042000338435,0.3490673953015834,0.034514799487843806,-0.8848132815142006,-0.0017019902310996822,-0.01376285564301479,0.19208664109978144,-0.5938184443864903,-0.00046370311513942955,0.12364620697541705
P01,S01,24,lean_forward,1.4267516999971122,0.3535797658234867,0.035453728621654065,-0.8853534284957506,-0.002194801990456105,-0.025263212281089766,0.29064869945770966,-0.5923615686110508,-0.0023878272737778306,0.05294708310344078
P01,S01,24,lean_forward,1.476271399995312,0.3581504958321291,0.037124330893696836,-0.8917596411965426,-0.0017886361380992494,-0.03367029518974886,0.6808960829411834,-0.591803678872973,0.0022001311788881787,0.07766773833226492
P01,S01,24,lean_forward,1.5432325000874698,0.3589531561911654,0.03679423227735595,-0.8883056828510123,-0.0004395378394066399,-0.018594094514951538,0.2777625933151677,-0.5873723203050568,-0.007673182841852864,0.12398780104121791
P01,S01,24,lean_forward,1.6165659000398591,0.3637314657402289,0.03645700055281084,-0.8921424407922635,-0.0009486839118075388,-0.024933954824700903,0.34025418180274797,-0.5807101353670936,-0.0032209405336072095,0.08686363908936595
P01,S01,24,lean_forward,1.6823990000411868,0.3701994933481594,0.03597621010375856,-0.8835605307645074,-0.00025640336767165787,-0.02774026827288484,0.4213906563035257,-0.5805167623678781,-0.0034214786507347165,0.14212840020579126
P01,S01,24,lean_forward,1.723751200013794,0.37206526029594045,0.036693881016330275,-0.8779261895460997,-0.0005806428550103485,-0.002096770315299475,0.052613450698172914,-0.5924341011697418,-0.005706480052597279,0.13903636151742454
P01,S01,24,lean_forward,1.7937210000818595,0.3777051167993866,0.0395845148343165,-0.8815674232105973,-0.0035254162706762383,-0.01016263573926943,0.1537342185096538,-0.5842016865136208,-0.01687202141134718,0.24202274416714312
P01,S01,24,lean_forward,1.8584342000540346,0.3834644721163601,0.037417037664402325,-0.8704845504517313,0.0025027721148563912,-0.002789165160325627,0.05790844116644285,-0.598420635862606,-0.044179108111828236,0.7257907433511795
P01,S01,24,lean_forward,1.9320226000854746,0.38643795533820896,0.036099646015297415,-0.8558537857666719,0.002445879452235841,-0.004077057011568657,0.06460858164207924,-0.6082884368978905,-0.0014168136113182983,0.05845581043707969
P01,S01,24,lean_forward,1.9878808000357822,0.38972608512248536,0.04830425115582,-0.8555667953729269,-0.0003591792122690753,-0.00023147444656982988,0.00764982865651629,-0.6050927094751493,-6.38077238135914e-05,0.02924302848415718
P01,S01,24,lean_forward,2.065648299991153,0.39290145853673775,0.05274862532388298,-0.8461403532391476,0.00417917424269404,-0.004257263774385772,0.07671222660114582,-0.6074902657440036,-0.018500408028392885,0.2484068732484724
P01,S01,24,lean_forward,2.131342399981804,0.3938742838615519,0.06304170205895561,-0.8342400043943157,0.0002159844720544866,-0.00506301802874546,0.07713969445595399,-0.6200099301480307,0.011692532812857431,0.18285206614158173
P01,S01,24,lean_forward,2.205953700002283,0.39480314539599404,0.06256026045186157,-0.8356967730627867,0.00125881349713849,-0.0025011709291308908,0.03752894627134344,-0.6193707651227343,-0.00011659834654092117,0.057785340941555303
P01,S01,24,lean_forward,2.275711000082083,0.39612422611702547,0.06184461372826889,-0.834304751832344,0.0019127692638544226,0.0017875785757229814,0.037530668234998496,-0.6239541113250372,0.008392161225747324,0.16671140882916044
P01,S01,24,lean_forward,2.317439300008118,0.39646813937479936,0.06467623661871194,-0.8333949959723719,0.00035137995255044886,-2.9316115412274052e-05,0.008449919465084282,-0.625877995994985,0.013008047660432124,0.35219126510283494
P01,S01,24,lean_forward,2.3842054000124335,0.39713247817896785,0.06747734093970245,-0.8306295475804101,0.0009126824543315482,-0.0011669307815207674,0.022188769907461187,-0.6140051220612306,0.021799345012777926,0.3377191464275166
P01,S01,24,lean_forward,2.4673016000306234,0.3984691221381893,0.0765607320934134,-0.8287704035803181,0.0017925410552092505,0.0006878624811098375,0.023105618804485775,-0.6111914219050087,-0.0009473310036993206,0.0655935171839057
P01,S01,24,lean_forward,2.537758400081657,0.3987110640137386,0.07880738983909345,-0.828971125113222,0.00019071611609349374,0.0009351555275115423,0.013545957045650831,-0.6158296040253062,0.011507314116788755,0.1816803443986098
P01,S01,24,lean_forward,2.6114471000619233,0.39979746300644664,0.07728578412933357,-0.8327611503192096,0.0013951198200522793,0.0024919908944109267,0.038756787849081285,-0.6095215051071964,-0.0003943813834402424,0.10012327538940267
P01,S01,24,lean_forward,2.679179499973543,0.3995714757350953,0.07489233229168354,-0.8342123438504804,0.0004436358056738087,-0.004747380469256544,0.0703956153767177,-0.6106964252834406,-0.011241672857156843,0.19178392111817955
P01,S01,24,lean_forward,2.723015299998224,0.399979547390486,0.07483958159281932,-0.8328221027230837,-3.572736075664606e-05,-0.0002697993186648913,0.006208500406783532,-0.6136712001583573,-0.017485778931161603,0.40083962089287956
P01,S01,24,lean_forward,2.815381000051275,0.4007791231267603,0.0805435588214652,-0.8298897864755552,0.0009784043983051439,0.00110031920058683,0.015941040315706152,-0.6083237353259012,-0.013118930656690179,0.1616149399033783
P01,S01,24,lean_forward,2.87834950000979,0.4007059077256163,0.08016412748393419,-0.8298783172676261,-9.672410493068466e-05,0.0002004394177533219,0.0035344142378721482,-0.6095926507901375,0.0022752296751363055,0.0747385756711719
P01,S01,24,lean_forward,2.92364490008913,0.400518832200833,0.07857822048260048,-0.8294202777012493,-0.00014922783335829032,-0.0007959561872020102,0.017878728875670873,-0.6130639140165175,0.003346523460605037,0.07452884842369671
P01,S01,24,lean_forward,3.005470299976878,0.39993276758292834,0.07752961684729341,-0.8304189428637,0.0010522733532940189,0.003288493950914599,0.042196535893883044,-0.6127818675141066,0.009332107767658875,0.1622635596852459
P01,S01,24,lean_forward,3.0594090999802575,0.39895237909681314,0.08014599367720755,-0.8330909971110507,0.0012881518551584022,0.0006232342221982457,0.026530035651603893,-0.6095069919413404,0.04453322003922288,0.8377905621495226
P01,S01,24,lean_forward,3.1471564000239596,0.39966317824803005,0.07934057684957865,-0.8316986071586555,0.0006327518280001444,0.0017970286138678311,0.021712048913020348,-0.6053424285105001,-0.0017717048342033748,0.09490356789125044
P01,S01,24,lean_forward,3.208664200035855,0.3986938733167787,0.07823573693087199,-0.8323764811320122,0.0013517022252020007,-0.0012253749144354586,0.029662202059420793,-0.60463204502246,-0.019567688927136243,0.33374137800071924
P01,S01,24,lean_forward,3.2656682999804616,0.3983220506951761,0.07760359248580316,-0.8308613063074166,0.00042295556613954207,0.0028391818270470906,0.05035625504830157,-0.6045528917518519,-0.005725592392762547,0.10303393324296986
P01,S01,24,lean_forward,3.3075499000260606,0.3978230835472318,0.07724099483611385,-0.831564425354826,-0.00025893853723759274,-0.00028796752123283855,0.009246670613354534,-0.6060294043896907,-0.0009091799777330825,0.026855025009883675
P01,S01,24,lean_forward,3.3798242000630125,0.39580117726712466,0.07599294773600498,-0.8393951232299315,0.003946386492854001,0.006468018395250118,0.1048351595008231,-0.6042792114939041,0.01312833555285705,0.25153218817371725
P01,S01,24,lean_forward,3.4565705000422895,0.3924985850241345,0.08041986373059354,-0.8430909600889933,-0.003447173026514166,0.0042763639435077,0.07157021119038631,-0.601701990454482,0.022340417558068877,0.36370636872619916
P01,S01,24,lean_forward,3.534196500084363,0.39097180109105917,0.07503081420150003,-0.8447159791606109,0.001497541316265664,0.000564912892947411,0.020618720960704093,-0.6113984421772344,-0.0011863538183615374,0.10309879720059646
P01,S01,24,lean_forward,3.626380900037475,0.38775070261869476,0.06735819927613346,-0.8414819778007291,0.001300001463469109,0.0006026552840878139,0.015543825001857107,-0.6000757595379249,-0.02156557888385147,0.26041274955866167
P01,S01,24,lean_forward,3.6985022000735626,0.38279375175766156,0.06927954092472778,-0.8367064231419385,-0.002062762330984634,0.000685900590148127,0.030141020344041466,-0.6076492716310746,0.021149423115805314,0.30872740009570987
P01,S01,24,lean_forward,3.775027099996805,0.3775979649532876,0.07197749524515379,-0.8398268677610253,-0.0036349400287024967,0.009224326261525282,0.1295615581248509,-0.6047224920016167,-0.0015084233304624379,0.020650163601304193
P01,S01,24,lean_forward,3.837439600029029,0.3770192724364122,0.05818803614057781,-0.8498911592052996,-0.0008652903070676013,0.009406697285100409,0.15135447247823358,-0.5963468320145994,-0.010201666914068451,0.27226915566175813
P01,S01,24,lean_forward,3.906381200067699,0.3740380739091452,0.059770879564495775,-0.863042419729826,-0.0028913277824956893,0.01285520601178453,0.19112330067617658,-0.5898984888604563,-0.01993446418673299,0.3235208121546067
P01,S01,24,lean_forward,3.952821100014262,0.37288707085223516,0.055185400814209286,-0.868721583860967,-0.0016818235842046313,0.0032279376000977356,0.07837647290749246,-0.5863750801641181,0.0033324038440450234,0.08764974704765859
P01,S01,24,lean_forward,3.9928990000626072,0.36944963699514943,0.056969076770729724,-0.8713780094273589,-0.0013547586821602974,0.0019016392969869215,0.05825821275082635,-0.5869590853560087,-0.00026905996780617655,0.029399723579980146
P01,S01,25,lean_forward,0.3780050000641495,0.3263036781371442,0.03658666485719869,-0.8743596859195282,0.0,0.0,0.0,-0.6293006707968003,0.0,0.0
P01,S01,25,lean_forward,0.4607932000653818,0.3293787841407675,0.03108033225335666,-0.8696467036654294,0.006008576809595193,0.015603705983841124,0.2019684583500855,-0.6067385505435944,-0.01698844719160185,0.551428549699233
P01,S01,25,lean_forward,0.5175764000741765,0.33025004614835035,0.04276048350083066,-0.8707697739508145,0.0008692530818618602,0.005847932256827836,0.10411853158919429,-0.6023564252061798,-0.0015545898112954554,0.09824611759668879
P01,S01,25,lean_forward,0.5704596000723541,0.32987976779379824,0.04341540479144501,-0.8676617821256153,-0.000266060086130001,-0.005716632960967088,0.10821623910961324,-0.597225827702409,-0.017280536433220285,0.38781835079037386
P01,S01,25,lean_forward,0.6547723000403494,0.3300856448596825,0.04500526961489615,-0.8635290121378554,-0.0003975320572598762,0.0009524337206528353,0.0122409403007789,-0.5958875629538186,0.0021418755904513156,0.06400761485163772
P01,S01,25,lean_forward,0.7185131000587717,0.33033131047557057,0.04644909847862851,-0.8632146678908699,-0.0014818100147757608,-0.004441234838038685,0.07345240365359092,-0.5952785625665029,1.0208709997605524e-05,0.010671001406989256
P01,S01,25,lean_forward,0.7925475001102313,0.3303408963605838,0.041606938797955066,-0.8630297546921346,-0.00016974304480678692,-0.001775558259283749,0.0240922261253534,-0.6030852166436463,0.021131059557757244,0.35296915542364476
P01,S01,25,lean_forward,0.8598156000953168,0.33071288006789706,0.04268378846415203,-0.8576642767418629,-0.0010616494887570015,-0.004222807490293956,0.06472929460872853,-0.593736061652167,-0.02592577708204068,0.48536825256552324
P01,S01,25,lean_forward,0.920608300017193,0.33110889779748903,0.04242715977825237,-0.8589368249740159,-0.0006065613213859147,-0.0010265368556768596,0.019613347273939034,-0.6012958746146859,0.021673614162692374,0.35880253462129647
P01,S01,25,lean_forward,0.9952724000904709,0.33219044196368946,0.043563241645915095,-0.8546854908185961,-0.001310460712065427,-0.0012918897962444136,0.02464620271373486,-0.5997735035064666,5.530162199873365e-05,0.05679056349088845
P01,S01,25,lean_forward,1.0658723000669852,0.33300585851365944,0.03632096378453262,-0.8574825719356252,-0.00010918376473997347,-0.007627738895534982,0.10805284835352306,-0.6007753038779491,0.008442627958393373,0.13489182739439107
P01,S01,25,lean_forward,1.1244156000902876,0.3335684218100001,0.03612010853126816,-0.8562840886307762,0.00036313850899766486,-0.0008912953046526521,0.016439674579504102,-0.605499880534517,0.00885751896770547,0.1549979662163518
P01,S01,25,lean_forward,1.1836295000975952,0.3355001697015492,0.033647204689472486,-0.8407983279168953,-0.00012520522252738094,-0.02005619777076953,0.3387141967518844,-0.6079367954386454,-0.03213713266518942,0.5617856619224276
P01,S01,25,lean_forward,1.2609926000004634,0.34020677581703307,0.03555358512546249,-0.8365673782627145,-0.0014071286598095502,-0.031201849432667933,0.4037268726490593,-0.6055354145746364,-0.018443368555026016,0.2636400488297921
P01,S01,25,lean_forward,1.3320498000830412,0.34291431627853397,0.03716304822785186,-0.8521472731651689,-0.002325335805337129,-0.0077033483995241105,0.11324203046625608,-0.600527534128137,0.013257431616136663,0.1936953885700111
P01,S01,25,lean_forward,1.3915251001017168,0.3462873274027155,0.03769262516925989,-0.8421530537202371,0.0020103748960058235,-0.03837944624238108,0.6461852809289917,-0.5979729809964031,0.005038228163322766,0.08595723661596952
P01,S01,25,lean_forward,1.4559994000010192,0.35266305159545097,0.037735788837994305,-0.8656134536972199,-0.002554166899344428,-0.027990836558724107,0.4359431436927173,-0.5934260860267057,-0.004271590540903997,0.15785037187433
P01,S01,25,lean_forward,1.524351500091143,0.3564518425923147,0.03736089951783097,-0.8677400242144668,-0.000480622148001095,-0.01150215710964715,0.16842487952309756,-0.5865348957258081,-0.011326381513708381,0.18255880138644687
P01,S01,25,lean_forward,1.5931989001110196,0.3617591922840782,0.0397421067940935,-0.8600049571211561,0.0011636409321580728,-0.02552397985464121,0.37111773770751394,-0.5895881182205633,0.011468948162212141,0.16883950671812065
P01,S01,25,lean_forward,1.659005400026217,0.3680584718999623,0.03911184413427525,-0.8498570021629016,2.7408922490382963e-05,-0.03392406790078531,0.5155125864011663,-0.5826073780536871,-0.011683711936824893,0.2189657554605801
P01,S01,25,lean_forward,1.7236263001104817,0.3702439161418465,0.03783850347628819,-0.8689029790038105,0.001541696853900076,-0.00837408711421921,0.13176573301023456,-0.5852364570984534,-0.010503863684888558,0.19288589151583022
P01,S01,25,lean_forward,1.7806968000950292,0.3780516358647959,0.039743418421678174,-0.8465919454056536,0.0015430055101366494,-0.009598663342031763,0.17034883216388158,-0.5977513314228696,-0.053736113634624945,0.9424258968955239
P01,S01,25,lean_forward,1.8598050000146031,0.38698138826794687,0.03894053215510576,-0.8200877666019648,-1.9176059881717017e-05,-0.01088830542295855,0.13763835253589962,-0.5988721523675065,-0.00860051728196572,0.11291691752018002
P01,S01,25,lean_forward,1.9102216000901535,0.38927775957171196,0.04295883118306437,-0.8156132140400545,0.001687376353862809,-0.005288549313694743,0.11010689785560442,-0.6007528579685416,0.0023005982175854046,0.09241317664795326
P01,S01,25,lean_forward,1.9569602000992745,0.39050001455779737,0.04736512303071123,-0.8188454121856105,0.0007288785386755903,-0.006125998787597608,0.131993851211034,-0.6036391369846793,0.01955849544889839,0.42000932782034406
P01,S01,25,lean_forward,2.0589363001054153,0.3950107169384825,0.044794240477419006,-0.8323852528206052,0.0036719614614249235,-0.0017759438835509155,0.039998410526721935,-0.6075535790522866,-0.029638499400045887,0.29539926367890734
P01,S01,25,lean_forward,2.1203825001139194,0.39748047915233886,0.059089848417761055,-0.8256339651452927,0.0026433521415161446,0.0002407546086061081,0.043197030501230735,-0.6101654619107971,0.0008103896116130984,0.032771875929400084
P01,S01,25,lean_forward,2.1830865000374615,0.39923338758920235,0.06465887546770041,-0.8160716675693752,0.001983383227193012,-0.004621063824917902,0.08019777850977879,-0.6186953768995557,0.0011763786309882185,0.23950989224377203
P01,S01,25,lean_forward,2.260550200007856,0.4025814609309562,0.064985305683408,-0.8078582035359433,0.0016800296860752535,0.00327329849210996,0.04749661958256311,-0.6170490922164581,0.010525190734931803,0.227132867025428
P01,S01,25,lean_forward,2.307399700046517,0.4029409206670162,0.06557106131150818,-0.8047887092621039,0.0004273895032359127,-5.221718253604817e-05,0.009190440820298252,-0.6179387225137725,0.009568764244018488,0.24618317833912343
P01,S01,25,lean_forward,2.3706751000136137,0.40473137260412817,0.06599322065253467,-0.7932160197508834,0.0023341870249647943,0.0027521750893573765,0.05703203921155483,-0.6167244023630679,0.01041785960073303,0.1877869429396172
P01,S01,25,lean_forward,2.459745300002396,0.404442521144852,0.06763259036659021,-0.7976396257624951,0.0005660666933195174,0.0017946569013013339,0.02112731594173576,-0.6081938595321233,0.01459162275635693,0.17288851843079026
P01,S01,25,lean_forward,2.5120895000873134,0.40426902202281323,0.07010569697883774,-0.7984137560102028,0.0001835603984051336,0.0005427195393809613,0.010945269740397775,-0.6064379788305433,0.005623911604065907,0.12683907566079994
P01,S01,25,lean_forward,2.585508300107904,0.40488415682716067,0.0709281071638827,-0.8019710619591361,0.0008129160968632588,0.005358812984420123,0.07382469844822309,-0.6062229842907189,0.0011494370593453992,0.05165377442222217
P01,S01,25,lean_forward,2.6642508000368252,0.40451914626168856,0.06766818267613346,-0.8017329728438964,0.00024938463905757266,-0.0013628852106133047,0.017595503209884223,-0.608393238836521,0.0004397443649682197,0.09788926955652826
P01,S01,25,lean_forward,2.7259848000248894,0.40489202719678413,0.06694716784089173,-0.7997292715845886,-0.00027300318680327886,-0.00027815557911285813,0.006313297856401052,-0.6109086847215712,-0.002464983533256801,0.11066042020754172
P01,S01,25,lean_forward,2.788758600014262,0.4046810464942847,0.06685521903297563,-0.8003351445399394,0.0008987879386285127,0.0037813973767674416,0.06191667376781363,-0.6109372765657277,-0.0077849530445568225,0.12835825555849703
P01,S01,25,lean_forward,2.8586120000109076,0.4033097329993663,0.06557837975248673,-0.7962499926178356,0.0022745798365800527,0.0038133933384191868,0.06356504442848919,-0.6093791399299303,-0.00909399641279885,0.16401916652742735
P01,S01,25,lean_forward,2.9130396000109613,0.4025200685069552,0.06676212921102585,-0.7972883967936947,-0.00022837436092520638,0.0017197118758987742,0.03187370814830131,-0.6105999753909843,0.033996181860978365,0.6347893653468647
P01,S01,25,lean_forward,2.9565798001131043,0.4024267897312994,0.06896734387823548,-0.7994119261040956,-8.786804560553905e-05,0.0024276463573494945,0.055792945646131485,-0.608587855957965,0.002136246226757734,0.1332274604772177
P01,S01,25,lean_forward,3.0076324000256136,0.4010631807202047,0.06727093072348299,-0.8036115853952751,0.001807252117956942,-0.0006400173714881436,0.037554072142556676,-0.6067798546153684,0.003984032992882709,0.08174851278577126
P01,S01,25,lean_forward,3.085192000027746,0.39926996645302887,0.06576399846119721,-0.8086738856960888,0.0015404996174957946,0.006551256676986622,0.0867712158898956,-0.6039246195890008,0.002331876558263531,0.0857645065294614
P01,S01,25,lean_forward,3.133830100065097,0.39902407623187724,0.05900671835976749,-0.8153162754791857,5.631477501940046e-05,0.0012221202435576256,0.0251534709395873,-0.6051094855600299,0.0008749335178963346,0.022478677424179316
P01,S01,25,lean_forward,3.21034290001262,0.3974160853579974,0.058842356317611824,-0.8242799749796128,0.0028860363747442545,0.0070443569379208025,0.09949488596867534,-0.6029013142348623,-0.003078378698324682,0.041325553795535125
P01,S01,25,lean_forward,3.295495600090362,0.39306609582015156,0.07276571582860153,-0.8184184407215754,-0.004508568195799754,0.0018503144465608975,0.057232295041211995,-0.6012871229657264,0.04993922617058256,0.6260281538878373
P01,S01,25,lean_forward,3.3550554000539705,0.38952560480408166,0.07135343156569016,-0.8249096352454878,0.0018765812910600665,0.001324452093753575,0.03856453317399961,-0.6053552526874352,-0.0017057606596044242,0.12723847608056046
P01,S01,25,lean_forward,3.3973627000814304,0.3875617939806941,0.07204275916330521,-0.8256709577735744,-0.00032854224636954545,0.0026371042239899806,0.06281400730130104,-0.612329367288948,-0.006479820901880356,0.15855398356769287
P01,S01,25,lean_forward,3.4706535000586882,0.38048005235612,0.0715295977911047,-0.8261868732201653,-0.007288714320580857,0.005876339157136669,0.12774477382889607,-0.6040915227047486,-0.011468991557505814,0.1832166114409501
P01,S01,25,lean_forward,3.543686000048183,0.3765796752495178,0.07102737320049043,-0.8373031740760772,-0.0011526270612666162,0.002829236667258164,0.04183092547158379,-0.5969205693921117,-0.011768246151383178,0.16673925361194494
P01,S01,25,lean_forward,3.613460800028406,0.36888626172263295,0.07052510844875119,-0.8564120491421126,-0.003963840338321213,0.005468271389103331,0.09679447857678475,-0.6018031238114206,0.01921640918205837,0.2764202996723074
P01,S01,25,lean_forward,3.6872662000823766,0.36667290317027346,0.07013690658485955,-0.8560100497985842,-0.0011013125454916617,0.013990245545604003,0.19014226961838912,-0.5984874360582882,-0.005249027759416335,0.1446785766584944
P01,S01,25,lean_forward,3.750166700105183,0.3620849165206251,0.07376674250105054,-0.8663461022167718,-0.0041476009081808955,0.004687250360062424,0.09950360495814811,-0.5959296061645982,-0.013414406292270767,0.329109284313009
P01,S01,25,lean_forward,3.80790950008668,0.3591208160298924,0.07712445419748634,-0.8593779135282821,-0.0034318401635570076,0.011953598704818845,0.2153771651429183,-0.5874107662556421,-0.013894514872611462,0.37322160345051086
P01,S01,25,lean_forward,3.8768242000369355,0.35433237911322624,0.054420855380407106,-0.8480735007270527,0.0017030685323691983,0.020962667980171604,0.30518503819762727,-0.5885287739143464,-0.029135493971976036,0.4952606799369651
P01,S01,25,lean_forward,3.9387337000807747,0.35144730769189836,0.05302522055254258,-0.8506892814481947,-0.0022345765103650465,0.003655084201137112,0.06919837762703818,-0.5868983378329174,-0.008107666751202823,0.15258153188657703
P01,S01,25,lean_forward,3.9833870000438765,0.3496996896377718,0.0501927119570459,-0.8519419432152987,-0.0026349128434663563,0.02003149068322413,0.4524647402836074,-0.5883124151505005,-0.000985747724669626,0.02679369903061507
