participant_id,session_id,trial_id,movement_label,timestamp,shoulder_width,head_offset_x,head_offset_y,torso_dx,torso_dy,movement_speed,head_offset_z,torso_dz,movement_speed_3d
P01,S02,1,neutral,0.4458195000188425,0.3087200473056224,0.025223754294434762,-0.8561889660979222,0.0,0.0,0.0,-0.5639211619431459,0.0,0.0
P01,S02,1,neutral,0.5912505999440327,0.3121144741212747,0.015846490078938687,-0.8651222524259287,-0.005022284391648329,0.017771138120010212,0.1269823218613406,-0.5735325662994828,0.004486376150363212,0.3708091335921621
P01,S02,1,neutral,0.6480298999231309,0.3133689893349396,0.015516382830350185,-0.8733125272725867,0.00010860759464099705,0.009271588792951665,0.16330290951840976,-0.6073884475345521,-0.10358348973074237,1.8377598533293213
P01,S02,1,neutral,0.6960540999425575,0.31452783725384487,0.016051228279310124,-0.8851057826642426,-0.00021451982907092396,0.004040344536843317,0.08424992883583679,-0.6000287086836796,-0.0430578288458926,1.1554472845851749
P01,S02,1,neutral,0.7589932999107987,0.31484269428972084,0.016042512300750305,-0.884230859607921,-0.0002454950504310027,-0.0001744543581817382,0.004785061848702129,-0.5966882437261831,-0.02450001440281249,0.5406696751165466
P01,S02,1,neutral,0.8004514999920502,0.31551473723140605,0.01566692999841864,-0.8844373953713601,3.5279389829706546e-05,0.0017161746554643592,0.041404046313582195,-0.5910775458381649,0.013627083837345469,0.47357828360607596
P01,S02,1,neutral,0.8524466999806464,0.31575352006926116,0.01680147954718334,-0.8860593684071237,-0.0003190205121017002,0.0003474303269367924,0.009071604508210339,-0.5941900924493607,-0.019135548180812756,0.4637186140101485
P01,S02,1,neutral,0.9160868999315426,0.31696047103737063,0.015995218137808184,-0.8873711046066839,0.0015100002685469356,0.0048234069414483174,0.07941900442155464,-0.596626026953356,-0.01679650902382495,0.27971225260453747
P01,S02,1,neutral,0.9902343999128789,0.3198824800031513,0.01571117473192243,-0.8788834061148009,0.001141894874458861,-0.0003680075677487457,0.01618032414205671,-0.6020131161998401,-0.032719625724464886,0.4508159335580359
P01,S02,1,neutral,1.0511051999637857,0.32196378615903143,0.015091853356248396,-0.8778105295017818,0.0013170498121918297,0.003992849611603948,0.0690718395984286,-0.6207028217760285,0.024392522497430638,0.41171579121172924
P01,S02,1,neutral,1.0971653999295086,0.3237019243381515,0.01767280100910109,-0.8766495738340718,0.002589711590365996,-0.0021435080166699655,0.07298558449885684,-0.5889137647741762,-0.04478189047270699,0.9724750349901623
P01,S02,1,neutral,1.1757258999859914,0.32593274535854444,0.024433894734945064,-0.8765147345901716,0.003536921496401022,-6.967501726297012e-05,0.04503036135462272,-0.5868703967109871,0.002710704466601206,0.04570635145293201
P01,S02,1,neutral,1.2361876999493688,0.3269818862918588,0.026630807185069324,-0.872934681696543,0.0017002847786076229,-0.0033569117491770227,0.06223688791749006,-0.5825365020833051,-0.007873425215015368,0.13358847998597084
P01,S02,1,neutral,1.2844642999116331,0.3273032431494075,0.03315960376666189,-0.8713478072277937,0.0025751482707516544,-0.001962763507038971,0.0670692257081458,-0.5882164279860244,0.010099805087681935,0.21555034372743642
P01,S02,1,neutral,1.3326408999273553,0.32729639507671926,0.03233168736297647,-0.8854036060416455,0.0016697861515323194,-0.0009856819222563724,0.040247935198406616,-0.5892851428556326,0.018565411061836356,0.3891686878264821
P01,S02,1,neutral,1.3785152999917045,0.3279936301661093,0.031446785581106085,-0.8811401277331392,0.0018611820916131735,-0.002432661807735958,0.0667688145232225,-0.5903895048316943,-0.004940585067987973,0.20164889006773648
P01,S02,1,neutral,1.4608305000001565,0.32627907988530275,0.02790290034985725,-0.9024545536019871,0.005478754267932649,-0.00333756261795637,0.07793578682763994,-0.5891588704066552,-0.0004374755536895388,0.03226795578499468
P01,S02,1,neutral,1.5328145999228582,0.32715058482020193,0.028157018061618713,-0.8986702761440613,0.0016401496385041036,-0.001688658604734959,0.03270267735028937,-0.5883834773908079,-0.015182270538675487,0.2242543970670639
P01,S02,1,neutral,1.6009107999270782,0.3273994388246535,0.02671335837013789,-0.8946607886243938,0.0015193839852628305,-0.0007959436579779043,0.02518850793760587,-0.5884291953753452,0.0015521428931724287,0.10407285777740692
P01,S02,1,neutral,1.6678536999970675,0.32732155974873256,0.02662324774947546,-0.8918282446133772,0.00022375308037754401,-0.002582333617769238,0.03871970477682247,-0.5834653815921029,-0.019238144920198028,0.29051579339534933
P01,S02,1,neutral,1.71117519994732,0.3274830787877902,0.02622594274723119,-0.8916793232810706,0.00036979540277521977,-0.0002890292110776665,0.010834041147420594,-0.5901708250791057,0.012536426292497176,0.3202682696316101
P01,S02,1,neutral,1.7663516999455169,0.32774085015255516,0.0246266351974308,-0.8892716588860687,0.00014731078608477821,-0.0016371502423891031,0.02979102324935755,-0.5880529128092384,-0.00011432398479018718,0.11661241920943453
P01,S02,1,neutral,1.8605900999391451,0.3277871711440366,0.024072499734879526,-0.8862352877847168,0.0001149680035607041,-0.00016056425012906557,0.002095540990588032,-0.5864196078594681,-0.0053749453638270855,0.06847983464760785
P01,S02,1,neutral,1.9070699999574572,0.3277227792216956,0.025684460678419077,-0.8864116003672642,-5.619943563073635e-05,-0.0012320225791670164,0.026534129758764905,-0.5879728904196431,0.0024930256727520614,0.06336651058704088
P01,S02,1,neutral,1.970382499974221,0.3271329912051371,0.025173954517917003,-0.8859826111195074,0.0007491280414464361,-0.0035245367466228525,0.05691245234914801,-0.5864833002685629,-0.003313108112342719,0.0782482744641105
P01,S02,1,neutral,2.0656950999982655,0.3273298575721335,0.024153612384243406,-0.8848760679708789,-0.00012514376911938182,7.201798572093925e-05,0.0015148765008960216,-0.5882693390937864,0.0011066888207642252,0.024139375255321817
P01,S02,1,neutral,2.135684599983506,0.32726467866232223,0.02502481425816738,-0.8833172428843785,-0.0009938822236142343,-0.0004911129587641163,0.01583951783897171,-0.5879634814706183,-0.005916030254378454,0.08764513946567676
P01,S02,1,neutral,2.2035579999210313,0.32726763146548576,0.024285558012125938,-0.8829150567134574,-1.4114930796570205e-06,-0.0003075233632259199,0.004530885483542576,-0.5851570709035782,-0.009835259427507351,0.1459596102690079
P01,S02,1,neutral,2.2687756000086665,0.32721073359521174,0.024177798225462014,-0.8815613943820143,-0.00011699213741060119,-0.0012314003096857362,0.01896643516937062,-0.5734835927942249,-0.019959526229122053,0.35057509189543495
P01,S02,1,neutral,2.336680999957025,0.3270473123528864,0.025486958724622963,-0.8863583317833885,-0.00011791628829551939,0.0007269985687957138,0.010845960224283384,-0.5710772588832822,-0.0033939029220531065,0.09084033607434973
P01,S02,1,neutral,2.4094520999351516,0.32733241856601586,0.02589704623443538,-0.8879151813589267,-0.0004747140830418686,0.0012818372794680608,0.018783780060494505,-0.5798541137893215,0.013266791660774192,0.2035833555699312
P01,S02,1,neutral,2.4772326999809593,0.32727231531896417,0.025739573883877057,-0.8825672185733517,8.691941049560211e-05,-0.0007981651471911498,0.011845335061389161,-0.5826952594177667,0.016965624078638792,0.3067289714876595
P01,S02,1,neutral,2.548101899912581,0.32626632423464447,0.02949505876025358,-0.8877574922901058,0.002254724043443762,0.003551619683081363,0.05936109473391842,-0.5814298631714715,0.009698423137865553,0.16321214395805733
P01,S02,1,neutral,2.6014360999688506,0.32647450974425535,0.030037244208462804,-0.8857470731879359,-0.00034884676017675416,-0.0016286209729984224,0.031228800036944213,-0.5810932296386236,-0.0004921315545073129,0.027350503777491708
P01,S02,1,neutral,2.669830899918452,0.32656245855130944,0.029696965678654152,-0.8902131986934884,0.0001565121205959653,-0.0002069792941758888,0.003794041665734128,-0.5795798091847179,-0.0011595826516178306,0.07064832188029313
P01,S02,1,neutral,2.715002299984917,0.3266563377582292,0.02993950823628162,-0.8879701780987018,-0.0003812689082137399,-0.0006828901119836906,0.017314399065215067,-0.5802843310976776,-0.0001811220316718873,0.004595866300649152
P01,S02,1,neutral,2.7556197999510914,0.32647293850056225,0.029405189408413555,-0.8884825140245378,-0.0003972298790389109,4.8107582730898785e-05,0.00985123096760373,-0.5878737250545101,0.011879979857592152,0.29314092165418665
P01,S02,1,neutral,2.8677045999793336,0.32645374314471953,0.024783069685827483,-0.8877145971861539,-0.00011863278873675398,0.00013529341508877984,0.0016053827844220998,-0.5842650174253358,-0.011114785830504932,0.09931558908929951
P01,S02,1,neutral,2.9401010000146925,0.3266318090343994,0.024777770721397686,-0.8854061908792998,-7.098575881562436e-05,-3.7135223442106834e-05,0.0011065804140543735,-0.5848184393929248,-0.00027643153231494017,0.00833984995114553
P01,S02,1,neutral,2.998397000017576,0.326441795758546,0.025085933092064017,-0.8842151783251168,-0.0003400261583387192,-0.001618376616692301,0.028367489680124727,-0.5875810219018612,0.013318326193929867,0.23107460812981698
P01,S02,1,neutral,3.061642699991353,0.3263074145110686,0.026223849469900223,-0.8876017706743392,-0.0004526415986431956,0.003292702767208331,0.0525516999223504,-0.596344113979645,0.03515872839272385,0.5584840898647537
P01,S02,1,neutral,3.138715200009756,0.32584749384474265,0.026416392732399572,-0.8959857040285989,-0.0006045111702326824,0.001704009019230669,0.02345920878790598,-0.6025256295925397,0.005642545586918597,0.10592643123817988
P01,S02,1,neutral,3.1983124000253156,0.32611337276763325,0.02948938133799059,-0.8940691065861881,-0.0009987618067021163,-0.0015659971012578883,0.031165610516471213,-0.6054154770553333,0.009242504731527932,0.1554531938865395
P01,S02,1,neutral,3.2835012999130413,0.32591830114642695,0.029491075124953085,-0.8948829454770909,2.5009136168062734e-05,0.0005510239654433127,0.006474918853836485,-0.603424906685546,-0.011328756791763568,0.13345707096749904
P01,S02,1,neutral,3.3364359999541193,0.32605601811555374,0.02984171519245861,-0.893758305175468,-0.0011451357291062667,-0.0010131048745990231,0.02888388061484229,-0.5962135367994547,-0.021572484080634315,0.4363056274608811
P01,S02,1,neutral,3.3863141000038013,0.3260299545350724,0.028879590644192897,-0.8935315755971498,-5.626271198235314e-05,-0.0002952535494768491,0.006026019110181685,-0.5906548680303446,-0.004815645908628096,0.11558719917688069
P01,S02,1,neutral,3.4593614999903366,0.32607609430551826,0.025955603854561953,-0.8907921054107477,-0.00040667020913163023,-0.0011954705776922629,0.01728668272869564,-0.5863583078349142,-0.01474895039273617,0.2107849334239568
P01,S02,1,neutral,3.5444155000150204,0.3259336423552884,0.024834960639790522,-0.8934435792576686,-0.0001918343621037691,-0.0005404827999977975,0.006742978434680236,-0.5922549020034296,0.011938415085669797,0.14874473134103006
P01,S02,1,neutral,3.636159099987708,0.32611001113926585,0.024331007766188188,-0.8918835648301964,4.354606155182503e-05,0.0003893100151327904,0.004269920250832221,-0.5953509489622942,0.006885059358728137,0.07784404371022569
P01,S02,1,neutral,3.697330900002271,0.32591571833067834,0.02461522016990902,-0.8907882320818135,0.00025333952777121345,0.0004173404095823202,0.007981047616857797,-0.5978697106658711,0.008531099510398182,0.14080043019088143
P01,S02,1,neutral,3.7481649999972433,0.32584585757543694,0.02471003835087026,-0.8886883814491172,4.0791789970307976e-05,-0.0013812502514161235,0.027183572883015216,-0.5952880116285693,-0.001476554917931832,0.06215109114692218
P01,S02,1,neutral,3.7931723999790847,0.3257029965092442,0.03280595191894327,-0.8890540248661349,-0.00022939433479799616,-9.507008929202952e-05,0.005517192363905794,-0.5990557131803648,0.004535892099013211,0.10650188269568149
P01,S02,1,neutral,3.8563216999173164,0.3255312453832058,0.032516019274723015,-0.8906651758972712,0.0002285998657808543,0.00027638886455442493,0.005679814679273686,-0.5973292840511417,-0.008274758190488077,0.13259511482029387
P01,S02,1,neutral,3.895122700021602,0.3254191864525571,0.032605976194354624,-0.8900406797540772,9.954890732955507e-05,0.001509168761622574,0.038979625608648885,-0.5963703105640207,-0.007599423128143097,0.196374791396742
P01,S02,1,neutral,3.94217169994954,0.3251755138502358,0.03221880975220173,-0.89020851244307,0.000362200636455107,0.0005738203909021824,0.014422652956510506,-0.5951880584419934,-0.0063503918905193305,0.13681202298042297
P01,S02,2,neutral,0.38012200000230223,0.3292702525810174,0.02650618891257501,-0.9284175230693914,0.0,0.0,0.0,-0.5740736512236979,0.0,0.0
P01,S02,2,neutral,0.47036350006237626,0.3291195340839312,0.025174857472864975,-0.9241503899927375,0.0012461267626663573,-0.0052093468393294975,0.059355357480061634,-0.5533581215381769,-0.04794128927497368,0.555424373974989
P01,S02,2,neutral,0.5212284000590444,0.32900461459115987,0.024735942970923238,-0.9285681896763349,9.869050098808699e-05,0.00014466152370626428,0.0034428320172697254,-0.553877745472664,-0.005425491609511973,0.1311607072687703
P01,S02,2,neutral,0.5722270000260323,0.3286933277435464,0.024174825408880093,-0.9317496720543342,0.0005274220517931624,0.0019113042550799144,0.038878322514418605,-0.5565786219361804,0.01328901069124194,0.29924266134644434
P01,S02,2,neutral,0.6598296000156552,0.32860496167758363,0.02086253503894543,-0.9372867534656173,2.081415007569757e-05,0.004998207515563262,0.057055964713244596,-0.5616814339838154,0.00949734106707723,0.15597872094614088
P01,S02,2,neutral,0.7015514000086114,0.32872678007178485,0.019706596805149593,-0.9434859652607659,0.00020480061362540078,0.006093248889669406,0.14612719736579002,-0.5609556064738332,0.005695745335607359,0.2705911525069432
P01,S02,2,neutral,0.7767070999834687,0.3298219239350148,0.021466998484466274,-0.9383129934894083,-0.0011913359634576264,0.0034249610041258956,0.0482497419880958,-0.564534679129356,0.011563356037737192,0.21548194493475803
P01,S02,2,neutral,0.8698513000272214,0.33061843566227067,0.028531563479151097,-0.9296947956098877,-0.0007958561168371925,-0.0018712399059262975,0.021831221711520948,-0.5527848273972966,-0.040577752535239285,0.4778045020524186
P01,S02,2,neutral,0.9375404000747949,0.33047202103864337,0.028212698666820895,-0.9332046845588112,0.00082308267906495,0.0030113264839856262,0.0461194891368028,-0.5740710404057161,0.06160982972633909,0.9102393294686316
P01,S02,2,neutral,0.9863201000262052,0.3303135653078469,0.025327775844981575,-0.9444679071900395,-0.00012081038706337392,0.0021862259065964255,0.04488673244795413,-0.5701690068552226,0.018749295008662358,0.3893611121761654
P01,S02,2,neutral,1.0712778000161052,0.33044733075057897,0.021013986121075093,-0.9442619929070988,6.362750274532881e-05,0.003066566050101588,0.03610297919963053,-0.5716016261584298,0.004908557008205397,0.18022690093375507
P01,S02,2,neutral,1.132460099994205,0.3304688904847072,0.021153704801868563,-0.9395637756604522,-4.549678374427217e-05,-0.004008586793722295,0.06552295316214493,-0.552436659137111,-0.07763174647419788,1.2894026210357943
P01,S02,2,neutral,1.2082749000983313,0.33061024536136147,0.02159727024919849,-0.9378135133117922,0.00034038137327818376,-0.0012380290732528008,0.01693559353931685,-0.5654152203662045,0.025334257476815857,0.34459631446242134
P01,S02,2,neutral,1.2662105000345036,0.3306212847850282,0.02173572583707765,-0.9494823286617025,-3.614628527390864e-05,0.0002581619975672677,0.004499482329491761,-0.5624616314662721,0.0019227903150268843,0.16104788326279165
P01,S02,2,neutral,1.3372308000689372,0.3309196763304727,0.02929820079398228,-0.9254169606165459,0.0006998491290783786,-2.0893707109276007e-05,0.009858603044176165,-0.5697015496525774,-0.001085089019783209,0.030823764243745493
P01,S02,2,neutral,1.3949899000581354,0.3304701473630977,0.029583708931058512,-0.9333025920646688,-0.0006663517472902927,0.0010810968664928986,0.021987162105803537,-0.565426505649293,0.030515380533269878,0.5396964777713383
P01,S02,2,neutral,1.464603100088425,0.3305136080590483,0.017735934796973482,-0.9332702180477139,3.516619421347598e-06,0.0021818369266243033,0.03134232817431254,-0.5733597017042382,0.021350400353091128,0.3750715444826503
P01,S02,2,neutral,1.5265710999956354,0.3307299678856685,0.01870072707900992,-0.9249367421295086,0.0003967125360626085,-0.0003299855325522481,0.00832711745542345,-0.5530593248456408,-0.07375675281111865,1.2051512333422552
P01,S02,2,neutral,1.5775201000506058,0.33044685135058116,0.016247809194765404,-0.9291225204469308,0.00030569203888683265,-0.003970073329930188,0.07815315192779715,-0.5520651689722538,0.0009806785845034131,0.14121454294221916
P01,S02,2,neutral,1.669520299998112,0.33044647638779806,0.014233838350861306,-0.9332426432254808,-2.95816794599206e-05,0.00045698283482749287,0.004977590086208351,-0.5504483977860513,-0.0001259810153447249,0.0817962216372059
P01,S02,2,neutral,1.7456586000043899,0.33058256023738875,0.014420856907396295,-0.93441718462389,-0.00012228972481149184,0.00210935125775104,0.027750726766652394,-0.5629931866504737,0.022667220665428645,0.31427432754225465
P01,S02,2,neutral,1.7935892000095919,0.33124015810682383,0.013765978009266652,-0.938179342120074,0.0008565779340092885,0.0012629362386101972,0.03183809310327992,-0.5675422949832314,0.020801702465462413,0.44080284759026916
P01,S02,2,neutral,1.882399299996905,0.3316942062499671,0.0140350096127589,-0.9377165786718678,-0.0006263359005072903,0.0008135807745077484,0.011561156393487834,-0.5688611445623154,0.01178387937283051,0.19055097092446782
P01,S02,2,neutral,1.9782436999958009,0.33168862145137346,0.016264836214452686,-0.920281192790329,0.0009819290115795425,0.00013576380441018336,0.010342493578605094,-0.5770352411012689,-0.006494914198416378,0.11510359201450457
P01,S02,2,neutral,2.045813300064765,0.33168691665637084,0.016269008021692132,-0.925155205200079,3.984881318860124e-05,-0.0011660831963059006,0.01726758597802536,-0.5715833374226079,-0.0024832746325728363,0.1161723626518944
P01,S02,2,neutral,2.108287100098096,0.33157662593176324,0.016368524542588473,-0.925610698875295,-5.249029911413548e-05,0.0012954497964589634,0.02075290419708951,-0.5797281899621812,0.02494234045850906,0.42256918215486583
P01,S02,2,neutral,2.1947891000891104,0.33199716616330716,0.017102280494130477,-0.9237234164082827,0.00026023394597118535,-0.0002050273655047214,0.003829938494575969,-0.5715175558854879,-0.03093792497938575,0.36123670095013255
P01,S02,2,neutral,2.2333566000452265,0.33189936551601196,0.016982462503168934,-0.9273246045165806,-0.00012027805710400488,8.054454439887448e-05,0.003753309808864965,-0.5708567223718681,-0.0019810882472432226,0.05271115991949776
P01,S02,2,neutral,2.301715000066906,0.3319794260934676,0.01690295885178044,-0.9260083596689737,0.0001743364363206336,-0.0004166299696004431,0.006606861822203058,-0.5682527533495253,-0.01098762766059918,0.16215157894938184
P01,S02,2,neutral,2.3564171000616625,0.3325051557282954,0.01713983410739878,-0.9321434821827773,-0.0005708512725809712,-5.5211867468971306e-05,0.01048433353583944,-0.5702113999388162,0.0003860340799576473,0.07273274855608886
P01,S02,2,neutral,2.430155700072646,0.33246439845094744,0.01743994562073734,-0.9338209084901549,-0.0006732460478044541,0.0010032580742996406,0.016385128763128216,-0.5710249455593525,0.006677217174192729,0.16608708460015734
P01,S02,2,neutral,2.4927260000258684,0.3324442287564695,0.02098301003981605,-0.9226856095792971,-2.5100902788321595e-06,0.0008737803552777521,0.013964835733008926,-0.578144191398306,0.004232395592429632,0.1317724594900929
P01,S02,2,neutral,2.546811400097795,0.3331624093035126,0.020426868203965862,-0.9310162620976884,0.0007453657566428609,0.0004221279334650658,0.015837899851552876,-0.5710311802057355,-0.0004956709012170748,0.09548437738551158
P01,S02,2,neutral,2.6053458000533283,0.33339315409709586,0.01817715292078188,-0.9365352217588414,-0.00032511479372632993,0.00022490756695503055,0.0067537465453048305,-0.5698642471074998,0.0002534066684303734,0.07309837278361803
P01,S02,2,neutral,2.6653691000537947,0.3333992187873985,0.01787093208923625,-0.930985882035188,8.018220102312103e-05,-0.0005262348020324565,0.008868363091192258,-0.5726398429722702,-0.007402558691397521,0.16568430710876536
P01,S02,2,neutral,2.7202475999947637,0.3331720061563145,0.018146863582162776,-0.9381964520432708,-0.00020524362027728207,-5.3938506440270685e-05,0.003866958454221673,-0.5692126755864432,0.00426201815313917,0.15878243911405987
P01,S02,2,neutral,2.788913600030355,0.33320740605774024,0.01694070532006136,-0.932899196975032,0.0003100016611811215,-0.00019426532258666932,0.005327841402169752,-0.5696724734153341,-0.0023205717085814535,0.0528742783969894
P01,S02,2,neutral,2.8691990000661463,0.33298216315318524,0.01705397239428045,-0.9345666731328398,0.00023382203569275248,-0.003000171658739428,0.03748215075054593,-0.5705462374721253,-0.0020444341526723643,0.13659917534461927
P01,S02,2,neutral,2.9124339000554755,0.33318724140904654,0.01667764076480529,-0.93135716398288,-0.00032943024135527905,0.0016650404406268042,0.039258022856292825,-0.5696782894346892,0.001778293466090557,0.24926449985301036
P01,S02,2,neutral,2.9905126000521705,0.3333667676168509,0.016458216552172507,-0.9184765747333751,8.528569227553739e-05,0.0,0.0010923042043367466,-0.5733821231641699,-0.010153211683214645,0.15883870086569385
P01,S02,2,neutral,3.057772600091994,0.333479954390472,0.01685268477134286,-0.9247973437344301,-6.331698542503283e-05,0.0007886695785122296,0.011763412779212867,-0.5744075200721317,0.004453753409357881,0.10317585162671594
P01,S02,2,neutral,3.114914800040424,0.33359376096510274,0.017056297081093196,-0.9272331629844816,-2.0234868905474315e-05,6.557348245747526e-05,0.0012009437759128306,-0.5750761468828528,-0.0017720789442758574,0.05634866830942852
P01,S02,2,neutral,3.177763400017284,0.33343504591874124,0.017388104438667666,-0.9265649663494939,-3.82098192037217e-05,0.00039148305991181534,0.006258585421207023,-0.576676221319007,0.007238624712195273,0.12657342593700635
P01,S02,2,neutral,3.2681848000502214,0.3336225791343326,0.016852403226058747,-0.9284899735868569,-0.0005662147356589605,0.0008136126547892738,0.010962493451511022,-0.5726375779410297,0.006348911045987511,0.16530495050002894
P01,S02,2,neutral,3.3350363000063226,0.33344886681375374,0.016892240749659844,-0.9143688353262943,-0.00018460610611751416,-0.001156435926920608,0.01751760108817273,-0.5637943785228451,-0.03789803868601098,0.6027591975978941
P01,S02,2,neutral,3.379640100058168,0.3332943995273435,0.017206413610766205,-0.9147885812580047,0.00018554112833028396,0.0002067330547949959,0.006227814843938833,-0.5661395711730511,0.0001196380266533981,0.0874287524925205
P01,S02,2,neutral,3.4578141000820324,0.3334257262826397,0.02036537498906357,-0.9220611541740055,3.557411253937879e-05,0.0001532010776193348,0.002011885085377583,-0.5707862283503896,0.027380176132336734,0.3531074827384165
P01,S02,2,neutral,3.5108439000323415,0.33354856388700216,0.021308819264851994,-0.9238961647400371,-1.876334776706229e-06,-0.00011329488080302373,0.0021367309949584363,-0.5698474690441983,-0.0002893593978462426,0.07352612562743423
P01,S02,2,neutral,3.5675681000575423,0.3336735660849481,0.02129905014909692,-0.9107126905449915,0.00016184023445464028,0.00041165653454825445,0.00779785723626464,-0.5711594988741148,-0.0016061693268051565,0.03747201694368486
P01,S02,2,neutral,3.668278200086206,0.3333158226092559,0.019292846538235646,-0.8960976463512198,0.0007090792025576481,0.0020386753543303617,0.021432502638399947,-0.5756965329812447,0.0016406229723361662,0.033535652748601874
P01,S02,2,neutral,3.711546500097029,0.3335548432329442,0.01948117048994634,-0.8949244335182235,0.00011029960360046762,0.0001964753570817564,0.005207480191493238,-0.5749543898386625,8.71289139849069e-05,0.056552085105433414
P01,S02,2,neutral,3.786919500096701,0.3333389796331038,0.0207474293612488,-0.8972469278319836,0.0003313366078289583,0.001983996401600759,0.026686923792091026,-0.5831168703128228,0.020159426869859217,0.2734887635663728
P01,S02,2,neutral,3.8612276000203565,0.3342768453288614,0.022721766060736094,-0.892952443106369,-0.0013258182324635932,0.0007331183730447265,0.02038822697556489,-0.5804313476896849,-0.0048713944333137,0.06656023166569952
P01,S02,2,neutral,3.915670600021258,0.33431351733193804,0.02287443021218356,-0.8887061373082018,9.471638415830581e-05,-0.0007149415538349295,0.013246667853733785,-0.5756926792120106,-0.021332361616966864,0.3977692005344321
P01,S02,2,neutral,3.9746468000812456,0.3345310299442689,0.022758042732557836,-0.8891952035075971,0.0004017372404278947,0.0011304232938883594,0.02034188885379656,-0.5765600674086916,-0.0003576555227920196,0.0479211462838069
P01,S02,3,neutral,0.3866818000096828,0.33183035698094365,0.02633851390180256,-0.8791506799917589,0.0,0.0,0.0,-0.5855063058879605,0.0,0.0
P01,S02,3,neutral,0.4613351000007242,0.33181220792088867,0.028623861926992972,-0.8748917800078694,-0.00013252474029987662,0.0006826079473256946,0.009314436833887153,-0.5864930396045047,0.005892667175908982,0.14440625187607162
P01,S02,3,neutral,0.5242333000060171,0.3317867476359873,0.029053349904717276,-0.8741796058274889,-4.7247280633180516e-05,-0.0006503237866620283,0.010366557881187352,-0.5816823185150272,-0.013345001328848449,0.21245976852694184
P01,S02,3,neutral,0.574722099932842,0.3317679934265503,0.03027994273438052,-0.8702123265111256,-2.8071501563385828e-05,0.00106096801588848,0.021021282260067116,-0.5770398318448325,0.001705152313977782,0.17173181253018893
P01,S02,3,neutral,0.6544319000095129,0.3321844419496837,0.02864871197132914,-0.8660127941717674,0.0014075572991807208,-0.0009357398578911924,0.021204606768811037,-0.5581212786892896,-0.03665751630679042,0.5402452879704298
P01,S02,3,neutral,0.7103409999981523,0.3314862769651612,0.03017846062124939,-0.8663948617606428,0.0016437357986662572,-0.0006332918539520383,0.03150672080172346,-0.5689175137784344,0.015420887009812183,0.3046768503779282
P01,S02,3,neutral,0.7729260999476537,0.3328886714486422,0.03285529136652425,-0.8634451861088406,0.002097961519068992,0.0007368022233480329,0.03552894711536054,-0.573325647268303,-0.0069839779473418896,0.11502865563873446
P01,S02,3,neutral,0.8607600999530405,0.33292690460118735,0.03251748890657847,-0.8640715566080563,0.00026626567789223834,0.0006696700407839418,0.008204831264060235,-0.5744387172977738,0.0004294460641421542,0.02206859084992393
P01,S02,3,neutral,0.9104467999422923,0.3329026756470001,0.034196793425921246,-0.865114180148693,4.458226873733452e-05,1.79045255973231e-05,0.0009669230850301951,-0.5743627659098582,-0.0014678866456268207,0.12429572472309117
P01,S02,3,neutral,0.9776422999566421,0.3333731064157511,0.037520074286162275,-0.8650054868029359,-3.5088047932044395e-05,0.002051645095644379,0.030536942475664755,-0.5819061325838741,0.022336073507131255,0.35202709834507795
P01,S02,3,neutral,1.0524744000285864,0.3338259613398784,0.0378006096019128,-0.8583992231254571,-0.0004130309217811016,-0.0004255740633590211,0.007925069555487534,-0.5835035327953892,-0.00024510570379996955,0.0045585519386703525
P01,S02,3,neutral,1.0960082999663427,0.33370938284534163,0.03761006278592162,-0.8577278030795638,0.00018874868854252625,0.0016443060579347025,0.03801873412171749,-0.5895698489388553,0.0027048443310934214,0.15339457219077104
P01,S02,3,neutral,1.1493863000068814,0.3339239364907112,0.03892427300716099,-0.8573293091680428,-0.0011292655121834857,-0.00029425340975807737,0.021862431403901535,-0.5771098422144479,-0.022263635071311096,0.41714345836415245
P01,S02,3,neutral,1.25933609995991,0.33332596112943075,0.03926246276735471,-0.8590045713239192,-0.001246852436724015,0.0005827675008115255,0.012517719958007765,-0.5853911546567133,0.02764050674292661,0.2522119651781262
P01,S02,3,neutral,1.328158100019209,0.3329477581288339,0.04014246345491129,-0.8624723068274205,-0.000779546999003989,0.0001302377866059024,0.011483994116977416,-0.5748422254443726,-0.01823077065140901,0.27059165704627236
P01,S02,3,neutral,1.396756700007245,0.33303164000580543,0.040545697519775416,-0.8645732584532433,-0.0001870298383336713,0.0011403450860698436,0.01684554552608424,-0.5784280501036742,0.008062164520664468,0.12013615302493028
P01,S02,3,neutral,1.4697401999728754,0.3331351452587291,0.04065405008390784,-0.8636810083638057,-5.4928536380733144e-05,-0.0012685450258612312,0.01739754443117009,-0.5783031753621689,-0.0010541522613856625,0.028078929968285128
P01,S02,3,neutral,1.522030399995856,0.33321608670478653,0.04007628553026216,-0.8658061807941921,-1.68591433433933e-05,0.0023262934661096007,0.044489303066027615,-0.5866661769647294,0.011829386174006631,0.22841334458887472
P01,S02,3,neutral,1.5835583999287337,0.333194174117935,0.04173238863652773,-0.8650667086048628,-0.00017736806308588668,-0.00018210861141848978,0.004131622936539753,-0.5863689596595852,0.007353649174438839,0.13154006859424835
P01,S02,3,neutral,1.6620430999901146,0.33319779213087725,0.04102506479549945,-0.8647914002769785,-6.010592242059261e-05,-0.0009773473426931778,0.012476238373842343,-0.5844174185430895,-0.004714459959300418,0.06310959718509584
P01,S02,3,neutral,1.720192699925974,0.333315078580315,0.04127569042241772,-0.8638641662189388,0.00013425191340193772,-0.0011507306863023231,0.01992336285444556,-0.5828728423467922,-0.0034879551573095916,0.06876811123044466
P01,S02,3,neutral,1.7935339999385178,0.3334584922972791,0.03958142748491949,-0.8636813030744166,0.0011519785619187037,0.0002516755211888025,0.01607757418685319,-0.5842571910119063,0.00018798997891660788,0.016153504399853844
P01,S02,3,neutral,1.8514653999591246,0.33395024469239076,0.03894119676355934,-0.8646865986655418,0.000888134436540216,0.00010682243976473458,0.015441289659262052,-0.5755660114357023,-0.014312915664408116,0.25786681414806684
P01,S02,3,neutral,1.921742899925448,0.33403810349918417,0.03523771697929689,-0.8666204826155041,7.552331795958031e-05,0.003262892834515973,0.04644113343587027,-0.5797044508249971,0.005446053605919549,0.07803083666589448
P01,S02,3,neutral,2.00082019995898,0.3336857841334337,0.03692595390319985,-0.866041744556122,-0.00036466306955498475,-0.00036144781839064983,0.006492924848901397,-0.5742132861266419,-0.02455242792743547,0.3692750823742257
P01,S02,3,neutral,2.0596872000023723,0.33365916235472537,0.03749942944475079,-0.8658188577644488,0.00010812144643566466,-0.000338253546180803,0.006032474149286387,-0.5853020067643662,0.03769370402378568,0.6653278977270112
P01,S02,3,neutral,2.1046834000153467,0.3337666302243979,0.03819730712458835,-0.8648329823971804,0.00012482867646171445,0.001753762542478207,0.039074398164131635,-0.5865142004221028,-0.00036426157011086667,0.035666897069759174
P01,S02,3,neutral,2.1443338999524713,0.33394403286228913,0.03832573962522997,-0.8650559086879293,0.0002769670915735565,-0.0003803556450093436,0.01186647388604171,-0.5863788204515613,-0.0008579896898355294,0.02957927937160057
P01,S02,3,neutral,2.193801900022663,0.3339484737400242,0.03833433267830677,-0.8669126029329889,4.63167420590013e-05,-5.845369180856618e-05,0.0015076275156782194,-0.5837924540942248,-0.004425529521009481,0.09310175088679859
P01,S02,3,neutral,2.2645184999564663,0.33391018359528163,0.03844605469713348,-0.8668644791240999,7.885459360964777e-05,-0.00026249163532085355,0.0038757534745318535,-0.5840865849569831,0.004326990391973371,0.12383779574109118
P01,S02,3,neutral,2.3089636999648064,0.33398250185608885,0.039049111021669566,-0.866590307329558,2.364679403516264e-06,0.00013536674170317633,0.003046164580785905,-0.583032553173483,0.0001799555910959088,0.12495909471383182
P01,S02,3,neutral,2.369931499939412,0.3340165210392483,0.03887957860490694,-0.862903370649239,8.431677142419786e-06,-0.0004777950380704545,0.007838062544974416,-0.5809631299891562,-0.010910014046192414,0.19658683080281675
P01,S02,3,neutral,2.4530134999658912,0.33404675124663236,0.0384398829894593,-0.8617007125780416,0.000584900241791231,2.6140294515684973e-05,0.007047062898554452,-0.5805570607138849,-0.00461481117554504,0.05862783942192952
P01,S02,3,neutral,2.510770099936053,0.3342503440005978,0.03872577102648945,-0.8617739449855717,0.0002834449823941362,-2.933419289325914e-05,0.004933788726224161,-0.5797792634797894,-0.0016825486187011054,0.0299357291315875
P01,S02,3,neutral,2.55885060003493,0.33443378205702945,0.04077635727397823,-0.8623296204967577,0.00039980446523669186,-0.00015853162680398415,0.00894516968211558,-0.578768775102242,-0.005803226142145785,0.12462097416301275
P01,S02,3,neutral,2.6095645999303088,0.33441651936378447,0.04001570654998603,-0.8636902196370209,0.0005193760619419262,0.0013274924191295353,0.02810817592451489,-0.5802149617148795,-0.0008325824623814985,0.017257639023747592
P01,S02,3,neutral,2.694977100007236,0.3346964945210345,0.04152160563753383,-0.8631888321372513,-0.00039668579865821847,0.00030167710120180565,0.005834813709093819,-0.5812307420403179,-0.0007315266856895031,0.10829091367395727
P01,S02,3,neutral,2.7674597000004724,0.33445577291622036,0.041678824231122624,-0.861642133456429,-0.00033031933677778245,-0.0024071342227448113,0.033521046149850076,-0.5765605316166537,-0.006030115659408603,0.09736975237228737
P01,S02,3,neutral,2.855531399953179,0.33441463556749373,0.04153089131458025,-0.8613370258761949,0.00019387594159689744,0.00030995197649919985,0.004151081653351983,-0.5764133696707253,-0.0007523723487480737,0.015444587096602522
P01,S02,3,neutral,2.9271177999908105,0.3346329875827853,0.0433746695895188,-0.8618421068385499,-9.796569926733456e-07,-0.0004629324589014591,0.006466779936290866,-0.5786370669899216,-0.0006547562820752412,0.053409854530442474
P01,S02,3,neutral,2.9870159999700263,0.33512324799945176,0.044777084075226514,-0.8598430036582683,0.0005614560121326533,-0.0011210445060496122,0.02093190995782462,-0.578898490800459,0.0011312666698271182,0.06738834123720379
P01,S02,3,neutral,3.0598770999349654,0.33437140502151774,0.043573981687846826,-0.8626058216585294,0.0011760624204104218,0.0001327136751793193,0.016243603537102566,-0.5797029939289554,-0.0011274347625691735,0.025647836568116394
P01,S02,3,neutral,3.1294271999504417,0.33428096075569214,0.04482402438091827,-0.8650790151473656,8.086223739614931e-05,-0.0003799722775991051,0.005585630899059137,-0.5828920289384856,0.00984030962453228,0.16582334644425856
P01,S02,3,neutral,3.1797430999577045,0.33413493057818466,0.044853470020869056,-0.8624823413646123,5.115188603528528e-05,5.797511058925097e-05,0.0015365943405843126,-0.5828050058545519,-0.005021154765995876,0.11889264069011121
P01,S02,3,neutral,3.2358191999373958,0.33394428903902595,0.04455213271159657,-0.8647992057798579,-0.00034461337318044864,0.0004147140606421196,0.0096156615623132,-0.5825109101326743,0.0011005025714530003,0.021971562967804625
P01,S02,3,neutral,3.2945934999734163,0.33373828431816,0.04275039838400511,-0.8652513073249812,0.00026454675481395824,-0.00016564868529279073,0.005310636373066727,-0.5827248263686801,-8.205156405527711e-05,0.02303964769550411
P01,S02,3,neutral,3.3614342999644578,0.3342315765072633,0.04065011179668948,-0.8597790799649975,0.0008095443518096375,-8.399501920967931e-05,0.01217654751987591,-0.5848047513020556,0.0023360853379534013,0.04400965278279645
P01,S02,3,neutral,3.4278279999271035,0.33461397150190236,0.03982220262520818,-0.8583180731506485,0.0009644825877646228,0.0003179612926696559,0.015295762139982688,-0.5839386834703084,-0.0033465597265514946,0.06973213108036168
P01,S02,3,neutral,3.5003766999579966,0.33484554154386736,0.04535202205245015,-0.8565267678167787,0.00031756339292744084,-0.0013195613406788785,0.018707925307218803,-0.5826228787962032,-0.001860181169082072,0.048618491639547755
P01,S02,3,neutral,3.579025899991393,0.33391483092462515,0.044918378646874216,-0.859649747699715,0.0004967725630831781,-9.701612936963971e-05,0.006435630591176675,-0.5886175643880843,0.01339322648122215,0.18732530798093017
P01,S02,3,neutral,3.6471773999510333,0.33399033561192076,0.04454036884025655,-0.8608744500456624,0.0005420342687831764,0.0008529600091033638,0.014828941817430953,-0.5891717735989399,0.002400701532711813,0.041284170924448124
P01,S02,3,neutral,3.7145857999566942,0.33437370495077223,0.045582555679392976,-0.8608525185306373,0.0003433240836156761,-0.0017884582195825953,0.027016120521794487,-0.5872709806934844,-0.00765995375224829,0.1295752547820311
P01,S02,3,neutral,3.7795566000277176,0.33438682624468813,0.04513812628031058,-0.8639124558113573,4.5498459822055083e-05,0.0012412478941072696,0.019117534266982046,-0.5814397585555118,-0.01028351497768633,0.16473785287566373
P01,S02,3,neutral,3.8340057999594137,0.3344172225293827,0.04503688579250463,-0.8644558808108569,-3.5646875076927964e-07,7.940341423385704e-05,0.0014583173762655285,-0.5802016169657471,0.005206599448227144,0.12846002120607505
P01,S02,3,neutral,3.8831633999943733,0.33444358819129044,0.04415194672208778,-0.8642310762790919,1.889135438463742e-05,-0.000547314616181335,0.01114050624790113,-0.5713720203867345,-0.011547782011470737,0.2459310217275394
P01,S02,3,neutral,3.9481529999757186,0.33436641345945095,0.04424182025499486,-0.8664598769231872,-0.00010062859372623083,0.00011346341878962962,0.0023335689241737686,-0.5784065424142759,0.014008700083167451,0.22382965344267164
P01,S02,3,neutral,3.99690789997112,0.33432416101892004,0.04512095858057011,-0.8682756484647798,-0.00010772809986500367,-3.31608218037082e-05,0.0023118986132991577,-0.5782256434639731,-0.000690990277638508,0.025181455375518195
P01,S02,4,neutral,0.39190839999355376,0.3382183291154046,0.038916886418332346,-0.858223714311409,0.0,0.0,0.0,-0.5852377147200896,0.0,0.0
P01,S02,4,neutral,0.45460699999239296,0.3380305687623064,0.03855988017005003,-0.8586848127769839,0.0003393013777688703,0.0026310954961040393,0.042311680584485735,-0.5854462543356583,-0.0020954341949319497,0.11093114777091197
P01,S02,4,neutral,0.5029090000316501,0.3378393765557513,0.038027406584576234,-0.8601099846307229,0.0005326830921036831,9.685949078907743e-05,0.011209010351763518,-0.5801982055911672,-0.012004556513155164,0.2750039552275517
P01,S02,4,neutral,0.549568900023587,0.3377087448464409,0.03858122692664129,-0.8607743285911442,-9.363175972159896e-05,0.00046665857248615956,0.010200604120185353,-0.5810573136320922,0.001464441198360819,0.0327848730577355
P01,S02,4,neutral,0.598412899998948,0.3376679745654828,0.03838227116137111,-0.8609365984847785,-3.1949848718192665e-05,-0.0005958382008191123,0.012216325211538823,-0.5760911384608336,-0.010507566194598705,0.2547071364762696
P01,S02,4,neutral,0.6544451999943703,0.3374402218583299,0.0384777722134618,-0.8613712484789773,5.122491589671939e-06,-0.0001339796507160747,0.002392861617089094,-0.5778813627880981,0.0005582241730792179,0.02870366725209244
P01,S02,4,neutral,0.7333758999593556,0.3372510055191188,0.04014455852707675,-0.8572857918520755,3.327069214129056e-05,-0.00030690335672430843,0.003911044614562323,-0.5755822856636142,-0.002128866776647778,0.03187763906382228
P01,S02,4,neutral,0.7933531999588013,0.33693165757071514,0.04053535512077375,-0.8577337381419246,-0.0004166095268640179,0.0010398432267119733,0.018676987227332867,-0.5760323817775045,0.0006638209523786343,0.014493654837706994
P01,S02,4,neutral,0.8515732999658212,0.33698569703675935,0.03995201832503153,-0.8620430275683016,1.4813355711635547e-05,0.0002243670653159366,0.0038621634729847968,-0.5751810573974141,-0.0011449295955031403,0.09457035208416935
P01,S02,4,neutral,0.9231576999882236,0.3371022171684931,0.03943128092827461,-0.8661336026104217,-6.674756870988913e-05,-0.0002722947173860378,0.003916443987076862,-0.5654094701180284,-0.012318588079456821,0.24390859078278407
P01,S02,4,neutral,0.9756791000254452,0.33646099692588705,0.03893360813740722,-0.8682499049874965,0.0008204781974715178,-0.00010815112588931482,0.015756919224106172,-0.5702560676325145,0.00323143897072949,0.16821478094115577
P01,S02,4,neutral,1.0332252000225708,0.3363376738056467,0.039212468211647894,-0.8681956634331609,-0.00020982454512319244,0.0006210558432299222,0.011391615721376386,-0.579886133179071,0.013185620750528952,0.2459742436526223
P01,S02,4,neutral,1.0775943000335246,0.3362188252468616,0.040222727678957765,-0.8634260762425991,-0.0001655788850589784,-0.0002427840290024314,0.006623336707403995,-0.5822148358495581,-0.004264299973670063,0.09643226187491095
P01,S02,4,neutral,1.1511864999774843,0.3359773061750297,0.039883345570099676,-0.8606605918684425,0.0004264858471285896,-0.002381242214261021,0.032872139179485,-0.5829285691668017,-0.00020793815578740326,0.014024641619043985
P01,S02,4,neutral,1.2314683999866247,0.3358859195311452,0.040070942095082863,-0.8590793924130466,-0.00012439597362661845,0.0008991646196377684,0.011306766383725027,-0.5870168790251078,0.01468914091095687,0.21810129092734867
P01,S02,4,neutral,1.3017926999600604,0.3359495980827671,0.03932314469037879,-0.8585773259923389,0.00010024308554106046,-0.0010458990960434539,0.014940667175247929,-0.58453562168264,4.6136199113802554e-05,0.04903812077165289
P01,S02,4,neutral,1.362396299955435,0.33592078176509416,0.03944486816958609,-0.8599082044964299,-3.344680100208263e-05,0.0006322953600579388,0.010447883741074986,-0.5856782578355195,-0.00040429272753819445,0.02056269010692802
P01,S02,4,neutral,1.4160622999770567,0.3358916082020008,0.04040067911579675,-0.8568782792123262,-0.00025482110242536,0.0009542482439361932,0.0184043143544579,-0.586103597948014,-0.0006017294424682331,0.020006653640415026
P01,S02,4,neutral,1.4881674000062048,0.33613534780157606,0.04189055707976899,-0.8558676233307412,-0.0004713697860414049,0.00036067568693998593,0.008231439818577489,-0.5870601515493535,0.00431014104935778,0.07637703831485503
P01,S02,4,neutral,1.5615904999431223,0.336436809147495,0.03942834863648479,-0.8609723148650593,0.0003661103514221753,-0.0010217074263981056,0.014781745053767044,-0.5839262481913831,0.0010873295794508028,0.1378855299472205
P01,S02,4,neutral,1.6290542000206187,0.3364968518566337,0.03950894972675942,-0.8613925979613619,-7.745133657043384e-05,0.0008412038819279366,0.012521725114616059,-0.5744555444261633,-0.022118832529952396,0.35141965025709043
P01,S02,4,neutral,1.6800849999999627,0.3361722448515556,0.03926793449544535,-0.8623013061962969,0.0002875869001867607,4.007067783120093e-05,0.005689996790300068,-0.5768837069658308,0.001071582387693039,0.08480264262715434
P01,S02,4,neutral,1.758301499998197,0.3362181568203114,0.03929124728492967,-0.8614446537395233,-0.00010978043727985498,-0.0014770942324033132,0.01893677368875979,-0.5768787636164224,-0.0018381672932732591,0.031963109058590136
P01,S02,4,neutral,1.806385700008832,0.3362460706019916,0.03810629297507181,-0.8637413112811274,-0.00013919730638362518,2.3930769005780835e-06,0.0028952935828123597,-0.5768696669746641,2.9187850144764028e-05,0.014691492700111424
P01,S02,4,neutral,1.8774085999466479,0.33681731214521077,0.035197184620981495,-0.8646095051256121,-0.00046484101326792074,2.8402772486723626e-05,0.006557151849742886,-0.5782061986890855,0.00097833858401758,0.030100134445244606
P01,S02,4,neutral,1.9610492000356317,0.3368119314555629,0.03990701951426863,-0.8603999082495571,-7.317591306255654e-05,0.0008822696845789012,0.010584561887792623,-0.5803794847866637,0.0029852286760037104,0.049958852927047805
P01,S02,4,neutral,2.0062076000031084,0.3369565021039876,0.03970137565987029,-0.8597495864598234,0.00018339196627764062,-0.0009493751463825389,0.021411873428862756,-0.5763283154721905,-0.0059518689593432905,0.13382897781495354
P01,S02,4,neutral,2.0709656999679282,0.33710280700701284,0.039437709864973074,-0.8606695817349899,0.00046029219658294833,0.0012051672378409204,0.019921466909486794,-0.5781228353277171,-0.0005145015891589128,0.051631559054934696
P01,S02,4,neutral,2.157979700015858,0.3362251461373779,0.04039446104444774,-0.8607101968232597,0.000482589556741571,-0.0021009863648536057,0.024774157985295964,-0.579194018395527,-0.00012492562428032322,0.06117465328930646
P01,S02,4,neutral,2.225129700032994,0.3354550483334735,0.04250567223028935,-0.86061850520404,0.0003994312863101657,-0.0019051166600612085,0.028987925470429363,-0.5773344555318994,-0.01601350803593244,0.25612611664024443
P01,S02,4,neutral,2.282549499999732,0.3354435815873594,0.04229785198134479,-0.8617979278449934,-4.6598948229615585e-05,0.0007561556689842865,0.01319388373314508,-0.5764106628777214,-0.001225712256241128,0.031622531996872434
P01,S02,4,neutral,2.3528761999914423,0.33552988576900533,0.03901145135915995,-0.8607697575781438,-0.00041448628965922964,-0.0010473850482506453,0.01601691228824796,-0.5714417682709275,-0.011821147194414206,0.23793456394763712
P01,S02,4,neutral,2.414915799978189,0.3353127114471113,0.038766525438489866,-0.8611399009952545,0.0005562948538979164,-0.0016083578329024915,0.02743160382597667,-0.5703191231650254,-0.002993085487684295,0.07915830363262952
P01,S02,4,neutral,2.498655700008385,0.3352405617220146,0.03925518630092423,-0.8616445563635493,0.0001213462053942523,0.00031416665924050377,0.0040218242459932625,-0.5776079775897472,0.010423713805136363,0.22491900054454889
P01,S02,4,neutral,2.558215399971232,0.33528873966764955,0.040820242154579245,-0.8608107281350703,-0.00020497006697614505,0.0014849219162634342,0.025168051729483804,-0.5750325221786362,0.00044614098939042005,0.08925141329816916
P01,S02,4,neutral,2.600713799940422,0.33587762426994067,0.04059956292654118,-0.8591498543169384,0.00037102325984059506,0.00012475396468632707,0.00921059563229803,-0.5755049359901451,-0.00024010436071660287,0.0163578961571761
P01,S02,4,neutral,2.6593516999855638,0.33626072585994615,0.042058399013992775,-0.8584785668331585,-0.0005629689620234942,0.00012053491630225947,0.009818359616664933,-0.5805464495234404,0.007398119276297918,0.1311071463911134
P01,S02,4,neutral,2.7527703000232577,0.33626980229208914,0.04241066085703912,-0.8604991158898115,-7.998516599338355e-05,0.0011824510633614664,0.012686480154307416,-0.5821432689160517,0.022292279241572576,0.26643804915967506
P01,S02,4,neutral,2.825937099987641,0.3362878069165034,0.041884149867158764,-0.8590989091627467,2.388348824516875e-05,-0.0002282003051254528,0.0031359404339555393,-0.5814410276420866,-0.0014980427828735644,0.028434946465521093
P01,S02,4,neutral,2.9167854000115767,0.33667509795804335,0.04117676386714959,-0.8577602039588812,0.00034646545150772033,-0.0006983305945182436,0.00858082839533272,-0.5793955380558413,-0.003135704478322056,0.04582129968591153
P01,S02,4,neutral,2.9907378000207245,0.33649318933968536,0.04134586880164764,-0.8575646145194677,0.00019661959824659274,-0.0005429180798430691,0.007808059243790096,-0.5774628691567655,-0.004028074257783765,0.06905988024014569
P01,S02,4,neutral,3.0391145000467077,0.3364405086287032,0.041435609222419616,-0.8581211610102317,-8.167191683739723e-05,-6.749891608470357e-05,0.0021902017710221443,-0.5844428379948957,0.013991650294826694,0.2922752339896298
P01,S02,4,neutral,3.0837410000385717,0.33630946507951237,0.04134373205301582,-0.8590061877632591,0.00016686349592558318,0.001920746826440263,0.043202610008841055,-0.5860123051660132,0.003242442350300466,0.10193702130847922
P01,S02,4,neutral,3.1541648999555036,0.33650908526068024,0.0405435257711955,-0.8583016014828035,-1.88196806112362e-05,-0.0001803146810563619,0.002574326876474107,-0.5771402967260488,-0.01773435516132445,0.34519498366486423
P01,S02,4,neutral,3.211689400020987,0.33632996926059827,0.04124493638899557,-0.8591788006239036,-0.00026459055922163855,0.0006273614063259213,0.011836257643687077,-0.5740622926374414,-0.012260942779419394,0.22187221704583548
P01,S02,4,neutral,3.2500680999364704,0.3363172115741019,0.040918718768343416,-0.8586281367095999,3.066035038135593e-05,-0.0002887921441989566,0.0075670919320792816,-0.575248340761983,0.002189077494449594,0.10951481160717784
P01,S02,4,neutral,3.3155215999577194,0.33611878054425703,0.04176715940923999,-0.8602323672331608,-0.0003546198406306933,0.0004221390326897689,0.008423118492274395,-0.5847224801434907,0.0248126889448453,0.41539983844295275
P01,S02,4,neutral,3.367905499995686,0.3365030892253147,0.03668211523478816,-0.8638192479814849,-0.0004062023678470339,0.0013259919004482267,0.026474062692703318,-0.5836732719037035,0.0001928272886091625,0.0791195378579573
P01,S02,4,neutral,3.424421799951233,0.33650815296589,0.036835575082526634,-0.8639108427493754,-3.0820079987688266e-05,0.0013574119711818912,0.024024251633492456,-0.5839672030191411,0.0036545327733656092,0.13727382411354203
P01,S02,4,neutral,3.496168899931945,0.3367762768755213,0.035435006166748995,-0.866685416189284,-3.393704194878783e-05,-0.0009454585558822665,0.013186141902184596,-0.5828099112867482,0.0036816657900251635,0.0633463125847022
P01,S02,4,neutral,3.5420377999544144,0.3370691981977443,0.03448994626447212,-0.8662389607359133,0.0003026922995034961,9.4074662384028e-05,0.006910439146007222,-0.5811268086445683,-0.005405894764355276,0.12626469668692833
P01,S02,4,neutral,3.5855543999932706,0.33735738188798653,0.03438133052692678,-0.8656781405473186,0.00037103013228233044,0.0002866649474419434,0.010774535353334117,-0.5793051129613014,0.0018250449652881845,0.05088374361080698
P01,S02,4,neutral,3.663801099988632,0.33748960692229435,0.03456972754735544,-0.8639195475722471,0.00019365483160275183,-7.082132920447194e-05,0.0026352367602041336,-0.5761951554997996,-0.011206444757462112,0.14535752184495285
P01,S02,4,neutral,3.7355024999706075,0.3370008999760951,0.034578958655867374,-0.8642230350496728,-7.388656931386736e-05,1.1584848091103082e-05,0.0010430655861596173,-0.5746948291510041,0.000856077427700195,0.06889733574752148
P01,S02,4,neutral,3.818863800028339,0.3372797541785074,0.03577341623122434,-0.8632737429805148,-0.0004652640029183507,-0.0004739675456564491,0.007967312303204547,-0.5760049776667681,0.0003531953087428573,0.012793341872066837
P01,S02,4,neutral,3.8703913999488577,0.3374085985439368,0.035872461010750895,-0.8624548455887353,-5.5911053105407394e-05,-0.00045541451786963743,0.008904621430103569,-0.5767915192903031,-0.00017776463147446036,0.003608717330292284
P01,S02,4,neutral,3.943867399939336,0.33713204095487004,0.03606763722604501,-0.8629864230997777,0.00032539876185720267,-0.0007635069563055309,0.01129560889976434,-0.5777086953357478,0.0002961179491031865,0.011051858856350297
P01,S02,4,neutral,3.988897099974565,0.3367514523441652,0.036741392428114264,-0.8634419928185535,-5.429441998713289e-05,3.557678375684992e-05,0.001441541551107009,-0.5797610631961047,0.0034133363223106572,0.08643590909889383
P01,S02,5,neutral,0.3979226000374183,0.34101571864646935,0.03671677882196063,-0.8534863237666416,0.0,0.0,0.0,-0.580529095738858,0.0,0.0
P01,S02,5,neutral,0.4736319000367075,0.34024672039404497,0.03792643754003734,-0.8548356320607853,-0.0007922545313133958,-0.0016965370941967011,0.024731523083376807,-0.5818407039642198,-0.00014644502045700557,0.025327017288163327
P01,S02,5,neutral,0.5268489000154659,0.339552610377595,0.0379276509039053,-0.8567226317410871,-0.00018348189072142667,-0.0005611974213215987,0.01109477194727009,-0.5827152825410162,0.0022966939207962286,0.04396899050483272
P01,S02,5,neutral,0.5941119000781327,0.33922487857371675,0.038505782768256586,-0.8569937720583436,-0.00017039317550636025,-0.00097403925591081,0.01470096154600744,-0.5821827187022691,0.011828822638080744,0.19686221559500167
P01,S02,5,neutral,0.6596966000506654,0.33883088504805703,0.038206384269275265,-0.8568402578133536,0.00013923487622160083,-0.0016801418860297025,0.02570570995034218,-0.5826996457724397,0.013920193369494224,0.24666320511203443
P01,S02,5,neutral,0.720336600090377,0.3386143068146444,0.03784977062024388,-0.8560659930025576,-0.0003528864823743961,-0.0021020927160568838,0.03515018356214034,-0.5714551057470391,-0.022203068885319647,0.3827550904980885
P01,S02,5,neutral,0.7792989000445232,0.3384359795225622,0.03779975141702481,-0.8528579535578987,-0.0002629881017272824,-0.003069031080327891,0.05224148854372561,-0.5701637688196034,-0.006110263468018129,0.12188051373239665
P01,S02,5,neutral,0.8705194999929518,0.33767689811977947,0.03729693236213244,-0.8552540191979882,-0.00017501346886287963,0.00040509925470530385,0.004837591778748376,-0.5673456754456498,-0.0014091169327870997,0.10320521605579072
P01,S02,5,neutral,0.9178219001041725,0.33741454483248406,0.03794995216775374,-0.8559255494527921,-0.0005143196282475212,-3.948151705764074e-05,0.010905002529411357,-0.5722695711852102,0.006022092749666651,0.1825393151931495
P01,S02,5,neutral,0.9870510000037029,0.33751751917463113,0.03738332892888983,-0.8563300953810538,-0.0006775151116303118,-0.00017297694561237858,0.010100492279578892,-0.5726134583384118,-0.001616948643619721,0.031767168173302024
P01,S02,5,neutral,1.0633681000908837,0.33771013305326636,0.03568815889447571,-0.8556001498055099,0.0007439767252996119,0.0007957343137449262,0.01427406266128166,-0.5790668577795737,0.005736566126318556,0.14366004678019492
P01,S02,5,neutral,1.1369690001010895,0.3379823978092177,0.037698550509273475,-0.8506002855842452,0.00040345452002465493,0.001243033191735889,0.01775615766047859,-0.5803359398459048,-0.0007879901379587209,0.0626569344206114
P01,S02,5,neutral,1.1990053000627086,0.3387150735100699,0.041595354044844796,-0.8557465579997479,0.0008189334851530531,0.0003288052037622304,0.014225164638174494,-0.5688762568070364,-0.011535963479454146,0.20300221130591545
P01,S02,5,neutral,1.2686949000926688,0.33857927974435154,0.0405718402748465,-0.8569339877855732,-5.4529440588088005e-05,0.0006783832100280779,0.009765750691841789,-0.5715781236588088,0.0019777252701990654,0.04336351000503149
P01,S02,5,neutral,1.3519563000882044,0.33851299145045455,0.039682800470833536,-0.8612729028618409,-0.00026935511383024464,0.00013725269568927974,0.0036308371440464367,-0.5734615515795677,0.0017887603135766925,0.02651092905620543
P01,S02,5,neutral,1.4219500001054257,0.33844331220794543,0.039883066900458126,-0.8512857088173853,-0.00018998310272990863,9.853584795122492e-05,0.0030576480979577513,-0.5750347159497793,0.0017621176673737616,0.03075974013954032
P01,S02,5,neutral,1.4665471001062542,0.33864381999033755,0.0386427844930571,-0.8530646062897187,-0.00045375336905702695,-0.00037613302935409875,0.013215645941107305,-0.576539221842802,0.003444235409536241,0.07775663777149001
P01,S02,5,neutral,1.5091257001040503,0.3384126500298321,0.037867745546076186,-0.855483667568015,0.00031452427797326984,0.0017801466484535006,0.04245604358369057,-0.5797392056680483,0.013215477823662246,0.3114295050838772
P01,S02,5,neutral,1.552390000084415,0.3384029356254189,0.037901197431034005,-0.8548781021878282,-1.9330830425596793e-05,-4.8613295648881235e-05,0.0012092119849608173,-0.5796115849116844,-0.0009558241898087302,0.025832829645551225
P01,S02,5,neutral,1.623925100080669,0.33837756122484747,0.037896465203655236,-0.8536675987823796,-2.791951145549448e-05,-0.0010353118522376582,0.014478042807914213,-0.5816747835714379,0.0045100852463313,0.07438759795501496
P01,S02,5,neutral,1.6997986000496894,0.3387062000126166,0.03767333504778685,-0.859660629787448,-0.0004549896313118332,0.0003023292154684701,0.007199838707128946,-0.5807868830032769,0.0025195316385705595,0.03478299634980058
P01,S02,5,neutral,1.7679516000207514,0.33850240720742475,0.03767387350939284,-0.8541821029720678,-3.9134529088335544e-05,0.0014102517141438892,0.020700403539834208,-0.5863099429552682,0.009129832810410469,0.19855033304123776
P01,S02,5,neutral,1.8638422000221908,0.338423843039129,0.03735168193442864,-0.8573477403339277,0.00040799181990917844,-5.926580936733803e-05,0.004299419245282907,-0.5591236225240631,-0.045266586141181675,0.4898278242762756
P01,S02,5,neutral,1.9380461000837386,0.33830970283716616,0.03738423658612233,-0.8568661038995773,-9.210001307982718e-05,-0.0006613934942164921,0.00899919325042084,-0.5622750376146192,-0.00031161753333668496,0.0268949041278695
P01,S02,5,neutral,2.018117900006473,0.33818694415790046,0.03709571828782045,-0.8553888417354946,8.600883964583148e-05,1.409980977800516e-06,0.0010742907761981707,-0.5687050069577503,0.011752792843690192,0.18622534644292768
P01,S02,5,neutral,2.0682163001038134,0.33813926669132527,0.03796481608775155,-0.8571510766735854,1.6305203757233664e-06,-7.588529964853073e-05,0.0015150746268277526,-0.5782673595401286,0.020975174551934248,0.48511415944689773
P01,S02,5,neutral,2.111677800072357,0.3380886940385377,0.03728883554894108,-0.8597227946745277,-0.00010851193638279761,-0.0007448626014903654,0.017319354829280625,-0.5726582954361348,-0.010275651857346125,0.2745085398423417
P01,S02,5,neutral,2.1743925000773743,0.33809036173049223,0.03698184907103567,-0.862595119779329,7.029881592168277e-05,0.002846595188161632,0.04540343965248381,-0.5746213471558185,-0.00033924236835790176,0.05874178653601774
P01,S02,5,neutral,2.2602227000752464,0.3381376860416942,0.03931824365854526,-0.862868277320395,-9.514351208267912e-05,-0.001184732829472323,0.01384765597196168,-0.5774914397004074,0.0015661113270689067,0.029704525766161973
P01,S02,5,neutral,2.315248000086285,0.3379121027606043,0.03839824234475201,-0.8633913052319361,-0.00030312788802085703,-0.00010645195252870946,0.005838703554808616,-0.5774831684219769,0.00038093758344456396,0.01841045607207478
P01,S02,5,neutral,2.360402000020258,0.33789459541390265,0.037366924113204934,-0.8639153192682,-6.659104261536871e-06,-4.180682675454936e-05,0.0009375436299383581,-0.5764518361646918,-0.0019100635508136556,0.044918761672397514
P01,S02,5,neutral,2.4710943000391126,0.337792584463347,0.03845245686231268,-0.8650692461098614,0.0004584258928374064,0.0019478689110978172,0.018077920532807986,-0.5794516008174632,0.0017670469434339778,0.03285418445686943
P01,S02,5,neutral,2.5199012000812218,0.33815904606399505,0.03930236417335387,-0.8646899081787528,-0.00041355509909320827,-0.0007247900127741172,0.01709747829885317,-0.5805134308126298,-0.003469812531170797,0.097492487173105
P01,S02,5,neutral,2.560901000048034,0.3383148314743845,0.039478329799893595,-0.8657049762570984,-0.0001989964376684476,-0.00038178422348607874,0.010500859266255025,-0.580084688008065,-2.629404517479603e-05,0.016305452146652456
P01,S02,5,neutral,2.6259678000351414,0.3382504767427065,0.04116291847600473,-0.8645343296094967,0.00010268901045564558,-0.0011565839899195707,0.017845256547074563,-0.5787521405348721,-0.0032827366912758804,0.0562198861655147
P01,S02,5,neutral,2.6973346000304446,0.33762045645633654,0.037751896520329266,-0.8645863421268375,0.0012206648242344968,0.001375802288789013,0.025771840728171253,-0.5836599207221149,0.020143917290433418,0.3206061229885914
P01,S02,5,neutral,2.75353190000169,0.337664351589031,0.038896622115242356,-0.8639091720551485,-7.899287683602125e-06,-4.774876689194134e-05,0.000861211539596493,-0.5859874555235504,-0.0004200561855961582,0.0830029940015777
P01,S02,5,neutral,2.8018812000518665,0.33768765098006487,0.040088192958220824,-0.86353582167251,-2.8682585069042893e-05,0.0005106382683368682,0.010578088715990443,-0.5800477198696382,-0.01203591926879131,0.27632684524043
P01,S02,5,neutral,2.8522054000059143,0.3386020302826342,0.03950434334935907,-0.8622093749555999,-0.00031258804878267217,0.0007752430053999089,0.016610110984864018,-0.579284208960406,-0.0013739354633565232,0.04060214016560745
P01,S02,5,neutral,2.9196999000851065,0.3385463876025062,0.038951095858851446,-0.8605613426727526,5.506291999012728e-05,-7.676237606937008e-05,0.0013996544381769064,-0.5805348938471252,0.002768195297444069,0.04872262222180372
P01,S02,5,neutral,2.9745026000309736,0.33852971559239425,0.0389505491654467,-0.861842018294843,-7.597384523711481e-05,0.00027440379560149115,0.005195492315686241,-0.5813321497191495,0.0027241496909528925,0.05090437378047704
P01,S02,5,neutral,3.037874100031331,0.3382818979935349,0.03888349595226338,-0.860537230713354,0.00011937424696635382,-0.00190443770972079,0.030110938814468528,-0.5831238691095065,0.004818762388793281,0.07638814234319866
P01,S02,5,neutral,3.1007965001044795,0.3381159516108955,0.038340540400084194,-0.8604923376216751,0.0003542880312703979,-0.0003229534386303615,0.007618818398813868,-0.5914246817126576,0.021602936764800018,0.36486020533531804
P01,S02,5,neutral,3.1943737000692636,0.3378547267009246,0.03922357694974923,-0.8625810232362423,0.0005433323563044498,0.0016677952529666746,0.018744598095057127,-0.5843755557981705,-0.009730889111609553,0.10424439299182796
P01,S02,5,neutral,3.243725800071843,0.3379067482587305,0.040000682619934995,-0.8623185773900748,6.40750364597113e-05,-0.00011597890288302871,0.0026848251496731706,-0.5810064954307106,-0.010308668344390473,0.21247908590204592
P01,S02,5,neutral,3.3027563000796363,0.33796755765312403,0.03874969220683201,-0.8618741895058059,0.00012609885194408204,0.0002382651034635732,0.004566722730977487,-0.5787174046679131,-0.0102723737213704,0.19370386839050416
P01,S02,5,neutral,3.3814477000851184,0.3382280273701794,0.04051590455082169,-0.8620301756294427,-0.00018957534984807625,-3.9650898178774955e-05,0.0024612293739117515,-0.5807824538330724,0.0024708939882245123,0.07078091250589526
P01,S02,5,neutral,3.4450925000710413,0.33803360599328836,0.039250164724674845,-0.8628393098178311,0.00024236224680394963,-0.0005127605774506261,0.00891122766605952,-0.5780201054388588,-0.007660992239221792,0.12715212651536414
P01,S02,5,neutral,3.498705300036818,0.338055776254101,0.038927973790940866,-0.8632340042000511,0.0003221734246716966,0.0015201084585070637,0.02898327141070332,-0.5792008068309588,0.0019551321758568916,0.1554124317507055
P01,S02,5,neutral,3.5816617000382394,0.3387490451940601,0.041486665256663675,-0.8613784899851552,0.0005753733956766441,-0.00011410692571752406,0.007070931356351036,-0.5849341361907586,0.01958705095810901,0.24047640319469712
P01,S02,5,neutral,3.6404992000898346,0.33864289924235647,0.04165530617261699,-0.8614064706487143,-0.00015211691833013995,-0.00012171113569602751,0.0033110805341510694,-0.5761594263741252,-0.021184418065553608,0.39040016637211195
P01,S02,5,neutral,3.707709100097418,0.3390377825494391,0.04231242809051343,-0.8600917361647287,-0.0006901677225100081,-0.00032550354409406607,0.01135361582746767,-0.5790133276079283,0.008607821644214595,0.1356416780127468
P01,S02,5,neutral,3.7669626000570133,0.33889954933304794,0.04146705399958398,-0.8579900404752814,-0.00024213869524469401,0.0002666295710847693,0.006078460605849985,-0.5807041403321893,-0.010647229246368042,0.18041809098381753
P01,S02,5,neutral,3.8158911000937223,0.3384168559664744,0.041576396058070564,-0.8619480247866462,-0.0008831932746748461,-0.0011317977830412925,0.029341123112702313,-0.5791993854540799,-0.0013862734943305088,0.08065757397610875
P01,S02,5,neutral,3.8854587000096217,0.3392675876424,0.03835212918582048,-0.867632527554553,-0.001328802830507484,-0.000395118340161477,0.01992742032116985,-0.56605166336596,-0.017429878923168256,0.262907558229671
P01,S02,5,neutral,3.9586299000075087,0.3393255137992672,0.039998858660766835,-0.8666212394893607,-0.0004960532291281737,-0.0008442917301007672,0.013382765792799673,-0.5670736885374321,0.000802394865091708,0.011260091362172354
P01,S02,6,raise_arms,0.3899323999648914,0.33662290633109615,0.06718881858313315,-0.8279868379494817,0.0,0.0,0.0,-0.5885995132901545,0.0,0.0
P01,S02,6,raise_arms,0.47259449993725866,0.3368771968543453,0.0675789737940301,-0.830462937283309,-0.0001579568077629105,0.0034222353130778102,0.04144437057200217,-0.5883495011465554,0.03987613096600195,0.4881158978669874
P01,S02,6,raise_arms,0.5194383999332786,0.33686162209944664,0.06633634492767496,-0.8290413931360219,3.1937857197582145e-05,-5.706348446659413e-05,0.0013959806920274503,-0.5866332677372743,-0.008271918738524444,0.18791507665236729
P01,S02,6,raise_arms,0.5707022999413311,0.3370093909373548,0.06575133231499102,-0.8324693043986587,0.0002920457777500302,0.004011882149639855,0.07846648167537142,-0.5855668477965421,-0.001632974431504986,0.040330816019794886
P01,S02,6,raise_arms,0.657043099985458,0.3371586241480034,0.06590153380743578,-0.8319023953323248,-0.0003702323428217164,-0.0006765568465936294,0.008932434345844377,-0.577477013003671,0.007883981216857112,0.14126716031862657
P01,S02,6,raise_arms,0.7309986000182107,0.3378360151403289,0.06612446220717315,-0.8272313307415394,0.00014987787999944926,0.00040252664298851497,0.005807874262579431,-0.5788053717400782,0.004380937079109653,0.07369171751473241
P01,S02,6,raise_arms,0.8083429000107571,0.3385014349299828,0.06673953087746123,-0.8255457465553842,-7.62883393811299e-05,0.0008822682619022536,0.01144958821484262,-0.5786623286094514,0.0022167080448087886,0.08578568022119633
P01,S02,6,raise_arms,0.88411049998831,0.33857492484561136,0.0621176657350678,-0.8279040785047885,0.00010483518819336807,0.0031234020301036712,0.041246666149091185,-0.5872985720238633,0.017880575108347903,0.23612587609588437
P01,S02,6,raise_arms,0.9537400000263005,0.3385768233172017,0.06244132764143162,-0.8290157355179905,-4.832426162707596e-05,0.0012355695090332701,0.017758480966301983,-0.5840552306913219,-0.00256073340002856,0.04887988618206302
P01,S02,6,raise_arms,0.9970819000154734,0.33893521037882013,0.062221998074176485,-0.8269823443396294,0.0007605441382270706,0.001121185999946052,0.03125845621376288,-0.5854363252561323,0.0036117108060123243,0.15106617471628167
P01,S02,6,raise_arms,1.0560151999816298,0.3338192386006252,0.07027416503462136,-0.84469010889207,-0.005581765772801079,0.005151183636557523,0.1288820775357492,-0.6050382807936553,0.14653274060489488,2.5216745366317888
P01,S02,6,raise_arms,1.1476545999757946,0.3314844343795587,0.07085023465401653,-0.8576506895124325,3.434395697465559e-05,0.007969416319757647,0.08696576278369317,-0.6185561886159441,0.019348691444536433,0.23080854410151783
P01,S02,6,raise_arms,1.2049047999316826,0.33144246487920404,0.07006447451440943,-0.8488077808923414,3.727060934754346e-05,-0.008828323854209553,0.15420736579932406,-0.5829627212887152,0.032354241182027184,1.4555459582208343
P01,S02,6,raise_arms,1.2691782999318093,0.3260498996658973,0.06443345432696976,-0.8368259792937167,0.006434625474314227,-0.03983924130805285,0.6278721294134996,-0.6043575817686454,-0.014145071325709045,0.6478625093461463
P01,S02,6,raise_arms,1.3141221000114456,0.32508295198910264,0.06295495498595903,-0.8270833941966054,0.0010966289626087857,-0.012081345475628958,0.2699151851567723,-0.5878215230567496,-0.021074392801526013,0.5631317558723491
P01,S02,6,raise_arms,1.3865015999181196,0.32370038016517005,0.06346888279750654,-0.8254000820760162,-0.002131871688553957,-0.0127910459960912,0.17915967384992498,-0.5778601348815344,-0.03596199201659223,0.497887721824095
P01,S02,6,raise_arms,1.4549194999272004,0.3228764940391722,0.06140777610853134,-0.8283046780499793,-0.0002799997727679288,-0.00026786198799160356,0.005663603073394508,-0.5816409338967636,-0.0010142040822868211,0.10543463709675417
P01,S02,6,raise_arms,1.5160809999797493,0.3228679958438981,0.060326747364569645,-0.8283401409597793,-3.738351500423176e-05,0.00035149734601509764,0.005779448154142655,-0.5916127667615821,-0.016699531325758802,0.28146881292669695
P01,S02,6,raise_arms,1.5872262999182567,0.32236055796182295,0.06072716530310476,-0.8245473659631259,-0.00038644215150948966,-0.0053339186438612456,0.07516869258097147,-0.5992228424030802,-0.01038760672990121,0.14954638572985954
P01,S02,6,raise_arms,1.6657763000112027,0.3209250776159726,0.061314624382628496,-0.8260005682140144,0.002226038162123011,-0.0024775133339151397,0.0424018246496671,-0.5941340585369429,0.011370721055234794,0.1550314830733971
P01,S02,6,raise_arms,1.7313205000245944,0.3193374969977304,0.05933918103286249,-0.8188906000859995,0.0012059050764569056,-0.00871351927203126,0.13420819753007765,-0.6018341052318197,0.0017249884284110386,0.12674819967642775
P01,S02,6,raise_arms,1.7898626999231055,0.3189225458291165,0.06139162122733784,-0.8264996803106733,-0.0015407057192827242,0.0017770796460105877,0.04017571867022046,-0.5947228519549127,0.006991527476931784,0.127829452391882
P01,S02,6,raise_arms,1.8565636000130326,0.3189163797675467,0.06038636565585294,-0.8288908459090039,-5.083609499995976e-05,-0.0011034422973520677,0.01656068653212329,-0.6058450159046789,-0.02724750529630597,0.42273883929218736
P01,S02,6,raise_arms,1.8987852999707684,0.31926602295907647,0.06119666272688964,-0.8234879945207307,-0.0002181504526367074,-0.0042537938068698145,0.1008813932998511,-0.6048079112415098,-0.000180044416845674,0.04162163877682437
P01,S02,6,raise_arms,1.9936639999505132,0.3196565141491657,0.06130846301206509,-0.82354953490381,0.0008541013973088443,0.0003039374036924825,0.009555030630067263,-0.6064705782187708,0.00815298292819786,0.12755876291181137
P01,S02,6,raise_arms,2.0630653999978676,0.32094597097291383,0.0647399625990095,-0.8192111731730481,-0.0013890591592288861,-0.001477088311107286,0.029215952112694742,-0.6033336342096765,-0.019690500755523,0.3277407811056507
P01,S02,6,raise_arms,2.1174078999320045,0.3205911336798321,0.06134493404377171,-0.8186955979121746,0.0018798478810266835,-0.0008451971582580657,0.03792819394752467,-0.6084657194117469,0.008671661915466367,0.16251276341396298
P01,S02,6,raise_arms,2.1644174000248313,0.320898642872454,0.06826074820599477,-0.8188833334856892,-9.728284427029776e-05,-0.00011451049831530037,0.003196271734447034,-0.6053705397335236,0.011750423986953824,0.2613339748807848
P01,S02,6,raise_arms,2.2549037999706343,0.3209761352527787,0.06711220642022346,-0.8195941604936345,7.599692997461699e-05,5.329534246234594e-05,0.0010258118053694614,-0.6045005940247081,-0.005082489896534589,0.06211400097406187
P01,S02,6,raise_arms,2.2995875999331474,0.3203283247295592,0.06524480081655792,-0.8213379909138273,0.0019512142949070393,-0.0015858122616135646,0.05627019803367954,-0.610357467768847,0.003488180202880027,0.08779416476708847
P01,S02,6,raise_arms,2.3806543999817222,0.32068431662258406,0.06877926183147336,-0.8201697264974867,-0.0002692748745177202,-0.0011082322273076146,0.01406836003445317,-0.6101353299447962,0.0038897877048937137,0.06484817970632992
P01,S02,6,raise_arms,2.466407599975355,0.3217044175596942,0.072993426605193,-0.8162530016107503,0.00018171107442942482,-0.001450538875052732,0.01704748245228899,-0.6168750921894604,-0.016705482541692573,0.19658584975825114
P01,S02,6,raise_arms,2.533730400027707,0.3217987987920317,0.07239097258440833,-0.815164814674724,-9.853881101961714e-05,-0.0009457503177935434,0.014124039644645101,-0.6224769965401368,-0.0010442489541784663,0.022863523351556978
P01,S02,6,raise_arms,2.5895469000097364,0.3223628555755575,0.07405685778642747,-0.8143126785979159,-0.0008436489758205705,0.00023472957641865416,0.015688817935789925,-0.613157104997069,-0.010695227871377508,0.1918440653926473
P01,S02,6,raise_arms,2.654338699998334,0.3225816658234405,0.06987369601875958,-0.8145005263720826,-0.0003058930493578253,-0.0003067245315215886,0.006685822045206825,-0.6067654656154986,0.003320966522944958,0.07599454432232847
P01,S02,6,raise_arms,2.73550890001934,0.3217788793438108,0.06694297507558838,-0.8199899814555163,0.00223147726759509,-0.0013270220719323656,0.031985175920003654,-0.6096226947533709,0.012298176710139577,0.15867041044083338
P01,S02,6,raise_arms,2.80083670001477,0.32225296453038843,0.0714656353264403,-0.8184195479691153,-0.0016286391629424918,-0.0007543686807371685,0.027474738736114106,-0.612387463390567,0.01726741996186534,0.2762768275977521
P01,S02,6,raise_arms,2.8729941999772564,0.3218141430792185,0.07045351115822043,-0.8161673156497955,0.000621348335243984,-0.0035154637684174494,0.049474445192187105,-0.6134635735041861,0.0036708057590378153,0.06442907575219062
P01,S02,6,raise_arms,2.9191789999604225,0.32231029606094236,0.07036544599897956,-0.8129416237554796,-0.000566669867469752,-0.00144919912423161,0.0336918293102506,-0.620135571734792,-0.011612313443038431,0.25438352512344686
P01,S02,6,raise_arms,2.971601599943824,0.3232648376371189,0.07186519763888945,-0.8093174968244644,-0.001679317204497374,-0.0008831961142480219,0.03619438799805644,-0.6235291429183399,0.0011686200774296929,0.09188936218692816
P01,S02,6,raise_arms,3.0549812000244856,0.3233659194049654,0.0706241099270682,-0.8122221013842926,0.00010529604786613471,0.0026908785203917157,0.03229732315220709,-0.6228557109081547,-0.010055606179131978,0.12068035433701374
P01,S02,6,raise_arms,3.125698299962096,0.3237027773362171,0.06902962389015554,-0.8129592252979384,9.984659042911279e-05,0.0018490723118287703,0.026185549459648766,-0.6255988573859962,-0.02070831817577962,0.29429123244132865
P01,S02,6,raise_arms,3.2148252999177203,0.3248086905496097,0.06894240568253576,-0.8222788515586349,0.0003138885992113987,0.012379377318211609,0.13894056938938157,-0.5989792114509226,0.007216654718172849,0.11145488876814942
P01,S02,6,raise_arms,3.270047300029546,0.3247770589889924,0.06341983925295767,-0.8267007668684914,0.001044669042446796,0.004412578527308101,0.08211499560532935,-0.5943545028100818,-0.007163460291987014,0.1323079604565248
P01,S02,6,raise_arms,3.337149699917063,0.3247442054515715,0.06256539099972462,-0.8340416150088357,-5.2768717917833065e-06,0.007005024360671506,0.10439308221378824,-0.5808984332041526,0.03148030290533858,0.48183173112700783
P01,S02,6,raise_arms,3.421329899923876,0.3242949106475451,0.06001388668161955,-0.842959465495572,0.0007533406468985599,0.00016946143981469284,0.009172766735587886,-0.5868430166124378,0.029414493773684665,0.35237871743961585
P01,S02,6,raise_arms,3.5060030999593437,0.32503738336797244,0.06029948469972279,-0.8395519517725892,-6.418223484087498e-06,0.0011393263573324464,0.01345578571212114,-0.5775821916837685,-0.011058394517973736,0.144822396487393
P01,S02,6,raise_arms,3.5864353999495506,0.3292345363151682,0.05633007586474773,-0.8352711967814431,-0.001745678912301356,0.005754720828138263,0.0747668327488357,-0.5554239275079015,-0.03623303788439083,0.457412086625428
P01,S02,6,raise_arms,3.6302421999862418,0.33031762771621376,0.057545863018616104,-0.8327332302583236,-0.001170240368950882,0.00023043012237774585,0.027226627646991446,-0.5290738496318765,0.0747499716195389,1.713234932107367
P01,S02,6,raise_arms,3.7130492000142112,0.33550114581119733,0.06636497058234718,-0.8355021012534709,-0.007852729678487748,0.01833906959998678,0.24091692052525643,-0.5293067417381264,-0.012779837232770734,0.18995247434370394
P01,S02,6,raise_arms,3.7748950999230146,0.33435342773629656,0.05953767331296662,-0.8424369236065288,0.001059047893861212,0.007745404686694768,0.12640243744566973,-0.5770580992212857,0.03681387434893886,0.7232650118859961
P01,S02,6,raise_arms,3.827736899955198,0.3332407620041918,0.05949012520373465,-0.848923704783492,-0.0015952397971765178,0.0064045691848633015,0.12490584580075055,-0.5865734764541445,0.0023407399712710606,0.20745220830903777
P01,S02,6,raise_arms,3.901119799935259,0.33260351395883264,0.058933693890373985,-0.8553307876567859,-0.0009057086352133666,0.0066008848178569736,0.09079405845101451,-0.5956325952767533,-0.06280337683556553,0.8859482178255879
P01,S02,6,raise_arms,3.951225799974054,0.3327294078060973,0.0501573897875538,-0.8564415205782051,-0.00010510951091627425,0.005278853119183246,0.10537459489276114,-0.5972500418519433,-0.11908733444867799,2.3809318407662596
P01,S02,7,raise_arms,0.3714186999714002,0.336274837541851,0.05132440525780624,-0.8429167886692053,0.0,0.0,0.0,-0.568735590805051,0.0,0.0
P01,S02,7,raise_arms,0.4661066000116989,0.3365865992041116,0.0637342194680901,-0.831616801512485,-0.00035886399792191606,0.0020765059164235813,0.022255086447079457,-0.5761298167013118,0.005483407190362163,0.10318006295718213
P01,S02,7,raise_arms,0.5227644999977201,0.33653663659353034,0.06378875650236103,-0.8294626937445455,7.164176553165506e-05,-0.00019128085729094553,0.0036050924574919847,-0.5836956548505331,-0.008736544269825943,0.16689107272487866
P01,S02,7,raise_arms,0.5813995000207797,0.33644500038508746,0.06670145863266383,-0.8294357151474289,0.00014084231461962264,0.0010635809255583703,0.018297360985038178,-0.5834060543444737,-0.00015778051216196393,0.06261767328309324
P01,S02,7,raise_arms,0.6629841999383643,0.3358763904623477,0.06749373996043095,-0.8305023496407067,-0.0005205347242381238,-0.0003125071676070352,0.007441817847391966,-0.5766667931106217,0.018670919327486497,0.23037939276859468
P01,S02,7,raise_arms,0.7353056999854743,0.3356308579784156,0.06805133320121802,-0.8307755061652852,-0.0003556681380339303,-0.00046084574619800235,0.008049236047967994,-0.5747626874769612,0.00041815704013925433,0.007255002764296656
P01,S02,7,raise_arms,0.785668500000611,0.33546262922391346,0.0683188854865738,-0.8315752016289183,-0.00021103816241992168,0.00025861169892839065,0.006627749573053918,-0.5763543626068343,-0.002778090658967116,0.06086345158981375
P01,S02,7,raise_arms,0.867291699978523,0.33533769314952055,0.0678437641663527,-0.8348257243378415,0.00025439772974385,0.0016538296429007178,0.02050007124334293,-0.5791376140002796,0.003652406653596106,0.06031579399254209
P01,S02,7,raise_arms,0.9227786000119522,0.3350535917851967,0.067451125344179,-0.8359303043040919,0.0003393363411007639,-0.0006806295365931966,0.013706476533335408,-0.5779566360166006,-0.004707999502448844,0.0889130549881617
P01,S02,7,raise_arms,0.9820467999670655,0.33379442066235965,0.06979507183232866,-0.8389454694552374,-0.0017561164679757032,0.0014004111444506028,0.03789771260971246,-0.5768850782955085,-0.003045325001697185,0.23109409491489968
P01,S02,7,raise_arms,1.0638669000472873,0.33272497975511856,0.07070914353416365,-0.8297513437244829,-0.0008240928208329767,-0.00506699971463741,0.06274225057307624,-0.578641602119775,0.2517924066498603,3.079618731773366
P01,S02,7,raise_arms,1.1373775999527425,0.33247235303725703,0.06097112038754237,-0.8304235958344619,8.300524924523072e-05,0.003687279619549207,0.05017247532192798,-0.5700898958547359,-0.024479348407697436,0.3353857554078532
P01,S02,7,raise_arms,1.1952888999367133,0.32923027005499295,0.06597126940189572,-0.8314372225947994,-0.004956624630989304,-0.00714103720817591,0.15010320328963173,-0.576691524595259,0.013425666050172615,0.31953962239532785
P01,S02,7,raise_arms,1.2664084000280127,0.32727970060010025,0.07055083424670079,-0.8315204315227378,-0.002832124717913598,-0.0018491698679057743,0.04755882791598299,-0.558717691619783,0.025392646318951547,0.36957552643138786
P01,S02,7,raise_arms,1.3076753999339417,0.3263448317044,0.07174186009383712,-0.8335417395075874,-0.000968830535969529,-0.00026675030592581713,0.024350746375681964,-0.5614723655278662,0.016003063730130215,0.3971386953431473
P01,S02,7,raise_arms,1.360881399945356,0.325719623160598,0.0714747384796059,-0.8319794736485405,-0.000976042741870634,-0.000527296397600231,0.020850460601009365,-0.5632084355428841,-0.011133460883836948,0.22247129694812146
P01,S02,7,raise_arms,1.4018989000469446,0.3255835846156906,0.07055607040033175,-0.8288876685505719,-0.00024325449896002983,-0.0028145209159070547,0.06887336863072684,-0.552505144724897,-0.02271181608284937,0.6093489582376735
P01,S02,7,raise_arms,1.47002380003687,0.3240508969114892,0.07275710357788824,-0.8150669357352808,-0.0038416885206734655,-0.019431924914610182,0.29076058327608356,-0.5830409490927664,-0.07079936086842417,1.0736607795494817
P01,S02,7,raise_arms,1.5245616999454796,0.32287946850292953,0.07318366067543354,-0.8223329734003592,-0.00020523281996309185,-0.0003113336189500827,0.006837317250998522,-0.5840727297591396,-0.0008170606766599956,0.14912654907142317
P01,S02,7,raise_arms,1.5723222999367863,0.32191380073729475,0.07857893927074446,-0.8195370622857745,-0.005183891268767444,-0.005475837819161825,0.15787894474253272,-0.5664931662119715,-0.032839652127437356,0.7276898549685089
P01,S02,7,raise_arms,1.6411604000022635,0.32110318164099655,0.07664671137807322,-0.8178294363994779,-0.0018313721538003097,-0.0070324802080682786,0.10556695199793867,-0.5713065067762928,0.05800088755517909,0.8563942564239181
P01,S02,7,raise_arms,1.7035296999383718,0.31996960542253233,0.07237762361470693,-0.8271082812197926,-0.0004449350551844481,0.0026814392513512825,0.043580783423644485,-0.5693104958860707,0.008073907496161836,0.1411861850887721
P01,S02,7,raise_arms,1.7611626000143588,0.3210444062535927,0.07489016416864518,-0.8299430919494559,-0.0029348442305639367,0.006772917395144008,0.12807692031357215,-0.5560651958405345,-0.06358288412557103,1.1048789106086558
P01,S02,7,raise_arms,1.8404811000218615,0.3207617504798956,0.07585219200999675,-0.8273871520333252,0.00020338236591196655,0.0007767366738346462,0.010122762243243247,-0.5582804697183124,0.05268217055687391,0.6953614914800625
P01,S02,7,raise_arms,1.8923441999359056,0.32047611890477584,0.08282073440753797,-0.8372489544487624,-0.00046045926856259824,0.0019301812740150032,0.03826119824237389,-0.5178301182855697,-0.08320295879240296,1.621527222793123
P01,S02,7,raise_arms,1.9592789999442175,0.31904437933670726,0.08432818663540557,-0.8408951164576585,-0.0004026957380677248,-0.00012031364199286234,0.006279016310844005,-0.5417784806506342,0.08116701367140522,1.2129101823039978
P01,S02,7,raise_arms,2.0261886999942362,0.3181557237296009,0.08064481381738854,-0.8501798122877293,-0.00149748940948116,0.002421705420405744,0.04255440577226358,-0.5383638887735923,-0.06363526678767109,0.9751260341451186
P01,S02,7,raise_arms,2.0708396999398246,0.3172493228017771,0.0858777006560315,-0.8479303471512958,-0.0006187811398116226,-0.0005045504026003075,0.01788116008797397,-0.5504472953554475,0.07782457718608025,1.7632604493426067
P01,S02,7,raise_arms,2.1643443999346346,0.31588094975638037,0.08828420858673416,-0.8636482893788028,0.0010040374865735232,0.006783904476093085,0.07334179153589539,-0.5220904361150244,-0.08198858199119093,0.87783206672498
P01,S02,7,raise_arms,2.2557480999967083,0.31572592666580884,0.08805476078179245,-0.8639823886872277,-0.000240513404286323,-0.0006371528567239719,0.007450861542369549,-0.5164209236444771,-0.0006294087115212017,0.055650258335577164
P01,S02,7,raise_arms,2.3207400999963284,0.31547928761857824,0.08802757573751112,-0.8639756979887426,0.0002630428365518178,-0.0006691084256766118,0.011062221857667387,-0.5159251254238754,-0.0016010655007766155,0.039686349369029844
P01,S02,7,raise_arms,2.4055775000015274,0.3159775664087113,0.09644423840681163,-0.8717833093223094,-0.0008987547225584282,0.0031342762289158495,0.03843340388124784,-0.47666251913370566,-0.07220689182408563,0.852162600060032
P01,S02,7,raise_arms,2.471030500018969,0.3152765987346932,0.09967631695720715,-0.8713254029879933,-0.0007949293766970123,-4.4617000511444175e-05,0.01216415597605202,-0.4980782644303519,0.11506190786978626,1.7579951862225602
P01,S02,7,raise_arms,2.5393743000458926,0.3151000054368914,0.09903389114580968,-0.8697002285644219,0.0001934171635393488,0.00018613446349410192,0.003927685165536666,-0.5081797342919546,-0.043090495235861385,0.631135829149615
P01,S02,7,raise_arms,2.5826323999790475,0.31518253270910807,0.0995687230559985,-0.8691192462924154,0.00015067459581785423,-0.0006929991294314739,0.016394389067917917,-0.50215109582149,-0.007713481560765011,0.18424979123239707
P01,S02,7,raise_arms,2.626051799976267,0.31513367095757566,0.09904435333860054,-0.8703514936711026,-0.00014809727160324226,-0.0005508726737476923,0.01313773876405299,-0.5001045064227716,0.0265967667703213,0.6132401990159855
P01,S02,7,raise_arms,2.6892866999842227,0.31491518939799173,0.1007868010102519,-0.8741746536685917,-0.0015798538358574275,0.0031752279801538523,0.056085312839673836,-0.5019999001495005,0.0009748787683399549,0.039866062057278634
P01,S02,7,raise_arms,2.7567959999432787,0.31431101194490907,0.1012372083904013,-0.8744539868668116,-0.0009420162249156243,0.00034257721395270765,0.014847940066591648,-0.5109718201625029,0.0580062620288349,0.8607358746077729
P01,S02,7,raise_arms,2.8104968999978155,0.31416023494600337,0.10166401639123401,-0.8746787249700484,-0.00037347738570581016,-0.00017464360352664377,0.007677585964647982,-0.49695622631451114,0.004056020670417341,0.08509179288817047
P01,S02,7,raise_arms,2.880322100012563,0.3136111982569157,0.09733484357752928,-0.8675925510708389,0.0006854479450263252,0.0017500636844038269,0.02691737437202081,-0.5101327215339108,-0.07514471963467241,1.0786827369095742
P01,S02,7,raise_arms,2.9619900999823585,0.31435086645633714,0.09577947971228691,-0.8666106550495024,-0.0021756062003660016,-0.002340852914992023,0.03913106400009911,-0.5299686804651823,-0.006750884816965144,0.09908314938058059
P01,S02,7,raise_arms,3.0179100999375805,0.3140113599359351,0.09537964143864319,-0.8697747484294093,0.00033635544447672456,-0.0005943165331019326,0.012212019530433554,-0.5279677073380953,-0.02609437863828341,0.4668247014193678
P01,S02,7,raise_arms,3.0683870000066236,0.31318035729246474,0.0964163694819931,-0.8679750438260649,-0.0008211378328662834,-0.005214210964662781,0.10457202556670328,-0.5221191704716461,0.03123478102433634,0.6192144572091525
P01,S02,7,raise_arms,3.153067999985069,0.312911229987786,0.09278542443222758,-0.8698415198009063,2.1715198603321974e-05,0.001222718068725647,0.014441384517922515,-0.5311734146949483,0.0206664697544909,0.2496162878130812
P01,S02,7,raise_arms,3.2138774000341073,0.31310258633264604,0.09237430030644515,-0.8633564390610667,-0.0005130887633748085,-0.005993253684425344,0.09891853262939417,-0.5304822584012222,-0.002784507890949332,0.06259760584226409
P01,S02,7,raise_arms,3.28141409996897,0.3131557651852793,0.09029609110960864,-0.8763505870948498,-9.169410502008613e-05,0.006862449630403104,0.1016197445979845,-0.5268533390876551,-0.0018298117064617734,0.029050798959558054
P01,S02,7,raise_arms,3.361199300037697,0.3136587714567806,0.09110347957354961,-0.872050761580725,-0.0013466966487184718,-0.003259588332517437,0.04420402397846522,-0.5304795873071186,0.06459456573912718,0.8466231544677467
P01,S02,7,raise_arms,3.413971500005573,0.3133077260851143,0.08998176984674756,-0.8770454998016872,0.0005408136787830464,0.0037054607082918955,0.07096006513863859,-0.5290881784652135,-0.005406732766856137,0.11731363001007918
P01,S02,7,raise_arms,3.483552400022745,0.3147000813477165,0.0874275570791376,-0.8742300197479601,0.0020185930684683277,0.0011418065082462354,0.03333021577770768,-0.5247086463572936,-0.0905419029239347,1.3040731441497526
P01,S02,7,raise_arms,3.555500300019048,0.31449555454985073,0.08736155477042219,-0.8654732865196936,0.00043803873614145164,0.000234347170249391,0.006904804755839587,-0.5329255401639035,0.04719045712687275,0.6578046396942051
P01,S02,7,raise_arms,3.620000099996105,0.3148531013296089,0.08720252533694858,-0.871036111869414,0.0008561516620238366,0.002730409158954073,0.044364336693493364,-0.5271588491790241,-0.00344053136867911,0.12168264400316779
P01,S02,7,raise_arms,3.6736303999787197,0.3146161837302109,0.08671395042162273,-0.8711471704482348,0.000553768005869232,-0.0006144873510218454,0.015424047494014699,-0.5243712150313441,-0.004896811269579171,0.09830570077268318
P01,S02,7,raise_arms,3.7639717999845743,0.31568940096963966,0.08310605162239393,-0.8668087383398951,0.0018492787260498118,0.0008821103893108093,0.022679414713076988,-0.5253882203463404,-0.03011686759521791,0.33810642199231716
P01,S02,7,raise_arms,3.807784999953583,0.31550363184179764,0.08432590486084773,-0.8646350496146161,0.00029707519803226783,-4.382921840603252e-05,0.006853892933678666,-0.5422167494985487,0.07758479492592527,1.7708518836915248
P01,S02,7,raise_arms,3.869208400021307,0.31687068460541784,0.08483617586312299,-0.8674463206973914,0.002624003840844067,0.0012166567029932025,0.047088622313073,-0.5394420586234507,-0.0053184234601502236,0.17705481452334876
P01,S02,7,raise_arms,3.9530692000407726,0.31954164972078375,0.08374484900885863,-0.8534512305275676,0.00585933352763432,-0.006910439615378476,0.10803773061257274,-0.5744430097373571,-0.019475219652360116,0.36146214540650834
P01,S02,8,raise_arms,0.384946099948138,0.32775268781118155,0.06478062461356218,-0.8090922733924696,0.0,0.0,0.0,-0.5761728755378592,0.0,0.0
P01,S02,8,raise_arms,0.46641180000733584,0.32835268875805657,0.06530040623388676,-0.8120406955468746,-0.0002928926658369965,0.0021997355591030204,0.02724028737717813,-0.588162207101738,0.06016568080426392,0.7418541260099687
P01,S02,8,raise_arms,0.5137303000083193,0.3287532569451329,0.06566667045673011,-0.8120649444311773,7.397248408832656e-05,0.0006832482997226926,0.014523727127540695,-0.5901624087122389,0.004348993844158822,0.11973493824400402
P01,S02,8,raise_arms,0.5742925999220461,0.3290458280779839,0.06524395725965648,-0.8172038077039437,0.00042645802799604716,0.003488016378072799,0.0580227280062607,-0.594823896765171,0.03634242168605502,0.6198760078949119
P01,S02,8,raise_arms,0.6588699999265373,0.3297733707214196,0.06601385969991737,-0.8180525097143044,-0.0007945517791791738,-0.0020709677629287926,0.026226354718178167,-0.5964075576076858,-0.007503894759708924,0.10241019741394297
P01,S02,8,raise_arms,0.7136707999743521,0.33008736912980763,0.06454169643408168,-0.8180241569220634,0.0004720160660906713,2.4648122808483792e-05,0.008625041523724534,-0.5984274186497706,0.009977627802691291,0.29499348981550155
P01,S02,8,raise_arms,0.7873115999391302,0.33022424887271773,0.06788180817059687,-0.8186849472613085,4.146929604319973e-05,0.000825956468742903,0.01123014485064119,-0.6036354492309822,0.00576841617034771,0.1048499916040718
P01,S02,8,raise_arms,0.8656347999349236,0.33048298444459745,0.06727262534492698,-0.8192003512910945,0.00011272260521135623,-0.0001368001536845019,0.0022631705469196763,-0.6031917748547819,-0.010910990158714976,0.14119351444057535
P01,S02,8,raise_arms,0.9321370999095961,0.330802971955011,0.06299557949805275,-0.8191702831546563,0.0006202304872460212,0.001241001519618555,0.020861850357779994,-0.6008917988898115,0.013074760220324048,0.2573787650432694
P01,S02,8,raise_arms,1.0126398999709636,0.3308249947168094,0.06309948776004191,-0.823476669477332,0.00036394282284914496,0.00029691968913633213,0.005834547795533929,-0.5944862684999749,0.006141421397156684,0.08303000316700805
P01,S02,8,raise_arms,1.0621048999018967,0.32943975622781635,0.06305709833904218,-0.8274603202950961,0.0017594727361279472,0.00028197519311606015,0.036023942843032924,-0.6175695638117974,0.10490724149065629,2.2221694263622203
P01,S02,8,raise_arms,1.1031555999070406,0.32837002522820036,0.06277283275317198,-0.8340974821768252,0.0005833493084936455,0.0037661993394882626,0.09283908121361534,-0.6166923579267125,0.018974813137025256,0.6003623318010989
P01,S02,8,raise_arms,1.1762971999123693,0.3273682846081172,0.06370986457613022,-0.8361721380777486,-0.0009525104104563108,-0.002383506409879301,0.03509334992938861,-0.5995661515682849,0.02759910806975051,0.741933319771349
P01,S02,8,raise_arms,1.266135499929078,0.31837796240117555,0.06452864703296247,-0.843161752966073,-0.003226062605034559,-0.013159141566653704,0.15081339076433625,-0.5676518800174774,0.20973057366521491,2.400146708288958
P01,S02,8,raise_arms,1.3098016999429092,0.31605057015778437,0.0646438127980065,-0.8410629252767668,-0.0006595066184360344,-0.009118145765357338,0.20936022338432103,-0.5819756487379837,-0.05480181017178084,1.2636435277546785
P01,S02,8,raise_arms,1.375274799996987,0.3152357213067722,0.07474160683225323,-0.8412204442963606,-0.0016743471471421054,-0.002052931780592915,0.040461573176271255,-0.580344600384074,-0.09679506437200001,1.492432371025808
P01,S02,8,raise_arms,1.4553864999907091,0.3138920654406859,0.07653503904267361,-0.8560114607319743,-0.004584062443061056,0.011146008522998511,0.15043809969843402,-0.4924720305959168,-0.10438793524363243,1.4650522340071575
P01,S02,8,raise_arms,1.5284484999720007,0.3107375817066599,0.08324713528081397,-0.8590146543674522,-0.006087253721924963,-0.011023127947687058,0.1723497868416916,-0.4778438752797419,0.09152905822960149,1.2578444870597354
P01,S02,8,raise_arms,1.5997042999370024,0.3089653605226819,0.08719699955381552,-0.8698573623813798,-0.003333845469868138,0.005860526559501728,0.09462282611665399,-0.45960445322108734,-0.013579758259841748,0.3860232858903689
P01,S02,8,raise_arms,1.6646559999790043,0.3082314404083859,0.08773336121691494,-0.8788311179671596,-0.001572729165188248,0.009632168459683907,0.1502612032851053,-0.4281964801440418,-0.039226942722911794,0.715735619813431
P01,S02,8,raise_arms,1.7066711999941617,0.3062052121994055,0.0871931812188677,-0.8846372934034231,-0.0016698554591314733,9.732793956586077e-07,0.03974408647746969,-0.42891141265234234,-0.0005468444652479116,0.1496668444117744
P01,S02,8,raise_arms,1.7708836999954656,0.30583115926180043,0.08079772367521892,-0.8931889674870311,-0.00013501278865050322,0.00917784877190209,0.14294478155881557,-0.41584559025349954,-0.02084936997512033,0.40782530122980043
P01,S02,8,raise_arms,1.8554020998999476,0.30477394808834957,0.07929053679553891,-0.8998326854686416,-0.001488727826106511,0.0011948349901274562,0.022585744630723575,-0.42718917093111464,0.030892020429129752,0.39229814333577046
P01,S02,8,raise_arms,1.9344096999848261,0.30430481049664926,0.0826402495526253,-0.8974483265185009,0.0005365900200384134,0.004572620557691827,0.05827283593380622,-0.4200633020673572,-0.02104537989397334,0.30138139196776964
P01,S02,8,raise_arms,2.00392990000546,0.3039165199038169,0.08201263137292726,-0.9038876648338814,0.0003421344217931177,0.005357654419343301,0.07722313059059326,-0.42464140751496987,-0.012047086325809352,0.18817417882060178
P01,S02,8,raise_arms,2.0632552999304608,0.3036555896599834,0.08484324051591448,-0.9017676185103131,0.000301011164870735,-0.0034131937661263617,0.05775673186025035,-0.44524956830396806,0.05979663204881521,1.0377355260690366
P01,S02,8,raise_arms,2.1139655999140814,0.30354465732991975,0.0818151229707712,-0.9013803556486001,0.0009598175972685514,0.0009844610318956388,0.027113289257495767,-0.44794638406193593,-0.016041123676628428,0.3172099619768877
P01,S02,8,raise_arms,2.175736599951051,0.30344385086070735,0.07896051824779556,-0.9048943335387274,0.0026991070062402033,0.003369120396698346,0.06988652985413768,-0.4481963310470725,-0.01292904523542622,0.23262253223334803
P01,S02,8,raise_arms,2.2567223999649286,0.30331813563067567,0.07953624733840019,-0.9054535106255082,0.00013043263267923245,0.0002601774849978211,0.0035937315700222,-0.44377083449259397,0.020973744582834172,0.26023351465646527
P01,S02,8,raise_arms,2.3351688999682665,0.30272736464380695,0.08055478483953964,-0.9068465021107057,0.0016336634761925453,0.0024640069387823205,0.03768658448616893,-0.4416769010223062,-0.004158194402454526,0.12530931771485224
P01,S02,8,raise_arms,2.394420399912633,0.30275750043966926,0.08116534018850434,-0.9057616364806409,0.0002549499677862223,-0.0009428226994040298,0.01648372238736654,-0.4416840963722199,0.03396643207560031,0.5743718130610076
P01,S02,8,raise_arms,2.4640612999210134,0.3020917841068706,0.0852739057528423,-0.9060492758763855,0.0011554756512093523,0.000802346507687143,0.02019974013302164,-0.4432205394926978,-0.002088431029941882,0.09358214631341427
P01,S02,8,raise_arms,2.5350318999262527,0.30213686426184133,0.0834508704042318,-0.9048640826545669,0.00017922612624824747,0.0021936212557153415,0.03101186634396314,-0.4535657186636451,-0.028982686790484463,0.4133610897552948
P01,S02,8,raise_arms,2.580750099965371,0.3022307520952517,0.08138746188795457,-0.9080688729141989,-0.00013504344024226102,0.004042034070077052,0.08846125444109973,-0.45493718692585816,-0.002779892254576525,0.06546597408805697
P01,S02,8,raise_arms,2.65855129994452,0.3025855286972652,0.07988404079301005,-0.907029784935803,0.0007226867109646106,-1.5561771765915974e-05,0.00929104228811905,-0.4580435591526682,-0.0017610863974817648,0.10479206043060002
P01,S02,8,raise_arms,2.7419483999256045,0.30255165110367,0.08556017340288152,-0.9051767476290783,3.3195596877479716e-05,0.0003112702852606407,0.003753552132047283,-0.46281485929847094,0.024432181702239448,0.29532345669885335
P01,S02,8,raise_arms,2.8258672999218106,0.3045280200334879,0.08547654833746722,-0.9022433098285367,-0.0006401771892046936,0.0018424850479487527,0.023243068535309785,-0.46607256619221976,0.001500003907257674,0.042545072019685444
P01,S02,8,raise_arms,2.8825766999507323,0.3078299464806939,0.07869008197831337,-0.8924492535066257,-0.0004610778190818434,-0.0001277947970998495,0.00843705464699569,-0.46689352154801717,-0.0008913976996125413,0.13777897832880187
P01,S02,8,raise_arms,2.9403721999842674,0.3090064576852064,0.07817945431797976,-0.8901268073848192,0.0004284114870537876,0.000495634090943137,0.01133523546955731,-0.47458064387302645,0.0022960315407330265,0.046604313353358094
P01,S02,8,raise_arms,3.0038115999195725,0.31062384850902264,0.07034036166083313,-0.8863693029305207,0.0016395295743280268,-0.0010967295294580376,0.031093130882163682,-0.49187115721520364,0.04658263075307719,0.7847819155766411
P01,S02,8,raise_arms,3.0666782999178395,0.31586434194450125,0.06352857109347784,-0.8568114065565393,0.006845684091872454,-0.014264082709796398,0.251671229316814,-0.5497335259701611,0.055957859623561236,1.4439524529157666
P01,S02,8,raise_arms,3.1064450999256223,0.31785987521144765,0.06290860560007012,-0.8529464394535774,0.0007968134909866943,0.001045041262639018,0.03304672397771457,-0.5724961699278046,-0.018192554476812534,0.5530653682590074
P01,S02,8,raise_arms,3.1763888999121264,0.3214493536303445,0.06162176798318794,-0.8351498093312725,0.0057653169830604615,-0.006936644711033218,0.12895712912530669,-0.592173986683616,-0.09821554830945298,1.4293001296195578
P01,S02,8,raise_arms,3.2668958000140265,0.31947429450268094,0.05608394805219602,-0.8411054396202567,0.006534649952065354,-0.0031923234262616483,0.08035551349543532,-0.5593586626581523,0.031157632669349993,0.4728280842937546
P01,S02,8,raise_arms,3.348781400010921,0.31887211363146795,0.054276793924818816,-0.837362976084182,0.001975873306771627,-0.005507696606974693,0.07145814112407665,-0.5524299602164562,0.00415887745479418,0.1854217987866648
P01,S02,8,raise_arms,3.3996857999591157,0.3208939243957209,0.05296480971328403,-0.8458693551517132,0.00039419866740318866,0.013412784955833645,0.26360346891970887,-0.554920332674807,-2.7945788049032962e-05,0.31282851262920336
P01,S02,8,raise_arms,3.4555288999108598,0.32246772928158624,0.05384760379470783,-0.8642693686874066,-0.0021396049990324794,0.02458101251793299,0.4418443038037968,-0.5646387362006605,0.02705442537790885,0.612039627963224
P01,S02,8,raise_arms,3.5144411999499425,0.3233349903093315,0.04755080571752758,-0.8609663393597505,0.000926232998746709,0.0015984409059872054,0.0313586337351636,-0.5702344127821759,0.013571166391390211,0.2372616884162429
P01,S02,8,raise_arms,3.593097099917941,0.32480247907563325,0.04838500402602128,-0.873809442975375,-0.002082568190854261,0.01052166264323254,0.13636339455272575,-0.5804306511007307,-0.0915180810392589,1.176592627091175
P01,S02,8,raise_arms,3.6666907999897376,0.32641408219501444,0.04297160662693065,-0.8733265919711942,-0.0016830190230744044,-0.0002531809884712791,0.023126379400122615,-0.5521846645612578,-0.17300857717958207,2.3525410695810876
P01,S02,8,raise_arms,3.7198495999909937,0.3276299674683238,0.04421851687120654,-0.8711296199079752,-0.0011201228041435535,0.0006741294544021337,0.024593017747509674,-0.5547430846946663,-0.008583970106234982,0.1694045981346292
P01,S02,8,raise_arms,3.79248419997748,0.3288939682608573,0.04543220383372466,-0.8685957805978816,0.000785757306378843,0.000519216901983598,0.012966370917752598,-0.5717281412743836,-0.0049886862876553015,0.27333215561216995
P01,S02,8,raise_arms,3.8569537999574095,0.32970037217776127,0.0426988066172173,-0.8682750842767476,0.00029431680969416017,-0.0007633616271090855,0.012690230299298872,-0.5731907437878905,-0.007337209729471872,0.13228882025133948
P01,S02,8,raise_arms,3.9259221999673173,0.3305953997645498,0.04147935211854669,-0.8671943825010863,0.000976747296848819,-3.542793610166921e-05,0.01417155675545714,-0.5754233008726569,0.0015591322706259238,0.024279927332807594
P01,S02,8,raise_arms,3.978716899990104,0.3307751751822656,0.04333680194303672,-0.8635252012809641,0.0006705124805300674,-0.0032885024223148255,0.06357008859212267,-0.5744565365834584,-0.015285018533289145,0.29349550492564974
P01,S02,9,raise_arms,0.385507500031963,0.32989782531932954,0.06467688617395555,-0.8573181015836311,0.0,0.0,0.0,-0.5687563700213617,0.0,0.0
P01,S02,9,raise_arms,0.47123110003303736,0.33043033653984416,0.04811771843194377,-0.8587410989792333,0.001823375713198753,0.010284104188250914,0.12183921416993404,-0.5819302229356991,0.025965717828425525,0.30616163702841
P01,S02,9,raise_arms,0.5231581999687478,0.3304168051480425,0.04745895710516188,-0.8613916842124817,-3.4500025833086746e-05,0.0006395808710651454,0.01233480570939482,-0.5801251077399836,0.011713446977851167,0.24128122901432986
P01,S02,9,raise_arms,0.5852529000258073,0.33043450888508763,0.04573673661498567,-0.8654799933096831,-0.0009232884764736669,0.0008517667648546753,0.020229939981014435,-0.5731702748474161,0.01726277722829634,0.3431509385017584
P01,S02,9,raise_arms,0.657487399992533,0.32822370135082074,0.05458824620447422,-0.8678130120831203,-0.00454429897877832,0.0054932373704665435,0.09869601546405049,-0.5667900381386404,0.004543806219812108,0.15813606850895096
P01,S02,9,raise_arms,0.7105071999831125,0.3280860986016382,0.05580083189694358,-0.867308672081608,-0.0011800620989084987,0.0016028170067924302,0.03754010841498527,-0.5550917093582013,0.04163038850740375,0.785913960570921
P01,S02,9,raise_arms,0.7504079000791535,0.327770884908239,0.0553272706772168,-0.8684282555438305,-0.0018048918552438372,0.0004935368373725371,0.04689524011352423,-0.5539154538229302,-0.00036954122789842277,0.08236875650401199
P01,S02,9,raise_arms,0.8187695000087842,0.3269251651637735,0.055161137814811,-0.8462891726612709,-0.0007547547711272533,-0.008945933868539525,0.13132688782223909,-0.5444603691306479,0.18808198083431424,2.752194207194865
P01,S02,9,raise_arms,0.8792000999674201,0.3246304300240224,0.04876257736971251,-0.841478745242221,0.0021855282878754365,0.0001915028252161452,0.03630449283832663,-0.5445981009783296,-0.0031251735916680624,0.1738058069139877
P01,S02,9,raise_arms,0.9570708000101149,0.32379063618629395,0.05537294491399371,-0.839552294809483,-0.0013195134324520202,-0.004347601630989898,0.058345821210892206,-0.5207813736966435,0.0010559699895562043,0.04799222455914204
P01,S02,9,raise_arms,1.0215892000123858,0.320739279526637,0.06207963880021573,-0.8386247778345127,0.00013988743885966456,-0.0024100965719973293,0.0374180520542085,-0.5526770803371207,0.04238383726425284,0.6574333874494654
P01,S02,9,raise_arms,1.083424000069499,0.3171860805207421,0.06406878500357871,-0.8358370786366017,0.0001367095901651997,-0.005706474398002225,0.09231228577861926,-0.5691024277770469,-0.020928404177274085,0.44635680180018417
P01,S02,9,raise_arms,1.1527753999689594,0.31398089585356215,0.07285701653803732,-0.8307804114267816,-0.0013318367203397562,-0.01041664034757269,0.1514235805822468,-0.5534536517986994,0.031029194546041004,0.4747005736897332
P01,S02,9,raise_arms,1.22104680002667,0.3131686224377808,0.07341474743578717,-0.8317149420330034,-0.0014568629190297388,-0.0003734228293339013,0.022029129293116154,-0.5523355918030631,-0.015389477939673624,0.36340719606627553
P01,S02,9,raise_arms,1.2864733000751585,0.31230271311830055,0.07259111807432281,-0.8431833025320378,-0.00018283942884989992,0.01116093480166897,0.1706102624905685,-0.5319302605854521,0.0016450266397835403,0.10124471339905862
P01,S02,9,raise_arms,1.3328613999765366,0.31279189339676333,0.07214921452637062,-0.8472414825660288,-0.0005561878699889976,0.007150170227550205,0.15460365088526015,-0.5232124727168588,-0.0032615573165769894,0.44723732195621074
P01,S02,9,raise_arms,1.4116187000181526,0.3120174940769821,0.07176254757614961,-0.8644202372605286,0.000841390828709226,0.015093361351283984,0.1919415106332644,-0.4818045532689881,-0.06556605659906821,0.8344616335698919
P01,S02,9,raise_arms,1.4588542999699712,0.3115879683368262,0.07195329335870516,-0.8708920145900303,-0.00015265193577482602,0.001655068356295482,0.035187299904328145,-0.45123788130146286,0.009166337892608224,0.34763718930286425
P01,S02,9,raise_arms,1.5062487999675795,0.31106611432860054,0.0722470319067745,-0.8845572372724564,-0.0005970694478278012,0.009670953819421358,0.20444075480420268,-0.4372901773384945,0.0016839960568430432,0.45241012757386956
P01,S02,9,raise_arms,1.5892356999684125,0.3097776315020765,0.07316421222417402,-0.8963212712284505,-0.0012460540733485537,0.007120556376221422,0.08710724449613381,-0.4234446560941884,-0.02023254897220401,0.27866879250306315
P01,S02,9,raise_arms,1.642279400024563,0.309097453856004,0.0726446510666079,-0.8957882495137774,-0.0010724971330044152,0.00021934921360947942,0.02063766690415208,-0.43188868566447014,-0.009253094424478813,0.19458392530995194
P01,S02,9,raise_arms,1.6881347000598907,0.30825276549531483,0.0731813752121171,-0.896946624748006,-0.0010933221059013494,0.000938293410953937,0.031419389976944434,-0.43665990893212925,-0.007308329377362197,0.18758493025102774
P01,S02,9,raise_arms,1.770573600078933,0.30698363391052685,0.07554878901026381,-0.8956589853592255,-0.0021833063893348173,-0.003426284817305574,0.04928242609569316,-0.43132694798264354,-0.004478232449304561,0.09620235441012545
P01,S02,9,raise_arms,1.8124578000279143,0.30657404431681207,0.07255943962881319,-0.8963798553684509,-0.0005247927552657147,-0.0004502806413616358,0.01650959573602239,-0.43372375997801904,-0.004335207287192723,0.12611399830972883
P01,S02,9,raise_arms,1.8526964000193402,0.30594680308211447,0.07208623463211042,-0.8978940823187664,0.0009217922001919669,-0.0003066471358136227,0.02414247463429833,-0.42181843449229195,-0.021462406915298573,0.5424434172040425
P01,S02,9,raise_arms,1.9301837000530213,0.3054534004555692,0.06946932310650993,-0.8974957527999429,0.000514083118493905,0.000935867388990992,0.01377991408918582,-0.41872335597588595,-0.014185388522109278,0.27029462906478596
P01,S02,9,raise_arms,1.9833914000773802,0.305155827961049,0.06392097621617591,-0.8950399656543968,-0.0005066737528181789,-0.003744776094460342,0.07102162835117107,-0.422476312855905,0.0007581616668113815,0.1801053421838286
P01,S02,9,raise_arms,2.0221421000314876,0.30494080949550334,0.06822025116322658,-0.8966718426802706,-0.0003094667912660236,0.0009541526237581521,0.025885563582655383,-0.4202970514406694,-0.0029768495299418215,0.07850420762590564
P01,S02,9,raise_arms,2.097364900051616,0.3044612092059612,0.0708166968870852,-0.8969028410538817,5.369016917551814e-05,-0.0016684574906047525,0.022191690932824745,-0.4227471868373377,-0.010480016758408338,0.16411369645312715
P01,S02,9,raise_arms,2.140298100071959,0.30444778149302315,0.0708020043300378,-0.8967498499102933,-0.00012001285431653496,0.0006487154857713516,0.015366274248020556,-0.42513231289399894,0.00013071005226670821,0.03361935130413443
P01,S02,9,raise_arms,2.2030289999675006,0.3042673215125722,0.07217520566434932,-0.8971836636206121,-0.00024300855404485797,0.0005695666028903059,0.009871385315234153,-0.4341169776458377,0.0415877150642333,0.6630056666803786
P01,S02,9,raise_arms,2.2851387000409886,0.3041794299902107,0.07270583021082495,-0.898454994914483,-0.0009702575832127926,0.0017825776501033575,0.024717271411306415,-0.4424332349708738,0.009752281771754296,0.13752943094195988
P01,S02,9,raise_arms,2.369431499973871,0.3043078349670565,0.06815335551454176,-0.8954345839292889,-8.143277371761175e-05,-0.0031497785547875278,0.03737959875842719,-0.449249126194323,0.0028678574949087677,0.1458946474055766
P01,S02,9,raise_arms,2.440705700078979,0.30553247182129767,0.057762467485110096,-0.8979288178201953,0.001379296076816637,0.00657249382638392,0.09422291980844896,-0.43709401753532984,-0.04211380287981596,0.7623325566006627
P01,S02,9,raise_arms,2.5344486000249162,0.3062433797834325,0.05986474467405046,-0.8877456627764831,-0.0009452771149456184,-0.0240911125204589,0.25718908416757935,-0.4879694700717115,0.16310358519717713,1.89639214266001
P01,S02,9,raise_arms,2.5875672000693157,0.3099664181637603,0.0568865865384011,-0.8825290059697981,0.0060282688727839005,0.005516622935376793,0.15383470581600736,-0.4937648819145835,-0.020261124301076662,0.5357790866741914
P01,S02,9,raise_arms,2.6707189000444487,0.31626581216494654,0.053849279577452946,-0.8476406471358159,0.010415261347151953,-0.0031578045653988954,0.13088663352006716,-0.5183755819424307,0.00266368146261194,0.4454604390699926
P01,S02,9,raise_arms,2.753417000058107,0.32024190189994517,0.046751882930903266,-0.8338716405674196,0.006298709113951609,-0.0034076478824160584,0.08659703809153076,-0.5745872487033947,-0.08104604391964138,1.1760924724150668
P01,S02,9,raise_arms,2.8321594999870285,0.32032336353142415,0.04527198954059172,-0.8413130899630958,0.0011922385430360796,0.001006859847261809,0.019817920132365288,-0.5716533194240788,0.00376597694637997,0.1181875854973931
P01,S02,9,raise_arms,2.902537200017832,0.3190556371526791,0.04819264703837074,-0.8506720625911993,-0.0021127002606204618,0.0007191475509115277,0.031710935767459106,-0.5382830400657205,0.054704088737050495,0.7782553269587893
P01,S02,9,raise_arms,2.977422700030729,0.3198518786189949,0.04240248779077492,-0.8468445321921473,-0.0014609900590757735,0.0006333131015011501,0.021263791507784326,-0.5235260892970476,-0.018181237810278198,0.30417074516384895
P01,S02,9,raise_arms,3.0466151000000536,0.3213994335395553,0.047548465181855404,-0.8426286763317263,-0.0034315385452155906,-0.0006926687635517729,0.05059442170872158,-0.5076635143402042,-0.01359392563403801,0.2021257724149401
P01,S02,9,raise_arms,3.1086248999927193,0.32157000258706714,0.046995167523646034,-0.8512506866691775,-0.0012413232044326415,0.008999083505570698,0.14649770580530339,-0.5164105548492208,0.021925016581001298,0.3913556758661083
P01,S02,9,raise_arms,3.153281299979426,0.32148196101969256,0.04128210165915336,-0.8597994505213916,0.0008627398950204141,0.006956892002558102,0.15698047887605118,-0.5619652854450613,-0.0399527914251141,0.9831212286328305
P01,S02,9,raise_arms,3.2351432000286877,0.3213514892582811,0.040159312750804546,-0.8633496637575571,-0.00044668498693330833,-0.001016251237789929,0.013560489170669923,-0.5501566443466833,-0.023468059188392416,0.356922243232077
P01,S02,9,raise_arms,3.3068073000758886,0.32159045599219765,0.03665729571988653,-0.8743654816166008,-1.7144257669939677e-06,0.010430195679738977,0.1455428284701893,-0.5406766036615528,-0.10356992843712438,1.4615828189544093
P01,S02,9,raise_arms,3.3717517000623047,0.32230182118542605,0.033329358657312395,-0.874664184868507,0.0006379769203835999,-0.0009623053569725522,0.017777917392815923,-0.5341477842270211,-0.06448048311422602,1.0202095827445692
P01,S02,9,raise_arms,3.4154408000176772,0.32310121209628756,0.03662295978493861,-0.8798575533332298,0.0005351207821550632,0.007347245695520393,0.1686165911385838,-0.5524496540340682,-0.00448862126348864,0.38183309574242996
P01,S02,9,raise_arms,3.4641339000081643,0.32430024537161023,0.03523485567007746,-0.8820185000089102,0.0019305328827059736,0.005755896540540566,0.1246792977439509,-0.5650764083598954,0.006011682284665964,0.28911966295815145
P01,S02,9,raise_arms,3.556228499975987,0.3277730662359486,0.02965051933754618,-0.8703285994832245,0.005237474806006904,0.0009099638535929917,0.05772256023839791,-0.5655188512478238,-0.015793835742164537,0.17218951220137146
P01,S02,9,raise_arms,3.6486238000215963,0.3279715645802031,0.03240170416847131,-0.866945122630286,0.0006983253192775821,0.0006700651794863878,0.01047460772713322,-0.570065018347123,0.009218709212452374,0.2493009750830149
P01,S02,9,raise_arms,3.715748800081201,0.32852136155201045,0.03268272127833097,-0.8602791338427581,0.0014154955865869417,-0.0011176278159868698,0.026868227707663197,-0.5725125881095415,-0.012523416963039295,0.20086760494689607
P01,S02,9,raise_arms,3.7967239000136033,0.32852333770239195,0.034896766116408365,-0.8606510654506666,0.0007403786162294441,-0.00012627666896910936,0.009275321659176425,-0.5742517085881534,0.0038019216879685448,0.08526859926868924
P01,S02,9,raise_arms,3.8699014000594616,0.3285421527463356,0.0379580260895231,-0.8607470961504863,5.3655439781367275e-05,0.0003133151124342224,0.004343905981165137,-0.5773007200770157,0.0033143516346056494,0.10541091463058018
P01,S02,9,raise_arms,3.917559599969536,0.32849225979403696,0.03737966112339799,-0.8604731081228276,0.0005805012267784643,-0.0003544609350665719,0.014271727748908213,-0.5754825265665557,-0.0010556845235528546,0.04776801075979458
P01,S02,9,raise_arms,3.961004600045271,0.32861618070900445,0.03708428910463858,-0.8594377932548738,0.00041259582960975186,-0.0008818731392735965,0.02241039975890534,-0.5757617019361002,0.0006261386914473561,0.07430812428891513
P01,S02,10,raise_arms,0.3867389999795705,0.3310645352640169,0.030613711567988124,-0.8376626169217761,0.0,0.0,0.0,-0.5665106867146236,0.0,0.0
P01,S02,10,raise_arms,0.4749948000535369,0.3309526719038485,0.03642612237736477,-0.8410169991540899,0.00028028094741791684,3.6200141642410466e-05,0.0032021580736268478,-0.5741489871612401,0.010036607679941837,0.12512835090539726
P01,S02,10,raise_arms,0.5305311999982223,0.3307453822644558,0.03874824555877322,-0.8407983720364332,-0.0002855926820839894,-0.000643180490523905,0.012671616748109547,-0.5794408814684044,0.004801624645655769,0.08970915907010517
P01,S02,10,raise_arms,0.5871615000069141,0.330561041039238,0.035831103240802645,-0.8554712750329578,0.0004033614788462677,-0.0022805160052338717,0.040895300797521766,-0.577863067404676,-0.00018334205359272536,0.026698607753863738
P01,S02,10,raise_arms,0.6660447000758722,0.3305301169471448,0.0365360311819752,-0.8574009615615091,0.0007499041769258752,0.0019005026140728146,0.025900345881034834,-0.5814688613237013,0.005043004551117134,0.0667359843011155
P01,S02,10,raise_arms,0.7231015000725165,0.33048961986559583,0.04180094110510103,-0.8561196545482961,0.0006266349253459672,3.201257713308654e-05,0.010996973149866555,-0.5812021640228656,0.0020118452917860393,0.03941171228637102
P01,S02,10,raise_arms,0.7790500000119209,0.3309120601502529,0.041672197095956945,-0.8553107903877226,6.655519365026081e-05,0.0005330719772880836,0.009601878366920991,-0.5855238382538992,0.004085565007538426,0.0954926407510373
P01,S02,10,raise_arms,0.8678305000066757,0.33178138713015237,0.03732990706410361,-0.8555709940226259,0.0013188132736466495,0.0033570364034870067,0.04062596908830912,-0.5883316213716303,0.005387026599856118,0.06928390284379267
P01,S02,10,raise_arms,0.918294099974446,0.33168482909719327,0.04843265120894168,-0.8552511239417182,0.00024789981408392114,-0.0002355901821413705,0.006776960854931215,-0.5871018905808443,0.0018242092249219821,0.0714523443095653
P01,S02,10,raise_arms,0.9690856999950483,0.33156986749917133,0.04888330646984291,-0.8507470324991744,-0.0004299079076620342,-0.0012861284237374133,0.026698860599631686,-0.5860934244581936,-0.0007805835359367063,0.05881635591224117
P01,S02,10,raise_arms,1.0610029000090435,0.32909707895021956,0.054589265326072604,-0.8552097273275335,-0.006306357793806633,-0.0035466074561185967,0.07871466249391143,-0.5740335544690117,0.047734900235353844,0.5324497320915231
P01,S02,10,raise_arms,1.1091491000261158,0.3287258427836207,0.053614396908220945,-0.8575089604273384,-0.001186831552620355,0.0013624401934748068,0.037529009382415116,-0.5819294858117997,0.035715752524908106,0.7418890236624756
P01,S02,10,raise_arms,1.1826440000440925,0.3270271785256808,0.05659373426096214,-0.8457816778107908,-0.002882930015129324,-0.02626669569340051,0.3595410245521677,-0.5834293278014129,0.0804851121576098,1.113290531023285
P01,S02,10,raise_arms,1.2676215000683442,0.32462718030232607,0.05356702531906924,-0.8445882421695248,0.001745254507720659,-0.0024311738183350516,0.03521808083269436,-0.5701928215805129,0.07536394515361362,0.9042997927863556
P01,S02,10,raise_arms,1.3549903000239283,0.3212475487009941,0.057013970823143086,-0.8410693309269087,-0.0015408266134287229,-0.01254480931869984,0.144663561327388,-0.5217788792651924,0.029286090273401285,0.4140522367086238
P01,S02,10,raise_arms,1.416475799982436,0.3187438387670761,0.06013892986467479,-0.838345575965963,-0.003674194821264848,-0.008473560089747673,0.15021184126822917,-0.5498520913474848,0.03474851235230905,0.5653661457377034
P01,S02,10,raise_arms,1.4930921000195667,0.31752066002686,0.06261633063290344,-0.836762004659067,-0.0011560202213518913,-0.004579873072777618,0.06165160372926968,-0.5703236972421936,-0.018901289247029895,0.33557241542218513
P01,S02,10,raise_arms,1.5481768000172451,0.31624922113476434,0.06489289098440992,-0.8316488355164643,-0.0008412050149536899,-0.008641045633358942,0.15760991158184215,-0.5593607169875693,-0.02545361943794397,0.5053084303861152
P01,S02,10,raise_arms,1.6119271999923512,0.31648725992522947,0.06809954127228014,-0.8293987785982211,-0.005032557762050458,-0.0019417959828836528,0.0846141030048021,-0.5472373876371212,-0.06462576875659838,1.032189465876801
P01,S02,10,raise_arms,1.6684486999874935,0.31567560171243275,0.06400871454875827,-0.8327312371163131,-0.002557136819615423,-0.001902700120450758,0.05639186113660961,-0.5572283198054118,-0.0021871422585123725,0.2996613752281324
P01,S02,10,raise_arms,1.7439069000538439,0.31560164371587274,0.06381332387441535,-0.8350297171061279,0.00016374194510465612,0.0031052422853641935,0.041208992642562496,-0.5645777646375417,0.015492580031513029,0.22002416103826317
P01,S02,10,raise_arms,1.8055649000452831,0.3160478282424045,0.06934889184005359,-0.842240351946485,-0.004471463490703758,0.008656830264252048,0.15802399922703517,-0.5129245766296284,-0.05426663043512624,0.8803265645999756
P01,S02,10,raise_arms,1.8840914000757039,0.3158358370471756,0.06757310856641698,-0.8506493583853574,-0.0006959534130942043,0.006342418637533312,0.0812526708456571,-0.49589281389250645,-0.04329030072117695,0.5624686756107684
P01,S02,10,raise_arms,1.9432022999972105,0.31567093185348494,0.06790617591838975,-0.8546450403720928,-0.00046732682972394244,0.005054399289480951,0.08587177160038545,-0.4976953452951975,0.0027344442364165625,0.2965297061196532
P01,S02,10,raise_arms,2.0102625000290573,0.31507677265323114,0.07054160326264552,-0.864462160989312,-0.0004775249641771295,0.010238055778462577,0.15283560322839881,-0.4741881196439688,0.01105540483962635,0.3179983279674873
P01,S02,10,raise_arms,2.0827982000773773,0.3138469334762831,0.06548361107921959,-0.8721308264459554,-0.0014370490763079874,0.004320785480567353,0.06277588630079513,-0.45032674946778906,0.019055960758693827,0.31594200377230236
P01,S02,10,raise_arms,2.1234335000626743,0.3135710294461509,0.0642182482166708,-0.872255427572469,-0.00042312562963602626,0.0007356227253779972,0.020884105566242303,-0.4549203670103609,0.005332906266783167,0.18399083367540062
P01,S02,10,raise_arms,2.1922229999909177,0.31276727361338535,0.06344399649089111,-0.8755485432669087,0.0009143161980067595,0.0011521975370014836,0.021382556935781387,-0.46848448893166134,0.018004855906419894,0.27047599706374037
P01,S02,10,raise_arms,2.261836600024253,0.3127733235872334,0.06394677450260434,-0.880213010295963,-0.0002682723632572003,0.005020328281049679,0.07221995461992503,-0.4399116639111469,-0.0532359650266218,0.8180670355659326
P01,S02,10,raise_arms,2.304990299977362,0.31163569581794953,0.06490892783435777,-0.8748827630423806,-0.00040758327663002427,-0.008612707056916146,0.19980548139465476,-0.4555447488621407,0.06831314970032137,1.5856382655523338
P01,S02,10,raise_arms,2.383728399989195,0.3122598261045278,0.06136551269980167,-0.8820388089524501,-0.0009403303171842458,0.005108945128533131,0.06597518811404178,-0.4518704886369936,-0.0649580576476437,0.8267129817555078
P01,S02,10,raise_arms,2.468237900058739,0.3121173699783104,0.060630839852644544,-0.8827276498023843,9.677338285282929e-05,1.1171668272107575e-05,0.0011527234910207473,-0.4532841975884778,0.010930984674649692,0.15221363596698775
P01,S02,10,raise_arms,2.5356427000369877,0.3116474038811817,0.060478323628707226,-0.8815062967090268,0.00030065548571884604,-0.00016094248806132884,0.005059317658656073,-0.4602700420492755,0.009639261524061247,0.1678668901980843
P01,S02,10,raise_arms,2.617676099995151,0.3116953323510442,0.060767195162892564,-0.880657854861331,-0.00014643227536481417,0.0002032745787956872,0.003053943630121334,-0.4714008381733577,-0.012777142925867574,0.17410819371784844
P01,S02,10,raise_arms,2.679378699976951,0.3119144863659638,0.05962901172592664,-0.8830552113126491,0.0001727957577927624,0.002299707544547414,0.03737589963128817,-0.46608617108461803,-0.0003124034400309158,0.060979194874562374
P01,S02,10,raise_arms,2.752057900070213,0.311895881341909,0.05971569905106378,-0.8832534127129968,-6.296886758809613e-05,-0.0005490426603356607,0.007603850413222023,-0.46921639027260864,0.006182171162727419,0.10120465165399024
P01,S02,10,raise_arms,2.8187391000101343,0.3123830952062193,0.060090228497904,-0.8836372586115454,-0.0004961916349413178,0.0019177935484695967,0.02970768035256574,-0.4669612791000223,-0.007529482727767567,0.11900019140846195
P01,S02,10,raise_arms,2.869569099973887,0.31243628222611247,0.059584655075981485,-0.8827598908186131,0.0002493413062220999,3.586546715359968e-05,0.0049558835344413335,-0.4754693872453044,-0.0215516292584492,0.4292654981657258
P01,S02,10,raise_arms,2.9111980000743642,0.3125500207606199,0.06579757348579736,-0.8826483294458503,0.00018545996862519108,0.0004105864395373125,0.010822512009888612,-0.46691848022787197,-0.01028743353761592,0.28800182288618026
P01,S02,10,raise_arms,2.984505500062369,0.312411030417078,0.06581845182342899,-0.8834813573780923,-2.575653949841415e-05,-0.000739308078195221,0.010091144897321592,-0.4592909804093252,0.04888705457828859,0.6671202198415134
P01,S02,10,raise_arms,3.06033310003113,0.3125704536133221,0.06710842643747894,-0.8833054388599448,0.00012590430815842906,0.0007084203026256175,0.009488913296139429,-0.4689564652154758,0.0056191759688325165,0.09374416467573589
P01,S02,10,raise_arms,3.127183699980378,0.31271868015615,0.06397758030407612,-0.8829393640560728,-0.00010383015886732754,7.07131508761423e-05,0.0018791552459428405,-0.4822644405906964,-0.016248400487095728,0.24715651151827148
P01,S02,10,raise_arms,3.2004401000449434,0.31286003071735713,0.06394448381347624,-0.8826665720999249,-0.0001914679477014583,-2.6195863491493053e-05,0.002638017220903078,-0.48356304689795754,0.0056348915121983405,0.13312716529963456
P01,S02,10,raise_arms,3.280130499973893,0.3128645491951882,0.06380839160580938,-0.8799209208561167,3.905508697098177e-06,-0.005177751969255329,0.06497336500767774,-0.4903594894769812,-0.002446032355649283,0.09871505167219155
P01,S02,10,raise_arms,3.3356144999852404,0.3137595176676088,0.06350936335435693,-0.878040400071808,7.503783426650093e-05,0.0012353697119874823,0.022306368637436375,-0.4806581969159797,-0.024895942551313957,0.47704962466844886
P01,S02,10,raise_arms,3.3823178000748158,0.31390011159743303,0.060696837012207586,-0.8772694516716393,0.00046977329961396004,-0.0004890465372496985,0.01451985114640331,-0.48800076959969496,0.012487249315881854,0.28719859559735544
P01,S02,10,raise_arms,3.4617975000292063,0.3152306833152722,0.06823126848165532,-0.873748347559268,0.001955445227041552,-0.0003662530427422328,0.02503090728910217,-0.4844281207505774,0.034437330395306706,0.4701108882024681
P01,S02,10,raise_arms,3.5007623999845237,0.315392901033828,0.07531317485801224,-0.870101315399184,0.00044392663918068156,-0.002789613078308234,0.07249382135972296,-0.49432005747289237,0.028406072449478157,0.7407586955503644
P01,S02,10,raise_arms,3.5712501000380144,0.318984220486383,0.06727735277963823,-0.8594845037764133,0.006755698526669469,-0.0009206476870879765,0.09672810412658818,-0.5397887448426031,0.03391461476317278,0.594516109710926
P01,S02,10,raise_arms,3.668510499992408,0.32437518563703827,0.05681575801769862,-0.8388970191819857,0.009536783644311975,-0.006001897181114967,0.1158563013789988,-0.5582130071897431,-0.01989143188448496,0.39650271620024324
P01,S02,10,raise_arms,3.742337099974975,0.3253107778820664,0.054726033785785,-0.8416535540285713,0.0026861510719647956,0.004312994315235859,0.06882445396512164,-0.5703383018168521,-0.014433326980192547,0.3003419965908563
P01,S02,10,raise_arms,3.810188499977812,0.32585599134248916,0.0562044454420104,-0.8436178566910456,-0.0027419278728069325,0.00534300955067982,0.08850946009299251,-0.5542732296016787,0.004046020112753113,0.2758528618953707
P01,S02,10,raise_arms,3.8589754999848083,0.3278374640769412,0.05387713225285933,-0.8541544934116602,-0.0020864241498667066,0.017126195573890078,0.3536355655090469,-0.563669924731031,-0.030787514318073805,0.8163885870435162
P01,S02,10,raise_arms,3.915110200061463,0.3278090540825835,0.05358278654120761,-0.8576134173716783,-1.6091718629873964e-05,0.006635242895382606,0.11820250930393009,-0.5581247004941949,-0.0034071530779131087,0.388185821733366
P01,S02,10,raise_arms,3.9918223000131547,0.3274980654361139,0.0520735642619983,-0.8783486978168692,0.0013555359287266058,0.019799778958937624,0.25870920227227856,-0.5996956869994977,-0.0801445435255871,1.2049581312372366
P01,S02,11,lean_left,0.3755297999596223,0.32975648719654294,0.053872094490130834,-0.8461435439809857,0.0,0.0,0.0,-0.5612926146706524,0.0,0.0
P01,S02,11,lean_left,0.46500289998948574,0.32966888482263,0.05197253504507788,-0.8428276612023511,0.0002732815401322296,-0.0036409815780237107,0.04080805330129462,-0.555022687264831,-0.0070735514933342805,0.11496411352196642
P01,S02,11,lean_left,0.5196131999837235,0.3294686146986759,0.05305703160313469,-0.8440964619428756,0.00032310784948729593,-0.0007937489863524697,0.015692872858281116,-0.5611971229794541,0.006947173501352565,0.2742982120671
P01,S02,11,lean_left,0.5803956999443471,0.3302715148874298,0.052487246329291415,-0.8438854288258039,0.0013657192007355157,0.001969938280228414,0.039436505382932766,-0.5705177580272,0.009071163052236729,0.23856761340726693
P01,S02,11,lean_left,0.6529209999134764,0.3306026266771067,0.06641641775540548,-0.8362349834505378,0.005119179786207175,-0.004769866169394594,0.09647629943691532,-0.5758344142937728,0.005164837832415537,0.4234004985442423
P01,S02,11,lean_left,0.722479599993676,0.33071169657744354,0.06602413777734199,-0.8384739594223917,0.0019019823696117776,0.0027049134277583207,0.04753796214302374,-0.585104953119791,0.0285755563301124,0.4631050239014088
P01,S02,11,lean_left,0.7648060999345034,0.33058132956485803,0.07878701488554102,-0.8363638622429108,0.005426474610177867,-0.0034196174789970072,0.15153814006139857,-0.5852178133454516,0.0034308765165894945,0.183297248674482
P01,S02,11,lean_left,0.8603122999193147,0.32907555642615305,0.10647600331178375,-0.8453552674516147,0.02677268754245361,0.008963639513913482,0.2956182737268691,-0.5973834019867045,0.034095985665235855,0.45382843961534425
P01,S02,11,lean_left,0.9064540999243036,0.32781813789772885,0.11794707451834475,-0.8446339965556614,0.006481555564368459,-0.004057091684202666,0.16571967669280951,-0.5845615438809534,-0.044459057770020696,0.9684326420158806
P01,S02,11,lean_left,0.9505972999613732,0.3268799372047355,0.12116294769010724,-0.8427797157781419,0.0041201116880342885,-0.005484638559367094,0.1553983378368645,-0.5811545714861042,-0.05749429480728237,1.3604284282910193
P01,S02,11,lean_left,0.9990526000037789,0.3265277989962623,0.12867328184091598,-0.8413779041772779,0.02236517229864284,0.00392289300477046,0.4686093661791832,-0.5980046378297832,-0.01316819987008021,0.6329204076643474
P01,S02,11,lean_left,1.0699061999330297,0.32227624859666104,0.14904275336208925,-0.8523556945643112,0.0514739667616707,0.0003222734966457414,0.72649767499017,-0.5795596509303446,-0.06782660911555197,1.0493114890274942
P01,S02,11,lean_left,1.1425468999659643,0.3247921838594868,0.15362943883253724,-0.8362916422992962,0.011405810434651213,-0.0035347983184160375,0.16438433094455132,-0.5743697183466747,-0.008086246225197696,0.14203835370763804
P01,S02,11,lean_left,1.190512100001797,0.32539334105773887,0.1726065123350163,-0.8418333714281172,0.03454410802980431,0.006628633743627626,0.7333304111714001,-0.576471750796495,0.0004822884775797798,0.741794869172414
P01,S02,11,lean_left,1.2519006999209523,0.32594800675830876,0.18020599422672323,-0.8349777644114981,0.009814939906663475,-0.0040675687182357805,0.173068182693617,-0.5726209064314957,0.006179386995554367,0.14327219471172714
P01,S02,11,lean_left,1.2931350999278948,0.32359887045996444,0.18548377236144067,-0.8368963400342093,0.03785824514770415,-0.004150328635240555,0.9236235296512175,-0.5774051727987481,-0.016007482282801567,0.5602193634402971
P01,S02,11,lean_left,1.3582206999417394,0.3270018513187492,0.1974808725467017,-0.823114157834041,0.04485889434156138,0.002744714555615639,0.690518091225001,-0.585661321756137,-0.0008456656288060266,0.29368741238873775
P01,S02,11,lean_left,1.4140096999472007,0.32968932543220775,0.20272269253150021,-0.8035869308420125,0.009244533173615085,-0.006534937973952316,0.20292670662610462,-0.5906066214078786,-0.017581593879524904,0.3223256258360726
P01,S02,11,lean_left,1.4964852000121027,0.33068867477329905,0.2052609497241592,-0.798910107815536,0.027737161170328508,0.001320557561417158,0.33668882299650693,-0.5864069923448536,-0.0005256783656447452,0.0559120101219162
P01,S02,11,lean_left,1.5808391999453306,0.3325551838704573,0.2066943673799802,-0.7999799938400589,0.01794236735065642,0.00583804549173014,0.22367952071938466,-0.5860844864233822,0.0023928475079122956,0.06396311243034866
P01,S02,11,lean_left,1.63773499999661,0.33477667720075466,0.21178967378916647,-0.7833396260184807,0.008255141853858904,-0.007994664941203175,0.20198019313980908,-0.5907644851830838,-0.005619927207438449,0.1022750910507945
P01,S02,11,lean_left,1.6915830000070855,0.3363137384256174,0.21756459285375415,-0.7797308025336396,0.008492473075044658,0.00013850468943084855,0.15773292308911177,-0.590864928489971,-0.0032824953398958704,0.24702459458359236
P01,S02,11,lean_left,1.7552607000106946,0.3376152382525063,0.2154511348794332,-0.7712862779137649,0.009011706065121132,-0.0008827303691015812,0.14219791586517389,-0.6001270517319753,-0.014278694706340392,0.22461758757865058
P01,S02,11,lean_left,1.8098850999958813,0.33771964080301276,0.21409014174417834,-0.7681644128777371,0.005622313109921753,-0.001928875564362595,0.1088155782382429,-0.5965454366101329,-0.00028319658827908684,0.16032866483790376
P01,S02,11,lean_left,1.8627980999881402,0.33852944830900855,0.210941679900013,-0.7678041708485474,0.0008647203754809868,0.001582863054329157,0.0340873140128373,-0.5979434064393275,0.011154512313955488,0.22458499328358883
P01,S02,11,lean_left,1.9505042999517173,0.3385484270251203,0.208206127212929,-0.7586327988620162,0.002325481046932557,-0.007410693737175697,0.08855699017037202,-0.5879105402310886,0.005729454795202014,0.06547750972198578
P01,S02,11,lean_left,1.9953772999579087,0.3388438494998859,0.20827702682030133,-0.758137612687579,3.0079915192898402e-05,2.515454896248229e-05,0.0008738359141319954,-0.5886482170395096,0.034303424869376674,0.7823401106038728
P01,S02,11,lean_left,2.0329541999381036,0.3389623628903915,0.21008116919323308,-0.7567665670402056,-0.00010040717168871496,-0.0007585928873294508,0.020363813169770005,-0.5877862988049796,-0.0008471348390338507,0.08104011953481859
P01,S02,11,lean_left,2.090528899920173,0.3396786485310956,0.20713301852099666,-0.7554877547379678,-0.0011408417917434307,0.000420434812430556,0.02111774123637275,-0.6014439564022751,-0.05695016696108899,1.0782746934183027
P01,S02,11,lean_left,2.16130619996693,0.33989869861314653,0.20607052098924192,-0.7541716548264219,-0.00031876068805953265,-0.0018731958024216355,0.02684651594856957,-0.5945963440883772,0.001790736736614947,0.13431130301073144
P01,S02,11,lean_left,2.2217355999164283,0.339736194360435,0.20614623806462054,-0.7557871686566472,-0.001565968439440141,0.0016490849896667065,0.037633100048809195,-0.5893914466308371,0.0020827668438004395,0.08043818841224785
P01,S02,11,lean_left,2.2956388999009505,0.33911226910392683,0.20703243319046777,-0.7567624761283047,-0.0019350156102172032,-0.00036260670395840585,0.026638827954085044,-0.5885436470269603,0.0014235364759692048,0.024955550251848677
P01,S02,11,lean_left,2.3382350999163464,0.33858958971547626,0.20871240622127019,-0.7586619493021921,-0.0017804046385586584,0.00038992423921961963,0.042787924044539495,-0.5889646215414589,-0.0070777189757394825,0.16921299002800572
P01,S02,11,lean_left,2.416001099976711,0.33881478971533185,0.20659593322970002,-0.7549290989293489,-0.0019454666248886698,-0.0030218833908918392,0.04621518264635209,-0.5902787542160974,0.0011728671893595913,0.05076311339310602
P01,S02,11,lean_left,2.4863192999036983,0.33934792347108883,0.19808245542505015,-0.7564320087329726,-0.009814144411903819,0.0026819180496708618,0.14468504734776577,-0.5793845918856054,0.04949548678667609,0.7263756274574817
P01,S02,11,lean_left,2.555229499936104,0.3379377282760045,0.19959572449018703,-0.7570488960662274,-0.0021114603196498456,-0.0033861853145492372,0.05790947205717039,-0.5799028022930407,-0.001287155746779477,0.05188612944393343
P01,S02,11,lean_left,2.626560500008054,0.3375204587541377,0.20285047838629178,-0.7624136621722498,-0.010753129868264648,-0.0034866162142193347,0.1584761184915704,-0.6003232165284056,-0.04553292567577375,0.6693055245648655
P01,S02,11,lean_left,2.7024467999581248,0.337085495852402,0.19143599741852585,-0.7602995934149482,-0.01835795072824561,-0.004782192167224785,0.24998717023141764,-0.5847887590731118,0.02290905510193463,0.30509324029121493
P01,S02,11,lean_left,2.7697050999850035,0.33444615321463494,0.17514329931439293,-0.7910281400417764,-0.023265682920060763,-0.008290211247361774,0.3672197324953993,-0.5820958724352255,-0.0071644988552646794,0.2849535831671909
P01,S02,11,lean_left,2.820652899914421,0.33421632216841135,0.17068196854655346,-0.7937901409700987,-0.012994319366114384,-0.003682128061163304,0.26509367545434376,-0.5835630920187993,0.003653497488451967,0.22765187699101969
P01,S02,11,lean_left,2.891861099982634,0.32987957310140475,0.1538741573546575,-0.826298734848169,-0.028879100291194445,-0.00429048115713113,0.41000998046027237,-0.5714446556693932,0.015423358271237963,0.4600738759272712
P01,S02,11,lean_left,2.9451815999345854,0.32908927016234896,0.1442431436758843,-0.8301405548885455,-0.011211146158401903,-0.010569075799728342,0.28896265477620836,-0.5706891680388125,0.013655417948942067,0.28216144736809146
P01,S02,11,lean_left,2.9908712999895215,0.3300065760300029,0.13838762262425938,-0.8424498013727488,-0.03718610014905287,-0.0020773610942280995,0.8151526419470293,-0.5671239519237952,-0.00041285586740082755,0.8119319819993133
P01,S02,11,lean_left,3.0518763000145555,0.3321438505820862,0.09779681031537303,-0.8404270538044437,-0.05107754124832833,-0.010429525457073102,0.8545442262779936,-0.5562166423930742,0.007995870123548895,0.2797667234832718
P01,S02,11,lean_left,3.0937317999778315,0.33040661505157154,0.09418003778787544,-0.8524237937874298,-0.0066241641519481425,0.00013439640229580448,0.15829526320234663,-0.5559654808699738,0.027262020453879734,0.6691881527467787
P01,S02,11,lean_left,3.1326381999533623,0.3286876928489719,0.10010201499371872,-0.8534244020842354,-0.0042159125948697754,-0.0023830963445160397,0.12447403748203906,-0.5610927371961273,-0.002096491563570647,0.0938615433531158
P01,S02,11,lean_left,3.2028028999920934,0.331269033777184,0.07926170584102556,-0.8638368728379474,-0.041526261682587065,0.004279772438920576,0.5949746767752578,-0.5481051794515569,0.019941575646571136,0.32122543192164565
P01,S02,11,lean_left,3.2803751999745145,0.33533966733606235,0.05173588406725554,-0.8541507462657925,-0.044579818040104836,-0.004376059551879642,0.5774494924550211,-0.5541010230671332,0.026392538032760413,0.37455068555834986
P01,S02,11,lean_left,3.3509378999006003,0.3365191117497291,0.05046730021422178,-0.8556374551876189,-0.011566275361189213,0.005030417165503623,0.1787466121629808,-0.5714875366023172,0.05692971551011631,0.8382042837208579
P01,S02,11,lean_left,3.4233783999225125,0.33757560959448024,0.04675656573533116,-0.8599041471980311,-0.02850344319785775,-0.0027995548800799942,0.39536718730515147,-0.5769309219738357,0.006138478552480257,0.26405508440427194
P01,S02,11,lean_left,3.4931099999230355,0.33886760888946127,0.039400914691091415,-0.8600766262931963,-0.03378076227786822,-0.0020333300543584187,0.48531658534714034,-0.5729614134377908,-0.0068444650866717775,0.1386677388851313
P01,S02,11,lean_left,3.554893699940294,0.34351027189098876,0.023502874870976565,-0.8487120532369865,-0.01889779461393063,-0.002568302091190211,0.30868203860589083,-0.5693373199238194,-0.011546050893495155,0.24056266687476494
P01,S02,11,lean_left,3.6599569999380037,0.3386702038341925,0.032910132089044815,-0.8773641969722065,-0.01645282209388169,0.00038569551601067264,0.15664216057951427,-0.5595709200785268,0.0020076167647976677,0.0871603014333677
P01,S02,11,lean_left,3.732146199909039,0.33902250374442316,0.02710416021941394,-0.876330545385323,-0.001644996578933195,0.0007283942528210578,0.024921283345247524,-0.5469572098172715,0.005503131587454894,0.11932256307209421
P01,S02,11,lean_left,3.818793799960986,0.33981817410347315,0.021618332481100216,-0.8736582578578547,-0.004056249246791559,0.0003215110968138604,0.04695999987229036,-0.5481947953223696,-0.002020583192112531,0.025091705623021827
P01,S02,11,lean_left,3.880165999988094,0.33948399057482503,0.016636756896650364,-0.8743018801812162,0.0006981270851295405,-0.0005108332610334858,0.014095337540657378,-0.5485458565739324,0.0012448739852463577,0.06704339110612482
P01,S02,11,lean_left,3.9214659999124706,0.33957104260033744,0.017172463721683108,-0.8739272288814477,0.0004057797051961355,0.0006321685339088924,0.0181887457301096,-0.5506021682306651,0.006155734342588758,0.14966481115303232
P01,S02,11,lean_left,3.9909520999062806,0.33958385328722707,0.017032758107237894,-0.875361629302768,0.0006045437548940168,0.0015760175292715037,0.02429245952041893,-0.5570905800289412,-0.006744087424738932,0.1818772619942592
P01,S02,12,lean_left,0.37496980000287294,0.34982274381724615,0.177291715430253,-0.8551589297290385,0.0,0.0,0.0,-0.552130829032229,0.0,0.0
P01,S02,12,lean_left,0.46766850003041327,0.34172187004766474,0.18372535841008344,-0.8523436745541353,0.02139834631849516,0.011585619950864634,0.26250022899245407,-0.5911678382166106,-0.052176797777051115,0.590823602942554
P01,S02,12,lean_left,0.5200723999878392,0.34132991511877525,0.1858191372091389,-0.8389964842134606,0.0040996648210717395,-0.0004343790195687674,0.07866996275944534,-0.5909806892323424,0.007334174854575048,0.2118729000324665
P01,S02,12,lean_left,0.5831488000694662,0.3428618066029444,0.20119399586057551,-0.8332019956084513,0.023490740205431477,0.0054877498321173395,0.38244463798481276,-0.6120396857712485,0.022404355540540807,0.5084513524963878
P01,S02,12,lean_left,0.6546920000109822,0.34569238013424075,0.2134095050538359,-0.8360472793754283,0.0321410950122427,0.013202969840580185,0.4856814781508497,-0.6135353109543451,0.09923265347047558,1.642468665640884
P01,S02,12,lean_left,0.7070314000593498,0.3476485245401103,0.2232821072311517,-0.8166099020634704,0.0131459103468837,-0.004763248293202082,0.26714590452804127,-0.6136401341880579,-0.04022627805056297,0.7727143229169315
P01,S02,12,lean_left,0.7483595000812784,0.3438969076736187,0.23849429783932394,-0.8236123069914423,0.02144642586381439,0.0002683013079020566,0.5189714516815569,-0.6115281978741557,-0.006070301895629094,0.23985197897190177
P01,S02,12,lean_left,0.8638823999790475,0.34480516852097576,0.2525727113001432,-0.8201796845737086,0.03264688302462592,0.0003589535661747753,0.2826180466997399,-0.6076404281085999,-0.045202208906482785,0.3935666405606667
P01,S02,12,lean_left,0.9116134999785572,0.34609526447330874,0.25856124504363187,-0.8128426419241668,0.007660834413372866,-0.0042746811061440204,0.1837954284308125,-0.5990283747179819,-0.01793137299225632,0.4486664537502178
P01,S02,12,lean_left,0.9709989000111818,0.34706540848744655,0.2708451002550052,-0.783913890393693,0.020101742185244204,0.005833027169998071,0.3524593567197034,-0.6016088486526573,-0.004295655241839335,0.13511747914512712
P01,S02,12,lean_left,1.0507818000623956,0.3488908030142079,0.26364180410345206,-0.7817409042094703,0.02591055216394649,0.006245583388479271,0.3340647571045379,-0.6011779339756725,-0.036587277060230926,0.5045720984902132
P01,S02,12,lean_left,1.0981391000095755,0.34736959921257465,0.27640057960582626,-0.7813962259066962,0.011525902977022552,-0.0041887338133007705,0.2589556157293321,-0.6028714079942726,0.0023167149430168184,0.16401857855462149
P01,S02,12,lean_left,1.1393875000067055,0.3509293673525806,0.280726994692724,-0.7640737145729115,0.0018729561565563083,0.003829562444115721,0.10335044219550726,-0.6161127986666316,0.013717536553545054,0.3999136473609248
P01,S02,12,lean_left,1.1842767000198364,0.3515655598570997,0.2832924239998928,-0.760644353510554,0.008190168516449528,0.0002705020673179437,0.18255246966143548,-0.6187776912125976,0.009068388502537168,0.27735479941726
P01,S02,12,lean_left,1.2420489999931306,0.3495825400664599,0.284126395642253,-0.7587253148389486,0.010013048912276069,-0.006546437747480316,0.20707417887974103,-0.6201189160084648,0.0008026920107769244,0.15973919799738898
P01,S02,12,lean_left,1.2851709000533447,0.35131061105781475,0.28806327888171274,-0.754668040552812,0.0020956007213288547,0.002140476759930764,0.06946649348284273,-0.6236516612174154,-0.02920251579582381,0.6988353078548856
P01,S02,12,lean_left,1.3589643000159413,0.3520081624638141,0.28176989465061164,-0.7473990911471359,0.005797390925184623,3.386549013988725e-05,0.07856379893053313,-0.6190222971944952,0.001644907462032316,0.04133691506291025
P01,S02,12,lean_left,1.406854100059718,0.3532748259151484,0.2886884123849048,-0.7466195960401806,0.0006975320192269952,0.001811044009042164,0.040524904735957955,-0.6178169833335682,0.0014702150384914424,0.04208672050536837
P01,S02,12,lean_left,1.460709200007841,0.35304001247328426,0.28709713060138686,-0.7474801050991807,0.0005808683806492041,0.0001028190216001643,0.010953431524903199,-0.6166442960084798,0.00126580969536355,0.0702417797708534
P01,S02,12,lean_left,1.5467058999929577,0.3539996378411987,0.28527228901600377,-0.7385101337216854,-0.00013524711835244854,0.0007805859205502041,0.009212167237735802,-0.6164323316569286,-0.001147483071672342,0.063235790432561
P01,S02,12,lean_left,1.6187620999990031,0.3538370724200006,0.2890668103589803,-0.7426613372898246,-0.0009943314151387654,-0.0015750283734780324,0.025849754119296065,-0.6118672304237237,0.006952041877396602,0.10520050123778026
P01,S02,12,lean_left,1.6655045000370592,0.3534941665731052,0.29181330669013605,-0.7424833693387456,-0.002813604859979681,-0.0027142059407960282,0.08363679170391249,-0.6139395074325209,0.009339082829335805,0.23010239607156466
P01,S02,12,lean_left,1.754480200004764,0.3554991987010466,0.27522360054359063,-0.7385684349019183,-0.011815746264075474,0.0006396405973599337,0.1329918949075664,-0.618920362917567,0.00175722872669854,0.027089080883495077
P01,S02,12,lean_left,1.8260876000858843,0.35461196722557653,0.2707009656285644,-0.7501033418649621,-0.003049256263096486,0.00047366108451214213,0.04309366665945174,-0.6202090632026885,0.0380301436746127,0.5339794397879942
P01,S02,12,lean_left,1.910453399992548,0.3568093690952951,0.26295072954122295,-0.7458529433199061,-0.018223833717729128,0.00010407152084941709,0.21601325297702154,-0.6176911089852978,-0.04535020408998029,0.5490751952888251
P01,S02,12,lean_left,1.9945588000118732,0.3568121788589236,0.25386819787769377,-0.7603120622502556,-0.023192648580865866,-0.001460664867389745,0.27630329486534283,-0.5994942466166603,0.03058305171877013,0.37918165334531106
P01,S02,12,lean_left,2.074435600079596,0.35739503460165173,0.23996185245041693,-0.763780510212697,-0.026731028267855554,-0.003844502968245644,0.33809660330387764,-0.602411373605649,0.011754639376377572,0.2113098528438437
P01,S02,12,lean_left,2.1320980000309646,0.3569283621146994,0.2371301091601268,-0.7730017120101167,-0.005581584033191657,-0.0031487421534778987,0.11113799023015833,-0.6030068784276396,0.008833570167660773,0.1617517430047645
P01,S02,12,lean_left,2.21709579997696,0.35471097208248625,0.22645350779220708,-0.8045771528363909,-0.025093879888847228,0.012363170242404563,0.3291156857213416,-0.5798920353563364,-0.03597025900003185,0.5788118233557602
P01,S02,12,lean_left,2.3002820999827236,0.354738625752289,0.19867087721203205,-0.8014978109728603,-0.026735661636106477,-0.007704241866657161,0.3344729621435523,-0.5776190790736274,-0.011876818428534332,0.5560630400372144
P01,S02,12,lean_left,2.3639107000781223,0.3492973898997631,0.1837556843871294,-0.818220044566614,-0.023713542986618596,-0.013695604735905037,0.43037774294628256,-0.5729404016818987,-0.003708679805831171,0.6519240793641979
P01,S02,12,lean_left,2.462673500063829,0.34943243567202564,0.15022127618509096,-0.8482306307942331,-0.03896488111638932,0.01130250933879845,0.41079265170268375,-0.5723016360382599,0.0006285625616190015,0.2937209318012083
P01,S02,12,lean_left,2.5111826000502333,0.3493004007458948,0.14748054359371612,-0.8530498446150528,-0.0070427849421309755,-0.004583648235774239,0.1732255266628714,-0.5721048274642254,0.0007140758072043652,0.16284184812050623
P01,S02,12,lean_left,2.5533881000010297,0.3487895898880917,0.14362131917876655,-0.8532162271293748,-0.0019630131586054205,-0.003035176870374412,0.08564413209424175,-0.5727085757133212,0.0008129423997919799,0.09590226659166096
P01,S02,12,lean_left,2.591843400034122,0.3481536545293155,0.12976106548592653,-0.8626681518089426,-0.013848068921253424,0.0068944806941489125,0.40227010210851144,-0.5696076617535999,-0.00616804406210596,0.3898043344150599
P01,S02,12,lean_left,2.6343661000719294,0.3488735763283992,0.12861500449285101,-0.8621090403574374,-0.011404373430729836,-0.0006112117143639406,0.268579851929956,-0.5659255597013663,0.010781975291122533,0.3357292292857653
P01,S02,12,lean_left,2.6882779999868944,0.34758005616259446,0.10530743830885729,-0.8665418677522373,-0.021781380228478562,-0.0009304757186643049,0.40438652012996784,-0.5589497837281904,0.01961970721157952,0.36396358237781484
P01,S02,12,lean_left,2.7477840000065044,0.34549516049502926,0.0855600431777186,-0.8802187887828722,-0.024367470554656233,0.007621479243853847,0.42905858582728323,-0.5497803569273688,0.003006030827536469,0.6248105080043332
P01,S02,12,lean_left,2.789896000060253,0.34736723408622705,0.0737726387024527,-0.8788915298430746,-0.007982696731702675,0.0025872297261642432,0.19926614666442174,-0.554622475138696,0.02690425914687715,0.7302478778196478
P01,S02,12,lean_left,2.8307356000877917,0.34775733310346796,0.08009516978015062,-0.8848861227596643,-0.0055033937660305,0.001772333091582995,0.14157188464860407,-0.5508874549241808,0.004340880285730078,0.23115122730566776
P01,S02,12,lean_left,2.8849390000104904,0.34795450681876144,0.07033059990183245,-0.8839697997121567,-0.008022369506874214,0.006575611615406627,0.19136993764696333,-0.558766926181543,0.007087367177216048,0.20288361774799418
P01,S02,12,lean_left,2.969778800033964,0.3505224784140773,0.051047126651954315,-0.879757707229762,-0.010634793254240542,0.002269592516338858,0.12817422909324408,-0.5660265214013978,0.02197860909546122,0.29067818145228225
P01,S02,12,lean_left,3.047766700037755,0.3496285346917636,0.0539573210168749,-0.8826043820681964,-0.00567340127209289,0.0026816491484125474,0.08046436612613946,-0.5715977463241904,0.008543472613956032,0.11236349362077178
P01,S02,12,lean_left,3.0968513999832794,0.3512937350927161,0.03969404186198555,-0.8791870737858977,-0.004360650418788779,0.0016235047385140533,0.09479670405069249,-0.5673983323678433,-0.0017807842037453729,0.0866145745869696
P01,S02,12,lean_left,3.135694000055082,0.35092948155223364,0.03916319518733391,-0.8847786973573579,-0.0018284129283437688,0.0033908440038509058,0.09917953625482574,-0.5679628594746702,0.0001645803427377889,0.026747858319538364
P01,S02,12,lean_left,3.2104488000040874,0.35089328466194314,0.031403874581032915,-0.8866668895831921,-0.0010030554666720722,0.002306772775174723,0.03364889810714011,-0.5662661068525416,0.009509480093624042,0.15582735328500683
P01,S02,12,lean_left,3.263353000045754,0.3511274336419993,0.03279645928103748,-0.8838381132602273,-0.001368372264595828,-0.002209833784953292,0.04913019611540674,-0.5652636593885234,-0.00048435410784915223,0.018603459172577677
P01,S02,12,lean_left,3.319542600074783,0.350069240068207,0.034993137636592904,-0.8865018725655605,-0.0016606400537856779,0.0015069330526778398,0.03990859350073943,-0.5669540163849768,-0.021730278727642365,0.38914841256581884
P01,S02,12,lean_left,3.360417200019583,0.3493476157318525,0.03632517132873135,-0.8885847211202486,-0.0011014180919525058,0.00047184133425678173,0.029314791769048013,-0.5670191203096384,0.0009240391790014148,0.06684049587049987
P01,S02,12,lean_left,3.4509803000837564,0.3492231486442508,0.0338751944577544,-0.9025072610103966,-0.0003621356589422843,-0.0001673495999023965,0.004405036197352562,-0.55569714808258,0.007489797617616262,0.08405355450536242
P01,S02,12,lean_left,3.53711740009021,0.3490446172499898,0.03498627171354839,-0.8998314986283396,-0.0006594948804430111,6.156082454679065e-05,0.007689623392184339,-0.5548883242386101,0.006696454209287778,0.07899399045501704
P01,S02,12,lean_left,3.5956525000510737,0.34883694815010075,0.03408399193064997,-0.8954919287011582,0.0005284055056248842,-0.0027928174581855238,0.0485583097843334,-0.5533764266025298,0.0006569136900285068,0.026877352491518302
P01,S02,12,lean_left,3.6880729000549763,0.34795197637793585,0.04152914404572347,-0.8970006128491612,0.0025780425564650346,-0.0006572832963442142,0.028787065653316356,-0.5530890998014777,-0.004574172909228417,0.0827129556818572
P01,S02,12,lean_left,3.775017000036314,0.3469469619479654,0.061513880650836794,-0.8942451750079284,0.009691788080459384,0.0032461150739227862,0.1175578308818866,-0.5558341689362989,0.001505995355137564,0.09713393363658865
P01,S02,12,lean_left,3.844191599986516,0.3485239777543986,0.0643014621888647,-0.8761118367825196,0.008789883112485207,-0.009291015090486925,0.1848949679314938,-0.5537500873326769,-0.0012237358358286514,0.07556321499372214
P01,S02,12,lean_left,3.9327457000035793,0.3434537696440355,0.0923687441271858,-0.8772683497520127,0.020495216994290858,-0.002922148764790698,0.23378346912322487,-0.574453457946125,-0.002423795186159192,0.07105924523576325
P01,S02,12,lean_left,3.9930527000688016,0.3430973833626523,0.1331842589771521,-0.8827257232049865,0.03695207797625529,0.004592858682876573,0.617447601166514,-0.5820995840338694,-0.046860432134836816,1.3101248312680707
P01,S02,13,lean_left,0.382577900076285,0.35340253906678676,0.06420861696667925,-0.8790816590931416,0.0,0.0,0.0,-0.5221952175273384,0.0,0.0
P01,S02,13,lean_left,0.46910260000731796,0.3505900654491533,0.05857044845617171,-0.8777821505257916,0.0033055503352133527,0.0010928394566039929,0.040237262550791006,-0.5707013646631841,-0.05164582758732303,0.8413501296913427
P01,S02,13,lean_left,0.5206616000505164,0.35041977557991516,0.0505076632191342,-0.8772707284586874,6.854827700500132e-05,-0.0003475890919596035,0.006871425844739309,-0.5748962993863088,-0.013504822368869934,0.27090176794311666
P01,S02,13,lean_left,0.5842941000591964,0.3508032565238118,0.04672290479498832,-0.8805829125155724,0.0013234639949392755,0.004294111184530001,0.07061539079214804,-0.5601440910456105,0.023778185813020682,0.47669469064241476
P01,S02,13,lean_left,0.6575938001042232,0.35069150140827515,0.04656400665963148,-0.8791114630123277,-0.0001090313836231186,1.0282772734526385e-05,0.0014940742644493949,-0.5593264640775115,0.004942472219533524,0.21399498319361965
P01,S02,13,lean_left,0.7206178000196815,0.35052150766160534,0.045606998715452346,-0.8704900220398993,-0.00029796242605605565,-0.0017150800566137123,0.027620752314719398,-0.5581225201299953,0.024405047884526004,0.40025935500715387
P01,S02,13,lean_left,0.7979877000907436,0.34877947964647205,0.045482617538221415,-0.8732855678609462,-0.0001393220917193622,-0.0023102431118162503,0.0299139625780378,-0.565039375779852,-0.03158069304822218,0.42880079534724325
P01,S02,13,lean_left,0.8678959000390023,0.3487267974712185,0.04529169056495468,-0.8726025450342412,-0.00013019887914234962,0.00014015501266390114,0.002736426569780462,-0.5639887256243898,0.0014572836746316593,0.048054419038224834
P01,S02,13,lean_left,0.9230150000657886,0.34814169913980486,0.045167923919633896,-0.8725201506291268,0.0006963885487516475,0.00036082086453450446,0.0142294442969892,-0.5748916934927356,-0.032745745276594046,0.6161801787327276
P01,S02,13,lean_left,0.9961057000327855,0.34810584384204024,0.04314945975589835,-0.8714395227438655,-6.515135479118077e-05,-0.001690339486198519,0.02314377337865082,-0.5657511854967752,0.01946427411555218,0.2784947739047552
P01,S02,13,lean_left,1.0565005000680685,0.34757982879777394,0.043185265245892536,-0.8734284910142767,0.00035017188728222066,0.00078291368824044,0.014200828891980764,-0.571724348417278,-0.01633115576038956,0.2763448656387176
P01,S02,13,lean_left,1.1086398001061752,0.34758793623943113,0.04542323941746105,-0.872653431571467,1.1703562125695333e-05,0.001540754662261869,0.029551587968853946,-0.5725097176678887,-0.016832200109673283,0.33673134654208114
P01,S02,13,lean_left,1.1482014000648633,0.34762982918302127,0.04513417045033226,-0.8727626787767436,-0.00010784840199654487,0.00016100103255128082,0.004898309449115618,-0.5726185288388409,0.010441167329037805,0.26728740401371004
P01,S02,13,lean_left,1.1930728000588715,0.34766198686416894,0.044528440702546704,-0.8762349612810002,0.0016255914133628474,0.0009614592924448385,0.04209000497810607,-0.5663355757399323,0.031030061110699888,0.7002725605328086
P01,S02,13,lean_left,1.2405351001070812,0.34665124944377146,0.04664534534320298,-0.876399018618855,0.0035629401269866062,0.0005397325994069424,0.0759252920508951,-0.5702903856783971,0.007586369873656511,0.2447797526955014
P01,S02,13,lean_left,1.3171570000704378,0.34933385258087263,0.046926644330241664,-0.8732587313917077,0.012473447746654244,0.0013073190155921594,0.16368387479689567,-0.5761418704811585,0.011206632416864504,0.19528968083559176
P01,S02,13,lean_left,1.3930873000063002,0.34910222918916206,0.05930026705687096,-0.8670825753825355,0.016853357531178653,0.0027357179169388516,0.22486347746168753,-0.5832529450650316,-0.002759464826089288,0.15129069563829736
P01,S02,13,lean_left,1.4496121000265703,0.3486942361337753,0.058862354491743846,-0.8679473731598754,0.0063070089758313986,-0.0009687837918115946,0.11288814608577002,-0.5764898436713136,-0.021184912560370125,0.38307252960672455
P01,S02,13,lean_left,1.4933467000955716,0.34852846186733616,0.08961985161594371,-0.8668050518239404,0.015055271430516475,-0.00022839455541462747,0.34428127217299287,-0.5779533710276548,0.04074493136831523,1.2330747547793235
P01,S02,13,lean_left,1.551735700108111,0.34535664469516925,0.11687687628792381,-0.865110643715665,0.023129384622966022,-0.007195825808234435,0.4148536334005873,-0.5750073629220492,-0.02355307987132488,0.45595348241238554
P01,S02,13,lean_left,1.6280529000796378,0.3457175087644303,0.13287998927305522,-0.859420018629735,0.007479685121690341,-0.0031086980633005298,0.10613572121065652,-0.5756720630131029,0.029439316823782775,0.3885915680486645
P01,S02,13,lean_left,1.7068857001140714,0.3447914996915737,0.15028066220116185,-0.8565894757233752,0.021826720075499427,-0.001101796894110717,0.27722612065667124,-0.580138444354567,-0.03830530667516652,0.4971781168611008
P01,S02,13,lean_left,1.7656504000769928,0.3430209441996709,0.1732247183986114,-0.8539380969272818,0.025904108705637006,-0.007010503102292615,0.4566684310884876,-0.5876245517873635,-0.04425032251682943,0.7539104979304193
P01,S02,13,lean_left,1.836155700031668,0.34519135265472445,0.17611563284638523,-0.8536323306864474,0.008754435668424746,0.005034404858946585,0.143234351612726,-0.5825221923047964,-0.014132850023070605,0.22436849281210955
P01,S02,13,lean_left,1.9238531000446528,0.34054574580242497,0.2038597955953319,-0.8505149981031024,0.019543452873788714,-0.006512136014531824,0.23489710833941274,-0.5900521001746609,-0.019038273287833522,0.2604054582494942
P01,S02,13,lean_left,1.9997691001044586,0.33932107918848325,0.2084142446240218,-0.8312917362782443,0.02060154077107342,-0.0007383806656296236,0.2715470872271814,-0.6325040302404326,0.16066601372788183,2.255834195049936
P01,S02,13,lean_left,2.0745616001076996,0.34195404180284983,0.21794752917325624,-0.8332135819957953,0.024833333728760558,-0.001107976155267111,0.33236004201147845,-0.6063252636339113,-0.03667226785895323,0.5439133317806331
P01,S02,13,lean_left,2.1290630000876263,0.3413066745822364,0.21733256943121096,-0.8312505003042896,0.01334354770896323,-0.0025799941377269023,0.24936390498126598,-0.5950508233834747,-0.045819488626815154,0.8599364673905568
P01,S02,13,lean_left,2.1896247001131997,0.3409479764682789,0.23074332659012395,-0.8230107676688886,0.01424125910395545,-0.0055458259814181255,0.2523539716129113,-0.5903560768412405,-0.029255315453388442,0.48375966227804224
P01,S02,13,lean_left,2.262984300032258,0.34324405140196024,0.23698071379287985,-0.8099571136446153,0.01779735239283834,0.006093063426260917,0.25642811468564114,-0.6056171485420275,0.02181775780024892,0.5271964272194601
P01,S02,13,lean_left,2.3055535000748932,0.3440362494360297,0.2344904582167814,-0.8079956447033816,0.0057806948565327755,0.00022141485424230912,0.1358948174698259,-0.5999616110963462,-0.015938720001609785,0.3842495458208227
P01,S02,13,lean_left,2.3759783999994397,0.3443776850363273,0.2404038002487659,-0.8030236872212819,0.00922395780330832,0.0014626065292857344,0.1326121556864567,-0.59265573200231,-0.01812892164383955,0.2589525448930169
P01,S02,13,lean_left,2.421469600056298,0.34320250588099743,0.23909407202408567,-0.8053766994398803,0.0026530559630173023,-0.0039270698918744615,0.10417970594513207,-0.5933925075567396,-0.008157521312227935,0.20269596127894315
P01,S02,13,lean_left,2.500848300056532,0.3438283598051931,0.24642541790242878,-0.8028801113705417,0.006906625598541674,-0.0005196340488476916,0.08725446343316963,-0.6079305284617036,0.00993320936124763,0.2524304725442628
P01,S02,13,lean_left,2.5794796000700444,0.34426081838308015,0.2540938442777042,-0.8075321129332855,0.008434809381800431,-0.001306932526333497,0.10855041521062204,-0.6062855089036546,0.0837084146063588,1.0942831096700512
P01,S02,13,lean_left,2.6592678000451997,0.3447686906466759,0.2540042384987768,-0.796781949930103,0.002369923354147026,-0.0007087338493480738,0.031002441331819848,-0.5923217717589364,-0.041373111409627426,0.5346085935622643
P01,S02,13,lean_left,2.719041300006211,0.34522600528521546,0.2533453755336722,-0.7972813890765763,0.0001844376171160877,0.0001577194132792381,0.00405996093323729,-0.5903084101070165,-0.012808550683366846,0.22086320360748904
P01,S02,13,lean_left,2.7884962001116946,0.3472642859733767,0.2568246898676574,-0.7874294988528028,0.0019099305961713777,0.006623524308331195,0.09924995994028071,-0.5987537780315886,0.017959065096936823,0.27648227476556825
P01,S02,13,lean_left,2.8331683001015335,0.3470355741007224,0.25739941631013763,-0.793666474167904,0.0008129532126906248,-0.001565706752630378,0.03949176008143954,-0.5912067935415458,-0.00826362306919914,0.35911684811062533
P01,S02,13,lean_left,2.874477600096725,0.3473394277025267,0.2567859467966905,-0.7874535768806223,0.0002376278800211824,0.00016053502925424527,0.006942082453100984,-0.5984262542109905,-0.029247467419168314,0.7124871489460445
P01,S02,13,lean_left,2.9601111001102254,0.3475928450540691,0.2551377379909317,-0.790922675091586,0.00020937505563277986,0.0002830250035396422,0.004111155650026719,-0.5930669048138956,0.0064425188516559085,0.07629213390345482
P01,S02,13,lean_left,3.0311600000131875,0.34774417007298764,0.2536471689142618,-0.7890381761252688,0.000935093000995224,-0.001670757772376674,0.026948142151221068,-0.5893170747445557,-0.003872678665254672,0.08027789282182356
P01,S02,13,lean_left,3.077183000044897,0.3479425932192883,0.2516426940093114,-0.7869182306761466,-0.0006960589982467837,-0.0013509189097825967,0.033020388654837834,-0.5901149201425102,-0.019616179857020348,0.4378246971689722
P01,S02,13,lean_left,3.150995000032708,0.34996801450652726,0.25069250013110495,-0.7863804260982693,-0.0026330629372712357,0.0015909082080886553,0.041678358650406255,-0.585201363193275,-0.005974884913653022,0.09863987611700559
P01,S02,13,lean_left,3.232421200023964,0.3505156451417931,0.24999159578337504,-0.7888137274998823,0.00012643102812878975,-0.0011667874909289722,0.014413265292973699,-0.5868898604286111,0.011961198346473514,0.14741409662962518
P01,S02,13,lean_left,3.307458300027065,0.3507281702752741,0.24926285028738826,-0.7878703471543964,-0.0026853500034455,-0.0005564862644589693,0.03654731255719795,-0.587489920701269,-0.01549987531878791,0.211895311606756
P01,S02,13,lean_left,3.36107860004995,0.3502295203320166,0.24514709355138775,-0.7868851817745922,-0.0017285932276917175,-0.000529197660875002,0.033714553537950435,-0.5914024101541161,-0.007582932381206946,0.1994830455830298
P01,S02,13,lean_left,3.4347272000741214,0.34956462659493154,0.2446646975582784,-0.7897042852443046,-0.0027396442772144062,-0.0005346375161403333,0.03790056710454981,-0.5895490068855603,0.0007961347485684264,0.06882026599870504
P01,S02,13,lean_left,3.5083946000086144,0.35046052471430533,0.228704206861192,-0.7884569895162994,-0.00496292197087635,0.0003004378455506823,0.06749264103998706,-0.5883150852181472,0.0003931626989801664,0.12130361574760617
P01,S02,13,lean_left,3.5761945000849664,0.34892519628578184,0.21634547846333513,-0.8019020847006074,-0.007945857969673571,0.0014173230909251128,0.11904551434903464,-0.5918286465513007,-0.021401704863206986,0.33864572965894163
P01,S02,13,lean_left,3.628470200113952,0.3496203212416266,0.21221937065790825,-0.8019856232162071,-0.0032200577625415903,0.0012773508112847146,0.0662670978605946,-0.5885671852857268,0.004959011201754817,0.09794775229237387
P01,S02,13,lean_left,3.669672300107777,0.3498420622167987,0.2088877135575988,-0.8102496971815616,-0.015729909356401294,0.0008270044599738627,0.3823017359229812,-0.5788294089675896,0.01168561600100156,0.37904697602860526
P01,S02,13,lean_left,3.759709300007671,0.34862419440963827,0.18998948556028034,-0.8248808647629201,-0.03219218185623785,-0.0007696261841802997,0.35764608323699365,-0.5769498746315558,-0.0006722071620066741,0.23352099661265033
P01,S02,13,lean_left,3.8034079000353813,0.3498346732995735,0.1829748956561562,-0.825639468288779,-0.00808655020855258,0.0038608838860752968,0.20506275316848716,-0.5768178099176644,-0.0005876787844150819,0.24673135488990244
P01,S02,13,lean_left,3.8420588000444695,0.34917554471561635,0.17519248788233494,-0.8332823028678589,-0.0028936821388626855,0.0028693999093434195,0.10543481699267396,-0.57201901484703,0.013115324574416,0.4633112498620831
P01,S02,13,lean_left,3.9300207000924274,0.34771532351900075,0.1589427431197877,-0.8345289607307035,-0.024392772989409554,-0.01117910672446127,0.30504615443291666,-0.5708732410182444,-0.003883148696139802,0.20661711842252506
P01,S02,14,lean_left,0.38636690005660057,0.34892152636439433,0.0647558362462295,-0.8896959624255524,0.0,0.0,0.0,-0.5504938339993738,0.0,0.0
P01,S02,14,lean_left,0.4694428000366315,0.34863303077709207,0.06233647394580586,-0.8908255847276928,0.002044334520779908,0.0016763286620319463,0.031823234251446356,-0.5720088725577464,-0.03830412511792771,0.6425170572182533
P01,S02,14,lean_left,0.521754200104624,0.3492412915391336,0.05964649424611458,-0.888224537732203,0.0008999800443889069,-0.00020727744065051484,0.017654679858018805,-0.5743839566242184,0.0013348061225322172,0.31101079332793174
P01,S02,14,lean_left,0.5822751000523567,0.35046140600643066,0.05694902818696962,-0.8844689352585452,0.002709546278033569,0.00012645059521815011,0.044819150218908,-0.5731845208340965,-0.01226975341260366,0.2084443352271725
P01,S02,14,lean_left,0.6547516999999061,0.35158661008549974,0.05672031938755345,-0.8811375223411293,0.0016581775694083512,0.0017086976507582838,0.032852097081759256,-0.5874172825437178,0.013098906622490218,0.31530171772718074
P01,S02,14,lean_left,0.7012714000884444,0.35284167649685627,0.05504576985858294,-0.8741457519858304,0.002223169709867075,-0.000772505230289285,0.05059277421739498,-0.5845292781173722,-8.166916976908129e-05,0.1395940751855887
P01,S02,14,lean_left,0.7663363000610843,0.3537223877047243,0.05653223620356429,-0.8703327327424213,0.0008991946699969371,-0.0012556287811632096,0.023736217283483144,-0.5853603811904969,0.005039039034458887,0.11341156383466242
P01,S02,14,lean_left,0.8630910000065342,0.353548661514405,0.05557254320364904,-0.8967161206764724,0.00046838419254058446,-0.0002044149495025497,0.005281884843161929,-0.5840666822265546,-0.00018098880794784766,0.03446038006044132
P01,S02,14,lean_left,0.9225353000219911,0.35352676182603143,0.05911987536531361,-0.8821315328170708,-1.6944309304862568e-05,0.004967380227806104,0.08356409489103579,-0.5917505514493293,0.011135580493845519,0.1961395286102241
P01,S02,14,lean_left,0.9963020000141114,0.3538495640077927,0.059023746977067616,-0.8901074848153422,0.001917845186536007,-0.0022505266009147005,0.04008389236612948,-0.5858073672436527,-0.009321567053407483,0.1347115785194926
P01,S02,14,lean_left,1.0828468000981957,0.35238805133760903,0.07666294242192562,-0.8913264338213628,0.0037913408425962664,0.0014762967632554551,0.047011790365517524,-0.5858088134408084,0.0018463047432920555,0.08801375868976272
P01,S02,14,lean_left,1.1577656000154093,0.3515706133120952,0.08411616011049206,-0.8828634178501165,0.0024538109656815758,-0.011430942795461675,0.15605360754960787,-0.5762940309722386,-0.01793046303705142,0.253892202832463
P01,S02,14,lean_left,1.2340762000530958,0.3506586032040492,0.09369258219339853,-0.8773003722575381,0.0108474307414443,-0.002660938311824023,0.14636282710118725,-0.5733283966622362,-0.015791657266115162,0.23877561481791826
P01,S02,14,lean_left,1.297705400036648,0.3488378936211397,0.1171567943170105,-0.8692315355002586,0.019706524496292673,-0.007208080854034444,0.3297764392517128,-0.569404619124596,-0.03193258832948391,0.5644682417347091
P01,S02,14,lean_left,1.345143900020048,0.34826648622434253,0.1325805546913378,-0.8564458528557303,0.00623589958534556,-0.009197250187092026,0.23423946763152337,-0.5644521504344756,-0.01605720831460008,0.3816605459386534
P01,S02,14,lean_left,1.3964512000093237,0.3430352034858469,0.14682514372955485,-0.869435662250886,0.022537800175048573,6.863387327898747e-06,0.4392708488812638,-0.5658586721517083,0.009675530190128123,0.21623492436110126
P01,S02,14,lean_left,1.4532453001011163,0.3389788556237052,0.17239063793658477,-0.865157798563418,0.02974808971253184,-0.0068084531224788195,0.5373317247261828,-0.5669181036461917,-0.0022843603173974734,0.3682056642400934
P01,S02,14,lean_left,1.5116357000079006,0.3412146881785394,0.16360945366454807,-0.8564437940392542,0.015698038187207664,-0.002111401901383501,0.27126710235491097,-0.5710908581060761,-0.004721399949224877,0.22878644976531443
P01,S02,14,lean_left,1.5784573000855744,0.3417562907514514,0.19477811499160494,-0.8431455060577002,0.021889631774342784,-0.006623013662882981,0.342249165141967,-0.5858401619161758,0.03229258506887662,0.6041284284280477
P01,S02,14,lean_left,1.6655753999948502,0.3441954175138043,0.21321888730495975,-0.8445925232947197,0.027616695774694194,0.0012924613276215,0.31734992906950954,-0.5962705719316765,0.03244449458913773,0.8580994377095673
P01,S02,14,lean_left,1.7349041000707075,0.3460665887034027,0.2037052777377687,-0.8414114654715827,0.011873983355904961,0.0021355369593435754,0.17401874400326903,-0.5919272143930439,0.03284112997065818,0.5287580367189794
P01,S02,14,lean_left,1.778017200063914,0.34562977316602245,0.22086136825262037,-0.8391791266374974,0.014166912249151408,0.0004131094530761469,0.3287384609497512,-0.5987837419237559,0.0002644401245723122,0.22895605054853974
P01,S02,14,lean_left,1.8549590000184253,0.3485409104267885,0.2322533192045441,-0.8360873747257286,0.023418712181696853,0.004960114774678523,0.31112125330413326,-0.6051685761498022,0.007553784566449149,0.24015716921883146
P01,S02,14,lean_left,1.8951462000841275,0.34880001911038616,0.2354379067512068,-0.8139961354737487,0.005548546179758273,-0.0019531285841034567,0.14637167850031615,-0.6037856773859239,0.007579192608809487,0.26706836101536147
P01,S02,14,lean_left,1.9661758000729606,0.34865522188882436,0.24536829495124615,-0.8158193685428566,0.011824245843439133,0.0006978417206977256,0.16675893583024434,-0.6016529877956043,0.00913946252349909,0.1444589742252211
P01,S02,14,lean_left,2.061964900000021,0.35043836370485554,0.25439909800354854,-0.8214635555652172,0.007938591998990194,0.009629161377529918,0.13028270582356744,-0.6010197633422593,-0.002036643899324603,0.15825327945145276
P01,S02,14,lean_left,2.1313426000997424,0.34906152881393737,0.251868691764168,-0.8017637418060051,0.006019392172141871,-0.008934083419525514,0.15527602736098947,-0.6007842009692942,-0.02633479955477219,0.3997607403731874
P01,S02,14,lean_left,2.19293210003525,0.35062479627329074,0.25054071571565995,-0.7955610168513652,0.005079126164286005,0.0036382441317373677,0.10144175609253035,-0.6038123620636207,-0.1077509301926353,1.7789097132260354
P01,S02,14,lean_left,2.270247900043614,0.35003453926372236,0.2612826387962242,-0.7899322264278706,0.006276260627743817,-0.0067040946075367066,0.11877884562417222,-0.6095405604304945,0.020721926067030952,0.2762457393661167
P01,S02,14,lean_left,2.3374904000665992,0.3513816522194968,0.25693771878666777,-0.7912648169976061,0.002729336402109449,0.000542644322582233,0.041383910983812784,-0.5960582734260204,-0.0027186534618232304,0.08765807119611102
P01,S02,14,lean_left,2.381222700001672,0.35121286052751227,0.256284096035516,-0.7930112687556353,-7.093914920624493e-05,0.001073081914906906,0.024591072911917717,-0.5990532307877505,-0.061863093539481794,1.4390357621384964
P01,S02,14,lean_left,2.462242200039327,0.3514961646822976,0.2558912975807686,-0.7905030599313904,0.0002466031307708812,-0.0017820541868806532,0.022204974305286975,-0.59980291226773,0.05065147559429019,0.641273678496914
P01,S02,14,lean_left,2.546682900050655,0.3508679682870077,0.2565573774086662,-0.8003847469829547,-0.00020249422288143504,0.0011416631081163457,0.013731317046253959,-0.5961483119297296,-0.003196245888220876,0.05122134896940417
P01,S02,14,lean_left,2.6092346000950783,0.35054738436842925,0.2566851394521036,-0.8019668831710037,-9.258300169226169e-05,0.001282984461467329,0.020564119285388125,-0.5938614096484673,0.0021774805626577076,0.04296327923561473
P01,S02,14,lean_left,2.6626331000588834,0.35033664456436386,0.25865280452381406,-0.7997963740508349,-0.000442989896266506,-0.0025960101131761813,0.04931852718424901,-0.5938841445340474,0.0184621747745574,0.3479295605706934
P01,S02,14,lean_left,2.717143600108102,0.35079567044513926,0.2577841799940834,-0.796967433894663,-0.00018142430144067702,0.0017894357580168485,0.03299564696044285,-0.6089369861774613,0.021014379353183642,0.39287948550735863
P01,S02,14,lean_left,2.7832969001028687,0.3510881853235726,0.25567216783988395,-0.7920384365930492,-0.00018704536388988385,-0.0006657575625088991,0.010453505342823396,-0.6090982316597751,0.004147640247562624,0.06514977550246527
P01,S02,14,lean_left,2.8635257000569254,0.35172026246069155,0.25397415626087544,-0.7914552755398345,-0.000860463886071589,-0.00022216999599012374,0.011076858618087784,-0.5998567575886069,-0.050807947998310954,0.6421154985661058
P01,S02,14,lean_left,2.9310325999977067,0.35191784436579626,0.25492891829195086,-0.79773104781159,-0.0012358995143023721,-0.0001472680043423205,0.018437266571120506,-0.6065430967818359,0.03372885109002934,0.5275880667953908
P01,S02,14,lean_left,3.014708700007759,0.352238080760214,0.24779589183893036,-0.7965620211847669,-0.004990630150619323,-0.000452739881935475,0.05988715888274374,-0.5936244867624905,0.09029441927336732,1.0876314791534907
P01,S02,14,lean_left,3.0827464000321925,0.3512096158479459,0.24750011071639658,-0.7946218685829978,-0.001288032648054482,-0.0021214904956854933,0.036478075670485985,-0.5953448966471426,-0.008683905237174284,0.15109466678268124
P01,S02,14,lean_left,3.1291871001012623,0.35113178968888714,0.24834040112308642,-0.7954554335456301,-0.0016408041462420736,9.675753810862631e-05,0.03539254455327269,-0.5908401425225537,0.020747523974352238,0.45850815990952004
P01,S02,14,lean_left,3.191396100097336,0.3526000235406011,0.22396997395660054,-0.7962930671591681,-0.00524904567123469,0.001833104721474614,0.08937491142457966,-0.57738578455373,-0.006472115507203871,0.22650541364184315
P01,S02,14,lean_left,3.263800000073388,0.356861191452755,0.21339188294816808,-0.7925353586123354,-0.017095524125280034,0.0042212160455891955,0.2432046328567939,-0.5682246079573928,-0.15099210562768292,2.2505676279786173
P01,S02,14,lean_left,3.3272195000899956,0.3556606272279621,0.21476039688560433,-0.7950633222013428,-0.0027410362411587463,-0.00264278746037038,0.0600378762216193,-0.5749363746269731,-0.016101521876353976,0.28728911907071686
P01,S02,14,lean_left,3.4182418000418693,0.35016576486407897,0.19249173853001456,-0.835072926332289,-0.01751368270110024,0.005368346867535553,0.20124711859852798,-0.5745007986206375,-0.017998140475642126,0.45096809445659636
P01,S02,14,lean_left,3.496936400071718,0.34294094787716556,0.16453154169966,-0.8511359500654068,-0.030640324819148898,-0.01430479712020529,0.42969958501538097,-0.5725600038523265,-0.0018785369601261538,0.21548502347000134
P01,S02,14,lean_left,3.5815161000937223,0.3403635360908329,0.13329176990971167,-0.8742693983369101,-0.033451743631440496,0.006903864439448984,0.4038408065280737,-0.574515299606162,0.004926160919746342,0.36585126681732233
P01,S02,14,lean_left,3.634242800064385,0.3438883692555897,0.12524435760753222,-0.8684129752985622,-0.016281336641586087,-0.0003125926505892426,0.30884423218376483,-0.5713805371707408,0.037940602544526095,0.7342157994361539
P01,S02,14,lean_left,3.6861125000286847,0.34362218766549635,0.09892426868540685,-0.8784028122677258,-0.03333338441808132,-0.006186011033640271,0.6536094430797978,-0.5613059599416358,-0.007625177146992697,0.4497000358871009
P01,S02,14,lean_left,3.7785964000504464,0.34081829028654465,0.06768065115750427,-0.9136175898084647,-0.04371734587718664,0.007050651696016473,0.47881040911925127,-0.5449391010097316,0.014593602399221008,0.44042060405873207
P01,S02,14,lean_left,3.8569061000598595,0.3488816867518576,0.04297884480406442,-0.9106215832430081,-0.0351220738503082,0.008796972958665328,0.46235650736779627,-0.541714290296398,0.034306753523263275,0.46703142608265
P01,S02,14,lean_left,3.9499858000781387,0.3520184145676523,0.019533299803936116,-0.9056276744563408,-0.03849488212163991,0.0028190506229178055,0.4146765213889644,-0.5473787998216649,0.013934202000235955,0.21374311811398897
P01,S02,15,lean_left,0.3899515999946743,0.35179472934586187,0.015140026856188017,-0.9032851587562173,0.0,0.0,0.0,-0.5521262444297449,0.0,0.0
P01,S02,15,lean_left,0.47211020009126514,0.3514494730495328,0.016522060888220415,-0.8922258008772569,-0.0005278270987080545,0.004405781145549952,0.05400878555860996,-0.5526114583941213,0.0052352824427095036,0.1023998594367059
P01,S02,15,lean_left,0.529724600026384,0.35144184905972325,0.016934251249406083,-0.885572317143866,0.00012037381644365404,-0.000989617779427575,0.017303171347104913,-0.5518569359378633,0.0034744598814794637,0.06092365917472679
P01,S02,15,lean_left,0.577685600030236,0.3504370159747112,0.018066089669490096,-0.8893648650993602,-0.0009455114762485802,0.0010974838640931757,0.030203857037568508,-0.5558094159711404,-0.009631471730554416,0.2012141232161222
P01,S02,15,lean_left,0.6561333000427112,0.3502806649278148,0.022255472449378467,-0.88956751580351,-0.0016635939918827473,-0.00019551674900764862,0.021352363559336587,-0.546441316787893,0.008217440148826659,0.13047504443729097
P01,S02,15,lean_left,0.6970716000068933,0.3497761513252176,0.025794100971071248,-0.8918468240481912,0.0007417433022895079,0.0010648794201383344,0.031700108548553915,-0.5536941389624523,-0.00440846394271682,0.11896920527183531
P01,S02,15,lean_left,0.7591071000788361,0.3498851529866059,0.025310391765952654,-0.8969936778229467,-0.0005444116216850348,-0.0007662562698394074,0.015152037016232038,-0.5527706539523761,-0.0014875137013079446,0.08323959985025431
P01,S02,15,lean_left,0.863930799998343,0.35021943006489537,0.021597400865495952,-0.898087664516435,0.0010106017836037427,0.001999418954829365,0.021372177491132828,-0.5458230327343413,-0.01822441350729314,0.19903148637923493
P01,S02,15,lean_left,0.9172118999995291,0.3504416231490422,0.026695465661791845,-0.8977025297993138,0.00023816064740473118,0.00042316992732938487,0.009113653878256163,-0.547616202324021,0.00046221424549972533,0.03502929471562938
P01,S02,15,lean_left,0.9660689000738785,0.3505553211232941,0.027858223592570012,-0.8970572860439517,9.904201559517548e-05,-0.00037049365147105126,0.007849507970570845,-0.5477540336028687,0.005190952656776221,0.15374526033309321
P01,S02,15,lean_left,1.0540275000967085,0.3508305438117808,0.027572563381005406,-0.8928227794654401,0.0003273467813640446,-0.0027551156507019748,0.031543183008517106,-0.5395129652261766,0.02921562911409566,0.3352621875226066
P01,S02,15,lean_left,1.1066672999877483,0.35024712599989843,0.028667474164060205,-0.8935149924668576,-0.0007163677688024186,-0.0008258778434488983,0.02076903971940418,-0.5459037809787425,-0.005108918482759155,0.09712024297531503
P01,S02,15,lean_left,1.197459000046365,0.34954339246872956,0.028393909671426354,-0.8995743789583464,0.0019129522132544524,0.003821129826016749,0.04706620962886631,-0.5484502418531109,0.0002412223111874425,0.1701806507720069
P01,S02,15,lean_left,1.2645632000640035,0.3502282772851803,0.027892661960529967,-0.8981446256347843,0.007390413245426604,-0.000582723660387811,0.11047521788960658,-0.5516819463719558,0.0010543146606608355,0.25493461759948244
P01,S02,15,lean_left,1.330468500033021,0.35154454986373385,0.029648026971021375,-0.8949417139116779,0.0048826379432838594,0.0015666490006404326,0.07780588865816986,-0.5669776548495065,0.014047215550164022,0.335228159694468
P01,S02,15,lean_left,1.4021319000748917,0.350926049305947,0.044843518285626376,-0.8981049174404678,0.01615418197079781,0.007495971852402853,0.248503794238239,-0.5701083713181967,0.001736741115479703,0.31686245826410947
P01,S02,15,lean_left,1.4553984000813216,0.35148260734649417,0.06858629547886924,-0.8928527422857206,0.02536188667669397,0.00210466529735885,0.4777686734606081,-0.5716950160303506,-0.017904580096453925,0.39413831141661676
P01,S02,15,lean_left,1.5203674000222236,0.3502997503152773,0.0829815333023039,-0.8798284809715105,0.01577142066740327,-0.014958343310645637,0.33457232277107185,-0.569984417402013,-0.0036689968331704323,0.06114341573672719
P01,S02,15,lean_left,1.6043003000086173,0.3430185278280852,0.11407169783783482,-0.8980063340555161,0.032332687185694445,0.006114706574610503,0.3920489996100489,-0.5821227802004356,-0.017769504493475956,0.36102189330325407
P01,S02,15,lean_left,1.6634224000154063,0.3391151226348265,0.14335798180650347,-0.9070818628614212,0.04181186586745407,0.005056765433709616,0.7123654392509873,-0.5845393217557494,-0.030176057525891618,0.5870199416984827
P01,S02,15,lean_left,1.7382024000398815,0.34010563340195443,0.14844307550173394,-0.901993487882427,0.011914948140700793,-0.0033946570003879325,0.16567391570944842,-0.5749011583597594,-0.04003900862544655,0.5445801039515408
P01,S02,15,lean_left,1.8075208000373095,0.3415076113613284,0.17526743506179865,-0.885450199488964,0.03286368036893567,-0.004996730141599092,0.4795461494574818,-0.5900818580266137,0.05288928972880648,0.9851132830268733
P01,S02,15,lean_left,1.8856892000185326,0.3432893879595613,0.19722923723958855,-0.8730469133539825,0.03394461836452426,0.0033480684388043154,0.4363570725244198,-0.6093422806794357,0.07009600916314085,1.1720913968990214
P01,S02,15,lean_left,1.9625277000013739,0.3489006304086639,0.22331717911634044,-0.8451281016008719,0.02968554512324239,0.00346104361981984,0.38895379246371103,-0.6026647655526675,0.021492924026785296,0.3888039416828285
P01,S02,15,lean_left,2.0181135000893846,0.3508515216963109,0.21084922102006934,-0.850245230144864,0.009116404661643636,-0.0005123751716208342,0.16426482969450693,-0.5951287188138175,-0.0950943073681483,1.7251392949918043
P01,S02,15,lean_left,2.1006942000240088,0.3507675938105565,0.22616207006138908,-0.8255034845514108,0.017135921904724755,-0.005250213366688209,0.21702626258752794,-0.5943185920047152,0.004548726029603053,0.3200963236820907
P01,S02,15,lean_left,2.165454600006342,0.348397377436405,0.23051298999311925,-0.830632647893917,0.015378550370048835,-0.00033318289177208864,0.23752415405021865,-0.5960608516913747,-0.026091835025336303,0.43786799123689435
P01,S02,15,lean_left,2.2186072000768036,0.3514338618300705,0.2318515573792733,-0.8230842374113149,0.007284583455032231,0.002947635491012507,0.14784512781126152,-0.5926003071732713,-0.039887916194257356,0.7599501700772688
P01,S02,15,lean_left,2.299261700012721,0.3521731316772299,0.23918835739876793,-0.8365604298476664,0.008660765425006144,0.006365929999428518,0.1332680847382846,-0.5859420748659538,0.006899122959155388,0.11127242352602917
P01,S02,15,lean_left,2.360926700057462,0.3519783567936681,0.24002636471810332,-0.8272391288580154,0.005320719023472819,-0.0022014432624171435,0.09337808669607861,-0.5834507858496011,0.002457869099222455,0.04568797977016264
P01,S02,15,lean_left,2.4028941000578925,0.3517539020901596,0.24394986972231536,-0.8292694184782751,0.0021212579055611322,0.0010089891120073301,0.05597198153001478,-0.582418505151043,0.0017532452989035652,0.05263123070743063
P01,S02,15,lean_left,2.475808300077915,0.35362716407233485,0.24554009488953102,-0.824394655651299,0.0035693461598099163,-0.000535658966112243,0.04950086642953454,-0.5846642747481673,0.001660973068758985,0.09699671979630536
P01,S02,15,lean_left,2.5224676000652835,0.353787789074651,0.24969134597277715,-0.8177773325481087,0.001773417318070772,0.00047400637685710646,0.03934203513798022,-0.5838654535719005,-0.004148717576576048,0.09124010859001014
P01,S02,15,lean_left,2.564904500031844,0.35410599470761683,0.24835274638404825,-0.8166206433091313,0.0007799306583183125,-0.0003807495735655601,0.020451699293902278,-0.6023846290622946,-0.021304304771917953,0.5694906598301563
P01,S02,15,lean_left,2.6550071000820026,0.35509169310615235,0.24499424945463788,-0.8076604875732764,0.0013012278666870974,0.0008214924122248007,0.017078807243365027,-0.6016080483568896,-0.04158085338706748,0.4733825278948289
P01,S02,15,lean_left,2.712765400065109,0.35517627848696165,0.24323885378228802,-0.8004614442997205,0.0005585791398570855,-0.002273082304150285,0.04052591530783318,-0.5952430298810794,0.03241586679077527,0.5668449198531124
P01,S02,15,lean_left,2.7646439000964165,0.35527805837600335,0.2425780787000142,-0.8086444017123842,-0.00026973061065373947,0.0025814616116492544,0.05003065050774989,-0.5869673106849264,-0.0025544594350505106,0.274877266207895
P01,S02,15,lean_left,2.8649008000502363,0.3552191000582071,0.23755402259103686,-0.8020945987710971,-0.0002689363955882533,-0.00575392166034428,0.057454431897367035,-0.5865504864293623,0.0037519756333160422,0.04600174843317333
P01,S02,15,lean_left,2.9375338000245392,0.35538699936204265,0.23638466852974127,-0.8017153211546524,-0.0004617264766612515,0.0010255090960934335,0.015484147124768175,-0.5806661236549856,-0.024143178305553112,0.35636358861821255
P01,S02,15,lean_left,2.987925300025381,0.35544381968991134,0.22853894730012134,-0.802207449147682,-0.000611819743138961,-0.0005085222340876795,0.01578761499021859,-0.5925987267597097,-0.006750163789047196,0.2724219255840053
P01,S02,15,lean_left,3.0581721999915317,0.35683427624611064,0.21873229351323115,-0.7992520764859586,-0.004278327134636411,0.00013346282671200142,0.06093376822842856,-0.5893900136789801,0.0007230279306158901,0.0645742573401559
P01,S02,15,lean_left,3.1323911000508815,0.3547134378560714,0.21807701690806736,-0.8087017179154203,-0.004700892500696671,0.003700069790319756,0.08060457684567619,-0.5875797646702522,-0.004647414906715316,0.07227451411559438
P01,S02,15,lean_left,3.1736770001007244,0.353308477972808,0.210758307689507,-0.8107267026761397,-0.006166941991046424,-0.00974562324917485,0.2793429335829662,-0.574018206792827,0.061060574599412845,1.5425016850977307
P01,S02,15,lean_left,3.263166300021112,0.3538003147058179,0.1934890052974094,-0.8281733720395879,-0.0209374606125101,0.011260095821247896,0.2656545709082561,-0.5721416011468597,-0.004423048082544913,0.11549614772126016
P01,S02,15,lean_left,3.3142334000440314,0.35238427488675156,0.18945405392158166,-0.8311042762878554,-0.005157029815869402,-0.002562826549523435,0.11276801817892058,-0.5745093945748266,0.02847739755348761,0.5803697893124067
P01,S02,15,lean_left,3.374120300053619,0.3491615033832341,0.18624297190871364,-0.8344429120901978,-0.01643200593764269,-0.007107510889658233,0.2989515680739931,-0.5751693166397558,-0.016149895956083044,0.4844733890478224
P01,S02,15,lean_left,3.4546894000377506,0.34372157759469474,0.14837577175029606,-0.8706956673037601,-0.030352371127865964,-0.005439080952627893,0.38272558985137134,-0.570050978413997,-0.0004022221215369489,0.41418578957290825
P01,S02,15,lean_left,3.5003438000567257,0.34503648564845013,0.1466709148510948,-0.8667424870569276,-0.013092157793875368,-0.003348649446382829,0.2959982949468191,-0.5644372759649783,0.007965322785194155,0.409443115820156
P01,S02,15,lean_left,3.5819859000621364,0.3434062928026402,0.12180855541768407,-0.8888549870131844,-0.02228181786731532,0.0034883873004163853,0.27624511802517737,-0.5611934501770881,-0.005816829704105487,0.26171342156874655
P01,S02,15,lean_left,3.660848200088367,0.34525912282452537,0.09684920512741375,-0.8924198030050811,-0.03768705126789438,-0.004646190929632224,0.48150219451062876,-0.5402442089530497,0.005400676405567641,0.34375837665174097
P01,S02,15,lean_left,3.7371050000656396,0.34458162933575565,0.09403851849361824,-0.8858605466607025,-0.013566617581751615,-0.008205848782334811,0.2079192099426316,-0.5512400014412547,0.016415537863092106,0.22925678719118522
P01,S02,15,lean_left,3.7977437000954524,0.34846631370699815,0.07844182175126714,-0.8857671982162433,-0.026058214658009136,0.00010348435033933419,0.42973249965487076,-0.538860243127492,-0.000892966433007522,0.45070703495166337
P01,S02,15,lean_left,3.8526701000519097,0.35185774512920326,0.06540315968110444,-0.885701374395196,-0.02731428386498087,0.004398890274922342,0.5036964199241479,-0.5359159951336327,0.002283068471708518,0.10549030205154498
P01,S02,15,lean_left,3.9306748000672087,0.3508927286651434,0.04668810178191027,-0.8947492313242679,-0.013981222462241923,-0.003216832006545047,0.1839186405383687,-0.5357034982006114,0.028032270777502193,0.3727776190344582
P01,S02,15,lean_left,3.993381300009787,0.3516052008376624,0.04920103324413418,-0.9052346952309532,-0.019623089598849505,0.006160326933887876,0.32799367089872034,-0.5351924155761281,0.00077285925091696,0.051750943995768656
P01,S02,16,lean_right,0.3850182000314817,0.35615131020394436,-0.03302062579569807,-0.9073731563054283,0.0,0.0,0.0,-0.537210341700262,0.0,0.0
P01,S02,16,lean_right,0.46759729995392263,0.35579044441026747,-0.037335363692713563,-0.9671300979018719,-0.0007951687597887247,0.001534634662181526,0.02093034168872286,-0.5203107661503382,-0.020747829102683975,0.2871918912039021
P01,S02,16,lean_right,0.5134118000278249,0.3556993466820675,-0.039473403505956996,-0.9687514040261511,-0.0003046427979484483,-0.0008504192516987762,0.019717301908703643,-0.5137428210220149,-0.012103386073071343,0.2931862735042209
P01,S02,16,lean_right,0.5557508999481797,0.3551720934606293,-0.0455993318838584,-0.9660068779683292,-0.0008275996654067701,-0.002809039237435105,0.06916576901600467,-0.5135305046299987,0.0035908409756826277,0.14724602669235046
P01,S02,16,lean_right,0.6037466999841854,0.3547117148984132,-0.0472021436857789,-0.965155361587636,-6.171153890429384e-05,-0.00030691933508153214,0.006522694946885876,-0.5142944289665514,-0.004307639386954539,0.12736902272863265
P01,S02,16,lean_right,0.6474471000256017,0.3547529041485048,-0.04696337109454367,-0.9646091435710974,-0.00026235910045661214,3.2847392980638915e-05,0.006050456144344455,-0.5160054318418358,-0.005714915962244811,0.14062319283173275
P01,S02,16,lean_right,0.7027980999555439,0.3546947151419257,-0.049449276048669256,-0.9665539609007131,3.2978815408878787e-05,-0.0005669835576537938,0.010260733522886535,-0.512520802936871,0.0013902566211523358,0.03348302174205999
P01,S02,16,lean_right,0.7513676000526175,0.354532024350354,-0.050430305389759796,-0.9627030345464931,-0.000791476501891542,9.675423011812065e-05,0.01641706094424969,-0.5125205070752383,0.00043874068930098187,0.014505867059343166
P01,S02,16,lean_right,0.7909183000447229,0.35449326910639534,-0.05075890052505768,-0.9563777947105937,-0.00022892317269171611,4.1866962908731044e-05,0.005884096508673419,-0.5139649393443735,0.001881165835394694,0.07809839966662446
P01,S02,16,lean_right,0.8674879999598488,0.35476289083144064,-0.05414731901354896,-0.9630311909932505,-0.0011063211368159535,0.0003718119405860063,0.015242703112054274,-0.5157781911723485,-0.0007926089148665928,0.01995898602197308
P01,S02,16,lean_right,0.959063500049524,0.35290334086281755,-0.06114717424976952,-0.9431353887686393,-0.0006618265499593531,-0.002799567686321618,0.03141378585457553,-0.5180858745527267,0.0010417519309886254,0.12321403847593342
P01,S02,16,lean_right,1.0177588999504223,0.3530704046512283,-0.05976102855813054,-0.9444334336205225,-0.001246045766769219,0.00048163779604289147,0.022759723895132408,-0.5194912666033027,0.001985969612880173,0.03707978830123068
P01,S02,16,lean_right,1.0813416000455618,0.3527667141185977,-0.07751675095370035,-0.9461137260325836,-0.0012417538789339132,0.0004921057485314858,0.021007441223826907,-0.5198836104088199,-0.001605313488052647,0.0644044553718671
P01,S02,16,lean_right,1.157643900020048,0.3518934174999429,-0.11231925415226984,-0.9530813195537894,-0.010108249286196334,0.0046963884550785505,0.14607653278797794,-0.5151725539101775,-0.005126626016586887,0.24596547929707058
P01,S02,16,lean_right,1.2304128999821842,0.35266764113242066,-0.1143065339263941,-0.9525574493285497,-0.004608037565968896,-0.001024459043494639,0.06487024745456257,-0.5101917263296963,0.0005563545243904656,0.10073826873890072
P01,S02,16,lean_right,1.2858944999752566,0.3535145035012188,-0.15219965370674912,-0.9573898338849468,-0.016985067223766092,0.008500774227146478,0.342339968657099,-0.5037179632804138,-0.00380927398374905,0.551823602551693
P01,S02,16,lean_right,1.3592392000136897,0.3533120902772831,-0.21468173430129894,-0.9511584648966204,-0.030435961488831008,0.0037835760719395466,0.4181656357451379,-0.5130348194355857,0.026464695523514718,0.41995218208753243
P01,S02,16,lean_right,1.436665500048548,0.3517203080286557,-0.19926680252445847,-0.9415926291177857,-0.016815012769717936,-0.0050665259416998705,0.22681865714067445,-0.5144131339276816,-0.0017540188919828645,0.11389188760283141
P01,S02,16,lean_right,1.5154412999982014,0.3552518332664142,-0.22791641517737796,-0.9381444575652192,-0.021632305700432862,0.007474157378431048,0.29053474884617264,-0.5035162832810801,-0.011603737367925481,0.19454311504668304
P01,S02,16,lean_right,1.5849368999479339,0.35680235567699803,-0.2627675467441183,-0.94052965108248,-0.02989375379921743,0.006651269803282741,0.44067192332089955,-0.4709721896598246,-0.01139993415490171,0.32965312601276503
P01,S02,16,lean_right,1.645304000005126,0.3582624160982363,-0.2601532373929765,-0.9321523520662232,-0.013549375694209465,-0.003831784508950526,0.23325242537232224,-0.47321174569370605,0.004286485762126582,0.2858338274421779
P01,S02,16,lean_right,1.7039937999797985,0.36057351064438475,-0.26537111608262753,-0.9151782402636707,-0.022729576960473882,-0.0005263314784984725,0.38738707717373555,-0.47174482825568836,-0.011208453940113591,0.35833767566286023
P01,S02,16,lean_right,1.7759405999677256,0.36215130956564356,-0.2855267766873159,-0.9053760149137557,-0.016496223220948895,0.0008337872111916142,0.22957631620271435,-0.4815062689732484,0.03130399357895245,0.4684622767534389
P01,S02,16,lean_right,1.8312578999903053,0.3622716479255446,-0.3047005623791886,-0.9061283044306302,-0.005685013725797698,0.0005158845986524667,0.10319326176073598,-0.44558186138202627,0.006494079640124561,0.14074844755787322
P01,S02,16,lean_right,1.8782207999611273,0.3612014763679254,-0.30161819570142445,-0.8932419187246392,-0.007584008226147544,-0.0028875626065818327,0.17279856237464805,-0.4509793940257222,-0.0013031420292062225,0.15674509424812308
P01,S02,16,lean_right,1.9506867000600323,0.3623381494280303,-0.30289810116725463,-0.8830180248582337,-0.007720563236252446,0.00613634547608691,0.13609354690756706,-0.4293341246611822,0.03326805034675577,0.46375815274081367
P01,S02,16,lean_right,2.0188823000062257,0.36173558221831253,-0.32173715218993354,-0.8837360744451658,-0.0029521746563316775,-0.0015861152145702972,0.049142215082759094,-0.42671315370812035,0.006932831932615561,0.14396063413518834
P01,S02,16,lean_right,2.110793999978341,0.3623764609665501,-0.30642844334473135,-0.8677914422404897,-0.011740607897308566,-0.0033464819901468422,0.13282560733116078,-0.4900291190230487,-0.009377105656200813,0.19238879674076811
P01,S02,16,lean_right,2.1937174999620765,0.36118743807485876,-0.32039258535205584,-0.8801259455522494,-0.0025794097522534873,-0.003845309896812938,0.055838322744320275,-0.45372580013303443,-0.001995529114124646,0.18437154149965543
P01,S02,16,lean_right,2.2644455999834463,0.36145925965286724,-0.3108961371952642,-0.8603205056487152,-0.006918216092481011,-0.003922889396293011,0.11244520337716538,-0.4725152941915779,0.0012988018366434032,0.12298375448129764
P01,S02,16,lean_right,2.353408999973908,0.36037986158353824,-0.31494078141988846,-0.867226496063555,-0.002385559476437507,-0.002530940748652196,0.03909484372383079,-0.4367953083903483,-0.00028474548702943315,0.09228462805014775
P01,S02,16,lean_right,2.395727299968712,0.3613663287088494,-0.313596302731349,-0.8551912649709208,-0.0015317173714101864,3.7936761699192942e-06,0.036195264686407526,-0.4379473394989412,-0.0001483558441842827,0.36123223054535397
P01,S02,16,lean_right,2.437487000017427,0.3614846343918745,-0.3163212595688619,-0.8552660554367392,-0.0009091125256872141,-0.00044305529273991914,0.02421778962980505,-0.43118969832249643,-0.0003173494068527775,0.052045424470738906
P01,S02,16,lean_right,2.50080879998859,0.3607895062900791,-0.31921538845087594,-0.8541075277526836,-0.0014187491023042987,-0.0008144663124054837,0.025834876381478758,-0.43161949299593977,-0.007781448523729214,0.18989637988478078
P01,S02,16,lean_right,2.5593929999740794,0.3613905675562687,-0.3178275097006545,-0.8541254334699225,-0.0010225539352774812,0.0018033597013365557,0.03538658840641988,-0.40379196973489123,0.020051062844700995,0.4066717974748073
P01,S02,16,lean_right,2.6237347000278533,0.36207506578489834,-0.3112860341691235,-0.8400800490710538,-0.001919711216626971,-0.0018877750183655439,0.041845242499706545,-0.4315823835001416,-0.0013931908594748803,0.37510439761425435
P01,S02,16,lean_right,2.699534500017762,0.3618883522034836,-0.31358005741967826,-0.8405822873826363,0.000402702534050852,-0.00022543930203767023,0.006088548923017076,-0.35228941824914906,0.08786508007559558,1.1596619363018639
P01,S02,16,lean_right,2.752779299975373,0.3626363199033034,-0.3091540326022907,-0.8318658476623196,-0.0023727701963415517,-0.00446328494659918,0.09493499550088039,-0.4841823709597413,-0.03213962683121618,0.6113424900932526
P01,S02,16,lean_right,2.793370599974878,0.36220020304363004,-0.30942669679285234,-0.8363555902392351,-0.0003357284863469443,-0.0013082323555353816,0.03327373401884381,-0.48119962936913624,-0.020556805928674447,0.5175357064314151
P01,S02,16,lean_right,2.8408160000108182,0.3622077300153373,-0.3050286318973107,-0.8296295806107787,-0.0006395185181402764,-0.0007348806233219529,0.02053272784862964,-0.529829376836258,-0.011348515660224299,0.2392650974943184
P01,S02,16,lean_right,2.912830000044778,0.3628039572893594,-0.30558296930374773,-0.8358933702058623,0.0010961146684616736,0.002995807172556233,0.044297438443660554,-0.5198999019917274,-0.0006064519361358671,0.0328239668350829
P01,S02,16,lean_right,2.9661667000036687,0.363452504141554,-0.3076358689422097,-0.8472645530836218,0.002234687291397864,0.002261090597743225,0.05960342236399374,-0.49672732319193186,-0.021358348382894625,0.4333349933355112
P01,S02,16,lean_right,3.02807290002238,0.3636534023781742,-0.30323392874293637,-0.851010855370501,9.313906915792563e-05,0.00023950631730227688,0.0041511014067121205,-0.48600553586858325,-0.013871403253215219,0.3911710270457093
P01,S02,16,lean_right,3.0702329999767244,0.3642704691803778,-0.3003695029709476,-0.8539571345753699,0.001525825889156259,0.003970624394931697,0.10089408216556452,-0.48443975100956566,0.00306632491731545,0.18043979832018864
P01,S02,16,lean_right,3.132242999970913,0.3650430744765468,-0.29590373321904706,-0.8591990083581699,0.0020635060686751603,0.002885177522382551,0.057202946680298204,-0.47810837241672227,-0.005155667743587802,0.1178072748883614
P01,S02,16,lean_right,3.205386499990709,0.36187976326189325,-0.27727584010416373,-0.8764010781936138,0.007542781010256206,-0.0014065275700180233,0.10490064524542157,-0.4877517365229469,-0.0039414664887121665,0.17003839342973048
P01,S02,16,lean_right,3.284332099952735,0.3580920678340903,-0.22869931610018326,-0.8936969025646806,0.015481571664211297,-0.004508065220596351,0.2042491111498032,-0.5158216492634483,-0.012287797458626714,0.20444487775772874
P01,S02,16,lean_right,3.3530661000404507,0.35687411214627285,-0.22876340455126926,-0.8998938332607703,0.007559599701975487,-0.005218248272031088,0.13364174150576172,-0.510579231659886,0.0023822578582908815,0.2959744757269445
P01,S02,16,lean_right,3.424585700035095,0.3553282860128607,-0.1845139848763708,-0.8943646869095213,0.014748459053414693,-0.0026149812553057875,0.20943196400331457,-0.532924358096165,-0.023637557041403637,0.3324263506560405
P01,S02,16,lean_right,3.5111707999603823,0.3526993914883256,-0.1377293848770759,-0.8894471566000522,0.03396604511394954,-0.013007929212158074,0.4200684750358049,-0.5381395803932384,0.01103166228724752,0.6263205616163546
P01,S02,16,lean_right,3.574502300005406,0.35521683052216196,-0.10446997726639051,-0.8923280202114892,0.035309967685413696,0.005327751710079385,0.563852823910319,-0.5305270166989373,-0.005568265608091077,0.36365700114033217
P01,S02,16,lean_right,3.6543759000487626,0.3564201574767656,-0.07597745124868767,-0.9068411573126285,0.010360612843548502,-0.0025657478772817283,0.133630916432456,-0.5321025860372509,0.00898454827023895,0.29173375524547923
P01,S02,16,lean_right,3.7048923999536783,0.354619184421499,-0.06438491324880091,-0.9139904267156774,0.02544687343585109,0.004123103889734391,0.5103033354570295,-0.5317130679914198,-0.008431484486262509,0.23158677792325325
P01,S02,16,lean_right,3.776313400012441,0.3542237227422417,-0.04169479616708022,-0.922386570998592,0.03913383586736826,0.005827217428902069,0.5539730283547197,-0.533934335725367,-0.004046956705931017,0.36770013896639137
P01,S02,16,lean_right,3.8180611999705434,0.35288023580369116,-0.02657833655087332,-0.925908545783523,0.008246812604525106,0.00048155953497257655,0.1978753515216445,-0.5350923159562557,0.001147367047471924,0.2919758102088781
P01,S02,16,lean_right,3.9029560999479145,0.35205989816075395,-0.0164463900405015,-0.922026016762288,0.026267208741726417,7.601685293884389e-05,0.3094098555300023,-0.5414428191433933,0.004061211030974869,0.2050974352338588
P01,S02,16,lean_right,3.974036799976602,0.3525218081547288,7.422644060906302e-05,-0.9229628001980157,0.02571523465278242,0.003927829905623778,0.36597107198069695,-0.5488947653794011,0.003803254610461971,0.29691182727778487
P01,S02,17,lean_right,0.36692170007154346,0.35260499487943897,-0.02236165213465249,-0.9345895770784474,0.0,0.0,0.0,-0.5413108655070091,0.0,0.0
P01,S02,17,lean_right,0.468472299980931,0.35229197267049017,-0.00922899048025672,-0.9464281073930765,0.00039789502521999054,0.016801769882857018,0.1654985855259005,-0.5496153676146807,0.011306656639971893,0.4492056782403974
P01,S02,17,lean_right,0.5129537000320852,0.35162134704186015,-0.0035521601341218243,-0.945247059711466,-0.0013060608825280423,-0.0020347580133586885,0.05435659762584181,-0.5363386317332774,-0.03096973621800849,0.7130819736283278
P01,S02,17,lean_right,0.5664593999972567,0.35115729494332437,-0.0029484293704848904,-0.9354850983908422,-0.000845378801974612,0.0011380066615477935,0.0264952615749777,-0.5412578778557422,-0.03241487457292474,0.6483614034606342
P01,S02,17,lean_right,0.6148009999888018,0.35092205552065314,-0.005286628581613468,-0.9323469291774994,-0.000374522603131171,-0.00026335478283668056,0.009471055132253948,-0.5342214266307113,-0.0036362503140684563,0.13496007642591823
P01,S02,17,lean_right,0.6648236999753863,0.35106328350460275,-0.004474720909847616,-0.9273312596010778,-0.0005444946959033714,0.00029618677798672635,0.012391165633165526,-0.5353818333265419,0.0022636916440869296,0.11696283776263397
P01,S02,17,lean_right,0.7253967999713495,0.35110985039569526,-0.004136303697085298,-0.9269181063594601,-0.0003192349470509082,-0.0006118174683177204,0.011392768920703938,-0.5206570931287422,0.008864621825813556,0.15615341275060446
P01,S02,17,lean_right,0.7735005000140518,0.3511503778717092,-0.00422553447338357,-0.9265219311774723,-0.00013774488732830266,0.000717919902594031,0.015196643942199432,-0.5272592612787365,0.00021679078008602411,0.2849741303466091
P01,S02,17,lean_right,0.813679900020361,0.3511047147714876,-0.005589961229775675,-0.9372805962382592,-0.00010355552569737495,-0.002839543443569085,0.07071860462966072,-0.523904495849129,-0.00010148083499785676,0.08802975019108969
P01,S02,17,lean_right,0.9075885000638664,0.35119187556499554,-0.004783502203658156,-0.9381253232493496,-5.8129450753177044e-05,0.001138912932202028,0.01214367388537443,-0.5286618683885044,0.0020773232455309444,0.06321296136078665
P01,S02,17,lean_right,0.9645022000186145,0.3519706219076819,-0.012767931800577574,-0.94093873797697,-0.004245703639200227,-0.0010355477989214493,0.07678585107368556,-0.5189920481484586,0.0027915787475310885,0.15446819732116734
P01,S02,17,lean_right,1.0194739999715239,0.3532607109576154,-0.030033502858501794,-0.927731580219473,-0.0018531715937350729,0.0054246596703507125,0.10428013943604879,-0.5392929527489608,0.02924569496186261,0.5540392820073039
P01,S02,17,lean_right,1.0798918000655249,0.3522864449057419,-0.03479079160854049,-0.941260808858325,-0.008543181761567495,-0.008176962012037103,0.19573308918845553,-0.527062659427482,-0.015644843739983687,0.259109079250825
P01,S02,17,lean_right,1.1520992000587285,0.3483147321790948,-0.07011925475573534,-0.9518055314536865,-0.027682131942513635,-0.009629002879683936,0.4059003785614509,-0.5275240169500786,0.015616365327906246,0.38589445233441516
P01,S02,17,lean_right,1.2311013999860734,0.34559189785864636,-0.07339584654928034,-0.9398067506693117,-0.009216213456143329,0.0004151381466502045,0.11677596998934027,-0.522120214438286,-0.01996534361014161,0.25465812048740066
P01,S02,17,lean_right,1.3033988000825047,0.3500544662892288,-0.08712826163949756,-0.9580277649373421,-0.028145233408246175,0.002976448219733158,0.39146885261048436,-0.5094858967574188,0.006214534237548257,0.41915643878146336
P01,S02,17,lean_right,1.3698526000371203,0.3528325032975758,-0.14243729004233138,-0.9575193651538567,-0.04431863531069775,0.012792448217652214,0.6941356901174466,-0.5017375407100759,-0.003432752096522982,0.07636853519644635
P01,S02,17,lean_right,1.439144500065595,0.3506234078158815,-0.1411522170892781,-0.9632381705115064,-0.018020786512983736,-8.754803979158569e-05,0.26007367622972466,-0.5085081206059507,-2.7330554730046496e-05,0.4110368082467293
P01,S02,17,lean_right,1.514704699977301,0.3525796409424003,-0.1943855456617765,-0.9510379763319251,-0.040873126313648665,0.0007075713164849282,0.541015646200988,-0.5024357269264307,0.0012178573782560982,0.11185679828286123
P01,S02,17,lean_right,1.5611136000370607,0.35444617681874324,-0.22261406221858723,-0.9519657274965442,-0.04033518153546531,0.020398394145803956,0.9739466712572032,-0.5030678660934355,-0.0132794673027673,0.4173686290649541
P01,S02,17,lean_right,1.6361422999761999,0.3547167002668414,-0.19471748000248737,-0.9684657293360727,-0.014001159977707227,0.004766130670299365,0.1971265417315994,-0.512926893546075,0.012362933543041582,0.22159687012562979
P01,S02,17,lean_right,1.7122053999919444,0.3529430153535434,-0.238529881065927,-0.9455583327059771,-0.037698087378159474,0.005799725236518416,0.5014469894226516,-0.5103919529943878,-0.000754159516077259,0.2547036487434669
P01,S02,17,lean_right,1.7628017000388354,0.3523072430506343,-0.2674332297441498,-0.9351165322899507,-0.02586755409802782,0.001792416765561979,0.5124797635070687,-0.5073570279314804,0.010599082400169662,0.6497324122529345
P01,S02,17,lean_right,1.8330116000724956,0.3557157595560053,-0.26645855501541027,-0.9252154648934445,-0.008111033479649072,0.011446031193681537,0.19980885801809622,-0.5069140235766377,-0.001661802946534815,0.2700968349699525
P01,S02,17,lean_right,1.8859215000411496,0.3571637412828695,-0.27597265570868,-0.8869056042720369,-0.018492645481163174,0.0010858258451378806,0.3501139877652074,-0.5197554832345679,0.0040799002694306774,0.12696741180173213
P01,S02,17,lean_right,1.95323520002421,0.3579729028805784,-0.285070717868129,-0.8906453015457934,-0.0170199127660884,0.005491701685134982,0.26568091475450883,-0.5037171393887169,0.018209621566965255,0.31376766382776206
P01,S02,17,lean_right,1.9947867000009865,0.35974376288723153,-0.2827320164273345,-0.8904517530496133,-0.0023077214374195355,0.0034147136190474693,0.09918749040545817,-0.5092165074575463,0.021824141341474083,0.5342405246401871
P01,S02,17,lean_right,2.037106900010258,0.35996283690587055,-0.2882566884328341,-0.8847235174887463,-0.002589737323217849,0.001601709037155748,0.07195217841476285,-0.5119313528271292,0.005124258962339459,0.12271239027658512
P01,S02,17,lean_right,2.093504499993287,0.3611770082183761,-0.290136011453082,-0.8606706071918374,-0.00625207866163279,0.0013036458043821913,0.11324146413480808,-0.5198542294199876,-0.001321947610420967,0.05149185313652017
P01,S02,17,lean_right,2.134602400008589,0.362264063089641,-0.2896887793676541,-0.8612893033864885,-0.002936309449937355,0.0038481963196671473,0.11777996132930732,-0.5214227863795876,-0.0009587141005010519,0.18417190277815862
P01,S02,17,lean_right,2.1955286000156775,0.3622072523629088,-0.2932988215033484,-0.8586070521524585,-0.005908755729394463,-0.0006681115748218713,0.09760017752143815,-0.5234635918130335,-0.009988034821035522,0.1929420415555106
P01,S02,17,lean_right,2.2589901000028476,0.3626737929825318,-0.2898920804993086,-0.8594613264304087,-0.0029604998762450163,0.0016585981306408179,0.05347258802770826,-0.5243679515699661,-0.002517772828784995,0.26027403782647923
P01,S02,17,lean_right,2.326606500078924,0.3631975461523096,-0.28539112538344885,-0.8696829372933927,-0.0027097977531999125,0.0025890942498400203,0.05542818657947913,-0.5200231556412205,0.0039891587820896305,0.0649455702343655
P01,S02,17,lean_right,2.40892650000751,0.3640432139202699,-0.28274867472223736,-0.8669962135815575,-0.0010134042738071177,0.002208384658714016,0.029516578371085483,-0.5362061591743308,-0.0025829440001647773,0.04696608404020478
P01,S02,17,lean_right,2.4623562999768183,0.36405315097243107,-0.28063551331615133,-0.866963870961422,0.00019694085023762767,0.0003033007794369367,0.006768341120341929,-0.53495319700265,0.0025575974752274984,0.08983466509989976
P01,S02,17,lean_right,2.5077280000550672,0.36382845023167504,-0.2822643891641378,-0.867393312965599,0.0003715988549704939,-0.0011068919491273635,0.025734157069922273,-0.5159309040938248,5.020517843526253e-05,0.0692240839674955
P01,S02,17,lean_right,2.5696174000622705,0.3631475191129898,-0.2786653124747354,-0.8940750409775585,0.0015923609041347422,-0.00033163157788558583,0.026281201963579456,-0.5078954113680482,0.004969755674919549,0.13800529901322037
P01,S02,17,lean_right,2.655895399977453,0.36335984001427746,-0.2812924308926654,-0.9091251002284811,0.011587281900714745,-0.0009346037349489265,0.13473785103568656,-0.5045939587965595,-0.0026752605051792535,0.21155383295341432
P01,S02,17,lean_right,2.7219858000753447,0.3630775437710176,-0.27513402376546686,-0.8847785605015728,0.002056044184321639,-0.0014078795077343855,0.03770404284617145,-0.5194467842342225,0.0006574968091662395,0.040886226002819166
P01,S02,17,lean_right,2.788736000075005,0.3643950740266774,-0.2523826695599547,-0.9165863322226008,0.014274393114417375,4.154715815900642e-05,0.21384885106113066,-0.5121512341213226,-0.003923288295093134,0.09562831053176761
P01,S02,17,lean_right,2.866023499984294,0.3675721002855985,-0.21923008987876616,-0.9082402265666595,0.030188391460336056,-0.0015853347117309427,0.3911368531068785,-0.5147777789364043,-0.02871248750896406,0.42108460671760756
P01,S02,17,lean_right,2.9109148000134155,0.3658486327272698,-0.2088548000784751,-0.9155678299810045,0.007922103553480163,-0.009293292473474967,0.2720276563933852,-0.5126632899015906,-0.005450685565356286,0.19094316174033954
P01,S02,17,lean_right,2.992941900040023,0.3584295979221875,-0.19899414541785368,-0.9342962469884242,0.03371111400814319,-0.012950384526722066,0.4402574284980109,-0.5105063696614445,-0.002697182202818997,0.08965699232627111
P01,S02,17,lean_right,3.0566689000697806,0.3581059728294888,-0.15608162985434712,-0.9438623395923128,0.05067338096427823,-0.00040653983990714164,0.7951890360132456,-0.5103425534663422,-0.005013319594953991,0.6219358987808401
P01,S02,17,lean_right,3.107704700087197,0.3578904621197849,-0.1420467209611327,-0.9642543155684583,0.010291172723317787,-0.009730272072783739,0.27750821769300993,-0.5119638007422445,-0.0001480752549606936,0.42689484521781684
P01,S02,17,lean_right,3.1471904000500217,0.35526326863848573,-0.13921065538600677,-0.9608577209959704,0.0009108767937264226,-0.009601735724737652,0.2442617076747489,-0.5170711140824855,0.005324232715467122,0.29221740587551265
P01,S02,17,lean_right,3.2177054000785574,0.35359835536686884,-0.12506009407439214,-0.9736530171580355,0.053777807616693915,0.011622791224930668,0.7802519755901237,-0.5398141943333981,-0.011205466972376591,0.3422201677329811
P01,S02,17,lean_right,3.2946051000617445,0.34739566941359656,-0.07236319700762896,-0.9976832251848331,0.06341269481246913,0.007232858161618285,0.8299623034004701,-0.5525354169239721,0.00733001092021728,0.7141035103317014
P01,S02,17,lean_right,3.3643808000488207,0.34417502796451704,-0.0303087883892207,-1.0049644060856227,0.057827064787762984,-0.00346215198433882,0.8302405131623769,-0.5460741947676112,-0.008474701988811718,0.42666814680476883
P01,S02,17,lean_right,3.4554083000402898,0.3467859118021142,-0.0009201024429906341,-0.9915237998910943,0.04867493605184979,0.0007641667139656021,0.5347937069761343,-0.5457955430305462,-0.010599332443630169,0.1810193207047615
P01,S02,17,lean_right,3.499102700036019,0.34941699457224273,0.011380624132787547,-0.9792791149794237,0.005003501737317752,-0.004477551300279901,0.1536678480518814,-0.5432731243079001,-0.0015509192950457012,0.34364307792015747
P01,S02,17,lean_right,3.541845600004308,0.35113576013569753,0.02054635820056147,-0.9740828964569274,0.0016753717779828742,0.0005461646643187414,0.04122668900898292,-0.5494129092551805,0.01745741922417761,0.42471681726148464
P01,S02,17,lean_right,3.6289376000640914,0.35157899949031246,0.026736043132952924,-0.96004901352606,0.02935708338485831,0.00334372192482851,0.33926068850800484,-0.5579603430399233,0.010408897765530214,0.14302036460688686
P01,S02,17,lean_right,3.6742275999858975,0.3509450474570289,0.041829141185713764,-0.9316604947482793,0.01809870179740226,-0.007899446518012599,0.4360236882441589,-0.5614855227407944,-0.011079715927579463,0.5050729396586477
P01,S02,17,lean_right,3.7169866000767797,0.35030129188132253,0.05491472396053382,-0.927106674237229,0.007836161250169246,0.0008234530818922251,0.18427250892270097,-0.5629188366034092,0.007153267761099071,0.32602433554650684
P01,S02,17,lean_right,3.7921862000366673,0.35325009814649333,0.06916376792080527,-0.9132560391520322,0.009191430191268505,0.0009661602297484733,0.12290051841416551,-0.5667114373017863,0.028660489610426717,0.38832968722915145
P01,S02,17,lean_right,3.836144300061278,0.3543008533459734,0.07460900491623391,-0.9136732438090711,0.0038384171630219477,0.003438235940141831,0.11722858586019892,-0.570430534450903,0.00142257366661134,0.21219281847248495
P01,S02,17,lean_right,3.8969692999962717,0.3539626590831541,0.07638454826777206,-0.907644649373435,0.01026507838831284,-0.0025125839742453507,0.17374612885967755,-0.5734664205239588,-0.008954106240780425,0.14931106912181397
P01,S02,17,lean_right,3.949878500076011,0.35562898154887,0.0842914211547421,-0.9050447272317245,0.0009673233205654638,0.0019830840386261053,0.04170221359261244,-0.5700652394560027,0.0036435503256103123,0.09971420798534812
P01,S02,18,lean_right,0.39052690006792545,0.3556536675034108,0.060449447058579686,-0.9268497074062553,0.0,0.0,0.0,-0.5356721786844664,0.0,0.0
P01,S02,18,lean_right,0.46904770005494356,0.3550893304123483,0.05724240523206706,-0.926770212785099,-0.00015879382771665139,0.0007482277875760819,0.00974127042368062,-0.5428822784955879,-0.0017041256569614953,0.10393799414038363
P01,S02,18,lean_right,0.5118859000504017,0.35481027705474594,0.050254600407463455,-0.9092972839410005,-0.0005092622517490288,-0.00415750514181456,0.09777673570039279,-0.546301127249687,-0.0009465838674574712,0.03326599812098888
P01,S02,18,lean_right,0.5655611000256613,0.35439481300306763,0.05052942509184822,-0.8972183540905668,-0.00043943091129709577,-0.0012630853100530817,0.024915457243886278,-0.550389086850758,0.0011996763931991104,0.03354113498188108
P01,S02,18,lean_right,0.6190211999928579,0.3540782907211116,0.039454347787740256,-0.893478325517273,-0.000662029197732006,-0.0033287051950804617,0.06348474003553221,-0.5498771866857658,-0.0002070750581792524,0.027721176412885636
P01,S02,18,lean_right,0.6703003000002354,0.3526889111985075,0.04135474754537212,-0.8987119212823313,-0.0048326149884371575,-0.001052704864023747,0.09645144517670597,-0.5492348249522313,-0.00043280592506768996,0.02908842504224224
P01,S02,18,lean_right,0.7343834000639617,0.3527267262658495,0.0418437851444453,-0.8986918679260599,-0.005949747163406566,-0.00021097465391944155,0.0929025983933017,-0.5491741030161758,-0.000876373418916692,0.22577639526690146
P01,S02,18,lean_right,0.7806879000272602,0.3528968511147338,0.021464492950914595,-0.9212284069323019,-0.005556210800687929,3.141559323412106e-05,0.1199948086786781,-0.5415303184640111,0.0027698446791083486,0.09269371188756526
P01,S02,18,lean_right,0.833784700022079,0.3522387560319585,0.014438829458649067,-0.9209797915221768,-0.0035439455633863885,-0.0031221308830893277,0.08895178814450828,-0.539320432891498,-0.0021327222654213174,0.13013996199885222
P01,S02,18,lean_right,0.9002179000526667,0.3508337512207808,-0.018393263575308738,-0.9410780119692139,-0.01638400896687013,-0.007034727175775854,0.2683959106219952,-0.5351605636909239,-0.010003128116821334,0.32857686200713626
P01,S02,18,lean_right,0.962603299994953,0.3476838384144319,-0.05551594150322592,-0.9439658825449746,-0.029902496239589172,-0.002203948612414464,0.4806189706162227,-0.5162542131543986,0.012522248209892915,0.39917201840516425
P01,S02,18,lean_right,1.0101074000122026,0.34581292344071823,-0.05870260692776031,-0.9669461484997888,-0.010893686173135795,-0.006809205598060467,0.2704334816498356,-0.5162561645939677,0.003015189835660274,0.2531362743377336
P01,S02,18,lean_right,1.0503947000252083,0.34508063930505006,-0.06836877416487457,-0.9660936730381148,-0.0027378911382493496,0.0014785406689429331,0.07723556020790463,-0.5181919207939442,0.0040844094418671165,0.29602432052125155
P01,S02,18,lean_right,1.133490200038068,0.3488720758955628,-0.08866691279280156,-0.951366571909704,-0.032741611937366126,-0.0030090880831082282,0.39568442254821057,-0.5194058180504928,-0.024738239186977765,0.3686455619931223
P01,S02,18,lean_right,1.2053683999693021,0.3487233642722709,-0.13493872894144385,-0.9535817485176179,-0.05054526642367128,0.0012978994712512248,0.7034389763973956,-0.5196599744420937,0.017890708791702882,0.2500586173971664
P01,S02,18,lean_right,1.2567679000785574,0.3495271993959055,-0.14382419475073957,-0.9619416319147656,-0.01142128822321614,0.010507506721859619,0.30193788292752577,-0.519138879962111,-0.0003017409136310417,0.40257337921800723
P01,S02,18,lean_right,1.3223701000679284,0.3507595465515386,-0.20269836684521067,-0.9790759529685956,-0.04119235832763715,0.008289790590127315,0.6405002026530959,-0.5119755863672638,0.008410527862651195,0.14215450533317753
P01,S02,18,lean_right,1.3773181000724435,0.3570740957912448,-0.21829946574197076,-0.9751970130225041,-0.051040012643388054,0.021249904651814353,1.0061676537321138,-0.509065812447884,-0.0014663995149544592,0.41149494854293994
P01,S02,18,lean_right,1.4349204000318423,0.35912130900625766,-0.19949421144039675,-0.948524788289449,-0.012801852451909845,0.0027481073417766296,0.227308484702731,-0.5167311967864833,-0.004003146975056292,0.28797718874588285
P01,S02,18,lean_right,1.4914847000036389,0.3598881201876074,-0.23147931430555524,-0.9013309788191045,-0.045536040033600796,0.009809585561989787,0.8234994691623807,-0.5255715416301865,-0.0017746221214688807,0.24680735861696504
P01,S02,18,lean_right,1.5702897000592202,0.3626542560875617,-0.23751890724929303,-0.8673639581523411,-0.04661839208515334,0.01019323612579474,0.6055424269547316,-0.5310436763108387,0.009877294694893735,0.27903041064230577
P01,S02,18,lean_right,1.6421893000369892,0.36543564143862844,-0.259255283807333,-0.8529226446624975,-0.011628194421157959,0.009089963536610242,0.20527907172902993,-0.5370800438515558,0.012959059756365783,0.4073650146519653
P01,S02,18,lean_right,1.7021853000624105,0.3686745118136714,-0.27876689121125015,-0.8321279387925931,-0.021226185066899488,0.00915650134014456,0.38530785249007554,-0.5328369608489614,-0.0023320571275630376,0.09031657982523066
P01,S02,18,lean_right,1.7418053000001237,0.3672687074228958,-0.2841855825489312,-0.8309486692528066,-0.005271922554010323,-0.000809023878702493,0.13461982149152366,-0.5290279669026807,0.0028861549312669053,0.2227146783727421
P01,S02,18,lean_right,1.8187329000793397,0.36903060628573575,-0.27633411623817955,-0.833447392158582,-0.021780198040993643,0.002886224561518199,0.2856010225086385,-0.5423372877843156,0.020846176553725355,0.29195871394475026
P01,S02,18,lean_right,1.8791755000129342,0.3694137922322512,-0.28619124633500737,-0.8314890055679832,-0.010751689956763807,0.00631682382202301,0.20631157557666246,-0.5413681209552146,0.005716108071405925,0.2809616304883903
P01,S02,18,lean_right,1.941894100047648,0.3663274803296035,-0.2963516933814717,-0.8344636072853493,-0.0056680773781046835,-0.002774751729688846,0.10062106001142558,-0.540091966915897,-0.00018981186848421148,0.04182274278876824
P01,S02,18,lean_right,2.0158880000235513,0.3683873914112863,-0.2965172883195892,-0.8259545740627894,-0.0054449751979311995,0.002601805905025077,0.08155621321848641,-0.5429800959289952,0.0013252613228379856,0.09638885590713273
P01,S02,18,lean_right,2.0809118000324816,0.3692473493408014,-0.2931571179328845,-0.8263748968067538,-0.002014707953272361,0.003068551465245649,0.05645376965607677,-0.5437692499713707,0.0018307896873556604,0.13759410694955218
P01,S02,18,lean_right,2.159906000015326,0.3679789708616177,-0.2891289933082355,-0.8264897624729055,-0.00332248068466931,0.0005031858982626021,0.04253942856081485,-0.5464965152108257,0.0020028861450106135,0.04872254112790927
P01,S02,18,lean_right,2.236214500037022,0.36765829160315144,-0.28602754969259697,-0.8242056748071201,-0.0019212195389674408,-0.0001305063428189475,0.025235026418109468,-0.558670331799166,-0.009199438631241709,0.15501195731105188
P01,S02,18,lean_right,2.3018079000758007,0.36847605249630194,-0.28740506020668577,-0.8246011135541335,0.0006348266782503271,0.002199853589212721,0.034906259057648596,-0.5462891878729588,0.0003304683165887291,0.11777559864857404
P01,S02,18,lean_right,2.365310400025919,0.3675556104426875,-0.2884551172709174,-0.8266645599461875,0.0018904786864589519,-0.0006521464294220304,0.03149169165034668,-0.5458043254946198,0.0074022067870020474,0.11663867936404639
P01,S02,18,lean_right,2.444552200031467,0.3668293331932998,-0.2900930861621383,-0.8269041185548129,0.0017231847380387195,-0.0009290951622074609,0.02470537659848574,-0.5557986339059094,0.006825673624890595,0.16042440123226787
P01,S02,18,lean_right,2.506050299969502,0.3676913396933801,-0.28689761411251197,-0.8277431349456363,0.0027306605645885757,-0.0026685743077623707,0.0620846497881544,-0.553798531334202,-0.0033225777852029376,0.12993809433775744
P01,S02,18,lean_right,2.556736300000921,0.3670347515787104,-0.2834307237998294,-0.8284334257011322,0.0014634843317282776,-0.0009152587772933571,0.034055133218218285,-0.5541842226841189,-0.0010922606526832552,0.08912669253134199
P01,S02,18,lean_right,2.6276251999661326,0.36824392870003825,-0.278878868551238,-0.8420972176029792,0.008299385598357726,-0.0005374622839685775,0.1173211917743757,-0.5488398178063186,0.0020008620089067264,0.10754445745963823
P01,S02,18,lean_right,2.7144375999923795,0.3655938932367703,-0.27484087826661296,-0.8446728179763923,0.012434179226183287,-0.005868449195623493,0.15838123191407016,-0.5500754387836381,-0.005862494855567993,0.07535489727036827
P01,S02,18,lean_right,2.7834654999896884,0.36846193752099343,-0.23070031480000486,-0.853911797271175,0.019937770970037624,-0.0028223328694215255,0.29171596945934763,-0.5435238204049765,-0.0011856344580561985,0.14967972022117795
P01,S02,18,lean_right,2.825894600013271,0.3672440658659843,-0.23149391874949068,-0.8662380339810681,0.004723876296921864,-0.0034932375734258456,0.1384704825837396,-0.5421055258161082,0.0012676917293322505,0.12674811392283786
P01,S02,18,lean_right,2.8683136000763625,0.36754186271586126,-0.20888266002058714,-0.8608717294775723,0.02288316435429856,-0.0053293456817612855,0.5538922566649053,-0.5422897411629846,-0.0053830116172209844,0.15250122911970226
P01,S02,18,lean_right,2.93772699998226,0.3692666840730549,-0.21368703996638277,-0.8584080506001358,0.016015694122060022,0.0010934960651662756,0.23126630880596383,-0.5414650734105407,-0.015511606958142079,0.24819645821850594
P01,S02,18,lean_right,3.0062740000430495,0.3631324772599823,-0.19386295695414757,-0.889717549680809,0.034133389656472224,-0.01927424742585519,0.5718601425966234,-0.5451924380514732,0.0035018063690605327,0.19458490424202346
P01,S02,18,lean_right,3.0591772000771016,0.35067757372162806,-0.16121848147869536,-0.9060109764851999,0.0524781115204912,-0.01684079123257104,1.0417914940556674,-0.5379883333829645,-0.013084459513569449,0.6967181938274835
P01,S02,18,lean_right,3.1184469000436366,0.35076393164517694,-0.15088705233692498,-0.8955359004542213,0.011162108898023333,-0.011693941336184293,0.2727539161632015,-0.5302595634860928,-0.030364682250826457,0.5290004877128001
P01,S02,18,lean_right,3.1741303000599146,0.3460297005296926,-0.1172087174981433,-0.9113098674770483,0.046846133941991545,0.0038664763657650244,0.8441550658254828,-0.5294546049918061,0.0026771622769505947,0.3071197505694944
P01,S02,18,lean_right,3.2670331000117585,0.34175173532874487,-0.06039751153102897,-0.9380498224800082,0.06049286975795822,0.0018899852329563084,0.6514592358227906,-0.5313990561737593,-0.02622324015238384,0.5292852439657583
P01,S02,18,lean_right,3.3124985999893397,0.34056578836380824,-0.04553593376378242,-0.9464880299832529,0.004241700781856578,-0.01788949030855966,0.4043831123606875,-0.5198684021992399,0.019521218809042763,0.504791097989102
P01,S02,18,lean_right,3.384453000035137,0.3427011815397047,-0.0259211479706951,-0.9384078916165952,0.043845309030006115,0.00803425055630574,0.6194941921960475,-0.5301556938501374,-0.003500128378419869,0.4300421276386301
P01,S02,18,lean_right,3.462507100077346,0.3406033363569801,0.007051863896002888,-0.940213024192956,0.051727960012189045,0.0002504210545494735,0.6627270846675661,-0.5401852184546364,0.010498369741080767,0.277136282002611
P01,S02,18,lean_right,3.5060063999844715,0.3396586112152366,0.018913049119087717,-0.9366757484658534,0.005472906611381406,-0.006256969031891294,0.19110154510679375,-0.5412636668949288,0.0067067871898102574,0.20652285605959955
P01,S02,18,lean_right,3.5461537999799475,0.34010545848997414,0.014621962407736416,-0.9362604643468502,0.0005354430115839511,-0.0002833847802082477,0.015089652806278938,-0.541000286984838,-0.0022047550963579824,0.06422034204857158
P01,S02,18,lean_right,3.6145149000221863,0.3426486347768905,0.03164533920036149,-0.9272976719413114,0.029953605999733655,0.0027552363347722996,0.4400171611684914,-0.5434210506221555,0.010681307963667412,0.25823178528862994
P01,S02,18,lean_right,3.6776210999814793,0.34467191095532146,0.05108605245372068,-0.9120129334638585,0.029687633242300504,0.005570903134504979,0.4786503216260504,-0.5453406958517524,-0.004427933874035443,0.1856028985111019
P01,S02,18,lean_right,3.72355640004389,0.34180531776959006,0.048578991519941904,-0.917608210852442,0.006556539706206122,-0.002039570156023453,0.14948077921397593,-0.5545047914405937,-0.00345978666633868,0.44113664266760233
P01,S02,18,lean_right,3.8029185000341386,0.34441954264048846,0.052608108500009826,-0.9128956165998681,0.016750221898731134,0.006009880524108353,0.2242348251467555,-0.5655296519567132,0.013760816752012307,0.2615467695187411
P01,S02,18,lean_right,3.8514595000306144,0.34530824964644735,0.0530440615354976,-0.9038471122713699,0.004952953423314353,0.0008855902815332225,0.10365469469974965,-0.5716161801756425,0.0052146584769685225,0.3708337487468589
P01,S02,18,lean_right,3.9207385000772774,0.345831314188574,0.0529693053777198,-0.9028992169640635,0.005731429391154658,0.0002270734785131603,0.08279458183764563,-0.5744251737558678,0.0036745000131866157,0.07322217203676164
P01,S02,18,lean_right,3.975840699975379,0.34595719688846704,0.06868532181139571,-0.8964862062110502,0.004298827734551874,-0.0014039836564846738,0.08207091814688429,-0.5619459868536211,-0.0076334349817350124,0.3137949204894824
P01,S02,19,lean_right,0.3909803000278771,0.3615665007953797,0.03354757505344017,-0.8576580123605094,0.0,0.0,0.0,-0.5590980683687234,0.0,0.0
P01,S02,19,lean_right,0.47286889993119985,0.35601020836483804,0.03039213961443179,-0.8599036071539887,-0.009047800972513396,-0.020600683194095453,0.2747637513230568,-0.5631056190973387,-0.008124500783140878,0.3431201345950057
P01,S02,19,lean_right,0.5186119999270886,0.3540956967882562,0.03095830659467853,-0.8604435657634715,-0.0019353228755944257,-0.0040485697138323805,0.09809914639439775,-0.5559608534309562,-0.008151713031743939,0.1848750467120887
P01,S02,19,lean_right,0.5690523999510333,0.35009079688246536,-0.0016769248261967501,-0.8792436346914834,-0.010505701212659537,-0.004150727326286986,0.22394631160822812,-0.5475403755732492,-0.012435304308750327,0.3668872979187227
P01,S02,19,lean_right,0.6675252999411896,0.34996621933914346,-0.057767202053506994,-0.8813187877463446,-0.028701512549854716,0.0012715749501005984,0.29175200790556505,-0.5342025154190615,-0.023401372155138475,0.2998313475612879
P01,S02,19,lean_right,0.7305511999875307,0.34886463909339427,-0.07887908462090809,-0.8870067558631022,-0.008190745783577256,-0.0011070433989119547,0.1311400549564533,-0.5347215994846677,0.0011035971929390352,0.243274515590189
P01,S02,19,lean_right,0.8022951999446377,0.3493739782183144,-0.11909904406168315,-0.8906107285674999,-0.03818244192780513,0.003544983287261082,0.5344928187066246,-0.5358903916918197,0.0022102634581166567,0.03837665828046909
P01,S02,19,lean_right,0.8673667999682948,0.3467165572192659,-0.1555798619696376,-0.909268928186203,-0.05459474019029997,0.0035192051195448958,0.8407361656822414,-0.5324269749718518,-0.0010735003551290525,0.4542565509991306
P01,S02,19,lean_right,0.9081577999750152,0.34743611209627934,-0.14971232599963188,-0.9127877396175131,-0.011327436748940191,0.0031818435337050517,0.2884420172743733,-0.5257764800906136,-2.701593894433096e-05,0.3849958491841724
P01,S02,19,lean_right,0.9558784000109881,0.3494563436446225,-0.15502392896126443,-0.9117195146862095,-0.006393631282420971,0.0007376889655656745,0.1348693726300188,-0.5233399946697703,0.0009589469647921554,0.18744727453051646
P01,S02,19,lean_right,1.023597199935466,0.352114649773903,-0.1866004596152067,-0.9057129576605758,-0.04610384460022542,0.008613875504215706,0.692594002826588,-0.5137917075646264,-0.009417822630081932,0.17212170162112844
P01,S02,19,lean_right,1.1016681999899447,0.3561808065605431,-0.20851977081134748,-0.8873335657331415,-0.0529846615503244,0.014459423526698642,0.7034905561512306,-0.5139350962978598,0.0063032979199190335,0.21392157732944989
P01,S02,19,lean_right,1.1793789999792352,0.35843914844047736,-0.22971570180860862,-0.8661269386949718,-0.04691604998028502,0.013168294355275258,0.6270562641628019,-0.516496958609822,-0.002249996145840369,0.3179300268474878
P01,S02,19,lean_right,1.2645783999469131,0.3591890053958872,-0.25478811829598447,-0.8539468046757109,-0.0373532560226408,0.014090906271480937,0.4685792088809433,-0.5214958160497126,0.005081847059306498,0.1709007456563403
P01,S02,19,lean_right,1.3290563999908045,0.36167772142683985,-0.24181797765026222,-0.8453126692221402,-0.011894265186936695,0.0007720900244312983,0.1848583718171309,-0.5254931302114024,0.01296674741945655,0.4286406196504136
P01,S02,19,lean_right,1.3826617000158876,0.3603010921280319,-0.2705679344494809,-0.8348635000197884,-0.016319989293043163,-0.0003326799259346039,0.30451055664687365,-0.5448624293102512,0.03012474811241039,0.6854779260106315
P01,S02,19,lean_right,1.4575258999830112,0.36252829319905144,-0.2792463133334318,-0.8236591609681414,-0.016610826320400573,0.011637206905905535,0.2709121401788454,-0.5503394566490009,0.007353262106916879,0.14529614302006919
P01,S02,19,lean_right,1.5055633999872953,0.36427474182895064,-0.2608314357608364,-0.8254649873624476,-0.005879065004691968,0.005128187484332062,0.16240211674401864,-0.5528939443103991,0.0008306671482098601,0.03415145753580193
P01,S02,19,lean_right,1.54410800000187,0.3659709595283516,-0.2585762850067496,-0.8256310424069394,-0.0007549095684274631,0.0035928491851913024,0.09524813761621459,-0.552613458030845,0.002079143715637757,0.07867721225555353
P01,S02,19,lean_right,1.6193465000251308,0.3667745116356106,-0.26827374946310634,-0.8207921130053585,-0.0031861977290502733,0.002673863618380923,0.055284136115523,-0.5509791724751141,0.0077859234512412025,0.10420619112654865
P01,S02,19,lean_right,1.6764536999398842,0.3673098698923036,-0.27369756361847886,-0.8181122952875521,-0.0031859960461741803,0.0019622107209788468,0.06552185836817954,-0.5516023745987724,0.006529955843495408,0.11443242862300973
P01,S02,19,lean_right,1.7435430999612436,0.3682176417020271,-0.2716984461115876,-0.814672524991454,-0.0014539874245542025,0.0008672367866680553,0.025234677133768105,-0.5522704166817521,0.00048112312401904056,0.014021972151752708
P01,S02,19,lean_right,1.8009685999713838,0.3679766585291148,-0.2704208106311411,-0.8130298500592541,-0.001604831325588156,0.0002809532995276523,0.028371343331855644,-0.548368787763735,0.0009043572585556086,0.1520047992345523
P01,S02,19,lean_right,1.8663925000000745,0.3679732888095349,-0.2615069875878589,-0.8189470065725281,-0.0010446755718110266,-0.004168416500046122,0.06568440233591867,-0.5548304604656125,-0.019387186661161543,0.36975110338675604
P01,S02,19,lean_right,1.9085907000117004,0.368003112144735,-0.26175042989983355,-0.8188935147373264,0.00015364667929171444,0.0007249677549186601,0.01756166238049377,-0.5568460405828738,0.000610846169931253,0.13011880861451725
P01,S02,19,lean_right,1.9876605999888852,0.3679239381075854,-0.26217622356266906,-0.8204047971670899,0.0027253094551879966,0.0013118162779818727,0.03825216396257317,-0.5619220038527655,-0.009233512320120315,0.19499501918093104
P01,S02,19,lean_right,2.065251099993475,0.36882443055956654,-0.2643020607391689,-0.8220443050559232,0.002999306477256284,0.0011667224221103623,0.0414772664435846,-0.5628583101858237,0.005743243925697091,0.10618130136657208
P01,S02,19,lean_right,2.139036600012332,0.3703491528084601,-0.26162342592413723,-0.8196614203302856,0.005149090225157653,-0.0002367453301829093,0.06985830413125164,-0.5600449948244877,-0.004923800820157424,0.07800766566132185
P01,S02,19,lean_right,2.196313799940981,0.3727654738616002,-0.25422288484406447,-0.8343880142853295,0.014715460103785835,5.356600168171525e-06,0.25691655836964405,-0.5533184934979499,-0.003997812976532658,0.11100281323518746
P01,S02,19,lean_right,2.2469621999189258,0.3710078404074647,-0.2543666236742834,-0.8360042295411672,0.002041677007999463,-0.004575403255673578,0.09892248244607327,-0.5502372870439662,0.004691299350925589,0.12877583460979403
P01,S02,19,lean_right,2.3250150999519974,0.3678370337166154,-0.23262717489580112,-0.840015337387083,0.0193177264009614,-0.004533094236716148,0.25421819038084614,-0.5456066966848893,-0.005759545459119701,0.31804052807381683
P01,S02,19,lean_right,2.3955169999971986,0.3625108878530069,-0.1977248450024973,-0.8442749283402831,0.025076709005945812,-0.014421013428312153,0.4103097349486554,-0.5321352447879404,-0.014761873797572577,0.26766228672240777
P01,S02,19,lean_right,2.4692554000066593,0.34987066243116116,-0.1644783625603688,-0.8621273298038613,0.03761385069740634,-0.0294471464973882,0.6478255003065655,-0.5331217344927137,0.006097538036995088,0.3674572185796646
P01,S02,19,lean_right,2.5387376999715343,0.3502978387918207,-0.17525928290956666,-0.8528843466400566,0.014594890510657982,-0.009680156906733212,0.2520543627570091,-0.5329376046259504,0.0023695826933367178,0.30240569515322224
P01,S02,19,lean_right,2.593192999949679,0.3455350073762122,-0.16159616491735523,-0.8716674766656759,0.03154825472105344,-0.0051335875979255175,0.586962134564328,-0.5289794428827264,-0.0028100324558598976,0.11071006350978896
P01,S02,19,lean_right,2.6409958000294864,0.3446232258661903,-0.15176782711344192,-0.8784263422635379,0.007544577284232847,-0.0076511397820735955,0.22478304131428442,-0.525420663234659,-0.0011039220354361575,0.1307409348671012
P01,S02,19,lean_right,2.6957291000289842,0.3383704680086943,-0.11435490318330079,-0.8995930030562854,0.046409542235982724,0.005094492854810188,0.8530149398810325,-0.5187046780299387,-0.0033628740854292987,0.45300256199177463
P01,S02,19,lean_right,2.7552387999603525,0.33544840052118546,-0.07277318500835976,-0.9087106806402803,0.05443896116855728,0.007098130572289135,0.9225346929985078,-0.5383132627098551,-0.04414849717134751,1.0940224170044879
P01,S02,19,lean_right,2.8120994999771938,0.3335043917590286,-0.044131877414741,-0.9255722549289241,0.004570731377083763,-0.009528753801661731,0.18586280311299444,-0.5465076029855591,0.012447775860830835,0.35989420910382725
P01,S02,19,lean_right,2.8632335999282077,0.3323029260579811,-0.050455793333753475,-0.9320136416684491,0.0026428140327821614,0.0037748977010259926,0.09011737841429915,-0.5397367069614196,-0.005160223601587988,0.15668794875146616
P01,S02,19,lean_right,2.9385344999609515,0.3345361897962844,-0.03794293810127749,-0.9384261691135495,0.04912094070803044,0.013277658661254335,0.6757398513612973,-0.5429753125570699,0.005176015842907788,0.5130371966010926
P01,S02,19,lean_right,3.005303099984303,0.3340131969545258,-0.009240853215356783,-0.9462761105803497,0.04874102161677511,0.00719786874069256,0.7379161853803924,-0.5437646038895689,0.016429857264710555,0.2750392395152143
P01,S02,19,lean_right,3.0588684999383986,0.33371268134205867,0.015698404137263408,-0.9356386753244319,0.003409900906348207,-0.011095651887862937,0.21670323476119266,-0.5411102415007544,0.02105683471396343,0.5140227595367655
P01,S02,19,lean_right,3.1321348999626935,0.33644127695234805,0.021117191409003335,-0.9354684420479574,0.036577109615108516,0.009026852146171821,0.5142127089417204,-0.5499938267428226,-0.004232320793359506,0.09652517181380246
P01,S02,19,lean_right,3.1733600000152364,0.33808742475882436,0.03412977660774561,-0.931249584531139,0.024283801993958583,0.0037974912831430403,0.5962128319344971,-0.5477432965046917,0.002600314310608245,0.4661694145201029
P01,S02,19,lean_right,3.2355903999414295,0.33873370050877616,0.03612778362872068,-0.9274795272922736,0.012414771242669357,-2.0411723969479016e-05,0.1994971595447249,-0.5585538568324909,0.005940021312438656,0.23225997723266423
P01,S02,19,lean_right,3.300719399936497,0.34220123739213054,0.050872563250826834,-0.9125544367469189,0.01593726116452579,-0.0005040772011654545,0.24482535987771886,-0.5559116168823042,-0.0002147107956336451,0.3894941853051073
P01,S02,19,lean_right,3.343157000024803,0.3433521882016747,0.050704767481113924,-0.9090001931416493,0.0064069593888663795,0.002912597514753879,0.16584167034775624,-0.5601721332666904,0.0036016818611797788,0.19935057812479695
P01,S02,19,lean_right,3.4103401999454945,0.34552128800508103,0.05377823345876411,-0.9030477136994582,0.01355818619550333,8.297559407263291e-05,0.20181295491882847,-0.5647777331283709,-0.013502619839752624,0.20893823983870397
P01,S02,19,lean_right,3.4604987999191508,0.345263347818301,0.06952351904996557,-0.9024689461334496,0.0056888944999696515,0.00099904053382669,0.11515373970019521,-0.563019162681462,0.0012923994036320174,0.27952911767096067
P01,S02,19,lean_right,3.503091700025834,0.34592499062204585,0.07522729257562363,-0.8955593597277597,0.004536190570844861,0.002018554404780261,0.11656957897841023,-0.5657332680538726,-0.00031330487109696825,0.044264646530872885
P01,S02,19,lean_right,3.5789509000023827,0.3469148743981361,0.07800966778041798,-0.888959833508495,0.0024388061530429086,-0.003490476339578232,0.056131289886536886,-0.5661869187811394,-0.0009357027619575308,0.08618898353523309
P01,S02,19,lean_right,3.666392699931748,0.34691173524182284,0.0978921628356036,-0.8819395266977921,0.004573844543766788,-7.448180872901412e-05,0.052314235856671186,-0.569053058405825,0.0034663811880406474,0.04114894846086483
P01,S02,19,lean_right,3.729577300022356,0.346154270085402,0.10331652823079333,-0.8673775633352061,0.0011218242681676695,0.0002115366252408261,0.01806760268686847,-0.578082919449769,-0.00824584732018033,0.1334530190583755
P01,S02,19,lean_right,3.774647400015965,0.3461563870053381,0.10991998295930412,-0.8649503213963444,-0.0001769251552356,-0.0001409374594261203,0.0050188208550596795,-0.5788296863757362,0.0007236164179929586,0.044234829734667545
P01,S02,19,lean_right,3.857497900025919,0.34587563248864667,0.11293079892629547,-0.8617338146418871,-2.5418631087458014e-05,-0.00012778247424644147,0.0015725445078475795,-0.5777933095714878,0.003890152165452411,0.06246309321928957
P01,S02,19,lean_right,3.910598799935542,0.34619722899564837,0.11184689348051736,-0.8602805343921303,0.0004370095336697133,0.000998411616566795,0.020524394039670775,-0.580536633817858,0.006494330899856444,0.12825336957295874
P01,S02,20,lean_right,0.3856425998965278,0.3538049883890868,-0.012140105574431993,-0.8872316890485312,0.0,0.0,0.0,-0.562448403974748,0.0,0.0
P01,S02,20,lean_right,0.4678626999957487,0.35137055976405934,-0.013316918851331428,-0.8975588208307744,-0.005643662151679491,-0.011042541409571173,0.15082874992355322,-0.543007765359406,-0.004355660815082497,0.25382522469499097
P01,S02,20,lean_right,0.5289363999618217,0.34858303579269145,-0.008733462967589695,-0.9026318805658359,-0.004873677756139935,-0.0020165851633027394,0.08636131818999905,-0.5371227982341366,-0.006628969125464025,0.21135095205723398
P01,S02,20,lean_right,0.590770399896428,0.3466911636240496,-0.03841816699658062,-0.8976964231427957,-0.014872786647252794,-0.0034589455228702507,0.24694684856250695,-0.5373129385660442,-0.013870130305843779,0.252930577089253
P01,S02,20,lean_right,0.6598227999638766,0.34565325809893227,-0.07196850290212282,-0.9004843105477494,-0.020932862537468372,0.00011027574437893039,0.30314881141088607,-0.5352449710065839,0.002819113860861588,0.2515643445582546
P01,S02,20,lean_right,0.7171315999003127,0.3438065519065636,-0.08322794388784985,-0.9059573854158991,-0.008187420916072595,0.0008353679685786601,0.1436066914586622,-0.5361230160300634,0.001096120451797413,0.2567415078173199
P01,S02,20,lean_right,0.7669369999784976,0.34732965064181953,-0.11597828291101057,-0.9010624929764361,-0.024759471377285156,0.00778732644317007,0.5211328140627542,-0.5300324759014055,-0.008007421304485163,0.22998965309396469
P01,S02,20,lean_right,0.8624161999905482,0.3450928788805381,-0.12693400058458962,-0.9057996132445789,-0.04070713349844743,0.005481719645144624,0.43019386362869255,-0.5262476151803277,0.008135063012414482,0.2330890233657616
P01,S02,20,lean_right,0.9038378999102861,0.34370523534761116,-0.14687326703120693,-0.906002292892723,-0.008066360828861285,-0.0035643450852646604,0.21290221401740733,-0.5235242195440462,0.006858675405838317,0.34818703441273885
P01,S02,20,lean_right,0.9633593999315053,0.3458561220489358,-0.17967819651961975,-0.9112034278024541,-0.026783657609170564,0.011937434865105017,0.4926536322884193,-0.5149237918461311,-0.019314668767324947,0.4105451196779084
P01,S02,20,lean_right,1.0548675999743864,0.3487738799466441,-0.1832586384910211,-0.8859097863557607,-0.03309221967838005,0.006322359443324458,0.36817201997663357,-0.5182461855108773,0.00015715061400415747,0.17973427098922556
P01,S02,20,lean_right,1.120792599976994,0.3474478876045949,-0.19315412573311297,-0.892045414897446,-0.009376573553501773,0.0020957391565069048,0.14574025990512557,-0.5147663522389596,0.012172062789466883,0.220668763075779
P01,S02,20,lean_right,1.181186799891293,0.3498496774245123,-0.21233497050647474,-0.8758015746040688,-0.021687736911309506,0.008723821201921876,0.38706610681982434,-0.5169346873197563,0.0007349072749950889,0.023067390229510036
P01,S02,20,lean_right,1.2604411999927834,0.35054597304749435,-0.24434197800882843,-0.8619350628069349,-0.031044825020306702,0.011257509206736791,0.41666975345833507,-0.5222814023653303,0.004028357724734579,0.2779727118774718
P01,S02,20,lean_right,1.3040617998922244,0.3515411601758382,-0.23356448218775222,-0.8654054997650532,-0.005249045355584405,0.007284394663435272,0.2058334623186777,-0.5221416658403063,0.005838435356385702,0.6308870113739753
P01,S02,20,lean_right,1.3639040999114513,0.35133134670165755,-0.2428699283192972,-0.8537227765953616,-0.017828138471979848,0.0002925677167157148,0.297958783136963,-0.538872865741163,0.026079353467995423,0.4548158227515017
P01,S02,20,lean_right,1.4521786998957396,0.3525603607187272,-0.276696203271768,-0.8444056245867132,-0.01631811999051451,0.006300696139756506,0.19815755198951424,-0.5377509736695678,0.0031304490212957824,0.07927569977573962
P01,S02,20,lean_right,1.52678009995725,0.3547580684557347,-0.26193358480460155,-0.8471872908124582,-0.010091437507163544,0.010841666081926804,0.19854108196599912,-0.53757383323433,-0.00013645798453862677,0.1950854925025523
P01,S02,20,lean_right,1.6021234999643639,0.3532343408756082,-0.2588790038063919,-0.8421660905410915,-0.015682559115826743,-0.0024610680317608447,0.21069519863825745,-0.5554681061170079,0.02557807312925592,0.42016056976856253
P01,S02,20,lean_right,1.6798570998944342,0.353175879751868,-0.25822041566176585,-0.8367019879430266,-0.010798468160252714,0.001345162137108652,0.13999002841705407,-0.5547845671635818,-0.0031131095943359617,0.06438381238169312
P01,S02,20,lean_right,1.7429487999761477,0.3544955635855951,-0.2648810389140379,-0.826862121319774,-0.007182092284623629,0.0030542508385539833,0.12370158666634058,-0.5504674105867631,-0.009799389465729403,0.3640638933472663
P01,S02,20,lean_right,1.7855458999983966,0.3562234551574607,-0.2635353264185137,-0.8292374359424459,-0.0048115408734747895,0.0069282909032513836,0.19802223180667763,-0.5482915041657523,-0.00459961471109795,0.16516681951067153
P01,S02,20,lean_right,1.868215899914503,0.3583852916968277,-0.267070327859453,-0.8271502549126833,-0.003090579436046913,0.0028737470006029576,0.05104876963198706,-0.5472989205188832,-0.014615663938076135,0.1772851532070315
P01,S02,20,lean_right,1.920162900001742,0.35703364894088246,-0.270357068316929,-0.8214466318320213,-0.0034175325978298885,0.00012570887267631387,0.06583332661884449,-0.5492487072239791,0.0005149071790506603,0.16911978412606238
P01,S02,20,lean_right,1.9718041999731213,0.3572968791185933,-0.26792223656513225,-0.8233992340346002,-0.0011833452023349371,0.0009370339044921889,0.029228864859616146,-0.548928813851492,0.007031908764315197,0.18480253774856203
P01,S02,20,lean_right,2.062255600001663,0.3573364463973413,-0.2719812559126443,-0.823066113230773,-0.0021887627362040564,-0.0001600470851450568,0.02426282434348999,-0.5444021171179001,0.0004486202801951634,0.03545493621901934
P01,S02,20,lean_right,2.118968899943866,0.35738181201991037,-0.2691029201578576,-0.8224875580204571,0.00033429250133472854,-0.0004396358134173218,0.009738389934154044,-0.5452853483569974,0.002811846259068159,0.10347476609925638
P01,S02,20,lean_right,2.161586699890904,0.3575615729979001,-0.2687157301368972,-0.819743294136515,5.64062897105312e-05,0.0009033341232105463,0.021237451984861603,-0.5462391833643145,0.002360219794564034,0.11373822962516235
P01,S02,20,lean_right,2.254204299999401,0.35762722512585265,-0.25071899281806687,-0.8218413955131321,0.0025808796441135237,0.0004910008835219607,0.028365773697358133,-0.5435351431078681,-0.005928988328491736,0.08419777658081255
P01,S02,20,lean_right,2.325775699922815,0.357095074109355,-0.25098306077925103,-0.8223676645982722,0.0007843560348143705,-0.000738016164271378,0.01504760695240596,-0.5423391453119699,-0.00023898225117646902,0.05571950869350349
P01,S02,20,lean_right,2.389243899961002,0.3580353321641038,-0.2552228783377791,-0.8364137814912113,0.006865948111520224,-0.0001564883715531931,0.1082074363808917,-0.5426275331985531,0.00030431285854074414,0.038254674834069594
P01,S02,20,lean_right,2.46232119994238,0.35658868573182884,-0.24240796416670657,-0.8479233669356094,0.012154819060612741,-0.004198951169769413,0.17597336691490428,-0.5360521824919797,-0.00854778771157209,0.12401773608990022
P01,S02,20,lean_right,2.5043453999096528,0.3547853403189295,-0.23819385773944235,-0.8499151178424678,0.0031458793465848098,-0.0070066911805538555,0.18276404762226317,-0.5429914443612214,0.0033845413994139295,0.3541283295196176
P01,S02,20,lean_right,2.5693594999611378,0.3473182819512982,-0.2156033258315398,-0.8562064576116102,0.02075286129817764,-0.020244519475762255,0.4459302572359053,-0.5357985687992851,-0.005601074530299776,0.15070835547465003
P01,S02,20,lean_right,2.651805999921635,0.34103356693766107,-0.17980536247882897,-0.8690907918524383,0.03349387970743675,-0.016950871229760016,0.45531271767471787,-0.5193025667979477,0.002027764971354135,0.22871247064929526
P01,S02,20,lean_right,2.7084613000042737,0.341564292965612,-0.1625158952753166,-0.8631192381903188,0.008114085484585318,-0.008903153042476263,0.2126179479439662,-0.5223102931029453,0.0010019071873303594,0.29184013521846924
P01,S02,20,lean_right,2.7718741999706253,0.339690897662325,-0.14394705640633879,-0.872487199837292,0.03709071662190553,-0.009951452473571607,0.6055945810472685,-0.5139905358873427,-0.004453075717357735,0.35343888777372523
P01,S02,20,lean_right,2.860436899936758,0.33621087998228877,-0.1041212201310721,-0.8902357916839879,0.051929398107979204,-0.005324532927900447,0.5894316394261968,-0.5156055555675543,-0.003970274879604685,0.5751155762575162
P01,S02,20,lean_right,2.9049056998919696,0.3373781696918686,-0.07978648281947824,-0.9075389059170088,0.00669888961794716,-0.00019751720426887124,0.1507079322136001,-0.5149670271411588,-0.013657212023449486,0.41048317585706107
P01,S02,20,lean_right,2.943188599892892,0.33544603771769277,-0.07731308602842865,-0.914853349432742,0.0010448482707536375,0.0009943405336741388,0.03767652033328949,-0.519681752103265,-0.005681787663548923,0.18688320049949225
P01,S02,20,lean_right,3.0212998999049887,0.3301171770732314,-0.05395988984163957,-0.9200199676432548,0.041566704945870066,-0.009015703920518342,0.5445205636564232,-0.5382993078032585,0.030510949950524065,0.5903675529321595
P01,S02,20,lean_right,3.08540959993843,0.33169786611801566,-0.0216680090808537,-0.9236254651727029,0.047710572603541036,0.008410652234101408,0.7556771635055032,-0.55088299459873,0.00981134250202251,0.532820143755172
P01,S02,20,lean_right,3.1331424999516457,0.3310313898095719,0.0042198247596991565,-0.9189243697574289,0.003917103289429307,-0.008194591425101054,0.1902812795837702,-0.5464104964082773,-0.010121770000209283,0.23161095233553627
P01,S02,20,lean_right,3.1794966999441385,0.3346721146054719,0.009635402976782911,-0.9091625118778371,0.03457001248045662,0.007235434901708503,0.7619391155964421,-0.5485141598305187,-0.0021550649647685796,0.4603277843951822
P01,S02,20,lean_right,3.2472981999162585,0.3318949608244254,0.02034804883006667,-0.9165828597537851,0.006819259212212125,-0.005137858309578939,0.12592852525939424,-0.5495366153243603,-0.010007049878754436,0.16576011418629524
P01,S02,20,lean_right,3.296166399959475,0.33454434276449996,0.0434080771519333,-0.9054948500974391,0.031215420636350095,0.008587988855892417,0.6625011359236375,-0.5497404972507136,0.0004763105513454442,0.18567317217166918
P01,S02,20,lean_right,3.363316399976611,0.33639423737464097,0.057710209207109744,-0.8916238618161942,0.034391175723731224,0.006710244265495208,0.5218123113090488,-0.557035855262047,-0.000662777209509659,0.033055266228415814
P01,S02,20,lean_right,3.4215159999439493,0.33666865745793684,0.07464946320377422,-0.8902848825376797,0.007728478436892823,-0.0006781611140640836,0.13330289453355906,-0.5520286290746012,0.0020082998385757035,0.3653986692455165
P01,S02,20,lean_right,3.50222219992429,0.33992812246855353,0.07936997670311921,-0.8829917634354353,0.01716161392608482,0.0012816831623750759,0.21323525874797675,-0.5627226131456649,0.009788387911005529,0.20635243911934434
P01,S02,20,lean_right,3.562689199927263,0.3426022264509798,0.08383601511055691,-0.8664911511124047,0.006332343434679596,-0.0024638514117474963,0.11237183089072894,-0.5590135090955548,-0.0021139990489932488,0.1718564255583576
P01,S02,20,lean_right,3.6276112999767065,0.3441707411945468,0.09006106134675643,-0.859055439836097,0.012363559946282143,0.002000267787919299,0.19291310286309396,-0.5719133132381826,-0.007036001599658968,0.11187366272421631
P01,S02,20,lean_right,3.7128505998989567,0.343793305768743,0.10156791094178462,-0.8589177483830877,0.004274349987724757,0.0002893603524585309,0.050260070164215256,-0.5688680612938717,-0.02388665306117316,0.3028364582068155
P01,S02,20,lean_right,3.7832334999693558,0.3448840766886411,0.09234316029103627,-0.8650791760653151,0.00504035929765827,0.008892977702341983,0.14523482873726706,-0.5800405619668618,0.01896578750848479,0.2888309971399339
P01,S02,20,lean_right,3.8581453999504447,0.3448303459702434,0.1041001690700292,-0.865681622150668,0.001391718574125928,0.000594179047203363,0.02020041201892497,-0.5758265900708152,-0.010714916392908183,0.19075637175013618
P01,S02,20,lean_right,3.9219770999625325,0.3456704094905536,0.10097773909463201,-0.8613147204145575,0.004825682334633469,0.0003681423491903972,0.07581976368948937,-0.57762466120616,0.0024648753392729436,0.08710878823022603
P01,S02,20,lean_right,3.9688214999623597,0.345485665147511,0.1003358592975762,-0.8616174385379325,0.000946036558380226,0.00018546353610991937,0.020579718158304387,-0.5820940516875975,-0.007155457114491721,0.15775782428539867
P01,S02,21,lean_forward,0.3729318999685347,0.35363309553108735,0.050048720648543085,-0.8407307095149736,0.0,0.0,0.0,-0.5678373856040847,0.0,0.0
P01,S02,21,lean_forward,0.46534989995416254,0.3527319105473172,0.05306944216501826,-0.8402638723008709,-0.0007595651832284122,0.005238042613952018,0.057270533211351976,-0.5656457679787718,-0.00579291811977984,0.28689181662901947
P01,S02,21,lean_forward,0.5235559999709949,0.3509322385908935,0.05590496332122314,-0.841790622424311,-0.0023038416366103908,-0.0036195158005039524,0.07371258714010184,-0.5430785342320269,0.052207968087147276,0.8973093037189279
P01,S02,21,lean_forward,0.5885450999485329,0.3502794909699545,0.05727932498139185,-0.8385076982650546,-0.0005603470951206711,0.000963123157723352,0.017145472957930084,-0.5488508575351962,-0.010685778029789001,0.3169228711758504
P01,S02,21,lean_forward,0.6603333000093699,0.3499417832998009,0.05717240761003046,-0.8353526082577204,0.00035892223706060467,-0.004008908877720689,0.05606693252386646,-0.548742175849121,0.01358903698124655,0.2302946818698641
P01,S02,21,lean_forward,0.7079162000445649,0.34984619327558664,0.05669070779591019,-0.8301369847317056,0.0001635589012663641,0.0018944720860743077,0.03996224254600528,-0.5644071242618562,-0.037397372990521226,0.7926705898182038
P01,S02,21,lean_forward,0.7703607999719679,0.3501857311782022,0.05721883316296682,-0.8297116544010575,-0.0006156872828266807,0.00024322817807984705,0.010601237151302994,-0.5601376342601013,-0.0016587238480061735,0.06670333346172413
P01,S02,21,lean_forward,0.8645747000118718,0.3500729932086206,0.05625241347897874,-0.833345049897034,-0.0001103732984984101,-0.0036941215131056763,0.03922743900254815,-0.5526873818906037,0.008165498150473707,0.08792550648094971
P01,S02,21,lean_forward,0.9249006999889389,0.3499509793417994,0.05831981794797575,-0.8324032329718235,2.6144555989615525e-05,-0.0015753159501495375,0.026116979219892863,-0.5530121257592646,-0.00496536912449881,0.08601248968637706
P01,S02,21,lean_forward,0.9978308000136167,0.3499422605961829,0.05907611802927926,-0.837723699356915,-0.000642090524474596,-0.005348100106897762,0.07385848573777387,-0.5512525652573422,0.01605701220710832,0.22021435541081588
P01,S02,21,lean_forward,1.0628455999540165,0.3515639290713916,0.06082026872134804,-0.8432564260218883,-0.00200826040484467,-0.012175616468535487,0.18980489814808693,-0.5571540407820376,0.004805861054679245,0.3745011861265709
P01,S02,21,lean_forward,1.1412398000247777,0.3535068801200596,0.06206139079913459,-0.8418575751229741,-0.0030876628400517614,-0.012932354393554682,0.16960238637123207,-0.5423938967870625,0.019943354200274703,0.25441449144846273
P01,S02,21,lean_forward,1.2184337000362575,0.3558613652955814,0.06040926665703539,-0.8372122443839315,0.0011342275184115446,-0.014461767252879919,0.187918701418105,-0.5376767758275326,0.0050317031923265065,0.06539019767272997
P01,S02,21,lean_forward,1.2647307999432087,0.35894116623012523,0.061436764077245506,-0.847409188171446,-0.001195775484699935,-0.019452980533037206,0.42097017098778805,-0.5455078401858638,-0.002277357043742954,0.2103768018181642
P01,S02,21,lean_forward,1.3280864000553265,0.3625825101994787,0.06364475400068163,-0.8454083094950097,-0.003861049977922532,-0.010927195972601203,0.18292425615546615,-0.5495276239043956,-0.0019691407997017673,0.054580111028647016
P01,S02,21,lean_forward,1.398925399989821,0.36593649760983865,0.06724676542829734,-0.8205176090243935,-0.004220040770051051,-0.04608124570298986,0.6532287908329275,-0.5505822222627114,-0.0004474961150666326,0.04152147281509477
P01,S02,21,lean_forward,1.45954760001041,0.37377799208898294,0.0715963619208273,-0.8442136408125301,-0.007088873435369159,-0.02881116602837022,0.4894320366119781,-0.5486602476498302,0.0008732599109844278,0.16964354046825528
P01,S02,21,lean_forward,1.5098212000448257,0.37660078625566235,0.07755836414163543,-0.8471740752622173,-0.0008909815380344721,-0.005513813806207467,0.1110988097201596,-0.5505679851167261,0.0016642678514260272,0.05562783553635247
P01,S02,21,lean_forward,1.593558100052178,0.3855291699627538,0.0888214781727733,-0.8170934227536596,-0.006865108411960989,-0.025010373365743733,0.3097256739394302,-0.5522373506789443,0.004319384288298041,0.09107984932731686
P01,S02,21,lean_forward,1.662896899972111,0.39428318870477347,0.1050184742492834,-0.8224151852096913,-0.003436105604791242,-0.017134042582036553,0.252026126810827,-0.5511592073240299,-0.00030005326509324856,0.017053087935466338
P01,S02,21,lean_forward,1.731417499948293,0.399349383223586,0.10439687193074729,-0.8115131934367953,0.00330680542601918,-0.0033168054695092066,0.06835324733897258,-0.5540542718083187,-0.0030147285594759403,0.09611360317989372
P01,S02,21,lean_forward,1.7869433000450954,0.40067564472909956,0.11338632053784388,-0.7948857727581371,-0.0013162314802768308,-0.020005141640613462,0.3610645023843226,-0.5935815326393917,-0.06141579597922701,1.1071112422350855
P01,S02,21,lean_forward,1.853872700012289,0.4055160464869483,0.115984579074508,-0.7902569380817864,0.0014536784473400273,-0.003510177797830033,0.056765488584204826,-0.5840679755330597,-0.02514100312181335,0.41458383942928073
P01,S02,21,lean_forward,1.939723000046797,0.40774028723593003,0.11511458688151822,-0.7874788896147776,7.809819747545999e-05,-0.012052996778938492,0.14039845862717662,-0.5858344078696107,0.013241756264135197,0.15750188605010876
P01,S02,21,lean_forward,2.014278899994679,0.41260983394059186,0.11073494649026053,-0.7857540643431379,0.0026678798960269126,-0.0004200828306767702,0.03622450271677453,-0.5760228194945568,-0.02668963225124826,0.3641061487269269
P01,S02,21,lean_forward,2.0866127000190318,0.4138033429432674,0.1101563583326171,-0.780703735099694,0.0012592783887207374,-0.004173515776264113,0.06026725519682229,-0.5816948948843026,-0.0018589490885145817,0.05733136674884057
P01,S02,21,lean_forward,2.128473600023426,0.4142006666175492,0.1101112375101385,-0.7815044953799183,0.0003275587984392552,-0.00022078290456031949,0.009436462338896334,-0.5811879944196428,-0.014694168257041876,0.39251956076281447
P01,S02,21,lean_forward,2.185715400031768,0.4150496559242854,0.10971047813616937,-0.7784158366239473,0.0006208553045330444,-0.001433212499679589,0.027286159573075404,-0.5728838290546377,0.03370292512266667,0.6052980900608006
P01,S02,21,lean_forward,2.2611130999866873,0.4173050149929258,0.11656763715828752,-0.7722675190778201,0.0027852660105247345,0.00011872936866187282,0.03697454220942487,-0.5953002766962451,-0.058437997465502406,0.8106843195605624
P01,S02,21,lean_forward,2.327923099976033,0.4188403057845551,0.11805539866596788,-0.7671361151283151,0.0015299614844370946,-0.0028857014687977208,0.04888787424871519,-0.596698532295238,-0.019272319916987152,0.290583833829452
P01,S02,21,lean_forward,2.379600099986419,0.4187844600886253,0.12020104058785089,-0.7689184863704432,-7.653674093155992e-05,-0.000335359731882823,0.006656396275047814,-0.5970259708852115,0.009924004154023211,0.2084412644639074
P01,S02,21,lean_forward,2.4657603000523522,0.4197299494320209,0.11786435440079074,-0.7754208710632609,0.0026789644751568,0.0044111319242341315,0.059898938496679585,-0.5983097978732997,-0.004515333564414377,0.11615165825530738
P01,S02,21,lean_forward,2.5272488000337034,0.42022464490977435,0.11501858696869383,-0.7793933198438482,0.0016470455588830154,0.0019168606135148802,0.04110157125136874,-0.5954072135586118,-0.006019013020556002,0.16023776220914165
P01,S02,21,lean_forward,2.5997043000534177,0.4200207550112807,0.12132429700634699,-0.77062184055099,-5.6976386504225494e-05,-0.003013894746384476,0.04160392592032848,-0.5947306875736715,-0.004202801147449803,0.058510225517202245
P01,S02,21,lean_forward,2.683482200023718,0.4196340270522413,0.11938118527851253,-0.7710928385565,0.0015111946983451558,0.0011171768781783713,0.022432009868816983,-0.5984717870218577,0.015153033594578091,0.1833338683055755
P01,S02,21,lean_forward,2.735888099996373,0.4194496923245922,0.1228097445940282,-0.7656298617230052,7.968370264516867e-05,-0.002088935086597665,0.039889675150046565,-0.5999818490961565,0.0351588178871859,0.6896679882429169
P01,S02,21,lean_forward,2.804801100050099,0.4195036022912361,0.12790052344467726,-0.760917088541662,-2.337277680572755e-05,-0.0012103759417251767,0.017567100372031606,-0.607938213834728,-0.006150736706157074,0.11468278397097574
P01,S02,21,lean_forward,2.877665000036359,0.4154533950612189,0.11980808714782815,-0.7771442082714979,0.0034116188898337097,0.005848904560483535,0.09292909473605421,-0.60714164498088,-0.0008642779479417136,0.04496754885460619
P01,S02,21,lean_forward,2.9210673000197858,0.4148605688896949,0.1246849702486788,-0.7723718570100602,0.0003685954454059542,-0.0006754829415615255,0.017729618245113588,-0.6092980535216849,0.0026919077061392316,0.11788657239167473
P01,S02,21,lean_forward,2.982778999954462,0.41050060276317885,0.12739316143924206,-0.7827743810287306,-0.0010865308207880064,0.005134449817798996,0.08504310143233886,-0.6032890063394702,0.03468127688148867,0.5657354463391463
P01,S02,21,lean_forward,3.052826300030574,0.4045408263583168,0.11729352840961754,-0.7975614937562568,0.004548760414503983,0.016232080865331996,0.24065727222017527,-0.6074956677265507,0.029081875007933553,0.4623787911882638
P01,S02,21,lean_forward,3.122615800006315,0.40161572707637866,0.11690007784628617,-0.7906409394876898,0.0010319466304308002,0.002738760310834844,0.04193647261981538,-0.6071946979306506,0.006388862570264097,0.10528455333538247
P01,S02,21,lean_forward,3.169592799968086,0.39501264731213465,0.11201987249554271,-0.7974242178996409,1.5466532859262852e-05,0.007462413488339946,0.15885283271166317,-0.5887079418569725,0.029059368022795334,0.6330715377575409
P01,S02,21,lean_forward,3.26220330002252,0.3853149626865802,0.07709460087247476,-0.8285960648183097,0.007674128729306484,0.04809430825236989,0.5258876471360834,-0.5919036590595759,-0.0032238114939508503,0.1555270175061252
P01,S02,21,lean_forward,3.3040649000322446,0.38185197597912035,0.07582226494861237,-0.8373343916716014,-0.0014446071277243024,0.005581126216459919,0.13771702556071136,-0.5938925968075399,0.02037914638922793,0.5186579883204849
P01,S02,21,lean_forward,3.37294330005534,0.37675294375602697,0.06927069542763427,-0.8458200046245091,0.0011650303239839116,0.03417577853098406,0.49646377269641156,-0.5895394906066952,-0.005250405641671475,0.10351324142545158
P01,S02,21,lean_forward,3.452601799974218,0.3721066926799793,0.06653655266927537,-0.8519393259123011,-0.0032390721448295415,0.03996490832439184,0.5033480861948346,-0.5856741524140897,0.027167410449917037,0.38563344881040346
P01,S02,21,lean_forward,3.4935819000238553,0.368191406623519,0.06940193662573278,-0.8589548283781806,-0.0021047470829204835,0.002439848914374193,0.07862935462111652,-0.5838836492292966,-0.002328878766998142,0.07750233311664999
P01,S02,21,lean_forward,3.539883799967356,0.3660727337662265,0.067857151465754,-0.8603270781145698,-0.001987485079714861,0.0037601267102277585,0.09185530921669696,-0.5833624336967973,-0.004453960964952206,0.1716861497140966
P01,S02,21,lean_forward,3.6086823999648914,0.36107033465489735,0.06695194841786452,-0.8938450802064082,-0.0014826449743145906,0.024186352882224822,0.35221289386370314,-0.5756545984892943,0.0024218733984352997,0.08794294186517737
P01,S02,21,lean_forward,3.6600637000519782,0.3588566884514619,0.06625214735385264,-0.8846935836808413,5.427185365946757e-05,0.004724350327660492,0.0919529486092926,-0.5726765047549249,-0.005615868108492706,0.22405184527911154
P01,S02,21,lean_forward,3.7022699000081047,0.3563503511703284,0.06168731763304848,-0.8829683040911144,-0.00018424148034222425,0.018988079174461926,0.4499095635575787,-0.558837106472838,-0.01671900257182208,0.6204213672164376
P01,S02,21,lean_forward,3.760113100055605,0.3512311985889768,0.06486053726515742,-0.8777364495114459,-0.001166319575327505,0.02914352228576713,0.5042399261410498,-0.5568643494299347,-0.001021100965228913,0.1313313967794368
P01,S02,21,lean_forward,3.807173699955456,0.34947846023701795,0.06764674323046077,-0.8757214119507677,-0.0009836651692608442,0.0038912549058120137,0.08528704318450692,-0.5520936731257753,0.0045947694421471,0.10559624420372622
P01,S02,21,lean_forward,3.872986300033517,0.3469148565448251,0.06097324960621823,-0.8786468617174417,0.0011713383214642472,0.016764183747988198,0.25534708361853653,-0.5500189753640514,-1.7758282119237336e-06,0.22137632799654938
P01,S02,21,lean_forward,3.9520400000037625,0.34301379897296225,0.06536420295975749,-0.8795213392569771,0.0025567278737140195,0.010890268864476037,0.14150339963564654,-0.5479751674422583,0.0002150342598154555,0.061495465213087054
P01,S02,22,lean_forward,0.3867605000268668,0.34563453468941335,0.06083399109685767,-0.863223380077183,0.0,0.0,0.0,-0.5470723320463765,0.0,0.0
P01,S02,22,lean_forward,0.4681533999973908,0.34538856992719214,0.05823000471117568,-0.8650219641956864,0.0026797523306245096,0.0009447493525673452,0.03490983005919092,-0.5445241125847282,-0.0030444415237363387,0.04151960801823402
P01,S02,22,lean_forward,0.5197091000154614,0.3450840962759279,0.058580930351204125,-0.8741797949120121,0.000623839458528342,0.00021625167912438128,0.012806690097887215,-0.5453364658419407,0.007808629105722745,0.20697438884804945
P01,S02,22,lean_forward,0.5704999000299722,0.3452207851785233,0.05790669059692873,-0.8769925053377429,0.000523278970759532,0.0005392065415101932,0.014793528018997408,-0.5447517064077388,-0.0005470366681957139,0.015489049507300684
P01,S02,22,lean_forward,0.6607251000823453,0.34640109093671395,0.056810067964359424,-0.874077338039908,0.0012406124001182197,-0.0002718679046028831,0.014076462952387533,-0.5445280660090763,-9.122117329127903e-05,0.0783238410780365
P01,S02,22,lean_forward,0.7117400000570342,0.3466929566951429,0.05644358194204392,-0.8737981189014752,0.00026209728004363594,-0.00024155242929570908,0.006986788219652487,-0.5453986610492206,-0.0013038041262601991,0.07739491519245466
P01,S02,22,lean_forward,0.7557837000349537,0.3468451015381867,0.053528038292497825,-0.8726385007934455,-0.0002011051482032285,-0.007537168338064089,0.17119022214861795,-0.5490332797488274,-0.008623492193725189,0.2185312812424768
P01,S02,22,lean_forward,0.8614341000793502,0.3490452529685391,0.052125316547164124,-0.8799456642630844,0.0009698587135128397,-0.018251940101373293,0.1730016144184862,-0.5528775237475076,-0.01474222779791065,0.1454895159039386
P01,S02,22,lean_forward,0.9054156000493094,0.34918001684369343,0.056811453124850475,-0.8772971813366194,0.0002699603103418053,-0.00487823316405192,0.11108527967658867,-0.5546768393055599,-0.0006675638886041424,0.039584878190580895
P01,S02,22,lean_forward,0.9884592000162229,0.3535048422298465,0.054830042215644796,-0.8609458542785022,-0.001204342983773352,-0.015888593359479525,0.1918771840402466,-0.5551141070048765,0.004905490111151132,0.09320033570742063
P01,S02,22,lean_forward,1.0662539000622928,0.3584062915045824,0.05668470182104763,-0.8607440220798414,-0.0014177474245139147,-0.03492706011440183,0.44933424273045436,-0.5592848445365574,0.001749193272588372,0.10500167412347723
P01,S02,22,lean_forward,1.1202080000657588,0.35920325254207874,0.05493044297695396,-0.8851853017479868,0.0006873056881096782,-0.0024610754015448317,0.047359622859712035,-0.5607914477534197,0.006629034085258729,0.2389841517167359
P01,S02,22,lean_forward,1.194406000082381,0.3669829044124692,0.05716404498818334,-0.8790277605723806,-0.003309633045969375,-0.02785063374879332,0.3779966392277899,-0.5549334112083876,-0.008127354094462129,0.19667324376099016
P01,S02,22,lean_forward,1.26390550006181,0.3816516544000802,0.055575058037317646,-0.8599353935210942,-0.0006149801455288677,-0.020676779601859353,0.29764132296025814,-0.5521202757639208,-0.0019620661314302718,0.10287680548520677
P01,S02,22,lean_forward,1.3050872000167146,0.3862463525783248,0.059788614211255885,-0.8493985524438908,-0.0023747177675680427,-0.011392580599122367,0.28258782921327247,-0.569046948250177,-0.015328466173944486,0.49150040100403525
P01,S02,22,lean_forward,1.370809799991548,0.3956828370498032,0.06032223070884477,-0.8377756656390657,0.0007205741356105221,-0.016818819444977613,0.25614093584639835,-0.5634067803102029,0.013168659614421629,0.2338945281690859
P01,S02,22,lean_forward,1.4533232999965549,0.40433953059442473,0.06559673161394634,-0.8264378447259286,-0.0028912723388274213,-0.02435067935197974,0.29718441090047515,-0.5637431491617805,-0.000297523656681371,0.020789383342922834
P01,S02,22,lean_forward,1.5308678000001237,0.4077140891087273,0.07589351972877423,-0.8233156743863332,0.0033486068482137367,-0.0058157474550747535,0.08654247697851236,-0.5672098264632647,0.0016445736935144426,0.14953992403798444
P01,S02,22,lean_forward,1.5819004999939352,0.4091337212687578,0.09077872515863146,-0.8150669096360371,0.0011335021157307375,-0.0036471146251182075,0.07483824762720817,-0.5862207789061649,-0.0731240480086205,1.4350892718259252
P01,S02,22,lean_forward,1.66277210006956,0.41063834274111977,0.09981902296792959,-0.8167194520382921,0.0007564554351486354,-0.006020798852968977,0.07503417085149743,-0.5847443882670037,0.0002211344844093809,0.06451138583820107
P01,S02,22,lean_forward,1.7043355000205338,0.41376097748749024,0.09706367879033888,-0.812460449569546,0.0017865072889923642,0.0002615332002713895,0.043440844606133976,-0.6006650293161934,-0.018312754189178337,0.44122535152171755
P01,S02,22,lean_forward,1.7430934000294656,0.41467340888389415,0.0971460976675631,-0.8120139333972549,0.00015965783618115322,-0.00022322630617990633,0.007081033871430483,-0.5969547618249714,-0.013119130521471274,0.3399780163442748
P01,S02,22,lean_forward,1.7856954000890255,0.41550998437341713,0.10197693659573935,-0.8131154887560131,0.00010016352140653672,-0.0011339313939682364,0.026720498256332027,-0.585852403295732,0.025124877883591155,0.6180371382359343
P01,S02,22,lean_forward,1.8249721000902355,0.4176828985341263,0.0953598130567684,-0.8098732398818883,0.0019392281126582882,0.0011892876421358187,0.05791894431115123,-0.5889580820793188,-0.0006889976418866922,0.0797982332130701
P01,S02,22,lean_forward,1.9078103000065312,0.41847984513868325,0.09935198364638528,-0.8063100426374741,0.0006265910690184841,-0.0017938515016771718,0.0229379287335056,-0.586779675619183,0.01913240956923263,0.2353856283885893
P01,S02,22,lean_forward,1.986503200023435,0.41841547064005097,0.10617012433563891,-0.8034787251072635,0.00017692693986145612,-0.0031819070790784338,0.04049694711860802,-0.5735329602057606,0.027996865661073945,0.3575860521396129
P01,S02,22,lean_forward,2.033832599991001,0.41902067750719424,0.11035888395456077,-0.802287932723594,-0.0003853484836527212,-0.0002813655594924631,0.010081203872878553,-0.5787101912028417,-0.006308576185496142,0.13373570140569557
P01,S02,22,lean_forward,2.125923000043258,0.4204037802501086,0.1087351773986473,-0.8003442374370394,0.0012047714430102369,0.0013845124252845795,0.019929397736184514,-0.5800012327364531,-0.00045712293448309986,0.008453705362248279
P01,S02,22,lean_forward,2.2012524000601843,0.41951636950818494,0.10843824986276061,-0.7961850044000918,0.0017097482868349975,0.004391071205222871,0.06255447620056116,-0.6006948332725341,-0.0305881015446472,0.4963776169796896
P01,S02,22,lean_forward,2.2864092000527307,0.4196122614090409,0.11210704500401263,-0.7929014964149156,2.563947570509722e-05,-0.00038302961905149394,0.004507999309125548,-0.5986405121805685,-0.022216510770557057,0.2700981961725527
P01,S02,22,lean_forward,2.3716108000371605,0.4163671287942069,0.11367752929298781,-0.8052555786201727,0.005642130951441131,0.007621235825560677,0.11129428335910939,-0.6039441391985072,-0.04017437685166725,0.50181532088945
P01,S02,22,lean_forward,2.4634372000582516,0.4136424023282837,0.11265859432421875,-0.7982119582930628,0.00045242867360829165,-0.002366145404884132,0.026234409381698444,-0.6073118696408809,0.06024269594939914,0.6983124545672058
P01,S02,22,lean_forward,2.515149399987422,0.4130900370114046,0.11295608716200851,-0.8081773134585111,0.0006901737916134153,-1.926267729689875e-05,0.013351637522115666,-0.5881087257738866,0.013169167260177563,0.27744926775005246
P01,S02,22,lean_forward,2.5762249000836164,0.4112004680091564,0.10771113817676657,-0.8148210930734165,0.0018208603947663569,0.011525484244525052,0.19104931756251387,-0.5959589853886831,-0.026205237557039733,0.4625942591004338
P01,S02,22,lean_forward,2.6559324000263587,0.4001141292236781,0.1002737132963629,-0.8146238226031992,-0.004094862830175153,0.002676751410215448,0.06137598470592797,-0.6122825963358217,0.10242531106842591,1.3142051857184762
P01,S02,22,lean_forward,2.7293075000634417,0.3984372840743478,0.10087867668694175,-0.8222229121504335,0.002269072920857538,0.009648795775474048,0.1350868411640178,-0.6118868119949795,-0.006271246282257573,0.09172121524293861
P01,S02,22,lean_forward,2.805491500068456,0.39006087914942067,0.08900545214633708,-0.8389645044956087,0.00605362606834546,0.017620356094253296,0.24455589449003037,-0.6027258327159725,-0.007156321276080754,0.09876350201517971
P01,S02,22,lean_forward,2.875106899999082,0.3834323905216882,0.08345981750410873,-0.8402406678204593,0.004205821959088139,0.017919367251394844,0.264400136226349,-0.6060987919277756,0.02214435953109698,0.3201118690949326
P01,S02,22,lean_forward,2.952798700076528,0.37897430890793,0.08303238235751105,-0.8487854119864797,0.0014491673552833738,0.015901127997632082,0.20551753447028123,-0.599421683576279,0.011050913969318952,0.15794999531752457
P01,S02,22,lean_forward,3.0239243000978604,0.3747120157864236,0.08002593536012266,-0.8610343775362808,0.0033405844813939687,0.030440262852182227,0.43054843772507634,-0.5910204411389235,-0.012064264868266538,0.17085252786836275
P01,S02,22,lean_forward,3.1081200999906287,0.36624339288222746,0.08349927306816894,-0.8777813376371965,-0.006743380233653787,0.02562582136384437,0.3147214523323981,-0.5902297569452905,0.0037704040778566263,0.13803698912801532
P01,S02,22,lean_forward,3.186501100077294,0.3598395637605659,0.07683126540261717,-0.8880230731637935,-0.0018448408625451505,0.0382610470460924,0.4887089692737878,-0.582266530778479,-0.016710081973049296,0.2237530383366542
P01,S02,22,lean_forward,3.262668100069277,0.35580319717204617,0.07148991904713874,-0.8743876748427184,-0.0013948668215095002,0.009122628363121612,0.12116337957606649,-0.5833343669692705,0.009948038871263071,0.1524708956260076
P01,S02,22,lean_forward,3.304426799993962,0.35291336300271625,0.0575255089569281,-0.8653576788221421,0.00018189790796502547,0.021828762314621802,0.5227538264745444,-0.5857379227123943,0.009174174653785616,0.33967884392469483
P01,S02,22,lean_forward,3.3647899000206962,0.3507070379049344,0.05662382856733977,-0.8671981411237452,0.0004933387811529025,0.03644801021477112,0.6038680720040104,-0.5895526821504211,0.013635054574795224,0.23468486524512883
P01,S02,22,lean_forward,3.4291822999948636,0.3488454789648969,0.053617708373019726,-0.8714678502396779,-0.00011691273256164238,0.0061300374221615545,0.09521546346085125,-0.5784731272152903,-0.011998702714294703,0.19283034742072608
P01,S02,22,lean_forward,3.479880700004287,0.34707194831190835,0.054061368654784295,-0.8681213988494214,-0.0006670214675476095,0.013161309013503129,0.259933265265258,-0.5731740962258685,-0.00843774623154714,0.21382185350878694
P01,S02,22,lean_forward,3.5425062000285834,0.34475430012702424,0.05280175196285308,-0.86615594111244,-0.0012455443252336333,0.00253785545339272,0.04514181356567544,-0.5587017523533186,-0.014030885293499626,0.3245533201830729
P01,S02,22,lean_forward,3.60491960006766,0.3420506180039527,0.05399847813453925,-0.8638148111298871,0.0013598129078643728,0.0083907261143117,0.13619188464230678,-0.5534095516920654,0.0015999121122633737,0.07495474188654586
P01,S02,22,lean_forward,3.675533700035885,0.3404625705587525,0.05241579335814596,-0.8596057232912362,0.0014375839898343788,0.00359067741965574,0.05477327860596583,-0.5468341650021985,0.00469384868239842,0.06710780280813168
P01,S02,22,lean_forward,3.734052599989809,0.3386240872002713,0.056031421451303784,-0.8669621703923429,-0.0011130190802200169,0.00017249969534900827,0.01924689410992168,-0.5422706367090551,-0.005027072281162545,0.10081889080794751
P01,S02,22,lean_forward,3.7922059000702575,0.33785493684510276,0.05401564436062126,-0.8708990811883077,0.0018902608687903207,0.006709813021858441,0.11987261639583786,-0.5463852011070427,0.0026003123768909516,0.1415892812899589
P01,S02,22,lean_forward,3.8534066000720486,0.33760173469226923,0.05405615623018042,-0.8730347743745226,2.0656716841450504e-05,0.001268799107530633,0.020734521785866662,-0.5376711600492028,0.005260609271965621,0.0982379663430037
P01,S02,22,lean_forward,3.8951276000589132,0.3368766371485218,0.05399769743322184,-0.8726706585387733,0.00122198880464288,0.0006179390284826263,0.032821476883517456,-0.5484705471801101,-0.010184899378543881,0.29639874483123646
P01,S02,22,lean_forward,3.969228900037706,0.3371917310350699,0.05745859849698279,-0.8743047382767554,0.0007579361891561345,0.002001011640428533,0.028875963665015707,-0.5443059401811788,-0.006641899872466616,0.09440409959145489
P01,S02,23,lean_forward,0.38153519993647933,0.3453584358542428,0.028198426562778666,-0.843695089876144,0.0,0.0,0.0,-0.552128904679661,0.0,0.0
P01,S02,23,lean_forward,0.4658073999453336,0.3458351202640289,0.025838393827024055,-0.8761485053794045,-0.0011772790079522977,-0.0012318708354630236,0.020219758144611754,-0.5386022124398413,0.007015184260348678,0.14368149502702912
P01,S02,23,lean_forward,0.5243928999407217,0.3444917176264767,0.027091957240304155,-0.879973177782191,0.000611243458278364,-0.003483711389344199,0.06037208108111295,-0.5607972807572674,-0.026514990543667617,0.5399772728845661
P01,S02,23,lean_forward,0.5911360000027344,0.3446112653371543,0.030353788695730802,-0.8932365172505884,-0.0001724430882516987,-0.00019665776463608967,0.003918828533960017,-0.5407327039512778,0.02028634847663594,0.3801685469749687
P01,S02,23,lean_forward,0.6570401999633759,0.3440067437252265,0.031232654755241243,-0.8922312065832935,-0.001276190130283617,-0.005438210783266139,0.08475858072756026,-0.5555003659929988,-0.019122593764189025,0.3058710580633895
P01,S02,23,lean_forward,0.7118110000155866,0.342425335254433,0.03355315669914447,-0.8937806298455225,0.000982864268714726,-0.001979392726766936,0.04034962765539755,-0.5541875931145915,0.0026284156996946592,0.10750343987499496
P01,S02,23,lean_forward,0.7884274999378249,0.34208651759237263,0.03325847236002107,-0.8897473780782399,-7.413848558085995e-05,-0.0051311498516351224,0.06697885483616603,-0.5594122710110511,-0.002330916534828165,0.0900184762772035
P01,S02,23,lean_forward,0.8601703000022098,0.3420003389385705,0.03001077819033362,-0.8873180433871121,-0.00028351391752796717,-0.003987407357690095,0.05571951326075526,-0.5519207781043803,0.00974903452490584,0.14682034625320878
P01,S02,23,lean_forward,0.9015302999177948,0.34159088910577934,0.031335936264832415,-0.8871173552791766,0.0005829318737237283,-0.0013050205742961203,0.03455745713962752,-0.5551613998129137,0.002034224363661236,0.14538812229183404
P01,S02,23,lean_forward,0.976142399944365,0.34232240642272305,0.030203064133479066,-0.8880889474801265,-0.0007471857730999424,-0.0003908088477070366,0.011301369516988895,-0.5460212370500472,-0.005302844554372731,0.15420533660945596
P01,S02,23,lean_forward,1.0513895999174565,0.345016741290263,0.03108326413905894,-0.8740299869684607,-0.0033654691055449966,-0.013934889751286011,0.19051252394405735,-0.545764448550013,-0.002517908774695594,0.23942003066529147
P01,S02,23,lean_forward,1.1173323999391869,0.34533855986322104,0.03651054298679683,-0.8810494357587122,0.00035253082367041246,-0.005296937436001529,0.0805039456791016,-0.5470599545969532,0.01622399865324814,0.25105795457311436
P01,S02,23,lean_forward,1.1684069000184536,0.34638520751285523,0.036260151650879445,-0.8870134962294172,-1.849818980250966e-05,-0.005952803516539714,0.11655194370117085,-0.5467030447724478,-0.0011263573150191118,0.15224945140241092
P01,S02,23,lean_forward,1.2596748999785632,0.35012757829819185,0.036636902954822255,-0.8647138151197411,-0.0008494397319788085,-0.025577673456683405,0.28040249171535875,-0.5459449175274257,0.004803896061472204,0.07834805880270268
P01,S02,23,lean_forward,1.3199790999060497,0.35121407562884,0.03900638416980237,-0.8765810876565655,0.0006167696436628115,-0.004003211319953286,0.06716688264340509,-0.5486845253654419,0.0009203755097276111,0.08932009154105731
P01,S02,23,lean_forward,1.3823325999546796,0.35368835438679264,0.03874522164121378,-0.8661262195291954,-0.0003094083433913131,-0.022208222006874907,0.3562009710302886,-0.5494972483678253,-0.000411779477235232,0.04173845174086834
P01,S02,23,lean_forward,1.453587899915874,0.3572006609041474,0.037549146354085385,-0.8625000575898718,0.0010822511466621455,-0.028546767477373194,0.4009143883474417,-0.5524804776185397,0.0009122379588800359,0.3082247862158023
P01,S02,23,lean_forward,1.5035990999313071,0.3576657938143338,0.03734737277744091,-0.8786476142159639,0.00021635205663480403,-0.005528163757918765,0.11062313540550098,-0.5688468395344389,0.019530170927733435,0.4287897386200022
P01,S02,23,lean_forward,1.568695499910973,0.3609433131733038,0.037347142533407,-0.8688967993735577,-0.0005423470873654497,-0.027550422872989203,0.42330698138744705,-0.5632613278776992,0.013024428584314775,0.2911666893683016
P01,S02,23,lean_forward,1.6596552999690175,0.3661817713604564,0.04296167354990837,-0.8862256516610273,-0.0010030502635413683,-0.020819285063550394,0.22914995387120646,-0.5719594673872009,0.007795137398592989,0.1274762700771525
P01,S02,23,lean_forward,1.7250519999070093,0.3681759287628618,0.043954095328366985,-0.8830486186561913,0.0002886529871510751,-0.006008855074365047,0.0919891100243817,-0.5671871707898614,-0.0029239596609253976,0.04721108232655221
P01,S02,23,lean_forward,1.7642446999670938,0.3729381581634828,0.0425751220653063,-0.8829260504698948,0.0017523554835386318,-0.00823327783995721,0.21477715108547607,-0.5807529556090215,-0.014349843725634302,0.37745991407370183
P01,S02,23,lean_forward,1.8531996000092477,0.3813552575627476,0.05821985305425394,-0.8616693064109603,0.0017062151151370738,-0.023164529189006824,0.26111300206231236,-0.576791749912848,-0.0052383644323871536,0.13116136211666657
P01,S02,23,lean_forward,1.9041201999643818,0.38273431188804014,0.056462745921156916,-0.8549151844338374,0.0016027726906454435,-0.008469034233860634,0.16927065195519872,-0.587475580917675,0.0001332240944212274,0.11616212242524511
P01,S02,23,lean_forward,1.9621108999708667,0.38479421961612464,0.06077124050136745,-0.8621138614211097,0.0009752507298062691,-0.009872090138502723,0.1710644127872944,-0.581124992444127,-0.003639979446776706,0.24376509979891947
P01,S02,23,lean_forward,2.061392799951136,0.3892721336142847,0.0830756906886531,-0.8424149814078482,-0.0009835929772854031,-0.008667484859888098,0.08786209554266317,-0.5928146204949755,-0.037228589062247824,0.3754399596500926
P01,S02,23,lean_forward,2.1457863999530673,0.3916683507832654,0.0910338966678894,-0.8308656074749838,0.0030685861005809107,-0.005116110981074159,0.07069023680886782,-0.6105515043711338,0.016815332596724155,0.2528135047620301
P01,S02,23,lean_forward,2.2197077999589965,0.39213741437222904,0.11561966016842674,-0.8207091129698402,0.0001690993128487311,-0.009418793725828739,0.12743686613148128,-0.6037788892881588,-0.004261604227780995,0.07124052295007002
P01,S02,23,lean_forward,2.27069329994265,0.3934232534800923,0.1093136690939489,-0.821274824588903,0.0016025565995294972,-0.001701298417377655,0.04584090416631654,-0.6008994935074821,-0.01467803785166421,0.2901022232773847
P01,S02,23,lean_forward,2.3246902999235317,0.3951060555754378,0.10890141768151264,-0.8163476229549977,0.0005559846912489547,-0.0008461587663045414,0.018750560534094674,-0.6076217168631896,-0.01059927227285319,0.20058092085947207
P01,S02,23,lean_forward,2.364745899918489,0.3951927861766368,0.1084110938290215,-0.8166578886188935,3.5669928658766714e-05,-0.002710763753843612,0.06768088426255156,-0.6037220278846104,-0.01223023810436634,0.31183090845386247
P01,S02,23,lean_forward,2.4632950999075547,0.3965676097595021,0.1046721857056089,-0.8207465291936364,0.001888912142040549,0.007179444303867189,0.07533062950009334,-0.6005635776379711,-0.017642412682071614,0.1994560648861847
P01,S02,23,lean_forward,2.5158820999786258,0.39683446698032027,0.10327504079212518,-0.8142951523985157,0.0009562124799511141,0.0018040554638433664,0.03882713856772234,-0.6026954409452867,0.0010282084065823631,0.0944284996203945
P01,S02,23,lean_forward,2.597975999931805,0.396857638883568,0.1118331178930224,-0.8081861032405495,9.127888520465505e-05,0.0011928209071087954,0.014572438412582602,-0.5996191985427209,0.028758162565880648,0.3762481530947825
P01,S02,23,lean_forward,2.667969899950549,0.39662953046023114,0.1110821023958056,-0.8066655086797329,0.0005415263386941785,-0.004454461764507698,0.06410926603969702,-0.6012158509549516,0.0016956407121566036,0.09998224771686028
P01,S02,23,lean_forward,2.747256299946457,0.39705570256679723,0.10603477235714037,-0.8064558493390488,0.0012588025950337626,0.0008572407392451614,0.01920849778520834,-0.6033332024527831,-0.0004903798993655808,0.013779493993378474
P01,S02,23,lean_forward,2.825736499973573,0.3974378584226486,0.10615087439257907,-0.8056556948399294,0.00047826146442894767,0.0034810805837543176,0.04477283285256461,-0.604450051021457,-0.027932650311831706,0.3647322258332862
P01,S02,23,lean_forward,2.8842019999865443,0.3972361239268333,0.101564535847778,-0.8068083331139492,0.00037347046733663346,-0.000798932705236603,0.015084362016815294,-0.6056016002810842,0.017996868474289513,0.3217349557769507
P01,S02,23,lean_forward,2.93388619995676,0.39715465576700565,0.10089237912612116,-0.8064549345901236,-9.972761461591185e-05,0.000331599946567129,0.006969453984032874,-0.6039240838050998,0.003899568720404662,0.07896206133123769
P01,S02,23,lean_forward,2.9929865999147296,0.3969056039242387,0.10650335386937242,-0.8041972942783341,-9.472184146650116e-05,0.0023514894246582773,0.0398203130341412,-0.6047400411593989,0.017914319622138113,0.3538543552679361
P01,S02,23,lean_forward,3.0513955999631435,0.3973625502530388,0.10603539151480224,-0.8135740669119256,0.00022923850856097156,0.0011098548829331775,0.019402524046915254,-0.60406302595601,-0.0019024837358357248,0.09509717895209098
P01,S02,23,lean_forward,3.1021019999170676,0.3970212194391037,0.1097506447506174,-0.8084658687051345,-3.269072473803142e-05,-0.005758146507301154,0.11356040478737137,-0.6023694511967638,0.0032627408177017887,0.06506901996750478
P01,S02,23,lean_forward,3.1792475999100134,0.3972381817029077,0.1017666490367799,-0.814711288272259,0.00031123628120375375,0.007880726211036738,0.10223356482936795,-0.6014819635258988,-0.00563004863699173,0.0878459442271243
P01,S02,23,lean_forward,3.262135299970396,0.3957553072276051,0.09765286197709994,-0.8148422885877955,-0.001305486121038803,-0.002928533096508884,0.0386829106030378,-0.6017259403032664,0.005300852609517359,0.06681905418166594
P01,S02,23,lean_forward,3.3484457000158727,0.39282016906010503,0.10281493328332315,-0.8079386624153228,-0.0021274032951844094,-0.0026650769570713577,0.03950920991507413,-0.6055319553385525,-0.003111755673681883,0.05330482027857533
P01,S02,23,lean_forward,3.4173919999739155,0.3927375562283104,0.09815082682525979,-0.8179312464108516,0.0031144887937508796,0.011090988795093952,0.1670863528561026,-0.6104776522481818,0.010056425698344895,0.14999877237539708
P01,S02,23,lean_forward,3.4919228999642655,0.3896953017778552,0.09752413281809494,-0.824749868854498,-0.0004599264246243591,0.00031370438872782195,0.007469721022592743,-0.5973149080128614,0.023911626821769092,0.3602569726481474
P01,S02,23,lean_forward,3.543039200012572,0.38925234340768217,0.08869508218931317,-0.8302266441448266,-0.0004945203376733866,0.0031511028855277243,0.06240026740405662,-0.5990874571818947,0.0019985369859115655,0.09419489351492753
P01,S02,23,lean_forward,3.6129690000088885,0.3873325292567805,0.07229845546170575,-0.8427010014693838,0.0016268716334632476,0.009221324472931794,0.1339019298094009,-0.5902836400179163,-0.013513802744614868,0.25540757231227273
P01,S02,23,lean_forward,3.6797269999515265,0.3836478000576076,0.0707954285590088,-0.8568634356564838,0.0016317379711827706,0.009026352956964814,0.13740159863291998,-0.5829835727095278,0.020116139936201302,0.30576745639042746
P01,S02,23,lean_forward,3.7338923999341205,0.38230576173216835,0.07052488964597291,-0.8653213213540413,-0.0014915358136936706,0.010040806906577444,0.18740716972709542,-0.5839285677630738,0.006398932213190829,0.11958618225032651
P01,S02,23,lean_forward,3.7990710999583825,0.3787107563252441,0.07133467625830217,-0.8689228612552373,-0.0018484469713962355,0.017520702416134022,0.27030209016953555,-0.5813033141729701,0.0023731403870926714,0.038811041451242936
P01,S02,23,lean_forward,3.8611049000173807,0.3755485183940605,0.06967247823797229,-0.8710776663752935,-0.0005231992722066954,0.011868997292218169,0.19151693596294023,-0.5797117202016743,-0.002651318902816378,0.057775313330942164
P01,S02,23,lean_forward,3.942866600002162,0.374095914708823,0.06106818267251203,-0.8745758687175328,-0.0011524327818334032,0.010645623713286166,0.1309637621810423,-0.5754982517010488,0.005859452396483338,0.1756396625980828
P01,S02,24,lean_forward,0.3908833999885246,0.34787975922410136,0.0281121043470145,-0.9457836264992707,0.0,0.0,0.0,-0.5813711491350435,0.0,0.0
P01,S02,24,lean_forward,0.46918329992331564,0.3475801979631225,0.026933196881288687,-0.9105259375042692,3.455414316645128e-05,-0.002488584246310377,0.03178578938170125,-0.5895639458043851,0.01171153982047695,0.15361198249070065
P01,S02,24,lean_forward,0.529115799930878,0.3477528607156644,0.02723112850995109,-0.9048381137017172,-0.00045296586390689074,-0.00121393651730983,0.021619202307030152,-0.5827801385859648,-0.004587660249319924,0.10276957021668143
P01,S02,24,lean_forward,0.5974322999827564,0.34761643417875665,0.0320800060143925,-0.9021010842126187,-0.00028403459779942824,-0.0028802977203952885,0.042365586313737005,-0.5685737909629259,-0.016558285155194898,0.274033433654362
P01,S02,24,lean_forward,0.6595275999279693,0.3481945095486998,0.03624890862793657,-0.8964949541864901,-0.000980231128823539,-0.0037049783779423305,0.06171893611914643,-0.5591397067840229,-0.0023526708280235493,0.1849927794345277
P01,S02,24,lean_forward,0.7080580999609083,0.34822539002347447,0.0366207206695159,-0.8937923213573968,-0.00013556414900971775,-0.002000255865312578,0.04131101931427334,-0.55887571986805,-0.0006214735030675623,0.14025550516088642
P01,S02,24,lean_forward,0.7929832999361679,0.34814861240675293,0.03566444395509377,-0.8917023081292915,-0.002401101748000088,-0.007500730439580446,0.09273660078599369,-0.5484030405504646,-0.00042635415075051563,0.12879010675112523
P01,S02,24,lean_forward,0.8672050000168383,0.3484005181152962,0.03471678834544499,-0.8880522851584157,-0.0004886068091959068,-0.0023947892559959046,0.0329300737765756,-0.5444012643344853,-0.004448250117590119,0.14441886824090358
P01,S02,24,lean_forward,0.9185254999902099,0.3486742167263762,0.0364206694219001,-0.886904319784413,-0.0003860399840509446,-0.0002455646793265502,0.008915048234579703,-0.5390116157460066,-0.003240277933434953,0.08333632486871673
P01,S02,24,lean_forward,0.9959663999034092,0.34933242604193065,0.03248740263752808,-0.8833211192463308,-0.0011613551574940252,-0.0025189284052132953,0.03581776925356891,-0.5410369298710528,-0.015153324215187735,0.282089398523567
P01,S02,24,lean_forward,1.0842055999673903,0.34913027343547126,0.03246541056876391,-0.8944240757034517,-3.158379585632046e-05,-0.01229301087855288,0.13931508267161802,-0.545360949139651,0.014748713426744829,0.27104779215652264
P01,S02,24,lean_forward,1.1603097999468446,0.35013191849641995,0.03358486194955563,-0.8834937860913149,-0.0012134338102720804,-0.014005218795045463,0.18471631534642724,-0.5554430515812352,-0.007917348029837607,0.13475302332430752
P01,S02,24,lean_forward,1.2304049999220297,0.3512113698106421,0.034922150664716885,-0.8932201721954705,-0.0008992169317089052,-0.002445204784762085,0.037168103534605,-0.5484078398268408,-0.006625561560222767,0.1348947933094417
P01,S02,24,lean_forward,1.2934849999146536,0.3544457645699512,0.03675802417196348,-0.8751457117794561,-0.002225426416798541,-0.01927895712406992,0.3076565602974611,-0.5518936110735639,0.015204561077003088,0.24289559579875217
P01,S02,24,lean_forward,1.354352599941194,0.3557812123221119,0.03457658218311704,-0.887442503947833,-0.00043658770869564037,-0.007175468095659487,0.1181045055363132,-0.5541454985690455,0.0008643103851430806,0.08907526540281914
P01,S02,24,lean_forward,1.4131074999459088,0.3586336470087706,0.03592567240489441,-0.8731770201022747,-0.0018253664122934502,-0.028595994432267378,0.4876902940344733,-0.5556199950513457,0.0052326169956959925,0.14800847749480062
P01,S02,24,lean_forward,1.4896028999937698,0.3628645255644747,0.03904440734727445,-0.8722416467849468,-0.0035877980884432307,-0.02474089187268707,0.3268128606152208,-0.5528219249837429,0.005819785232175733,0.1812677317490369
P01,S02,24,lean_forward,1.5391985999885947,0.36423767016370534,0.03969222789887999,-0.8743928369281162,-0.000908664090476411,-0.006833451789142174,0.1389959397860421,-0.5660392805812966,-0.0006447598625213924,0.10463342551892378
P01,S02,24,lean_forward,1.6210157999303192,0.3705349794087548,0.04503719230800179,-0.8725722911964281,-0.005515080784609968,-0.02475353921953518,0.3099651116918795,-0.556449828157967,0.006215808794713252,0.16638007408017944
P01,S02,24,lean_forward,1.6854217000072822,0.3775182899038721,0.045303295545640325,-0.8676133834212022,-8.794219519363227e-05,-0.012965237315818124,0.2013097487873867,-0.5854148866972119,-0.026565531416187404,0.4181316222173898
P01,S02,24,lean_forward,1.7513099999632686,0.3813848620939192,0.0468707006269301,-0.8730184757119651,-0.0018760423577262818,-0.003927279940628435,0.06605668814193,-0.5807706954417393,-0.0044181660047747295,0.06925745488948179
P01,S02,24,lean_forward,1.8355131999123842,0.38546805931360556,0.05756975306258289,-0.8626866345099369,-0.002107596955595276,-0.013947405561095985,0.1675203151045281,-0.5977533991562964,-0.019187796211363062,0.23873032844765074
P01,S02,24,lean_forward,1.9115582999074832,0.38984426343663825,0.055223747712186584,-0.8590609716773446,0.001927260496106049,-0.018509207832319886,0.24471366037802889,-0.5674999125957583,0.02252785199429192,0.37603448206998397
P01,S02,24,lean_forward,1.9697069999529049,0.3920531606147102,0.07308986297872025,-0.8459987863263594,0.0012207413261854513,-0.0069108827796351595,0.12068835188068243,-0.5917496394904228,-0.0845572580176866,1.4567024248375848
P01,S02,24,lean_forward,2.0121847999980673,0.3943096377250263,0.07927635909532249,-0.8349033320186272,0.00037439055458846353,-0.005139584556893127,0.12131519662863711,-0.5789026517050445,0.03298470718147373,0.7791432832401102
P01,S02,24,lean_forward,2.0854734999593347,0.39683119413767953,0.08056245767878988,-0.8323699459035113,0.003053859561230951,-0.003965357427736787,0.06829169119269082,-0.582501566137117,0.03485592103025289,0.5372730444553526
P01,S02,24,lean_forward,2.1540814000181854,0.39891762013367804,0.0805618537287438,-0.8265823011373467,0.0012618174774017166,0.001490535902923644,0.02846488417405487,-0.5914182028825365,0.008887395758963915,0.1941689161701699
P01,S02,24,lean_forward,2.21671680000145,0.39984917942967635,0.08207688975324458,-0.8158834606605448,-0.001020592817113643,-0.007679489521805196,0.12368421578748738,-0.5894572228601764,-0.016649377394950444,0.2690502814650803
P01,S02,24,lean_forward,2.2593929999275133,0.4011285477459533,0.08026351028404217,-0.8112103689722312,0.0015623002618236842,-0.001615533481226227,0.05266127363265606,-0.5983164435902666,-0.012876306710699479,0.3235318223174942
P01,S02,24,lean_forward,2.337433599983342,0.40165885335282675,0.09007285352449333,-0.807196677755674,0.0004240421218751658,0.002787028903215219,0.036123543596617985,-0.5993302287892817,0.0005055849851682436,0.04982369618833289
P01,S02,24,lean_forward,2.3846264999592677,0.40164901352455257,0.09286809335559987,-0.8058528439983075,-2.092437583645735e-05,-0.00020805655973555462,0.004430880520004136,-0.596395837234869,0.018359143133812726,0.39948980066527395
P01,S02,24,lean_forward,2.469411499914713,0.40342058330444486,0.10219621323304265,-0.8040046527346937,0.0012529781843982845,0.0023878317230296413,0.031805248504442864,-0.595518100023795,-0.012421543164897417,0.15040327755976265
P01,S02,24,lean_forward,2.529018500004895,0.4023896816469119,0.11028223366472838,-0.8048589793849649,-0.0015188909045216466,-0.0008333236303991275,0.029064901768108466,-0.5999424875673756,0.023225314261812048,0.3911555558350165
P01,S02,24,lean_forward,2.578090599970892,0.4023380581606868,0.10637274553254289,-0.8025913263751531,0.0002278480541553407,-0.0016489725154678534,0.03392232306314218,-0.598818920588065,-0.004587683280077834,0.09749410033594717
P01,S02,24,lean_forward,2.6566161999944597,0.4029980311065279,0.10558067829365574,-0.8004203386883152,0.0005235029054688544,-0.00037079298884317504,0.00816951369019117,-0.6039293097094786,-0.03107806562093441,0.39955933974856145
P01,S02,24,lean_forward,2.7188442000187933,0.40316645928469735,0.10363462946667464,-0.7957364619787857,0.00024168352997282238,-0.0023986877827964826,0.03874192705798335,-0.5999733984178851,-0.009724071024315068,0.1699857150420742
P01,S02,24,lean_forward,2.7804646999575198,0.40334529131694896,0.10623327522767742,-0.7974972909282725,0.00010743295554591766,0.0023985848138991417,0.038964136602273575,-0.6050620894455442,0.022216971110323135,0.3678989713031141
P01,S02,24,lean_forward,2.866581999929622,0.40185734657872324,0.10883422276160654,-0.7910391830155419,-0.0011301833745082748,-0.004487286685348744,0.053733969443930135,-0.6058260371287614,-0.00316218703733482,0.03749737368872989
P01,S02,24,lean_forward,2.952013499918394,0.40447263371524017,0.10269716751999362,-0.7923877665155352,0.0035587264696268286,0.0070312450866399446,0.09224398446915637,-0.5941530789984302,-0.0529853386423549,0.6395288656475459
P01,S02,24,lean_forward,3.0274621999124065,0.40283737956984916,0.10384672139001434,-0.7953371559041693,-0.0005418000391109245,-0.0008193398556910615,0.013019117111239724,-0.605360037524564,0.060319306788068884,0.820191143223615
P01,S02,24,lean_forward,3.0844482999527827,0.40219146223327706,0.10048908805156544,-0.7974597570288071,0.0006731970325495634,0.0009466254365240145,0.020383762580670872,-0.6077854670843564,-0.02141104314701014,0.37864401071871423
P01,S02,24,lean_forward,3.1581211999291554,0.3978940083181912,0.09668636143382058,-0.8072415373885515,-0.001243117851307351,0.0028463181916283846,0.04215852721836546,-0.601863157716385,0.036827998842532746,0.5025374707461863
P01,S02,24,lean_forward,3.2197628999128938,0.39700301114606223,0.0986211798039946,-0.811459361481462,0.0005448829126676311,0.0026504723343683113,0.04389725042481463,-0.598547048082635,-0.016574512574328716,0.28082028177600066
P01,S02,24,lean_forward,3.293353999964893,0.39532244621154256,0.09290710217262074,-0.8245501548451228,0.0019971247044018176,0.017491115413579613,0.23922405605359084,-0.6119086265305931,0.04208738680595028,0.5729373197979375
P01,S02,24,lean_forward,3.3586499999510124,0.3934773395844443,0.08888836789509015,-0.8267293444243584,0.0024213603899488636,0.0012147323323844935,0.04148765331715432,-0.6032957242053734,-0.012698523408266382,0.21755102348920738
P01,S02,24,lean_forward,3.423217499977909,0.3908879371897667,0.06608146534145296,-0.8368483147913257,0.001354450232012091,0.010987324679722063,0.17145613613143676,-0.6042299757974435,0.027252357158378485,0.4838179476518388
P01,S02,24,lean_forward,3.493784299935214,0.38627373340970006,0.042946346307741426,-0.8407830754592099,0.0021905386363249854,0.02362968715161373,0.3362913510403456,-0.6008861005517315,-0.00351313609798028,0.08165865231916933
P01,S02,24,lean_forward,3.5411047999514267,0.3816979955912342,0.04580333376742406,-0.8513090587019174,-0.0026338536064568416,0.005335635315174565,0.12574486729804338,-0.5957902576220927,0.008073468437400772,0.1928283912481617
P01,S02,24,lean_forward,3.601265099947341,0.3761608874396581,0.039898066034263685,-0.8803415003735627,0.0025747779911644408,0.028397150683358144,0.47396106230522134,-0.5856610809178987,0.006465209836912291,0.1081670707062741
P01,S02,24,lean_forward,3.662651199963875,0.3719424795161008,0.02679138327551634,-0.8848348604984845,-0.0036906109002744986,0.0452740043296939,0.7399750011398942,-0.5844477062173712,0.004321438527563724,0.18642057556082728
P01,S02,24,lean_forward,3.7340978999854997,0.3670983923343332,0.037504369569850475,-0.8926039632890521,-0.0056655916153865666,0.005684629139782887,0.11233310077201429,-0.559900736230384,-0.0355680062643165,0.5608329194112354
P01,S02,24,lean_forward,3.8110324000008404,0.3606905479958569,0.03436478768522192,-0.8826011416655594,-0.001118380664311956,0.015964449165111763,0.20801558451226224,-0.5640776149864286,0.0013226797602938825,0.07301628371468749
P01,S02,24,lean_forward,3.898881300003268,0.35212459486409936,0.021267224095235703,-0.8852404006077612,-0.0009149545668530285,0.049181484573334024,0.5599386512271374,-0.5699865058597239,0.004018806603974268,0.20796752931597728
P01,S02,24,lean_forward,3.989350799936801,0.34886327866502576,0.022102725763172744,-0.8917315909594884,-0.000689224552220064,0.02262370195698956,0.25018595275082384,-0.5605438790913071,-0.00038680733800545113,0.17350311170819863
P01,S02,25,lean_forward,0.38462440005969256,0.3384077906008321,0.016624363728326645,-0.9024003282176054,0.0,0.0,0.0,-0.5704917653460997,0.0,0.0
P01,S02,25,lean_forward,0.4717772000003606,0.34001428578673376,0.02311594515495017,-0.9072972646296005,-0.0016604893384621496,0.0004368486295703425,0.019700939188265314,-0.5403159251474725,0.017720800505647328,0.26095700054978993
P01,S02,25,lean_forward,0.5202133000129834,0.34046433216271543,0.024406938875531123,-0.904182430074221,-0.00022421922528906087,-3.510127243447722e-05,0.00468555741102884,-0.536464665971585,0.003127706675421417,0.29567478812669934
P01,S02,25,lean_forward,0.5824180000927299,0.3416554263538163,0.025744340169274803,-0.9018579471544106,-0.0016611488728480903,-0.00014227079116839003,0.02680231883858651,-0.5348915212142532,0.0006017101399151461,0.018021406464389548
P01,S02,25,lean_forward,0.6558588000480086,0.34337314474457686,0.02690412409197614,-0.8990628326592,-0.0019919385380810384,-0.00012628354819755174,0.02717750274826622,-0.5350209616793922,0.009804053643271231,0.13673729264926895
P01,S02,25,lean_forward,0.7070224999915808,0.34299758433374145,0.025761682520359673,-0.8993820355679109,0.0005789771832246463,1.225118673890225e-05,0.011318704222442983,-0.5394156803656862,0.0007949602206566146,0.08500273095224434
P01,S02,25,lean_forward,0.7678317000390962,0.34329259101142073,0.025173392184037222,-0.9070471372675626,0.000458937889799404,0.0005478779953701009,0.011753134991515087,-0.5369124885643923,-0.0004156182462629043,0.06308167116638863
P01,S02,25,lean_forward,0.865314400056377,0.34321585255785014,0.026804005759079846,-0.9080837942106116,-0.00013624033819478786,0.0007939103965041079,0.008263163149474168,-0.5387466857572836,-0.008731167553450908,0.13401982028877887
P01,S02,25,lean_forward,0.9365834000054747,0.34346733087378567,0.02684997790279526,-0.9077964496228847,0.0002335821915393671,9.631360795271081e-05,0.0035451564377273906,-0.5388966020941295,0.0001417313825545347,0.0335251861524718
P01,S02,25,lean_forward,1.0125090000219643,0.3438165832598522,0.02747081632664489,-0.9047439448732151,-0.0007184977755564024,-0.0011798133940280123,0.018193806225687982,-0.5347715077297213,0.007354467825706779,0.11116214083846254
P01,S02,25,lean_forward,1.0884879000950605,0.3434645083413758,0.026602818053282917,-0.9021766324888532,0.0006034834667703314,-0.003139762652061027,0.04208054418011124,-0.5556913276160488,0.016722177050598037,0.285730118972609
P01,S02,25,lean_forward,1.168119000038132,0.3438154865384413,0.027614274579669727,-0.8945302435963968,-0.000345424390014169,-0.007904367553576427,0.09935705470864307,-0.5519303902226312,-0.011407442045619257,0.14395466750859143
P01,S02,25,lean_forward,1.2159311000723392,0.3443117830118439,0.027598360439112218,-0.895065718031916,-0.0006669155844407843,-0.0005258289650198267,0.017762818031126018,-0.5494153017393804,-0.001308351248099123,0.07777813145486415
P01,S02,25,lean_forward,1.2982742000604048,0.3459063145983583,0.027550447408910547,-0.8867313659985266,-0.00016081242923021594,-0.020025864546314498,0.2432081160380274,-0.550686543113675,-0.00016213394691162917,0.033474163621203104
P01,S02,25,lean_forward,1.360696000047028,0.3483479263090578,0.025176332229237035,-0.8881280969838065,0.0024875483971614995,-0.0015969383127464765,0.047355719692520004,-0.5555993792491835,0.0019771435048359363,0.15673506555800662
P01,S02,25,lean_forward,1.4263263000175357,0.3560851186580346,0.027062032991668036,-0.8730977387214808,-0.002701403426609996,-0.01927389452893978,0.2965442239289596,-0.5599710463864584,0.005185251124903579,0.12214233910732555
P01,S02,25,lean_forward,1.4678958000149578,0.36348266262790163,0.027634711866862248,-0.8521535649628605,-0.001076624377194676,-0.024918881575337774,0.6000103104408205,-0.5578910455739547,-0.00016959625402275153,0.025959740994295013
P01,S02,25,lean_forward,1.544429300003685,0.36569334620019367,0.029084564261753026,-0.8621159084134393,-0.0018370283656582377,-0.015608486336803657,0.205350837781216,-0.5686200999531267,0.009784551961342473,0.1490029784018971
P01,S02,25,lean_forward,1.5943741000955924,0.3760021605854521,0.029379055704541406,-0.8696683029757354,-0.0009046855135180719,-0.027266986764755523,0.5462428675235615,-0.5636104235344215,-0.0012411873397384131,0.07857627327856748
P01,S02,25,lean_forward,1.6645315000787377,0.39023687103956284,0.030050343250041637,-0.8652815588651843,-0.0005531848429396243,-0.02585821251337244,0.36865860173695925,-0.5611625132530003,-0.0175306218749875,0.27555795999668176
P01,S02,25,lean_forward,1.7027280000038445,0.3932332821544567,0.04180592873427563,-0.8553234923359063,-0.000994943475186285,-0.005068163849492111,0.1352192092095356,-0.5709024136177638,-0.00618008896140478,0.20045637482841808
P01,S02,25,lean_forward,1.7720423000864685,0.4033834425050215,0.047931844153145116,-0.8454138114978992,-0.0013910660873735193,-0.020347975543461516,0.29424620046955174,-0.5799803288152555,-0.03740367611491934,0.5397473298423974
P01,S02,25,lean_forward,1.8569561000913382,0.4126902733482962,0.04784956150333953,-0.8390890702318022,0.0032103786535071063,-0.016767974667755443,0.20105726733791396,-0.558932837134573,0.004335642663692126,0.05316943731126336
P01,S02,25,lean_forward,1.9364016000181437,0.41622256117936635,0.05832410779862099,-0.8434654050812952,-0.0011339591451183652,-0.004155630540151523,0.054220395512236855,-0.5580723373927786,0.024701470787914227,0.3272867904214515
P01,S02,25,lean_forward,2.0100197000429034,0.42111129438169315,0.05252994374962276,-0.8545612219736576,0.005435115580106161,-0.007253709117287478,0.12312240578235861,-0.5615834140202638,-0.006117257392989081,0.08609299254915799
P01,S02,25,lean_forward,2.0638117000926286,0.423341640207834,0.06107769911187932,-0.8380972068451192,-0.0006913064486250182,-0.008821478591726316,0.16449517920131784,-0.5723882433204885,0.008025911760568131,0.23767845118451045
P01,S02,25,lean_forward,2.144622000050731,0.4306161733340343,0.05680399286053628,-0.8285433801622388,0.0070779933511380235,0.0015703420745701033,0.08971753571207745,-0.5925565479279822,0.018292330099689093,0.26798776685405373
P01,S02,25,lean_forward,2.2086169000249356,0.4346009342680077,0.060204299091574265,-0.8214527231682728,0.002004486454181214,0.00024528918089036306,0.03155624458682722,-0.5759054033406333,-0.06252625798917356,0.9788886638127708
P01,S02,25,lean_forward,2.255920200026594,0.4345486274148351,0.0681025166703428,-0.816721559790655,-0.0001274601107062221,-0.0038462297167750057,0.08135460075391822,-0.5898939578141623,-0.0018993632200812356,0.0969422731732869
P01,S02,25,lean_forward,2.299381299992092,0.43627129452418206,0.07136616167475418,-0.8139377282891733,0.00041803188552757875,0.00045290487802072835,0.014181389235888046,-0.5850845134762936,-0.06525617399738817,1.5151756445397158
P01,S02,25,lean_forward,2.369815899990499,0.43706328494488234,0.07101420829797082,-0.8134121225943389,0.0002598631697783306,0.0012672676489977103,0.018366495962323356,-0.5595490460146413,0.023376312530642786,0.34474547774114817
P01,S02,25,lean_forward,2.4687984000192955,0.437397276666541,0.0809740409302967,-0.7971241846124758,-0.0004982415165473586,0.0007830142233384267,0.00937633020338052,-0.5956505363339129,0.07128185573443764,0.7734372416953504
P01,S02,25,lean_forward,2.538720600074157,0.4372776367949541,0.07917736351623984,-0.814715883802148,-7.694613020305334e-05,0.00011702081980393497,0.0020029698558799293,-0.5819630528441005,-0.015803427687740595,0.23029274039997652
P01,S02,25,lean_forward,2.5892211000900716,0.4388315836697493,0.07861902101938845,-0.8118915728989482,0.0007904381616511643,0.0003819421102436763,0.01738357862336433,-0.5793548168867766,-0.01777368594755695,0.37782707896514894
P01,S02,25,lean_forward,2.6562013000948355,0.4385018951042345,0.0805408869307403,-0.8149686110360775,-0.00047765066486413926,0.0010898699575642198,0.017765608084925503,-0.5857525086557837,0.10211937057021199,1.5348118667628383
P01,S02,25,lean_forward,2.7000848000170663,0.4389861580945863,0.07997287867452259,-0.81355559946844,0.00043747658536634156,0.00020726505510916212,0.01103128706280022,-0.5901296552492128,-0.01216649127637137,0.30840074345436325
P01,S02,25,lean_forward,2.7409088000422344,0.43953838458790456,0.08058729064219831,-0.8132582872561926,-0.0006537292336148598,0.0013307151313514743,0.03631738385191298,-0.5923525439512557,-0.005939689880074584,0.14645085521188375
P01,S02,25,lean_forward,2.8049570000730455,0.43949220841216746,0.07761194647959564,-0.8139755272646493,4.353453964980619e-05,0.000765584038389894,0.01197255853466194,-0.5918971361862583,-0.006648360468882988,0.10570782169967292
P01,S02,25,lean_forward,2.844857000047341,0.4394892912966829,0.07807127261173054,-0.8142747223189164,0.0003485498739247895,2.5361411059897133e-05,0.008758680145276353,-0.5891228698252678,-0.033816120285803566,0.8491707584983011
P01,S02,25,lean_forward,2.9060062000062317,0.43934203340937605,0.08357228768797723,-0.81792225473689,-3.08983817055951e-05,0.0034676734858178297,0.056710654333882796,-0.595343416097273,0.031320156235670533,0.5389672748222056
P01,S02,25,lean_forward,2.9714612000389025,0.43771803856073277,0.08564975416248129,-0.8138110997156616,0.0008981520091563132,-0.0023001379164862014,0.037724749340953025,-0.5912575500631042,-0.010945489597870579,0.17178711472832628
P01,S02,25,lean_forward,3.0154699999839067,0.4372630596842161,0.09004541103022531,-0.8193376105080742,0.00017829741991586117,0.004417563941837363,0.10046083094156613,-0.5906703285033297,-0.008684813997882885,0.2117216997492516
P01,S02,25,lean_forward,3.085114900022745,0.43626291601330797,0.07432277628138094,-0.8166109995975296,-0.00034986378283852475,-0.005798045214960419,0.08340296711718316,-0.5891449064856707,-0.03284845437586591,0.48440856745451644
P01,S02,25,lean_forward,3.1524118999950588,0.4357336751893693,0.07408321010070251,-0.811827996293986,-0.0005192261771089036,0.0008402415314210474,0.014677110357576633,-0.5991302565374512,-0.03959435116152068,0.6016197791726982
P01,S02,25,lean_forward,3.2248594000702724,0.4324601841158623,0.06759230823748946,-0.8132301641332271,0.00074471317525117,-0.004413217206596486,0.061777285323659996,-0.6010905714921227,-0.013678733725995708,0.2469288110421015
P01,S02,25,lean_forward,3.294141300022602,0.43124662435516603,0.06733470217778109,-0.8130791287989384,-0.0009167784429300424,0.005668117828334023,0.08287562014382839,-0.6047160371755497,-0.004829166967379267,0.06992542252078349
P01,S02,25,lean_forward,3.3797287000343204,0.423407342437006,0.0717261325724041,-0.8224928104104892,-0.007980605384670202,-0.0015855348899744312,0.09506753349119261,-0.6037817495914176,0.0015939839007400656,0.17945183876364731
P01,S02,25,lean_forward,3.4391784000908956,0.42181143769635737,0.05964379544489228,-0.8231634309904515,0.0001869483328107553,0.0007370540468185183,0.012790536315095505,-0.5983254137776539,-0.004496961484924243,0.11282714847412288
P01,S02,25,lean_forward,3.52408630005084,0.4152369155684767,0.05584302236758483,-0.850766988442703,-0.004680673090385242,0.014807178983750748,0.1828966132610068,-0.6106754331290366,0.05694044906714025,0.6759878321469831
P01,S02,25,lean_forward,3.570427600061521,0.40653506144047663,0.04633220005362081,-0.8527913817415105,-0.005025711697218487,0.02301633153101985,0.5083723428638292,-0.611720654774193,0.0498301645594825,1.1098040186840168
P01,S02,25,lean_forward,3.6088029000675306,0.4011295690277894,0.03395576083306174,-0.8589593456979585,-0.0012788941928762512,0.002875998152975263,0.0820196457432395,-0.5997748389002666,-0.00030055111666394936,0.15365770656917938
P01,S02,25,lean_forward,3.6796185000566766,0.3903206182150101,0.03512067413443389,-0.8678119487020581,-0.0037534206412034752,0.03229093924863303,0.459056360602702,-0.5942648045560968,0.0012383401626313848,0.08376418979948347
P01,S02,25,lean_forward,3.7614617000799626,0.3769078504830857,0.0295124614633819,-0.9277756006294282,0.003043110346316105,0.048611090313842996,0.5951166165541836,-0.5836994052241912,0.0193333438255676,0.2684328360045677
P01,S02,25,lean_forward,3.812857100041583,0.3730290972503041,0.007128910448484519,-0.9167096073264267,-0.003596691951007212,0.012439541679017214,0.2519499623490555,-0.5862842368113256,-0.001060612662729129,0.02494804693817421
P01,S02,25,lean_forward,3.8575743000255898,0.36466259340706036,0.0008816164821117039,-0.9013031926873408,0.006327166371897758,0.010993338687486058,0.28365160171978365,-0.5810469242706391,-0.0015539204872563749,0.11529672956577933
P01,S02,25,lean_forward,3.9530218000290915,0.3595761838159623,0.0025062628373150693,-0.915494492152829,-0.0017632689153893794,0.048342552048136436,0.5068199639256374,-0.5827421422472238,0.01355448617916758,0.18022566690211858
