participant_id,session_id,trial_id,movement_label,timestamp,shoulder_width,head_offset_x,head_offset_y,torso_dx,torso_dy,movement_speed,head_offset_z,torso_dz,movement_speed_3d
P01,session_01,001,neutral,0.00028634071350097656,0.5122402330195235,-0.0038280060336160103,-0.8094682690792893,0.0,0.0,0.0,-1.8197965595014185,0.0,0.0
P01,session_01,001,neutral,0.08976483345031738,0.5224854713231264,0.0019875992403995194,-0.821020571738363,0.0011419597828278305,0.04182451589907449,0.4675995484561742,-1.9649886021141467,-0.08076402973248384,1.0165387701389828
P01,session_01,001,neutral,0.12021803855895996,0.5269500521750705,-0.0026070454842425563,-0.8252942906617596,0.0045940930050603615,0.006284022231615734,0.25561365297672234,-1.9539159607775196,-0.0043677831441122075,0.29310300839664705
P01,session_01,001,neutral,0.1610720157623291,0.5283997287429791,-0.0009463821446198612,-0.826691692546668,0.001198015622269464,0.004503965704625503,0.11407882798829443,-1.9706589931464134,-0.0410601651080004,1.0115005422534724
P01,session_01,001,neutral,0.1992347240447998,0.5286845220530026,-0.0008322289914260614,-0.8195181289212565,-0.00011984413152516725,0.0013902144739763287,0.0365637185329519,-2.0009278794135894,-0.021274700915577986,0.5586713503127453
P01,session_01,001,neutral,0.23826384544372559,0.528918562129902,1.4424516508793328e-05,-0.8212766384668966,-0.0006497512192232431,0.0004189307821987437,0.019808220357733615,-1.9708807973066578,0.043365674856426374,1.1112872623012469
P01,session_01,001,neutral,0.27173852920532227,0.5304913157888684,0.00512018459849392,-0.820692036342218,-0.0014267709181153387,0.0024869195181765487,0.08565074663986835,-1.9483616698392698,0.0007510532899273127,0.08854064030385314
P01,session_01,001,neutral,0.2998783588409424,0.5305646180385838,0.012528594950818437,-0.8203061650806798,-0.0004588605483816458,0.0021027036073103843,0.07648193171621862,-1.9351246905755335,-0.002039848306338532,0.10537668172271555
P01,session_01,001,neutral,0.33197450637817383,0.5307141493975961,0.009960151287509425,-0.8197013834874196,-0.0012395964311370216,-0.00041290867553740826,0.04070761595464529,-1.951791231700013,0.027812737719960522,0.8675000581587325
P01,session_01,001,neutral,0.36623072624206543,0.5345377394873974,0.01591950519491584,-0.8158898898076313,-0.0036951991901350966,0.0009333127297025616,0.11125695001159452,-1.9560896174264604,0.12046380024237151,3.5183121730032814
P01,session_01,001,neutral,0.39928674697875977,0.527337713111026,0.02484102782679887,-0.8074980881500265,-0.004907847886554129,-0.005150861012831538,0.21523028325615529,-1.9205718168719499,0.058869110377834655,1.7938479375925198
P01,session_01,001,neutral,0.4314255714416504,0.5289451148192658,0.026624292438911103,-0.8073904858799472,-0.00142592710256055,0.0020837872594080676,0.07856425685069462,-1.8778666068710623,-0.04001929095030261,1.247676822603845
P01,session_01,001,neutral,0.46309638023376465,0.52748511170405,0.024596141269016374,-0.8084179586706942,0.0014296196192171283,-0.0013507189217548516,0.062100962246332006,-1.8989236796693871,0.015454197406053721,0.49189924454683326
P01,session_01,001,neutral,0.49567341804504395,0.527744113346372,0.022882565896376685,-0.8122311353677569,0.00015792159959629966,0.004008097068817081,0.12312988651098335,-1.9117728232723556,-0.046044240502213306,1.4187487337294005
P01,session_01,001,neutral,0.5303921699523926,0.5281657212551993,0.020473357524682375,-0.8154758335588417,0.001179361543465725,-0.0004885370194405171,0.03676811362841737,-1.9216983407225752,-0.0795652617352939,2.2920035173041913
P01,session_01,001,neutral,0.5619404315948486,0.5283239492047465,0.018629104514739574,-0.8169152512653474,-9.378026690654957e-05,0.0014278856518529259,0.04535787077539291,-1.9283544113871225,-0.007394397766884241,0.23873216678854053
P01,session_01,001,neutral,0.5915067195892334,0.5292342393103359,0.011814234549079709,-0.8147703730711128,0.0005384850160180684,0.0016436392834023926,0.0584990585814368,-1.9508103952973188,-0.005569216167233562,0.19723851825766178
P01,session_01,001,neutral,0.62312912940979,0.5285852832975976,0.009722503141059949,-0.8179166133800153,0.0020068921684162147,-0.00040171672144867336,0.0647231772616631,-1.9589209899328768,0.00788035711440837,0.2574695292689316
P01,session_01,001,neutral,0.6553995609283447,0.5293439718229453,0.01016710754886177,-0.8178015915031542,0.00018396183499821877,0.0007001528324522872,0.02243282939331427,-1.9393964342609675,-0.012707188383964183,0.39441034822536586
P01,session_01,001,neutral,0.6870474815368652,0.5277645803785135,0.01179919133345929,-0.8194815361386547,-0.0014409469483203994,-0.0035484536214560824,0.1210146829982432,-1.9385137928795404,0.12888692351643052,4.074321803660578
P01,session_01,001,neutral,0.7195665836334229,0.5274523054118408,0.013732739387130898,-0.8183065516696327,0.00046235915853679385,-0.0006707965208540654,0.025053115856095275,-1.9060543296622419,-0.023602381273499257,0.7262327837606903
P01,session_01,001,neutral,0.7512881755828857,0.5273948445066505,0.01592933880787578,-0.8166773393342163,0.00011361045672812954,-6.351561967789983e-05,0.004103192107648644,-1.8991369193817729,-0.0173562929254081,0.547159833556182
P01,session_01,001,neutral,0.7836174964904785,0.527463188479893,0.017254630126123525,-0.8109443939195805,5.997606260582583e-05,-0.0032697830608212405,0.10115687489963845,-1.8998094432703108,-0.005002054472438776,0.18485557772793226
P01,session_01,001,neutral,0.8313608169555664,0.5280028259302294,0.0237777233878552,-0.8093455781450153,-0.00042643056927273035,0.0014214728599026396,0.03108409672697994,-1.8302492600509692,0.11741769958186404,2.459549873511988
P01,session_01,001,neutral,0.8631942272186279,0.5273898299321285,0.02166649144916413,-0.8110790631865797,0.0009095704049015842,-0.0016166687197955655,0.058271357496593304,-1.8659073418672663,-0.011434672030457286,0.3638992958924428
P01,session_01,001,neutral,0.8955166339874268,0.527075727120227,0.020426782979381875,-0.8102526001922209,0.000918678679512839,-0.0013029150830598153,0.049322643010028304,-1.8069164836903557,-0.08187427235000264,2.533530147339593
P01,session_01,001,neutral,0.9273984432220459,0.5267178612119074,0.021633534369055803,-0.8107596526747924,-0.0003395154192719124,0.00019424321879184657,0.012268864945907737,-1.8583383122137729,0.022795513938737934,0.7151058922850081
P01,session_01,001,neutral,0.958960771560669,0.5280740693825299,0.019117511705943658,-0.811751509055284,0.0025346198185418004,0.0013840898444660646,0.09149851641785585,-1.8482446983140428,-0.08558184465245654,2.7130620774300755
P01,session_01,001,neutral,0.9911777973175049,0.5266025221834515,0.020316925725791118,-0.8131432469502599,-0.0011269762712238305,-0.002281457022715559,0.07898389053882841,-1.8928326102542494,0.1138604554270425,3.535052776112247
P01,session_01,001,neutral,1.024759292602539,0.5272863242025869,0.019258180315672963,-0.8119734917316086,0.0008225948220570018,-0.0001296573122027458,0.02479789573556303,-1.8935435344627256,0.006140607609246389,0.18453069092095828
P01,session_01,001,neutral,1.055389642715454,0.5255828963497641,0.02320401205287848,-0.8117290105365932,-0.0013031852425795076,-0.0002337312985929612,0.043224437155486975,-1.8963683726585203,0.03029204693563378,0.9898994533380198
P01,session_01,001,neutral,1.087108850479126,0.5252929239856573,0.023140910146095692,-0.8117959579040391,0.00017406197744241028,-0.0004123476049711336,0.01411070216645095,-1.8935931050548451,0.018394742690445904,0.5800960502087493
P01,session_01,001,neutral,1.118734359741211,0.5239428926859806,0.02614181761989763,-0.811801189699974,-0.0011299667266363564,-0.0010131049995278317,0.04798758730087469,-1.9209465921695423,0.04307678545968331,1.3629349189239326
P01,session_01,001,neutral,1.1511812210083008,0.5221544061778847,0.023416785294288207,-0.8124964017247323,0.002857380207928201,-0.002335537185314943,0.11373800014162394,-1.9111279568848902,-0.019432417073343485,0.6096041684568545
P01,session_01,001,neutral,1.1834275722503662,0.5223054551722249,0.025947663329182746,-0.8111601311920793,-2.3736619999868107e-05,-0.0002762805625946187,0.008599371463581034,-1.9219531799128062,0.004239811099519711,0.13176280094087764
P01,session_01,001,neutral,1.2315633296966553,0.5226124548337973,0.027598995860463885,-0.807739223058213,0.0011174178911840277,8.046321227153167e-05,0.023273990253848804,-1.8637271298282712,-0.07825286901196349,1.6258368466304942
P01,session_01,001,neutral,1.2632865905761719,0.5229978815634899,0.02718467172007151,-0.7976990871397204,0.0005649357952815027,0.00019488404477130717,0.018838083103272833,-1.8665476396755296,0.0003305051051677139,0.021527101399285726
P01,session_01,001,neutral,1.2957074642181396,0.5231528162002622,0.026516319079682292,-0.8011812925619263,0.00028933418825210296,-0.00023276619279348154,0.01145377265714176,-1.8450716997293706,-0.02240975604984781,0.6913087150452536
P01,session_01,001,neutral,1.3272626399993896,0.5242353888522818,0.026831592481799355,-0.8001596570233755,-0.00039254319808047506,0.0012750689919981137,0.04227913676682072,-1.8520485406352956,0.015519128538391417,0.4936232382245798
P01,session_01,001,neutral,1.3591625690460205,0.5247354569753618,0.025215337744119565,-0.8019824749154075,0.0006679937673419628,-8.962242612469646e-05,0.021127919053862843,-1.8356464466936127,-0.035342728691157115,1.1081264281870897
P01,session_01,001,neutral,1.3912649154663086,0.5255231380845619,0.023239570676843506,-0.801394873228724,0.0007606771660033488,-0.00020665058283939337,0.0245542038790075,-1.841619494170267,-0.04063423037083636,1.2660094864356042
P01,session_01,001,neutral,1.4228143692016602,0.5254551077922858,0.021996248214401767,-0.8003545873711471,-0.00016513201669375563,-0.00016992461686913683,0.007510274359733466,-1.8433112195088706,0.005660571261581742,0.17957611131657478
P01,session_01,001,neutral,1.4554529190063477,0.5259457069349984,0.02228973521687978,-0.7994623373934375,-0.00045294573349466405,-0.0020873978770846856,0.06544332201682695,-1.8320014206315238,-0.10388241125646677,3.1834860602701327
P01,session_01,001,neutral,1.4871935844421387,0.525760154360943,0.021966168929390524,-0.7958160967303335,1.128016664244942e-05,-4.7501405258153836e-05,0.0015381652609106743,-1.7794950363052526,0.04943558538967976,1.5574849745377164
P01,session_01,001,neutral,1.5191311836242676,0.5260248997493583,0.020314052059143346,-0.7987842030759371,0.00017447130703629715,1.269088253811676e-05,0.005477314017486579,-1.8189500307857283,-0.011402587993321058,0.35706909923945107
P01,session_01,001,neutral,1.5510797500610352,0.5273594550893853,0.02041974890224864,-0.7982154202014219,-9.833148994323132e-05,0.0005813425500264486,0.018454664344101125,-1.8641666344609127,0.00999771295910169,0.31347520012635655
P01,session_01,001,neutral,1.583343744277954,0.5285879197524597,0.021539153833896672,-0.7995800219224961,-0.0006357523028544176,8.958942969454324e-05,0.01989938640766892,-1.8750343139050547,-0.008490755037306126,0.2639163107971107
P01,session_01,001,neutral,1.6153664588928223,0.5287209279014798,0.021003548919437266,-0.79897354099451,0.00040460110203683545,-0.00038092703365351545,0.017353446625847323,-1.8825071010999321,-0.018707333386743682,0.5844471787919768
P01,session_01,001,neutral,1.663409948348999,0.5288245840747063,0.021541602753533343,-0.7998036092890147,0.00022257715661262584,0.0008540718593402569,0.018370815020953318,-1.8764486239814546,0.008204020980494066,0.17174772182180142
P01,session_01,001,neutral,1.695026159286499,0.5291193646871081,0.021414502713090058,-0.8015434123889063,0.0001316582480825146,0.000968666759582069,0.030919995819195297,-1.880501736742591,0.002397644549091133,0.08189709036913577
P01,session_01,001,neutral,1.7273426055908203,0.5288271850050265,0.02184232248430184,-0.7984495104576259,-7.221957800726249e-05,-0.0003007693233123371,0.009571546509581719,-1.875106277427626,0.012905861194137471,0.39947360858122055
P01,session_01,001,neutral,1.7591795921325684,0.5285886300478871,0.02249712158595023,-0.7985382117591976,0.00010548873361564053,0.0022728847238093625,0.07146817637503947,-1.9058005632034252,0.05306773967348168,1.668389554962509
P01,session_01,001,neutral,1.791478157043457,0.5283934977426857,0.02256843039172374,-0.8025591761257669,0.0006155123891689126,0.0004845475062173672,0.02425348976357621,-1.903026884425992,-0.003634049894871877,0.11509863508292863
P01,session_01,001,neutral,1.8233873844146729,0.528322722104274,0.020703290058856735,-0.804153864429399,9.74752947986465e-05,0.0014185814314793762,0.04456160570210626,-1.902829670548793,-5.254527610239538e-05,0.04459202125837794
P01,session_01,001,neutral,1.85479736328125,0.5277093867551322,0.020136625451320736,-0.8052498487737774,0.0008143677175672049,2.9762259858385366e-05,0.02594434692934916,-1.9103080715098315,0.003124839623063093,0.10281287661276589
P01,session_01,001,neutral,1.8873209953308105,0.5281369528776186,0.019809737282739843,-0.8059244757569408,-0.0002948987681121147,0.0004877171934161897,0.017523920025955455,-1.920736733060758,0.06385932379570554,1.9635527483123414
P01,session_01,001,neutral,1.9187352657318115,0.5262756025944,0.017273010442677757,-0.8075335962259309,0.0020177385076586315,-0.0012676908936725358,0.0758547059392605,-1.9241990758841012,0.021636396156280144,0.6929087189521046
P01,session_01,001,neutral,1.9509313106536865,0.526868371936213,0.02465796690985081,-0.7994661298369056,-0.0009086888367159262,0.00018802214156953147,0.02882147025883451,-1.9603986895360728,-0.02855871928461184,0.8874938138595161
P01,session_01,001,neutral,1.9831223487854004,0.5258472035631748,0.024942157294690053,-0.7970774816455214,-0.0007364049353511429,-0.0016867575084404292,0.05717432200989134,-1.9183433861578014,0.03639561029715899,1.1320578373048567
P01,session_01,001,neutral,2.0153369903564453,0.523243055506633,0.022332359821425476,-0.7993915962167643,0.0027062519626904146,-0.0023952670799971105,0.11218547763716787,-1.8550084501458217,-0.0754160838521861,2.3437363924451127
P01,session_01,001,neutral,2.047238349914551,0.5257447051748346,0.02492230491855793,-0.7983256131425381,-0.0018911556687340322,0.0024126661343042348,0.0960937856971468,-1.8985116872227403,-0.026222935013913967,0.8275982813443913
P01,session_01,001,neutral,2.0955066680908203,0.5257644958907745,0.02389442664001522,-0.799286508692719,1.3320689806645594e-05,-6.796385990709816e-05,0.0014348327512744815,-1.9171827178242828,0.04507301970549426,0.9338024322552023
P01,session_01,001,neutral,2.1276402473449707,0.5252721907618116,0.025415668796974922,-0.8007000197370088,-0.0004544343016104703,-0.0015457404473532247,0.05013932976778384,-1.9055759328705086,-0.011851773676685329,0.37222073210702505
P01,session_01,001,neutral,2.158951759338379,0.5253596265219612,0.0253418342540591,-0.8014935723955042,3.261829517881399e-05,0.0006978046069471145,0.022310214486873134,-1.9160501673461812,0.0030950507564453758,0.10133353840178691
P01,session_01,001,neutral,2.191112756729126,0.5251875337293167,0.019613849442965108,-0.8060428587917051,0.00014748300542400403,-0.0030430073743217454,0.0947290039370208,-1.8908433801829552,0.010674869869120683,0.3451728516478579
P01,session_01,001,neutral,2.2233173847198486,0.5254075464846336,0.020677120377277022,-0.8002207386355631,0.00032377086573487205,0.0010585514884975792,0.03437267684505234,-1.9153811352926144,-0.022628480805274756,0.7034870957177339
P01,session_01,001,neutral,2.2551021575927734,0.5264955538760038,0.01992193111193881,-0.7998764645850861,0.0007208373777368822,0.0004105566375378387,0.026099166290283304,-1.889078327633644,-0.06929811693152728,2.1803862581829843
P01,session_01,001,neutral,2.287198543548584,0.5282438914397032,0.02065960934334033,-0.7979069592434729,-0.001481980988642136,0.0014295124977240156,0.06415273866819937,-1.9033723081074796,-0.0010194966291783812,0.07158561234543197
P01,session_01,001,neutral,2.3196730613708496,0.5278995777258365,0.019171534876088792,-0.7994270211356096,0.0004753189127829077,-0.0028242507571459735,0.08819128156107256,-1.887004454115026,-0.014536589760709836,0.45623558340528836
P01,session_01,001,neutral,2.3508450984954834,0.5277827843280892,0.0189645906932261,-0.7968562415466862,0.00025003597588109416,0.0003094957506333056,0.012763887464041628,-1.8914279987803642,0.0396976438323944,1.2735657126078066
P01,session_01,001,neutral,2.3831183910369873,0.5282107610709073,0.019277229907755346,-0.7958214039423301,-0.00030577507707843363,-0.0009455076559978579,0.030790842112772963,-1.8531578241383468,-0.07732216382399452,2.3960539189596344
P01,session_01,001,neutral,2.415522336959839,0.5288016105396034,0.019183242246810825,-0.7969623959394232,-0.00012198738718352558,0.0033061991599604274,0.10210018434566438,-1.8735718455908437,0.028523519757376447,0.886149872103803
P01,session_01,001,neutral,2.4470207691192627,0.5290744546602167,0.013683846962832496,-0.7986747296768439,-0.0004511966136765165,-0.0007510367603182265,0.02781559366545558,-1.8533914268445817,-0.018466164928229424,0.5869161374590305
P01,session_01,001,neutral,2.4834415912628174,0.5313942858911445,0.016195891251733985,-0.7975940425748704,-0.001617020511995582,0.002410402309375119,0.07969478739029977,-1.8955443243538974,-0.01637933958589639,0.4567312917907467
P01,session_01,001,neutral,2.52834153175354,0.5322153050984114,0.01737086089777566,-0.7980676750345339,-0.0006422266180437542,0.0014456678523006017,0.035231693354017324,-1.9142608969990151,0.01161394798925336,0.2610512564882539
P01,session_01,001,neutral,2.5590407848358154,0.5332789695419722,0.011542721965073981,-0.7973252108901456,-0.0009640171290259033,0.001187948528214703,0.049834627942311124,-1.92286958518247,0.01352664127408381,0.44342716236723195
P01,session_01,001,neutral,2.591059923171997,0.5325779673636636,0.007706619670262817,-0.7970984368505817,0.00037369159278256674,-0.0011533069372939055,0.037862903180150925,-1.8430897998983289,0.03341635503582257,1.0443235265716067
P01,session_01,001,neutral,2.623316764831543,0.5349140520891866,0.010572247954074271,-0.797469529534892,-0.0028114791294327943,-2.5517115507163136e-05,0.0871627468673916,-1.8196128039722756,-0.017947000763887406,0.5631642313588542
P01,session_01,001,neutral,2.655329465866089,0.5341364943881576,0.012644282066727967,-0.7966241401276243,-0.0010373746875841818,-0.00031468566561650054,0.03386325032455402,-1.8229473907482732,-0.0008176247772950706,0.04241513718187546
P01,session_01,001,neutral,2.687324047088623,0.535480973551767,0.012214377365143208,-0.7956816023901042,-0.0004414573679644404,2.8940725080876075e-06,0.013798175733626461,-1.838980772090311,-0.062012683011806666,1.9382736706794588
P01,session_01,001,neutral,2.719780683517456,0.5371895631504723,0.01605792200071354,-0.7927876904105834,-0.0030647557351018333,-0.0007489560107503235,0.09720485389519908,-1.840780699050541,-0.01213009155011224,0.38616651004155955
P01,session_01,001,neutral,2.7527196407318115,0.5367311826801905,0.014641601692473843,-0.7943940253686889,-0.0004249652000005634,-0.0003649697863204682,0.017006521517332507,-1.8687458073016217,0.10941669816537665,3.3218456614779197
P01,session_01,001,neutral,2.783031463623047,0.5362831979569249,0.015312332818091273,-0.7936982213158101,-3.331540562801374e-05,0.00012170264941676409,0.0041627398380037345,-1.846899139729957,-0.012742795327802535,0.42041087670186894
P01,session_01,001,neutral,2.8153648376464844,0.536585469431147,0.018019785166157477,-0.7957974856590251,-0.0012159243588245165,0.00037356662041583636,0.03934064376644082,-1.8760308232839762,0.0053589536877881065,0.17034565369427376
P01,session_01,001,neutral,2.8525278568267822,0.53712832294451,0.016546768453213442,-0.7988874998502545,-0.0002905170949961122,0.0006910045647596604,0.020170361988384292,-1.855897413418541,0.011526304583154576,0.31081040398378856
P01,session_01,001,neutral,2.8934412002563477,0.5368991519855896,0.016319225764188264,-0.7978804254581685,7.363166900352805e-05,-0.0011902630067415394,0.0291479068047067,-1.8534884004063483,-0.05303492341643675,1.2966021578245666
P01,session_01,001,neutral,2.9342668056488037,0.5362332972646687,0.024905208004308618,-0.7997673002556905,-0.003730950156235651,0.0007665201554393961,0.09329627152322369,-1.8763890424104888,0.028358133430440906,0.7008538238963553
P01,session_01,001,neutral,2.9794132709503174,0.5349585081290688,0.023887313792753915,-0.7935628059219533,-0.0003371126930558707,-0.003612043078647137,0.08035491466934509,-1.8307957638127277,0.004520276622937963,0.1283817328087122
P01,session_01,001,neutral,3.0217111110687256,0.5355715158074124,0.02180032571837535,-0.7931079072515193,-0.0004281668513800895,0.00043108825754000304,0.014364530772028988,-1.8334124052136498,0.003621708950818523,0.08682052643593823
P01,session_01,001,neutral,3.0651113986968994,0.5354751513893379,0.022196288694529304,-0.7930689190732834,-0.0004938899745062458,0.00019451718062872764,0.012230672284810453,-1.8517636265162165,0.0030402840536810274,0.07111184840794046
P01,session_01,001,neutral,3.105226516723633,0.5354191688713725,0.022321148656132914,-0.7895429613021069,-1.711596197337098e-05,-0.001255170544713872,0.031292123787183365,-1.8482349534212896,-0.06092043990474842,1.5189627838246638
P01,session_01,001,neutral,3.1413190364837646,0.5357913344947237,0.025642148228025227,-0.7889767380879787,-0.0006560315895227246,0.00011018916665701655,0.018430996080660178,-1.854425715669665,-0.008669901674741298,0.240919301400222
P01,session_01,001,neutral,3.176352024078369,0.5352129791427526,0.026857216099023706,-0.7892929171682476,-0.0006765219267089727,-0.000519913184055449,0.02435488143196769,-1.8594106178870757,0.009347579106840772,0.2679314296469726
P01,session_01,001,neutral,3.2121474742889404,0.5335959751176668,0.028754193996484264,-0.7843015590929238,-0.00117329377688963,-0.002259654149181861,0.0711293157850335,-1.8632949048084697,0.010397101145408804,0.2990412273052031
P01,session_01,001,neutral,3.2454640865325928,0.5334151834283695,0.028969781645911036,-0.7849472497376617,-0.00022595540220992242,-0.0002121972226230538,0.009303868949114643,-1.8584295891308507,0.0314397729610618,0.9437124264193149
P01,session_01,001,neutral,3.276923418045044,0.5333498429968321,0.030609245970274663,-0.7853017913827668,-0.0003966612886973489,5.196619101793054e-06,0.012609782482770652,-1.8665010301384963,0.02574740368776782,0.8185316804274445
P01,session_01,001,neutral,3.310418128967285,0.5332926764469937,0.027323972017002252,-0.7869827346830784,0.0002670398522597316,0.000643835123550145,0.0208097899042713,-1.8671660063509368,-0.0005244677228120919,0.026042798787857147
P01,session_01,001,neutral,3.3423471450805664,0.5339770444431174,0.026332906971410365,-0.7904534625212113,0.0004157853853797719,0.0018089224639140622,0.05813182955275127,-1.877669721905581,0.04449036177043914,1.394626815542911
P01,session_01,001,neutral,3.374413251876831,0.5335065002680177,0.025669723503631028,-0.7881427267041373,0.0006460768706329296,-0.0013923408339732199,0.04786786071355906,-1.843792392548182,-0.04009503091289345,1.251302534590906
P01,session_01,001,neutral,3.4075753688812256,0.5326576594959277,0.02809790138846558,-0.7872511693387487,-0.0009596444806536402,0.0006038149597104718,0.034189715605948814,-1.9172036679922426,0.091561779851441,2.761247102392654
P01,session_01,001,neutral,3.4424962997436523,0.5328805575139165,0.027492023611013012,-0.7876271082938844,0.0006207459103121595,0.00012594722976984782,0.018137952408721004,-1.9094775615155892,-0.01078199447569029,0.3092868010598346
P01,session_01,001,neutral,3.4763705730438232,0.5334428494540219,0.024389948118940925,-0.784960061333332,0.0016153918860492456,0.001902133792537262,0.07366997190012903,-1.8690515421642004,-0.07921157873165184,2.339559529866265
P01,session_01,001,neutral,3.509929895401001,0.5335090713402065,0.026408109457265783,-0.7857309864923783,0.00012431853934030289,0.0010612462864017407,0.0318392321553313,-1.8929048593776923,0.03187925637243216,0.9504708592153609
P01,session_01,001,neutral,3.543825626373291,0.5341463902534425,0.025091811287604144,-0.7840351323205081,0.0012853471706514245,0.00039134119979377275,0.03963925752529446,-1.889006844810841,-0.01057416308176728,0.3144697891595496
P01,session_01,001,neutral,3.576934337615967,0.5357584821641392,0.027650916245770152,-0.7839282362744964,-0.0012966794911247633,0.0035644292671668377,0.11456073928716379,-1.885761225917638,-0.015350942955674279,0.47759604044187104
P01,session_01,001,neutral,3.6089940071105957,0.5343569615736053,0.025998876042820633,-0.7806598657382059,0.0003397370295130693,-0.0037971462169150943,0.11891308931275678,-1.8831961526111163,0.026640982653800518,0.8394462930336088
P01,session_01,001,neutral,3.64442777633667,0.5348540050937823,0.02587289985902059,-0.7785914738236698,0.001043268494451259,0.004277215556651091,0.12424901218197579,-1.892796709570003,0.023291746091080232,0.668971610492961
P01,session_01,001,neutral,3.6782655715942383,0.5326926636840095,0.007098527581665819,-0.7820781454454049,0.002283696643597026,-0.0004283828144814623,0.06866664761998374,-1.894307854545496,0.0028172450053583014,0.10792077672394831
P01,session_01,001,neutral,3.710364580154419,0.5327406612347535,0.010934525306414268,-0.7853968447539326,-9.493275954326518e-05,0.0001409166890332852,0.005293340524854277,-1.8985607615794409,0.00474736521692405,0.14799226093632767
P01,session_01,001,neutral,3.741886854171753,0.5319511150679753,0.009302484525458234,-0.7865841361128645,0.0005001031547039196,-0.0012649783375410072,0.04315194822150502,-1.8750064234382546,-0.05186075036611994,1.645775496109761
P01,session_01,001,neutral,3.7709927558898926,0.5330984410189109,0.01639308622275526,-0.7858097646209169,0.0007815655347722058,0.005952096311805497,0.2062533734824744,-1.9428323831199104,-0.06559202309053035,2.2629831698851826
P01,session_01,001,neutral,3.8006832599639893,0.5323829954466059,0.013715495936165644,-0.7869221499910012,0.0005542770855673587,-0.0008755131665175468,0.03490063171142576,-1.8815081914989844,-0.04598056322375414,1.5490554729856365
P01,session_01,001,neutral,3.833570957183838,0.5328459747911076,0.021544330675965225,-0.7915125397303572,-0.0003354429553310863,0.0016890440697029552,0.052360957420656405,-1.902704537005478,0.008329723941218621,0.2586335614480372
P01,session_01,001,neutral,3.8635165691375732,0.5322080648980854,0.01937521982422566,-0.7907392193587464,0.00035877599783184117,-0.00171548348580903,0.05852607587917512,-1.878725052889953,0.04201610199300529,1.404300532255632
P01,session_01,001,neutral,3.8935797214508057,0.5324304011416809,0.02470658410463595,-0.792622121298078,-0.00013565327628119436,0.002273612720967953,0.07576237927470306,-1.8980856061833404,-0.021241058503481593,0.7105982954281429
P01,session_01,001,neutral,3.9212875366210938,0.5318167377177729,0.022300799619822412,-0.7922024464826748,0.00020372871960634692,-0.002144377165302289,0.07774099611889274,-1.8828729870012957,0.023417791148787757,0.8487370548779872
P01,session_01,001,neutral,3.95361328125,0.5322409705035602,0.026041260341865248,-0.7965612513310502,0.0003107389270202919,0.0006989736059094159,0.0236632812965566,-1.8871930117576685,-0.002649078049793677,0.08529752982530836
P01,session_01,001,neutral,3.9885566234588623,0.5334404660825804,0.02351576272624961,-0.796867838311269,0.0011100159811802855,0.0014396658942061442,0.05202431846451039,-1.891864677822447,0.05152896594881219,1.4755607180106187
P01,session_01,002,neutral,0.0014748573303222656,0.529954790650256,0.047889374164925586,-0.8332337407550592,0.0,0.0,0.0,-1.8987492206691872,0.0,0.0
P01,session_01,002,neutral,0.033232688903808594,0.5298326822809252,0.05085541476981846,-0.8325243333934519,-0.006019199979736474,0.0005277239362390002,0.1902613963359927,-1.9570003473089495,0.1001936654093655,3.1606595458258386
P01,session_01,002,neutral,0.06525635719299316,0.5276044293902743,0.051499432435066016,-0.8299372118710272,-0.0017958629285333727,-0.005244678924649927,0.1731102501762825,-1.9389925486985944,0.010806414390609507,0.3792627602826924
P01,session_01,002,neutral,0.0968773365020752,0.5272189948952155,0.05339567503323217,-0.8292550734692321,7.419222090361954e-05,-0.0010322469683207594,0.03272858147508897,-1.9201556135297762,-0.05357105131159672,1.694477779550339
P01,session_01,002,neutral,0.1289658546447754,0.5270458949862572,0.053004907673400437,-0.8250467829445224,-6.34021710349811e-05,-0.004443043199021276,0.1384761842328919,-1.877467435345696,0.02957323232049447,0.9319593832742125
P01,session_01,002,neutral,0.16084671020507812,0.5241659074905282,0.05782721662793683,-0.8257517773873646,-0.0030027707444704316,-0.0008694520331062775,0.0980561024517947,-1.894431676597202,0.05122608741928654,1.609786958785049
P01,session_01,002,neutral,0.19256091117858887,0.5222730180007479,0.05918269238989772,-0.8273277063887289,0.00044707219649371487,-0.0012525839095355353,0.04193633773927773,-1.8728098111620715,0.03671310257358831,1.1583827933386137
P01,session_01,002,neutral,0.22531771659851074,0.5199292897891359,0.059148946588632234,-0.8283823988765417,0.00025364079146038396,-0.003162456439876227,0.09685351067052161,-1.876481720885158,0.00631445198835324,0.21573123219335585
P01,session_01,002,neutral,0.25688743591308594,0.5203745378794139,0.060919723666120335,-0.827563821674681,-7.714391334329289e-05,0.0019061476375685353,0.06042841337363739,-1.894801125236261,-0.030761607930630673,0.9762742883106237
P01,session_01,002,neutral,0.2884941101074219,0.5195810535574278,0.06078650784819247,-0.8281731865029988,0.000280625825910112,-0.0006620303081562622,0.02274998762404302,-1.8986084258773543,0.009625222055643748,0.3053799007163116
P01,session_01,002,neutral,0.33675074577331543,0.5195042373360571,0.06209911468631667,-0.8271208281465908,-0.00010373360905368252,-0.0006998755871449893,0.014661639117401558,-1.9091730599162862,-0.0019988045200901054,0.04393865321582088
P01,session_01,002,neutral,0.36856675148010254,0.5188842962551631,0.06184987504542201,-0.8253713218977944,0.0003282576178457257,-0.000262709477980202,0.013214715156352788,-1.9083371556037303,-6.547634562689773e-05,0.013374002095732558
P01,session_01,002,neutral,0.40091538429260254,0.5185340773885155,0.06210484904578804,-0.8260267726837893,8.87976125327825e-06,0.0001729972904360358,0.00535494145105589,-1.91980182535762,0.007388967160927714,0.2284794367136974
P01,session_01,002,neutral,0.4332149028778076,0.5184378916944891,0.062345778997239545,-0.8283070220791765,-0.00012742953246915582,0.0004863217975365099,0.01556492767477775,-1.9091577344676842,0.0018406935127680633,0.059075623397564433
P01,session_01,002,neutral,0.4653050899505615,0.5174678002186334,0.06336550856388806,-0.8268161286283552,-0.0008884524334065548,-0.0028035507733962777,0.09164670226980588,-1.8779722991475531,-0.03547612768544409,1.1093055083792682
P01,session_01,002,neutral,0.4976933002471924,0.5169441228509125,0.0640969948059612,-0.8265724704514185,-0.0006843600746105468,-0.0006686357766217906,0.02954090826808474,-1.9100445435272362,0.02230368440788644,0.6892692294153492
P01,session_01,002,neutral,0.5287764072418213,0.5167091149986232,0.06268179534669278,-0.8279105222502401,-7.082757170286683e-05,1.4592325440411489e-05,0.0023265096923945692,-1.9030934207427643,-0.0005499807084468132,0.017846175282160644
P01,session_01,002,neutral,0.5610148906707764,0.5167339643516637,0.060834800626267824,-0.8286532926081104,2.436743484551003e-06,0.0007637244312999854,0.02368995800676873,-1.9350011601565673,-0.019983142154182263,0.6203062001303973
P01,session_01,002,neutral,0.5929021835327148,0.5195157988675871,0.06216510857302165,-0.826794138439723,-0.0018112893395762226,0.002738747269158594,0.10297268983605612,-1.9566624828961519,-0.03942322919629094,1.2406112228444799
P01,session_01,002,neutral,0.6248142719268799,0.519203233827716,0.05817620186114166,-0.8270847763900288,-6.71007278101357e-05,2.192684176515983e-05,0.002212091217333984,-1.9241074003442709,-0.004557453880811938,0.14282990542057625
P01,session_01,002,neutral,0.6574811935424805,0.5200683749227136,0.05722074379685692,-0.8318618785028064,-0.0005828739773140236,0.006254111992931023,0.19228058390333289,-1.947559573886503,0.028739529356582975,0.9005416416453195
P01,session_01,002,neutral,0.688939094543457,0.5185250133830543,0.054378352590125564,-0.8340402636821381,-0.0009223905472147445,-0.00017133353405284938,0.029822973969537578,-1.9075061518107497,-0.03360295460727926,1.06860430755089
P01,session_01,002,neutral,0.7212445735931396,0.5205739407520268,0.05223650863236873,-0.8375599439463829,-0.0017903900038211,0.006886593208030625,0.22025745616472955,-1.9416910190654704,0.03535790903856987,1.1164290991278334
P01,session_01,002,neutral,0.7688992023468018,0.5204187338394355,0.046515146396301,-0.8388664064188073,-4.017213023968211e-05,0.0007394764330506273,0.015540291174237598,-1.9143454287293846,-0.014920009343480282,0.31347169720620677
P01,session_01,002,neutral,0.8005752563476562,0.5207740943192672,0.04616834279639388,-0.8364408656977212,4.1289257352228934e-05,0.003745562277145857,0.11825304523347974,-1.9286552609685241,0.0034547062127069056,0.1608684663386807
P01,session_01,002,neutral,0.8324906826019287,0.5217728717607986,0.044255808198674834,-0.8350699912329849,-0.0005427868809938896,0.00047207550998784565,0.022539441475921695,-1.9253305234533173,-0.035089575424252034,1.0996860254542533
P01,session_01,002,neutral,0.8652393817901611,0.5211919454954245,0.04482864336237661,-0.8325962074480017,-0.00034578833310188335,0.00024896645621160033,0.013010940730155907,-1.8949656959063725,0.15008188594168456,4.582853502888521
P01,session_01,002,neutral,0.8973188400268555,0.5218873976019571,0.043037585675440415,-0.8338515414364612,-0.00036945436152273294,0.0022447361176393386,0.07091568172877515,-1.8977793695961234,-0.055980380422060716,1.7464941427214027
P01,session_01,002,neutral,0.9294395446777344,0.5217567745219572,0.03815927205134048,-0.8340103760331259,-0.0012183236833882185,-4.735180541169897e-05,0.03795818135128871,-1.8934621835586742,-0.006060802615952418,0.19246847858353835
P01,session_01,002,neutral,0.9609603881835938,0.5210560527140538,0.0379865237195922,-0.8359618189704662,-0.0006373064384824072,0.0008190467309013302,0.032923759819974314,-1.911499439605633,0.011562228749890697,0.36828675790168075
P01,session_01,002,neutral,0.9929137229919434,0.5194588592483311,0.03935976565215486,-0.8356877326125738,-0.0014535735151523922,-0.0014002750546386342,0.06316484915486824,-1.839368885196472,0.043293438737080116,1.3563673521171424
P01,session_01,002,neutral,1.025118350982666,0.5200654872361038,0.03826958668388515,-0.8385370218776811,-0.002403655776497177,0.0031883896471218607,0.12398582697578941,-1.9100979988086813,0.01209288991648277,0.39544146265323665
P01,session_01,002,neutral,1.0575127601623535,0.5205313172488933,0.03872256738581694,-0.8350674565529091,-0.00044669304528630293,-0.002403394085494543,0.07546217826564089,-1.8826486427446778,-0.1041332979908997,3.2154309922475734
P01,session_01,002,neutral,1.0893237590789795,0.5201262433518888,0.03888731807405267,-0.8365811191115013,0.0003519831363397547,-3.621249262033615e-05,0.011123229064112054,-1.9201788521937637,0.013385357725154742,0.42092465644712285
P01,session_01,002,neutral,1.1205034255981445,0.5199607285851264,0.04106532856915051,-0.8344370907776775,-8.229214634067947e-05,-0.0006655590480988821,0.02150847897727442,-1.9054498448086445,-0.015355602740020962,0.49295716322429695
P01,session_01,002,neutral,1.1525285243988037,0.5210194981038074,0.04149602158051542,-0.8345135927039746,-0.00027378786519095377,0.0017511784169687765,0.05534571132279257,-1.929934436931932,0.012671976617293119,0.39954081858079543
P01,session_01,002,neutral,1.2008163928985596,0.5185006169677879,0.03979953161143233,-0.8366341117261539,0.00199866436392517,-0.002669790598671668,0.06906563696673819,-1.9148210182121095,-0.024654135847160006,0.5152160060997969
P01,session_01,002,neutral,1.2331945896148682,0.5188842290418761,0.04297273427297824,-0.8340360181345335,-0.0004373418406647926,0.0007046174668429543,0.025613197473287604,-1.9218488217991228,0.01500094862090882,0.4640114746400752
P01,session_01,002,neutral,1.2651493549346924,0.5173065418018961,0.042935728573438296,-0.836148052094824,0.0001873063509413351,-0.001891009200553136,0.059467280703293525,-1.9094967766716076,0.0006873228511820373,0.06323768703122487
P01,session_01,002,neutral,1.29799222946167,0.5172895900693717,0.04531566572739768,-0.8351116389617336,8.993303971369997e-05,0.0006819586105644244,0.02094405570905911,-1.9018022954975788,0.00528110315079822,0.16215729770756754
P01,session_01,002,neutral,1.3291633129119873,0.517506992678577,0.04557518316643194,-0.8358367332023718,0.0005204250207781813,0.0015813733617980367,0.05340871363999559,-1.8834344188770358,0.016828294623132477,0.542504179160395
P01,session_01,002,neutral,1.360550880432129,0.5189087607165747,0.040699283174946,-0.8374876342983829,0.0011237278766163276,0.0013541478010252364,0.05606302434749507,-1.9062507102524329,0.0037355652874791726,0.13155772607351268
P01,session_01,002,neutral,1.392568826675415,0.5187013599394488,0.04075222769629081,-0.8379114419037237,0.00030794790558501056,0.00043959315744781304,0.016763264710268042,-1.9129372266379416,0.014319958253366315,0.4475619109168477
P01,session_01,002,neutral,1.424802541732788,0.5180856294615429,0.03965579054308059,-0.8385112817903699,-0.00017047217172907694,-0.0004104907769389887,0.013789322425823033,-1.909432018147163,-0.00661070776017454,0.2055497972478144
P01,session_01,002,neutral,1.4568028450012207,0.5180210945431256,0.04134794536284621,-0.840364803727039,0.00012248370777132733,0.00021925101470950136,0.007848172970444555,-1.9168489127082844,0.08124593446126745,2.538923520236952
P01,session_01,002,neutral,1.4887659549713135,0.5176234175867875,0.04164129091308914,-0.839023396037021,0.00043059125801549804,-0.0030811420588600204,0.09733359032202202,-1.9119011274065378,-0.013349984288290628,0.4288598909841968
P01,session_01,002,neutral,1.5213687419891357,0.5184439569286684,0.04237205855627782,-0.8372534809868354,-0.00016722146081014853,0.00053391300378297,0.017160722043808016,-1.9458614055297148,-0.02244435065127454,0.6886320160042972
P01,session_01,002,neutral,1.5526237487792969,0.5178415716441865,0.04276764736210591,-0.8349763099711297,-5.589645019642761e-05,-0.0032461665619866143,0.10387608598844839,-1.9059425983839922,0.001565417136234676,0.11532034036944498
P01,session_01,002,neutral,1.6006953716278076,0.5194619695066901,0.047662393625720084,-0.8356566822950016,-0.0009797908058994213,0.005701811070002816,0.12034920378847472,-1.9750448426415912,-0.0779005118231517,1.6249720974805055
P01,session_01,002,neutral,1.6333239078521729,0.5187701459727708,0.047292337705425846,-0.8365074716187084,0.000344688173971286,-0.0006742100682878354,0.02320703041223113,-1.904575252102718,0.04102760141948323,1.257628848104882
P01,session_01,002,neutral,1.6651301383972168,0.5190271142353212,0.04714186826640522,-0.8361544719521702,0.00037476328752200915,2.8480115005311455e-05,0.011816675396574028,-1.8992498119252428,-0.007880493757639044,0.24804735052340043
P01,session_01,002,neutral,1.6969654560089111,0.5187216941896157,0.04616479394790996,-0.8330344121952435,0.0010837721164497708,-0.00032403714776031527,0.035532150461024724,-1.8980220262452747,-0.0034144552644318326,0.11298622742833186
P01,session_01,002,neutral,1.728764533996582,0.5183600396710489,0.04265586425624771,-0.8340076023617761,-0.0003378316863723287,0.00036002416951387377,0.015525860927946035,-1.8949505353962635,0.04427319895866745,1.3923658936844419
P01,session_01,002,neutral,1.7618536949157715,0.5181524872758321,0.040748879561311874,-0.8301736830669143,0.0011574909927468922,0.001073833229873263,0.04771632121539068,-1.905127708399948,-0.0252185449055788,0.7636314084526721
P01,session_01,002,neutral,1.792689561843872,0.5183063082044438,0.04012913218721573,-0.8320956112291482,0.0002467875957966039,0.0024797783420130795,0.08081589678041216,-1.8846227425156448,-0.04596519595731469,1.4928297567935687
P01,session_01,002,neutral,1.8248746395111084,0.518957446741079,0.041815440789998125,-0.832574433660546,-0.0005967270223700001,0.001339721365111128,0.04556792267855015,-1.9311821896748176,0.05236123131917869,1.6275171752948443
P01,session_01,002,neutral,1.8571326732635498,0.517859864107403,0.032709231403276876,-0.8321291013257474,0.0012752860568749512,-0.0004137198313571311,0.041562226770265234,-1.9521798694964092,-0.04823257323942401,1.4957887352277797
P01,session_01,002,neutral,1.888512372970581,0.5180640966375448,0.027729614659476917,-0.8335251211906346,0.0008844240663324498,0.0007610732489440663,0.0371834958299399,-1.961031841340587,0.05127476460782825,1.6344337032985081
P01,session_01,002,neutral,1.92051362991333,0.5175738930409761,0.026508245745786748,-0.8320118538622412,0.00041144365564902536,-0.00039177981009530033,0.01775351928770533,-1.9262877862177952,-0.028949355263582926,0.9048060093502496
P01,session_01,002,neutral,1.9528663158416748,0.517812829830306,0.012253110029876725,-0.8328577536903269,0.0025252065418488014,0.00076236342478571,0.08153192395022742,-1.910287086883927,-0.015413888012153475,0.4833589572906717
P01,session_01,002,neutral,1.9849493503570557,0.5174844240849091,0.015493383584807946,-0.8340011980917501,-0.00018813462227807907,-8.920809058199877e-05,0.006489821240764655,-1.9035635870059189,-0.00882109065352413,0.2750222283496593
P01,session_01,002,neutral,2.0333821773529053,0.5168012190320893,0.009249510690954414,-0.8386649569276141,-0.00029692684986626355,-0.0039033568875019705,0.08082605115144707,-1.9308885760738033,-0.003290040610214605,0.10558092498467256
P01,session_01,002,neutral,2.0650103092193604,0.5149721725331159,0.0020173500851560374,-0.8426017996559472,-0.0013046309889760213,-0.0016840090113874617,0.0673528898423245,-1.8771120775645997,0.03518785412598169,1.1145861236745116
P01,session_01,002,neutral,2.0970041751861572,0.5145725677255353,0.0016192338682143044,-0.8440009523529257,-7.216415336558492e-05,0.000800292352492498,0.025115419560105965,-1.877202993999537,0.001077742093020455,0.042018138908003724
P01,session_01,002,neutral,2.1287841796875,0.513987933808296,-0.001869719258142454,-0.8437159575626871,0.002301051321911783,-0.0007284925459333036,0.07594760567153783,-1.8786312894457842,-0.050321416971046494,1.585250468064315
P01,session_01,002,neutral,2.1611006259918213,0.5151325776211911,-0.0008106893471320578,-0.8408323943584365,-0.0008418001709475303,0.0014195560836080927,0.05106947341594852,-1.955792482995373,-0.019502017334458947,0.6056274109418218
P01,session_01,002,neutral,2.1934475898742676,0.5149685751033164,-0.0015995130144157979,-0.8408778303487146,0.00030145586512023484,-0.00021221705843653315,0.011397114943972263,-1.9391088047495304,-0.006078424347342773,0.18825859375259552
P01,session_01,002,neutral,2.225013494491577,0.5144890457244785,-0.003098508295769078,-0.8409955944171196,-0.0002814627166218823,6.227051252696511e-05,0.009132282530084397,-1.9096690970418075,0.012541339148988936,0.39741144320679633
P01,session_01,002,neutral,2.2570905685424805,0.5143729669087396,-0.0039591256258972515,-0.8414170229747873,0.000767910749119902,-8.285295642678185e-06,0.023940944341797075,-1.887005428789488,0.019083440338998146,0.5954061172211358
P01,session_01,002,neutral,2.288811445236206,0.5136706099294909,-0.0050662495460551136,-0.8397110417390474,0.00059022069744586,-4.339772748348602e-05,0.018656925086356746,-1.8645149576906734,0.007176435035763496,0.2270049504876568
P01,session_01,002,neutral,2.3209829330444336,0.5135847987906142,-0.00439455097428595,-0.8402804603347,-0.00013775858147474756,-0.0005084417400512798,0.016373927344269287,-1.9014168827684315,-0.015502076463275427,0.4821357370458886
P01,session_01,002,neutral,2.3530023097991943,0.5115323693197181,-0.005913129040962437,-0.8413493447846319,0.0016932066206176801,-0.0020057470736517804,0.08197771156209552,-1.8575309467355021,0.0011476809365865868,0.08947116385050549
P01,session_01,002,neutral,2.3854496479034424,0.5115938925239325,-0.00600087643700486,-0.8447982147708801,9.335182128673985e-05,0.003468493473468816,0.10693479634500075,-1.8741760196299,-0.00157192233734876,0.11739677026772403
P01,session_01,002,neutral,2.417151927947998,0.5128290188358644,-0.005892105272409201,-0.8406664690404437,0.0009289453324009002,0.000982526039093026,0.042651357389741774,-1.973159850284597,-0.07407433907126322,2.33695112461529
P01,session_01,002,neutral,2.4648101329803467,0.5126679098949809,-0.005690902428873825,-0.8387004840584217,-4.1506124674691244e-05,-0.0009247029764710274,0.019422343476581207,-1.9719776083343274,0.009063449454174316,0.19116526772085607
P01,session_01,002,neutral,2.497034788131714,0.5127072345944899,-0.00040094805647186515,-0.8335108911740764,0.00024362633346927692,-0.00016019902774621586,0.009048277984838088,-1.9515489155570434,-0.0011791136712017375,0.03769257461755206
P01,session_01,002,neutral,2.5293474197387695,0.512299160066941,-0.0020449935723852375,-0.8356420266924718,0.0005132372054466873,0.0004908694292501158,0.021978610801053147,-1.931541128311706,0.046302634721317695,1.4331262573393988
P01,session_01,002,neutral,2.560762882232666,0.5098456773985391,0.0016696105745235847,-0.8298762447212285,0.0001782689090660401,-0.004002845027931259,0.12754269380378838,-1.8316943793373164,0.11100838139968218,3.535859776317385
P01,session_01,002,neutral,2.5929043292999268,0.5108251565165874,-0.006107424971213589,-0.8286988191933349,0.0008995097455788001,0.0013700342038803323,0.05099135969429079,-1.8985523331327523,-0.023666388446517334,0.7380834478786261
P01,session_01,002,neutral,2.6249210834503174,0.5113624551464151,-0.005144658316495594,-0.8277003969914202,0.00040985572969266625,7.162640480515987e-05,0.01299530157341583,-1.9095892087818944,-0.03490726534033925,1.09035865058627
P01,session_01,002,neutral,2.657240867614746,0.511075022254831,-0.005231682809386568,-0.8266505224914902,0.00011054688686840698,5.0557378828911434e-05,0.0037611419878785697,-1.9040877737613078,-0.012876241306411773,0.398418969129735
P01,session_01,002,neutral,2.6889407634735107,0.5115008854950582,-0.006745072496513717,-0.8285215979290856,0.00020702818905501475,7.026693759244291e-05,0.00689679858523055,-1.8970209852559747,-0.004776724277039838,0.15084355204901717
P01,session_01,002,neutral,2.720883369445801,0.5113490532536057,-0.006386894004318064,-0.8293314243195896,-0.0003966656530995035,9.703912906416005e-05,0.01278426905826812,-1.889120930549255,-0.001711502140599474,0.05508458963631198
P01,session_01,002,neutral,2.7528371810913086,0.5145344854208712,-0.00022744106129282893,-0.8255628333082676,0.0024669253458427963,0.0007418514326194825,0.08061811120879918,-1.939107724331446,-0.06905815518721538,2.162689890575306
P01,session_01,002,neutral,2.784766435623169,0.5159553642731556,-0.004803960811908533,-0.8241364620329569,-0.0015571183322779794,0.0013533504289220373,0.06461315583041358,-1.901901451430715,-0.017116706046922642,0.539962053995306
P01,session_01,002,neutral,2.8174095153808594,0.5148887285370346,-0.010421678910507241,-0.827973234009736,0.0027368061911975565,-0.0003608886149348187,0.08456609891601136,-1.9043366670609467,0.00719456198039824,0.2360676860766726
P01,session_01,002,neutral,2.8490350246429443,0.5155187840664471,-0.01183311424257917,-0.8304440882973445,-0.0003708389557184929,0.0009899444682526168,0.03342631401083891,-1.9177242509442738,0.004052129910386872,0.1324169092031324
P01,session_01,002,neutral,2.896711826324463,0.5144842400833457,-0.011247433993535371,-0.832258560848299,0.0008985863706228013,-0.0017795051284791269,0.04181307056830878,-1.8739594012549634,0.05916984887041374,1.241765793034525
P01,session_01,002,neutral,2.9287514686584473,0.5158247970070594,-0.010118118481142533,-0.8315511309756141,-0.0011818958907389356,0.0014745605026978768,0.05898204508906701,-1.8966722527013906,0.0012341254454148575,0.07044552555766721
P01,session_01,002,neutral,2.961498260498047,0.5161963660821081,-0.010597074931573207,-0.8330096419445998,0.0005689154440146467,-0.0008280277347329067,0.030678932208742214,-1.8878323083975452,-0.03151023114077003,0.9627276643317156
P01,session_01,002,neutral,2.993130922317505,0.5173187287263494,-0.0038188424050318234,-0.828638581064592,-0.00029465669802397116,0.0028874887371538164,0.0917559226161072,-1.9470804859882251,0.00809351767053868,0.271814722425761
P01,session_01,002,neutral,3.02492356300354,0.517149316714232,-0.00011024251775075807,-0.8273317730459923,-0.00014918469306182696,-0.00024174979715861479,0.008935267824726877,-1.944750077037877,0.007298769263296792,0.22974799440954402
P01,session_01,002,neutral,3.057027816772461,0.518831002580771,0.004836700271123928,-0.8251483900182928,-0.0015714501073872257,-4.22193485855656e-05,0.04896600803277406,-1.9261351707816605,-0.04317919255136805,1.345859008591625
P01,session_01,002,neutral,3.0885400772094727,0.5165225429020652,0.0062370105401473525,-0.8285243128289479,-0.0004942988440754169,-0.0011719042631044463,0.04036158575093166,-1.8371617889011032,0.06536460322546,2.074652072335281
P01,session_01,002,neutral,3.1208999156951904,0.5182778783958627,0.007782717327639689,-0.8289430185408591,-0.0015900617275335543,0.0029387275657214605,0.10325513527351968,-1.841959258107241,-0.001902070802233289,0.11881314832612194
P01,session_01,002,neutral,3.152859926223755,0.5180802450088926,0.007652301217583192,-0.829296570959338,0.0005118964077523388,-0.00020605286501687063,0.01726567967537186,-1.8551347286383706,-0.00014714774670942352,0.017869012906807032
P01,session_01,002,neutral,3.184913158416748,0.5180152021852902,0.007722055645871978,-0.831533861091328,-0.00017327125550079106,4.826914032212624e-05,0.005611569695941147,-1.8680495303708615,0.006780260857942053,0.21160568794443735
P01,session_01,002,neutral,3.2170379161834717,0.5168386540865317,0.007210939320854817,-0.8307860118892358,0.0004949047066246848,-0.004039158182359491,0.1266737879326578,-1.8600389741892993,0.00808059404214308,0.2816337385247547
P01,session_01,002,neutral,3.2492353916168213,0.5176929089387765,0.007933415502693695,-0.8314787408461254,-0.0006646031951464006,0.00201958546457273,0.06603401598738892,-1.8842453181752687,-0.017686254031663576,0.5532604716628655
P01,session_01,002,neutral,3.2967071533203125,0.5157854090618627,0.0021911220220063245,-0.8326920647546616,0.002003422171301908,-0.0014260797337958177,0.051802311066831246,-1.8712224247675744,-0.04276881360386513,0.9024197224736177
P01,session_01,002,neutral,3.3295540809631348,0.5154603911360496,0.00016811709379227315,-0.8338622884490999,-0.000516030295372534,0.000622803657236821,0.024623575157357542,-1.8894748828883479,0.02649927803796968,0.8071262752703027
P01,session_01,002,neutral,3.361448287963867,0.5154337380985539,0.003627807855670925,-0.8332537194137307,7.71028242167433e-05,-0.0004755686008119337,0.01510551146694262,-1.9079905065499316,-0.014577579747234667,0.4573099680423147
P01,session_01,002,neutral,3.392944574356079,0.5158352267814442,0.008629228365109206,-0.8325446849180781,-0.0003719691718415256,-0.00016148081160207573,0.012874802526749959,-1.9130026558547453,-0.04603358628416597,1.4616127035474231
P01,session_01,002,neutral,3.424837112426758,0.5158205288503264,0.008998608525227615,-0.831898604313741,-1.854626745424877e-05,-6.274531606016873e-05,0.002051542050499729,-1.8597537195100953,0.10143020113742895,3.180374732657588
P01,session_01,002,neutral,3.4568145275115967,0.515548161755204,0.012966195324418818,-0.8315161426343781,-0.00034075815399431717,0.00039592053890446214,0.016335555165437332,-1.8946860053365697,0.025626938155397547,0.801573904856274
P01,session_01,002,neutral,3.489504337310791,0.5156132489780981,0.012832991862102284,-0.830438523781959,7.654133306334399e-05,-0.0014133775475914296,0.04329938238930952,-1.8753013569916943,-0.02522161916419627,0.7727578074010863
P01,session_01,002,neutral,3.5210728645324707,0.515194759687871,0.014432335013262597,-0.831064897183042,-0.0004796504661807613,-4.2459485895821606e-05,0.015253359429983014,-1.8684912835928764,0.03164102292239707,1.002412514180932
P01,session_01,002,neutral,3.5529487133026123,0.5132539011534067,0.013927086987763184,-0.8316814714838431,0.0003499750264100731,-0.004471736983515293,0.14071503764707433,-1.8531628962178814,-0.022444215335910206,0.7180365853983589
P01,session_01,002,neutral,3.5848886966705322,0.5139518601509221,0.013715933583364127,-0.831473087225342,-0.0007459831487418256,0.0005718058904948128,0.029427745983810236,-1.8748688260368571,0.01051940760577573,0.33066127722796107
P01,session_01,002,neutral,3.6169204711914062,0.5139117175185143,0.014700375089060068,-0.8310836166744486,0.00011440200619322881,-0.000639816162377338,0.020291210883954844,-1.8894550095909228,-0.026988667022321805,0.8428035215637463
P01,session_01,002,neutral,3.6492793560028076,0.5153270021774995,0.013975735603338993,-0.8304624798498121,0.0013053808903717298,0.0007379346163894769,0.04634035407297862,-1.8908021759365137,-0.06132334976369583,1.8956673282488872
P01,session_01,002,neutral,3.6811249256134033,0.5171802340303782,0.01219256609167417,-0.8289422499472925,0.0017249070217553561,0.0011365306826826428,0.06486532776522834,-1.8852561268291699,0.012869972492337142,0.4093094349025011
P01,session_01,002,neutral,3.7287542819976807,0.5167008924371195,0.016980041400507347,-0.8243117220218813,0.0020951423270169386,0.00047048020871381544,0.04508391024808432,-1.8784591687174197,-0.00792298015325213,0.17234773257764288
P01,session_01,002,neutral,3.7608940601348877,0.5163679662945055,0.015345483258980998,-0.823030876100865,0.000282386442189235,-0.0017371145341600522,0.054758228953158926,-1.8730750281404975,0.0008714718887816369,0.061103927107900226
P01,session_01,002,neutral,3.7930681705474854,0.516452045062988,0.01646934617500537,-0.8233942530996937,-0.001108356935697003,0.00034629301666672124,0.03609097618424745,-1.9297124975809294,0.006003114377158919,0.19004066294547314
P01,session_01,002,neutral,3.8248932361602783,0.5160833696509842,0.020345432424169172,-0.8238443894077697,-0.0020648056146724573,-0.00013333807372968744,0.06501499223396007,-1.9520370032747063,0.045623622863925135,1.4350486503142568
P01,session_01,002,neutral,3.8568174839019775,0.515496892136547,0.020915864230853086,-0.8243872729260274,-0.0005729538248021469,-0.00025154352370860617,0.019600767135493538,-1.9329581976337422,-0.018575948676134144,0.5822058834496115
P01,session_01,002,neutral,3.8886306285858154,0.5148163877011388,0.02154262171382906,-0.828181622808164,0.0007024712892473561,-0.002203148175790674,0.07268784664208285,-1.9091268848996488,-0.014346108069905007,0.45676973248162245
P01,session_01,002,neutral,3.921320676803589,0.5144924143047835,0.02128099657997319,-0.8278316329498567,0.0003471341122301957,-0.0008718973188083778,0.028707817021179718,-1.8892338819058565,0.04031369482194685,1.2335441125116582
P01,session_01,002,neutral,3.9529740810394287,0.5141090188304295,0.02104993390520681,-0.8278454722776281,-0.00042121635123661767,0.0024327218848781552,0.07799851692054895,-1.9063935836746229,0.030873731062052236,0.9784821586372157
P01,session_01,002,neutral,3.9845423698425293,0.5136940691446735,0.020147345135008196,-0.8284194462512967,0.00021841461669178257,-0.00022585513056142098,0.009952715737903059,-1.8866984119027443,-0.024136127749715273,0.7646335468855399
P01,session_01,003,neutral,0.0009233951568603516,0.5042708804121036,0.06800986602407642,-0.8027309810103033,0.0,0.0,0.0,-1.9230970322062435,0.0,0.0
P01,session_01,003,neutral,0.03306007385253906,0.5064902133815317,0.063822538827252,-0.8019997574751334,0.003642426080552522,0.0008807889116810284,0.1166084000158301,-1.9662475353558322,-0.15502540921233454,4.825349153994282
P01,session_01,003,neutral,0.06508350372314453,0.5092833650303945,0.06176187380102319,-0.8172339338574401,0.0021753831161071984,0.012093537261403971,0.38370760018399885,-1.9795013784855922,0.0137518247096345,0.5758834376039882
P01,session_01,003,neutral,0.09759736061096191,0.5100491344611596,0.061014727418570495,-0.8204966938018802,0.0009577894276699384,0.00013205247111603593,0.029736544492576598,-2.031113841100878,-0.04423687666030859,1.3608794976023995
P01,session_01,003,neutral,0.1293635368347168,0.5116258541158238,0.05803082799975293,-0.8296030018051483,0.0016044151406384094,0.004574623365037008,0.15260938798836607,-1.9858215822500078,0.0231176221550389,0.7435724222065118
P01,session_01,003,neutral,0.1610550880432129,0.5113923343800626,0.060617573601877674,-0.8271378603152942,0.00026676217369400176,-0.003008133234677659,0.09529159132471007,-1.970599450632433,0.011454893033597594,0.37379964667017973
P01,session_01,003,neutral,0.19311094284057617,0.5113602779753306,0.06276944641302869,-0.826598282030756,-0.0002248169511048349,3.9689006792583944e-05,0.00712173817975602,-1.9669599887966,0.10020751537177038,3.126036602506262
P01,session_01,003,neutral,0.2251138687133789,0.5113912658601231,0.06275451198520435,-0.8322832868602235,-6.0782857130118314e-05,-0.00028444978490134947,0.009088903685018539,-1.967529021973621,0.0017574870698960144,0.05566349451037484
P01,session_01,003,neutral,0.25710153579711914,0.5107532049552068,0.07222240443621875,-0.8309425259748362,-2.4827819097241834e-05,-0.0018890148424303339,0.059059574107685885,-1.9527100434142346,0.05729102405083884,1.7920082564041964
P01,session_01,003,neutral,0.289731502532959,0.5122273638285593,0.07349859658242208,-0.831061262889643,-0.0012148946692854704,0.002479360252714479,0.08461588889562599,-1.9433856235385814,-0.010883346563855508,0.34410420822026444
P01,session_01,003,neutral,0.3370237350463867,0.5086277405034063,0.08029890377014555,-0.8268748295262672,-0.0033297269114943473,-0.006392501452943061,0.15240800992539902,-1.9284314310671662,0.01903122547563802,0.4303116374543314
P01,session_01,003,neutral,0.3689563274383545,0.5086161666801878,0.07814051218515967,-0.8259715958658224,3.457100139680865e-06,-0.0008337470828393055,0.026109820334676327,-1.868503971984968,-0.06366047754756518,1.993760366389209
P01,session_01,003,neutral,0.4006993770599365,0.5085647014080454,0.08109097342201924,-0.8258658424572145,-2.317663509028397e-05,-0.00015212779948009403,0.004847774603346887,-1.9103669344906968,0.00423262199570425,0.13342821328388316
P01,session_01,003,neutral,0.4328019618988037,0.5086509365985099,0.08256698732592234,-0.8235568506001534,-0.0004379377735475523,-0.001960920650891629,0.0625877492975681,-1.911392288001257,-0.055387395523589046,1.7264599446898425
P01,session_01,003,neutral,0.464996337890625,0.5088017401849829,0.08231442993265559,-0.8253047845891858,-0.00010484664823390692,0.0019304083719803747,0.06004941838371615,-1.8965338549878885,0.053936425256898936,1.676412710629929
P01,session_01,003,neutral,0.49702954292297363,0.5086342577302473,0.08691915803747881,-0.8170772392680382,-0.0005143278926720088,-0.002198344520979847,0.07048028491910066,-1.992543169696482,-0.024523766803640035,0.7688107461585026
P01,session_01,003,neutral,0.5293152332305908,0.5088187067474953,0.0847525098820151,-0.8329010019605794,-1.994362754049865e-05,0.000589698801990427,0.018275463431874618,-1.9742275973990655,0.009850101999238588,0.3056387551972923
P01,session_01,003,neutral,0.5610780715942383,0.5095269123535744,0.08316356492995491,-0.8325034681459055,0.0014696243400654976,0.0006946879044399393,0.05117748106645257,-1.912057011212301,0.036972054156084594,1.1651279839050555
P01,session_01,003,neutral,0.5927269458770752,0.509180822278221,0.08473903089174875,-0.8234458279969168,-0.0015136720133741544,-0.00016563972692414813,0.048112546770286264,-1.9083020488878482,-0.014297166690985366,0.4542981620089087
P01,session_01,003,neutral,0.6246497631072998,0.5101433665839433,0.08546195065756658,-0.8235699491956092,-0.0008491566987670791,0.0017316125147504382,0.06041488188590292,-1.9572407608137627,-0.10851437452111015,3.3998099507765818
P01,session_01,003,neutral,0.6569361686706543,0.5092943769266398,0.08800191049484915,-0.8196931080819312,-0.0005920153633263927,-0.004623419378908598,0.14436937509272904,-1.9871935158699003,0.11244069909679272,3.4855930464157603
P01,session_01,003,neutral,0.6894915103912354,0.5097110936405524,0.091432610904974,-0.8174321967186179,0.0003727986498915538,-0.00016996952246467172,0.012585263423734299,-1.9622262491601492,0.03081608250094393,0.9466589649225047
P01,session_01,003,neutral,0.7215657234191895,0.5133850907203578,0.08483681478141979,-0.8176918495959987,0.0034271779417578423,0.0030888153952851024,0.14384486989225567,-1.9128048798145223,-0.03619203584902115,1.1375158436233976
P01,session_01,003,neutral,0.7689909934997559,0.5131398346427775,0.08423430451276233,-0.8165951056879633,0.0006630371294315485,0.00015919279726458988,0.014377992580383902,-1.9310252121925577,0.01909816997158073,0.40295688293317694
P01,session_01,003,neutral,0.8006558418273926,0.511604968724329,0.08311738056606284,-0.8183429702797163,0.001487072511844639,6.803904316180423e-05,0.04701201158678249,-1.952160206931989,0.04254010105329554,1.3442710611028927
P01,session_01,003,neutral,0.8325817584991455,0.511020273211214,0.08322671111334301,-0.8136915531508345,0.0012346186600051795,2.373593739358092e-05,0.03867850740526022,-1.9588957706092647,0.001559865153479383,0.06231547956581906
P01,session_01,003,neutral,0.8645892143249512,0.5107937457809959,0.08384879297712065,-0.8050800391710555,0.000257331151715563,-0.0008078465313804977,0.026488877520979268,-1.9629437588435108,-0.007093453825575073,0.22319621727653952
P01,session_01,003,neutral,0.896735429763794,0.5101625549804796,0.085192616195259,-0.80320075385997,-0.0005735411161518672,-0.0006927708389127107,0.02797772680965805,-2.015992495932552,-0.048230847174984874,1.5006193202274836
P01,session_01,003,neutral,0.9286806583404541,0.5101986757214559,0.08390736554535332,-0.8000275466706797,-0.00022445260880535719,-0.0013407575094103743,0.04255456153106308,-2.0245243292106174,-0.021364295948265704,0.6701314458438766
P01,session_01,003,neutral,0.9616489410400391,0.5110836111753131,0.08324954731779494,-0.7953673295940762,-0.0009789714998984702,0.0005411939417194926,0.03392971765530473,-1.994356529464665,-0.02415774064770157,0.7335421452554617
P01,session_01,003,neutral,0.9931371212005615,0.5110840025125408,0.08222914047034298,-0.7971797568003253,3.790278986775099e-05,0.0018100039961461394,0.05749461541778473,-1.9741818547537886,-0.03911031444095312,1.2433933362978553
P01,session_01,003,neutral,1.0252158641815186,0.511474404497454,0.08439577701879024,-0.8012311043373731,-0.0008315642781262789,-0.0006259092229711304,0.03244511463900656,-1.952113384960265,0.008379853539381778,0.2632347860752018
P01,session_01,003,neutral,1.0566596984863281,0.5116348950459717,0.08268400867478463,-0.7991792317678598,-0.002112785791102388,0.0008711750076982566,0.07268028165783016,-1.9437902466881345,0.02090773419117287,0.6688835878931211
P01,session_01,003,neutral,1.088829755783081,0.5115082440339886,0.08395752805086953,-0.7969553253358999,-1.7391690821186317e-05,0.0004684977751864629,0.014573193608568012,-1.95374994835621,-0.013179376693398318,0.40993749069357416
P01,session_01,003,neutral,1.1212520599365234,0.5116572396108452,0.08283594547489644,-0.797637606385378,-0.00015388766082578473,4.50829104765925e-05,0.00494583859235109,-1.9479142627385517,0.029804259694086375,0.9192650506640032
P01,session_01,003,neutral,1.153475284576416,0.5125250728095767,0.08354827895446026,-0.8015018377880261,-0.0007984015012203798,0.0023723814025920597,0.07768079604772278,-1.9583010076753233,0.01671270274756981,0.52443896320706
P01,session_01,003,neutral,1.2008519172668457,0.5096793106059547,0.08598066131537749,-0.7993631846699641,-0.0027173868919579134,-0.006941819763761592,0.1573504317166605,-1.9329465235339554,0.04600827450610018,0.9837826238363905
P01,session_01,003,neutral,1.2327508926391602,0.5092292569061977,0.09019012446353698,-0.7989142688098337,-5.8539002942211805e-05,-0.0005686227968873081,0.017919952183645355,-1.9460350309928047,0.06950237352073171,2.1789014653755703
P01,session_01,003,neutral,1.2647130489349365,0.5080944022389374,0.08714310322274745,-0.7979674688631286,0.0020669173540017417,8.387677728116948e-06,0.06466817675442074,-1.9496203880449192,0.006722005174245389,0.2200292010737535
P01,session_01,003,neutral,1.2972698211669922,0.5097774956099175,0.08562164867336292,-0.8031357864860056,0.0002520564640085077,0.001222720849991404,0.03834626175478128,-1.926569745000136,-0.1650554909242203,5.069919433604302
P01,session_01,003,neutral,1.3289892673492432,0.5098000294997191,0.0897961809988944,-0.8039398142513697,-6.877683456301732e-05,-0.0004186238098646554,0.013374633166647677,-1.9484620163585942,0.0050040189220227115,0.15832463957521126
P01,session_01,003,neutral,1.3611600399017334,0.5098219978511741,0.08675930503497997,-0.8044160221513452,-6.225599028027977e-05,0.0005236517943011701,0.016391883585607583,-1.9514654569048029,0.009285641705208207,0.2891010363167668
P01,session_01,003,neutral,1.3933923244476318,0.5088503769696243,0.08769495980978263,-0.8052238335413597,-0.0007918972240991044,-0.002165608443035906,0.0715386359149458,-1.9661048107545158,0.07327371542052544,2.274427301043317
P01,session_01,003,neutral,1.4248478412628174,0.5070955563332059,0.08928356830531141,-0.8058957109300442,-0.0017938557632358756,-0.002191967971739621,0.09004547300427938,-1.9712107263365346,0.0034088431316413484,0.14089820640207998
P01,session_01,003,neutral,1.4571592807769775,0.5057084086162691,0.09406704730839878,-0.8030084860527831,-0.0013685149756175047,-0.005715562545226049,0.18188962625822302,-1.9736336739136369,0.07395829852544758,2.2961355305860693
P01,session_01,003,neutral,1.4889400005340576,0.5042556127704796,0.09545020576895367,-0.8035856634919077,-0.0014569435257325916,-0.001719857071529863,0.07092403979270467,-1.9189270110131986,-0.06908621530122276,2.1749971679524003
P01,session_01,003,neutral,1.5277836322784424,0.5043720127630285,0.09572914219342085,-0.7967450723195494,0.0009050210148468319,0.001280495570968935,0.04036786341313018,-1.9472761925449584,-0.040351061991765205,1.0395917024606873
P01,session_01,003,neutral,1.5750412940979004,0.5045500584199992,0.08735124358936967,-0.7966030199514638,-4.813970851976998e-05,0.0012597246179155024,0.02667597275306645,-1.9834060799382347,0.03654178952907107,0.7737058276701619
P01,session_01,003,neutral,1.616865873336792,0.5044096778403033,0.08672203070218445,-0.7982771121026654,0.0005879405632138728,-0.001976877027893977,0.049312010578314344,-1.9537015582949342,0.014755706972035196,0.3562294724786784
P01,session_01,003,neutral,1.6524696350097656,0.5046081125635117,0.08788956918298413,-0.7953152234908412,-0.0002710869214222241,0.0029080126006508647,0.08203124010587785,-1.9732633761740164,-0.03313414527889738,0.9342444230788153
P01,session_01,003,neutral,1.68499755859375,0.5058553762782005,0.08920653173215456,-0.8052726979692004,-0.00024272860187963578,0.001469686335555678,0.04579436532783134,-1.9833903144674727,0.03597184856617927,1.1068237223360828
P01,session_01,003,neutral,1.7180655002593994,0.5058906660340532,0.08848860994020241,-0.8080116552310241,0.0007412720727666627,-7.729070646665036e-05,0.022538162437579782,-1.9684792265772264,0.05661042035821903,1.7120910242585219
P01,session_01,003,neutral,1.7491304874420166,0.506359286500134,0.08829203529160966,-0.8089205453893874,0.0001250397407545955,0.0011889516606183024,0.03848411931806391,-1.9271549197430966,-0.13018045144253815,4.190761129961729
P01,session_01,003,neutral,1.7782254219055176,0.5068918099577127,0.08763017973807481,-0.8134588607102695,0.0005017207086392151,0.005183653600267773,0.1789960218570433,-1.9205904591199958,-0.015963343650793996,0.5771237134810446
P01,session_01,003,neutral,1.8123440742492676,0.5054888104409863,0.09381645654127597,-0.8083979006046762,-0.0016436447801100463,-0.0014946298696332221,0.06511381187309356,-1.9501235548760751,0.09560389849909244,2.8028571062513628
P01,session_01,003,neutral,1.847193956375122,0.506495491078027,0.0878809467995221,-0.8090753550886182,0.0009555656942691557,0.0006787223080908073,0.0336322299588171,-1.9529916089549064,0.0038954306305756187,0.11672755941789803
P01,session_01,003,neutral,1.8754386901855469,0.5065925533941417,0.08839198137516195,-0.8082983387668347,0.0015018449898996718,0.0008974948946652589,0.06194363599249909,-1.9718319045260027,0.0245258011002849,0.8705384326716266
P01,session_01,003,neutral,1.9081950187683105,0.50552988943294,0.08953677095821984,-0.8094129895563006,-0.0009223140777660063,-0.0016275055765347481,0.057108915330831636,-1.970384957865548,-0.007450081129025329,0.2344997408577753
P01,session_01,003,neutral,1.935901403427124,0.5045934417924968,0.09024122891327262,-0.8104086191578914,-0.0007206751171454991,-0.0004724963888841168,0.031103198953706026,-1.9356229776839575,-0.03878229688243817,1.400105804592691
P01,session_01,003,neutral,1.962620735168457,0.504411230948791,0.08850280274567036,-0.8089958068365203,-0.0001256703574965867,-0.00023999670528967334,0.010139047638322905,-1.9476394663573282,0.023870130209827107,0.8934230728096423
P01,session_01,003,neutral,1.9895384311676025,0.5044708039430641,0.08852401639719398,-0.8071688020579988,-3.591845528044434e-05,0.0002482981374074137,0.00932036095625374,-1.9714566094361885,-0.09853356829190912,3.660561724477443
P01,session_01,003,neutral,2.033149003982544,0.505013114519685,0.0882972375460043,-0.8037224454295363,-0.00016122342652551038,0.00021581042123125602,0.006177008316635063,-1.985934499998432,0.011463652472493707,0.26293663192111905
P01,session_01,003,neutral,2.065098285675049,0.5062570153733607,0.0868947444285453,-0.8018685707427596,0.001180361650405927,0.00014563935579792845,0.0372250182667638,-1.9641372096833924,-0.004969192449997023,0.15992641349436046
P01,session_01,003,neutral,2.096951484680176,0.5059679551311257,0.08452921574631835,-0.8035328664212014,-0.00015329141544917922,-0.0012627325127375615,0.03993328926021766,-1.9297474608525562,0.03854935996723614,1.2108780730268136
P01,session_01,003,neutral,2.12915301322937,0.5056672142614506,0.08333371565739851,-0.8037857400554365,-0.0005528550739958229,-0.0017637965779513877,0.05740137601633389,-1.9579248845204398,0.028259142462797947,0.8794467508247503
P01,session_01,003,neutral,2.1611056327819824,0.5072521643102557,0.0823471815123358,-0.8026110422452207,0.0009082839569133419,0.0013351500967596426,0.05053758421049287,-1.9286632676632158,-0.029286142825365916,0.9179412796851739
P01,session_01,003,neutral,2.1935510635375977,0.5072089617951906,0.08548661581673847,-0.8011260346092088,0.00012779752740136214,-0.0011852559644782881,0.03674248627610516,-1.9853813297585734,-0.021977708021486388,0.6783702882800301
P01,session_01,003,neutral,2.2253074645996094,0.5064357396760032,0.08934904863468268,-0.7961431624477693,0.0004781334539204088,-0.0031023063906185982,0.09884418478017881,-1.9775574349854546,-0.005002217483116735,0.1859629511065986
P01,session_01,003,neutral,2.257662057876587,0.5067386145782622,0.09026939583930425,-0.7961660967837862,-0.0008485986608499173,0.0010738487038920673,0.04230233385471482,-1.9947755946529817,0.017911054173206056,0.5552000486040777
P01,session_01,003,neutral,2.2892942428588867,0.506747805392138,0.09151072817020862,-0.7981879861484008,-1.7819719370040272e-05,8.50994519090702e-05,0.0027486292862205003,-1.971486416833056,0.035268841507043215,1.1149703599578389
P01,session_01,003,neutral,2.321228504180908,0.5063113409664931,0.09233436182736794,-0.7976327862747314,0.0003331275243236625,-0.0002275002882782853,0.012632152962244257,-1.9502069016814947,-0.032704858712523044,1.0242086438059137
P01,session_01,003,neutral,2.3530871868133545,0.506386482726671,0.09230477021300139,-0.7949323140650257,-2.0245403957397582e-05,0.0007491976522606722,0.02352486305052465,-1.9463810716159151,-0.01801049380454818,0.5658137578602832
P01,session_01,003,neutral,2.3846311569213867,0.5062533697607225,0.09306045094342492,-0.7928429328616388,0.00012441834885200775,-1.607107132084131e-05,0.003977051772624397,-1.9552203415317397,0.006020794340200386,0.19091132679755005
P01,session_01,003,neutral,2.416945457458496,0.5079266282418783,0.08790399820806065,-0.7951490531379298,0.0014784497929617262,0.005744699368163377,0.18356874309355348,-1.944411049574985,-0.053374076463523455,1.6618863429853887
P01,session_01,003,neutral,2.4652862548828125,0.5084216004079903,0.08604480536241815,-0.7885745766527432,0.00027347920503026547,0.00014583994472517424,0.006411473536918695,-1.9338047241100969,-0.006443452606097288,0.1334463379638052
P01,session_01,003,neutral,2.497062921524048,0.5064805979491572,0.08471656719917195,-0.7859694219637207,-0.0005449355982243417,-0.0053191386753790966,0.1682674800389904,-1.9860527692871,0.08424589018262985,2.6565216420610858
P01,session_01,003,neutral,2.529920816421509,0.50680354517194,0.08325795042180992,-0.7882235150347117,-3.3606764212333053e-05,0.0010152594647872793,0.030915417295030004,-1.9260089200103767,-0.06837565209526318,2.0811801111889787
P01,session_01,003,neutral,2.5609309673309326,0.5045452407970817,0.0834242829422525,-0.794009875836779,-0.001080761542545136,-0.001340777518403675,0.055534378460448855,-1.8994024092654014,0.07488587100261611,2.415520977924304
P01,session_01,003,neutral,2.5927107334136963,0.5059706323638357,0.08163377012946067,-0.7955037264006418,-0.00025171465807966725,0.0021862391398018042,0.06924790214408963,-1.8985094947836767,-0.04947463826573305,1.558336151324716
P01,session_01,003,neutral,2.625105857849121,0.5063199383972373,0.08497365248994035,-0.7942005566755178,-0.0011232378482361831,-0.0003828296895104614,0.036631599680165564,-1.9259943306247316,0.0025691203679132635,0.08735719571770137
P01,session_01,003,neutral,2.65720272064209,0.5058811456556239,0.08352395933774351,-0.7946430640299658,-0.0005131798892855768,-0.0010172873755232856,0.03549872597788952,-1.9375785382854303,0.019529437427135945,0.6094878187393923
P01,session_01,003,neutral,2.69292950630188,0.506135963010108,0.08177797994842287,-0.7977421205711123,0.0007092931578051256,0.0008603844945914408,0.031210749488354464,-1.9246281509931364,-0.03275013656633347,0.917214156068351
P01,session_01,003,neutral,2.7211837768554688,0.5073511644037068,0.07783484074299987,-0.7974718385870541,0.001435336702930832,0.0015848325862522549,0.07567694404945383,-1.9299604272365134,0.028898082915166556,1.0255822568968087
P01,session_01,003,neutral,2.7538530826568604,0.506820563990731,0.07906591668121493,-0.7923653805055961,-0.00047136093764367195,0.0002608479440353454,0.016490197052612635,-1.9641593218883278,-0.004210965502312704,0.12994723636169853
P01,session_01,003,neutral,2.785238742828369,0.5064487335082359,0.07482499474385233,-0.793630503565922,0.00017847896108996774,-3.777892944931068e-05,0.005812639055223558,-1.9433658434235759,-0.021906012203519145,0.6979866513818008
P01,session_01,003,neutral,2.817342519760132,0.5070589058472443,0.07982213923749067,-0.7955345284798413,-0.001438206428950883,-0.00019119465925795004,0.04519279611180221,-1.9493023438140171,0.031097108968582816,0.9696969959616973
P01,session_01,003,neutral,2.8491697311401367,0.506866040260768,0.07858053672892251,-0.795699354648419,-0.00023217558719828202,-0.00014317127061166615,0.008570341767713008,-1.9268532591396101,-0.026135371575723043,0.821209079568398
P01,session_01,003,neutral,2.8970303535461426,0.506780582541463,0.07657404134499139,-0.7952709831374758,3.9944757512854814e-05,-0.00018436041929009914,0.003941405909344535,-1.9360657359578062,0.003088463374956004,0.06465061895364994
P01,session_01,003,neutral,2.9291701316833496,0.5068705780612972,0.0750058164159189,-0.7950481131264265,0.00026721634778947194,0.0003069188262194936,0.01266170523842682,-1.9693548790649211,0.02807942720306343,0.8737576150368255
P01,session_01,003,neutral,2.9611921310424805,0.5071650691239917,0.07337533620198301,-0.7952978392191883,0.00033469690259408606,0.0012544045612388104,0.040543640164583734,-1.980108626551914,-0.021357637673298062,0.6681987978307098
P01,session_01,003,neutral,2.9931676387786865,0.507136088403036,0.07330353026247857,-0.8003947475126181,4.955436800516527e-05,-0.0002948286561303459,0.00934978632132067,-1.9719890571305794,0.012682539168515552,0.3967431106719047
P01,session_01,003,neutral,3.025381565093994,0.508621933491042,0.07334786143023604,-0.8031089486855619,-0.00028144284700065664,0.003906830430774119,0.12159196794940595,-1.9586949677661125,0.02293970874795276,0.7224116644458491
P01,session_01,003,neutral,3.0635197162628174,0.5083514094071379,0.07245771037077155,-0.7982967412180693,-0.00019337599655808627,-0.0007851704477497193,0.021202725227467224,-1.9615085856745027,-0.004194679169843672,0.11201147610615131
P01,session_01,003,neutral,3.0975759029388428,0.5082900683020009,0.07661272587920734,-0.797511716818259,-5.18457967501779e-05,-1.7413855397006317e-05,0.0016059381444266275,-1.9023422155627296,-0.10361645593910576,3.042515339692701
P01,session_01,003,neutral,3.132436752319336,0.5075273646536334,0.0736740629119175,-0.7991202502099976,0.0012715069822143838,0.00042930646532751563,0.0384966551756556,-1.9611035253105717,0.019582387810597898,0.5630476697707393
P01,session_01,003,neutral,3.169337511062622,0.5077679768721244,0.0768943420509355,-0.7992067761687068,-0.00041258101094678376,0.0004449500880557035,0.016444048962513214,-1.9526161550387109,-0.0049063362598449345,0.1339733194913094
P01,session_01,003,neutral,3.208156108856201,0.507827162594648,0.07584210534085341,-0.8004053089178218,-0.00026800408837650844,0.0011044696870303585,0.029277739113104793,-1.9577364292671113,0.0061774304161016525,0.16180668595062833
P01,session_01,003,neutral,3.242525339126587,0.5076571149678307,0.06973813010598133,-0.8017208426503827,0.000323394548431809,0.00010754868395317886,0.009916107121252432,-1.9525996618670307,-0.0031547809644977506,0.09232491473262286
P01,session_01,003,neutral,3.271580219268799,0.5093175529934029,0.06811323605800787,-0.80190183179161,0.0009520118280185925,0.0010271002084980012,0.04820017862894498,-1.968301240697016,-0.003353859890074627,0.12509108574299566
P01,session_01,003,neutral,3.300919532775879,0.5095321416524827,0.06639626309081832,-0.8018009949082663,0.0002006631361860575,0.0001831308837421981,0.009259465687553153,-1.936597748594682,-0.007145555351330839,0.24372477962235886
P01,session_01,003,neutral,3.3364291191101074,0.5094875286859062,0.06648518339062477,-0.8007889936001327,-5.081727445044429e-05,-9.704271460522254e-05,0.0030848872019091033,-1.9438301516962686,0.07803913052276269,2.197694072543486
P01,session_01,003,neutral,3.372053861618042,0.5094915416657718,0.06630638389287144,-0.8008521773946731,6.971051489768422e-05,0.0001233058656633676,0.003976086839324511,-1.942766741375398,0.0017069790188749495,0.04808023395400291
P01,session_01,003,neutral,3.4045417308807373,0.5100291229520417,0.0676646172917132,-0.8045301022409408,0.000508801773296499,0.0013515457957333358,0.04445182790958789,-1.9299127062958767,-0.007701444515804216,0.24118771686259255
P01,session_01,003,neutral,3.436418056488037,0.5095334009123674,0.06676980264254187,-0.8077718377937585,-0.0005350467587284378,0.0006940941636829134,0.027493128229109102,-1.9516637605755784,0.02830224956054201,0.8883023477035904
P01,session_01,003,neutral,3.469597816467285,0.5087824177226349,0.06767528271801443,-0.8104615137551341,-0.0008214519685157129,-0.003355571617319984,0.10411936201738319,-1.940746444273684,-0.043763305754406984,1.3230791447490355
P01,session_01,003,neutral,3.4979918003082275,0.5057557937908568,0.06399308811790896,-0.8147809745048386,0.002903476043254491,-0.0005269779849983746,0.10392735161157182,-1.9147257469705625,0.022035611254177814,0.7829940276343449
P01,session_01,003,neutral,3.5275626182556152,0.502503825053549,0.06394257552175019,-0.8103376001383837,-5.2516926555717205e-05,-0.0059706200228313525,0.20191700464912066,-1.9157950328059783,0.03774140343649782,1.2921790553730628
P01,session_01,003,neutral,3.5576579570770264,0.5043647925907304,0.05831511479473436,-0.8058610021829796,0.0010654010385046375,0.002641034070991003,0.09462697294960257,-1.9786506895930405,-0.05728247850905692,1.9057178894297002
P01,session_01,003,neutral,3.5869429111480713,0.5045669912691487,0.05472308878659884,-0.8045377365450337,0.002352978172377743,-0.0010573842217512955,0.08808772132589632,-1.9035782718324943,-0.08093992114159801,2.7652773017858685
P01,session_01,003,neutral,3.617016553878784,0.5049544673457446,0.053614048246182884,-0.8051537128863083,0.0003569223688364429,-0.0006595465021491938,0.024936457283889595,-1.883569109497987,-0.03970257471581749,1.3204139266721886
P01,session_01,003,neutral,3.649399995803833,0.5047123187997601,0.048243538806938255,-0.8025064668023344,-0.0005331456332954259,0.00023648779060230155,0.01801048764383233,-1.8627434097612174,-0.021795287548841656,0.673278954438726
P01,session_01,003,neutral,3.6812286376953125,0.505104121947549,0.0431948125953823,-0.8021616962475748,-0.00016367247605247537,0.0008803738338785093,0.028133747363920217,-1.8982742917927948,-0.030883267462699673,0.9707057793180583
P01,session_01,003,neutral,3.7295398712158203,0.5051904893901783,0.042849166456476274,-0.8031690081640273,8.695457282358913e-05,-0.0037946173285648217,0.07856585753951716,-1.8185821236680682,0.002498026720634248,0.09405425585409648
P01,session_01,003,neutral,3.761749267578125,0.505995899711323,0.03934003221388213,-0.8052190999471599,0.0008783805070010692,-0.00024431034586384383,0.02830613636475024,-1.8437378825127448,-0.04850985705409331,1.5063437853247001
P01,session_01,003,neutral,3.7928900718688965,0.5070492043096467,0.03974903108622655,-0.8057171154999774,-0.0009510544035107231,0.0023799576606486745,0.08230192362676256,-1.8535199835750933,0.008475351792240127,0.2843341422830728
P01,session_01,003,neutral,3.8252081871032715,0.5075334538009064,0.03962196877539139,-0.8083119563284373,0.00010557841114074848,0.0024721085144747,0.07656269501784847,-1.8699046419461796,0.012578041145713507,0.39665401614707074
P01,session_01,003,neutral,3.8585562705993652,0.507642521599716,0.03951004302176124,-0.8064770487255487,8.169120953815156e-05,-0.00012991925742574875,0.004602007512678886,-1.8575342324921582,-0.005504748798817333,0.16513355768146787
P01,session_01,003,neutral,3.8915891647338867,0.50768540841381,0.04176560086879003,-0.80144188148338,-0.0013197754002321524,-0.001028641135917625,0.05065535771180437,-1.8879713925609087,0.020500090516822972,0.6226601654887927
P01,session_01,003,neutral,3.920806646347046,0.5074410786979113,0.04414303983468448,-0.8007868882114166,-0.00038022194740918916,-0.0008905321885334469,0.03314131959616272,-1.918230119996735,-0.13701392431166826,4.689567283471848
P01,session_01,003,neutral,3.953796863555908,0.5061647683338213,0.045878134061221584,-0.8006026211228706,-0.0013490581613490027,-0.002789201668060009,0.09391640955661988,-1.865105041114273,0.020255567344620036,0.6211283557216776
P01,session_01,003,neutral,3.986294746398926,0.5034678608700747,0.04719065405791082,-0.7980994860172944,-0.0012457692427999861,-0.004254634486968321,0.1364170997209567,-1.8290344895495225,0.048541995962065196,1.4999136278319767
P01,session_01,004,neutral,0.00019431114196777344,0.506129157109096,0.0654750099313964,-0.8023381723302464,0.0,0.0,0.0,-1.8246146469379276,0.0,0.0
P01,session_01,004,neutral,0.032535552978515625,0.5042754449441401,0.07446109071349512,-0.8032410110725611,-0.004739290522422322,-0.0017571992855045751,0.1562885152565948,-1.9174111753669838,0.05315747983518609,1.65105749716819
P01,session_01,004,neutral,0.06438732147216797,0.5048161784033264,0.07378934839340653,-0.8019697886366969,-0.0005689003086180281,-0.00048350475043653295,0.023440098854256766,-1.9293569887257138,0.011395923595041572,0.3585469545743215
P01,session_01,004,neutral,0.09653806686401367,0.5053373471414077,0.07356921539894916,-0.8029626661451562,-0.0016680370857234585,-0.0014680082781748647,0.06911271202976807,-1.9092492696499455,0.03868713716889795,1.205287653899538
P01,session_01,004,neutral,0.14418840408325195,0.5065073370737437,0.07705828979456779,-0.8020399556288818,-0.003776808610109548,0.0008017385240672499,0.08102707039790664,-1.9277409179116733,0.003310863551244984,0.10673893860152836
P01,session_01,004,neutral,0.17614006996154785,0.5066584638710356,0.07804945791695256,-0.7976748766172441,-0.00012489237922961205,-0.0012202483961466157,0.03838995797459657,-1.9083350848072207,0.025655509301677894,0.8038646836248416
P01,session_01,004,neutral,0.20808863639831543,0.5058944515175593,0.07864859637729292,-0.7906093803260644,-0.0006729601970817834,-0.0017442708868030397,0.05851865743052102,-1.927123836561683,0.06772624059663532,2.120659806566379
P01,session_01,004,neutral,0.24020886421203613,0.5063111747540825,0.07787527253093658,-0.7874407964151319,0.000865163573068877,-0.0018691523999661314,0.06412375321306568,-1.9523831870246326,-0.01136303979782906,0.359530436296732
P01,session_01,004,neutral,0.27189016342163086,0.5061799415789325,0.07795248493170946,-0.7800789695698191,-4.9721569720644576e-05,-0.00479852889733837,0.1514706345233367,-1.9481366135238822,0.007894248583693173,0.2916033109853145
P01,session_01,004,neutral,0.3044254779815674,0.5045571038292841,0.0797950598694109,-0.7760064042217665,-0.0016333161558735694,-0.002820179666332376,0.10016833496732523,-1.9563710857112795,0.14560670428229786,4.476464226152866
P01,session_01,004,neutral,0.3367297649383545,0.5049624538888152,0.08144149114121965,-0.7755949428954191,-0.00040888285438230753,-0.001007334376240939,0.03365360770141832,-1.9441229152661896,-0.1413590004834732,4.3759882745255005
P01,session_01,004,neutral,0.36858415603637695,0.5050424411646419,0.08021680223590341,-0.7726196440570465,-0.00010128987627359112,5.605906347795606e-06,0.0031846437527044314,-1.9718663165196384,0.018831655651217513,0.5911878469045825
P01,session_01,004,neutral,0.40003180503845215,0.504699484338056,0.08048950011935131,-0.771138684524209,-0.000287512692619462,-0.0018078637496893508,0.05821049481612194,-1.9585873038630124,-0.011520023610490275,0.3709199631570369
P01,session_01,004,neutral,0.4322822093963623,0.5048854611148929,0.07861170304615771,-0.7700256445459654,0.0005737363131593194,0.0007128798018493376,0.028374210469011552,-2.033994293702611,-0.0376903098813806,1.1690215228763667
P01,session_01,004,neutral,0.46448850631713867,0.5054858622356718,0.07794069158263518,-0.7710446691039562,0.00015561905053963063,-0.0004458976621448102,0.014664003191187002,-1.94940134668203,-0.0721171814470928,2.2392741392783457
P01,session_01,004,neutral,0.4963517189025879,0.5057591144673068,0.07639931470043715,-0.773900244504089,-0.0005981423079157447,0.000978464943274235,0.03599159003963179,-2.013825663712943,0.07931994858667116,2.4896497241933857
P01,session_01,004,neutral,0.5444235801696777,0.5049190852678708,0.0767708377377832,-0.7725146391740567,-6.203417882857533e-05,-0.0028732272038023013,0.059783347721116445,-1.9058936357775336,0.07313463735355505,1.52253480371811
P01,session_01,004,neutral,0.5760092735290527,0.5055011944413369,0.07664579124341112,-0.7770362674611238,3.392917113296563e-05,0.00011366714499453993,0.003755591701433439,-1.935864586320123,-0.02158355140763542,0.6833434724664459
P01,session_01,004,neutral,0.6078767776489258,0.5058805578409253,0.07718688712947995,-0.7768466218549231,-0.0004477589577160728,0.0006150389472476548,0.02387270190573054,-1.9893433865048746,0.058500808003032104,1.8359063885472091
P01,session_01,004,neutral,0.6402530670166016,0.5050754993597082,0.07614001257601458,-0.7717303088502987,-0.0010294720677547864,6.555530849289664e-05,0.031861501438181505,-1.8965221258780462,0.11497061680758672,3.551217471447118
P01,session_01,004,neutral,0.6720423698425293,0.5050738061975466,0.07916812484551816,-0.777243277670322,-8.181164709693525e-05,0.0002664115302146864,0.008766793031618758,-1.9950288216179086,-0.020560538492087985,0.6468347949545699
P01,session_01,004,neutral,0.7038822174072266,0.5048814394458793,0.07915202551105233,-0.7725435529323595,1.0728404078209835e-05,-0.0007557990966569393,0.023739913797297757,-1.9730082587848934,-0.11707920651930957,3.677204994766057
P01,session_01,004,neutral,0.7364816665649414,0.506848921956127,0.07604964981981419,-0.7691635623507393,0.0020087431284669236,0.00015146679640634303,0.06179385448910035,-2.031614144330504,-0.05071212418307672,1.5568397562619176
P01,session_01,004,neutral,0.7683064937591553,0.50826473917961,0.08369442679424414,-0.7770512821628656,0.0015671491824154596,0.006277919763298388,0.20331820301680442,-1.967685441462046,-0.05065904868145868,1.6047412306252198
P01,session_01,004,neutral,0.7999918460845947,0.5075413101996131,0.08441611977139017,-0.7770033871777753,-0.0007068007024681435,-0.001469267024770116,0.051457004705855396,-1.9679834160845306,0.08944469820106259,2.8233726467567375
P01,session_01,004,neutral,0.8322813510894775,0.5077040543769795,0.08436792817666625,-0.7663537616460936,-0.00015625989493701806,-0.00026197892979110127,0.00944706858640714,-1.9476647728262573,-0.12204402616180081,3.779692731681969
P01,session_01,004,neutral,0.8648505210876465,0.5077323013349505,0.08196197283006156,-0.7782316493953563,0.00024098020598844403,-0.00021530030338950498,0.009921948434577665,-1.9527008795163494,0.07927468107980801,2.4340607916477097
P01,session_01,004,neutral,0.8961696624755859,0.5078783278624739,0.07872106813888756,-0.7782413193749929,0.000530027493198628,9.999079417774283e-05,0.017221952721853707,-1.947960974566514,-0.046793784573768864,1.4941946364808643
P01,session_01,004,neutral,0.9278326034545898,0.5077690745497581,0.07760422506377147,-0.7773564675429797,1.2472192232267705e-06,0.000930454886861835,0.029386269689537312,-1.8821738490311406,0.1910251673706274,6.033155086285357
P01,session_01,004,neutral,0.9767019748687744,0.5064109475020336,0.07937948267807438,-0.7776527219295589,-0.0013732812193888726,-0.001049591092780259,0.03536879898382078,-1.889637664982552,-0.07697008703314645,1.5754139970876695
P01,session_01,004,neutral,1.008507490158081,0.5072586675242639,0.07831555174196668,-0.7779357790500198,0.0008909699290407513,0.0036733341822232043,0.1188423688133452,-1.974406577010105,-0.18952560751101058,5.960076234383646
P01,session_01,004,neutral,1.0402991771697998,0.5051554376292239,0.07679648084417037,-0.7820047576405271,0.0020981163683181686,-0.0020402114597601164,0.0920531871383814,-1.9405012425969106,0.04511394139349064,1.4220309575509629
P01,session_01,004,neutral,1.0719788074493408,0.5051438244430543,0.07677973585707833,-0.7822329446160493,-4.2625836213775635e-06,8.454370006137091e-05,0.002672098382388751,-1.9562530473616848,-0.05037683567411254,1.59019869713057
P01,session_01,004,neutral,1.1044049263000488,0.504705470413286,0.07797483215031216,-0.7834489184919109,-0.00038923584172413444,3.50750695921623e-05,0.012052413729366503,-2.003467632744926,0.09327358548424307,2.8765207657556644
P01,session_01,004,neutral,1.1362435817718506,0.5033852192457146,0.08058088357647007,-0.7855561599571975,-0.0009319863617173412,-0.0008322279435053147,0.03924414033669628,-2.011161414794187,0.0606294367493009,1.9046756037242247
P01,session_01,004,neutral,1.168517827987671,0.5029570171889998,0.08026095777303643,-0.7858047273073139,0.0004032249216478417,-0.0014421882980142277,0.046399133327367933,-1.9321057778844755,0.025567600505779164,0.7935558608822013
P01,session_01,004,neutral,1.2007629871368408,0.5035670263190561,0.07938348513937865,-0.7860863024258078,0.000987384936162759,0.001431267988081826,0.05392465535981669,-1.9530716981191663,-0.007149326821959424,0.2281812132331687
P01,session_01,004,neutral,1.2325983047485352,0.5046875962902455,0.07558695706235959,-0.7956483226391416,0.0012747641100622135,0.011095865689543492,0.3508321265256153,-1.8936894704125795,-0.062113003055530726,1.982363714493873
P01,session_01,004,neutral,1.2645399570465088,0.5018980555053694,0.08487615838191877,-0.7938761399957038,-0.002911690458673633,-0.001879649671550486,0.10850072581966794,-1.9489625622309816,0.0931316236800021,2.9176977019153822
P01,session_01,004,neutral,1.2962708473205566,0.5014003693791143,0.08387320730009142,-0.7933105497723753,0.000715828788758292,-0.0009848311046383776,0.0383695106023251,-1.9706362523528165,0.01032796225084123,0.32773982119607775
P01,session_01,004,neutral,1.3278734683990479,0.5008877329460591,0.08155561520606511,-0.7937815982130976,0.0009703395445543282,0.0001653477385606572,0.03114699004936808,-1.9849821384623352,-0.009946448886356627,0.31627237344846904
P01,session_01,004,neutral,1.3601295948028564,0.5000149677991452,0.08085880516751054,-0.7860605247084741,0.0008358258139006909,0.00017576883569736954,0.026478920729254486,-1.9476639516979615,-0.04946372851937486,1.5336963104449544
P01,session_01,004,neutral,1.4084255695343018,0.5000165435200398,0.07120311108551224,-0.7859573190495871,-4.954472168135146e-05,0.00014733780691284306,0.0032185886022539465,-1.9775582397445206,0.027739948113041018,0.5743829334218156
P01,session_01,004,neutral,1.440626621246338,0.49834068980476925,0.07544676455485204,-0.7873591758642301,-0.0023188356340607063,-0.000532666288219802,0.07388669548640435,-1.956057373842725,0.02531499973443353,0.7896189240815934
P01,session_01,004,neutral,1.4723126888275146,0.4984754477169376,0.07484758583442777,-0.7908131139941406,0.0006049691134070378,0.0037377002162191754,0.11949550455585689,-1.9697831400436825,0.00715187834572568,0.25539069699411304
P01,session_01,004,neutral,1.5042150020599365,0.49801201511964593,0.07502348688067575,-0.7924089549055507,-8.363000143038359e-05,-0.00019035923760289816,0.006517387443117972,-1.989493896959755,0.00010019143462956688,0.007234605476601521
P01,session_01,004,neutral,1.535945177078247,0.4983747802084619,0.0755320198736935,-0.7907982384510537,-0.00044988296119126517,0.00025402622791220476,0.01628250976165954,-2.017259620337478,-0.05053505866994935,1.5927330861000244
P01,session_01,004,neutral,1.568056583404541,0.49783735482218944,0.07614145014527329,-0.7925499942821018,-0.0003141789923078116,0.0011116665340172554,0.03597507767115974,-2.0181580079271484,-0.00755538143555831,0.23802092009712827
P01,session_01,004,neutral,1.6007392406463623,0.49797437736159766,0.0763070275267554,-0.790357440844264,-0.0001513383542686995,-4.0336945438300925e-05,0.00479219697164064,-2.014607284730569,-0.0008023700704618702,0.02501367485773268
P01,session_01,004,neutral,1.6331923007965088,0.49745652201839746,0.07605952303847927,-0.7910732096808049,0.0005495639151210394,-0.0006462427114066064,0.026139968027326477,-1.9628097664713564,0.04091907961194907,1.261140615237081
P01,session_01,004,neutral,1.664109706878662,0.4973209146761602,0.0749552018544934,-0.7916488301208316,0.0006909587302084085,0.00032797355915358467,0.02473838829246386,-1.9784557011055164,-0.0610589627524134,1.9750606754321263
P01,session_01,004,neutral,1.6962254047393799,0.49592219897297246,0.07260494897014062,-0.7939322830701414,-0.00011784581195054668,7.205360965257801e-05,0.004300951207646445,-1.9461361765440628,0.05339560086417214,1.6626068583605973
P01,session_01,004,neutral,1.728034496307373,0.49589732820298565,0.07266341451922713,-0.7916499835634226,3.327913881284533e-05,0.0013238937226332638,0.04163312642588656,-2.0078522928027835,-0.028965170809535045,0.9115453444961474
P01,session_01,004,neutral,1.7601702213287354,0.49495437172004886,0.07134915227632116,-0.7933384014921706,0.0009982139351690806,0.00017034048965321,0.03151145776678567,-1.9781794002573165,0.03798466473516045,1.1824273602869175
P01,session_01,004,neutral,1.792224645614624,0.495432606627683,0.06855653044785512,-0.812179422700666,0.00047482670421823686,0.009957254642749165,0.31098888373897016,-1.9327748960620663,-0.09181488806857653,2.881176649088789
P01,session_01,004,neutral,1.8405871391296387,0.4944719811516464,0.0814282047531232,-0.8115746137938145,-0.003368877862688331,-0.0021313634882637682,0.08242923221914136,-1.9387034292717455,0.002406319805133358,0.09628202719617743
P01,session_01,004,neutral,1.8722755908966064,0.49470322804104633,0.08408335744094182,-0.8109764447844073,-0.00026555039393044163,-5.741141683659502e-05,0.00857364802006343,-1.963721819019053,-0.0007554752075963482,0.025335487399501533
P01,session_01,004,neutral,1.9041714668273926,0.49374276037350484,0.08551747129157226,-0.814926350459341,-0.001130875135611666,-0.0006480251637760852,0.04086377966081612,-1.9161915316899478,0.11668187724143961,3.6584402621514673
P01,session_01,004,neutral,1.9363739490509033,0.49323287044050484,0.08384942732644249,-0.8115812222050743,0.00026655349449013763,-0.001100110954138487,0.035150798547419385,-1.9365844902856093,-0.0028728291534975544,0.0958866832457734
P01,session_01,004,neutral,1.9684231281280518,0.49328178945651047,0.08154214611862005,-0.8122656696267473,-1.3291613567402968e-06,0.0007813656284873753,0.024380242536231098,-1.953873054801491,-0.02885974824856288,0.9008132110324755
P01,session_01,004,neutral,2.000288724899292,0.49327319385671614,0.08063155010618211,-0.812833127138194,0.00030421710660853837,2.8879554532323386e-05,0.009589803481335682,-1.941728177257907,-0.05708771983924835,1.7915414585067924
P01,session_01,004,neutral,2.0325582027435303,0.4929990619061896,0.08179905235679938,-0.8125971694920938,-0.0017971801812344665,-0.0001510672319717766,0.055889289959119993,-1.987067188218035,0.006801652503123026,0.21806056447186847
P01,session_01,004,neutral,2.0656898021698,0.49252122717050745,0.08012588430086302,-0.8085108121349964,0.0006510089683456731,-5.318804537477371e-05,0.019714656780146566,-1.9765243124615202,0.04546301124415271,1.3723364997036056
P01,session_01,004,neutral,2.096278667449951,0.49185449646638174,0.08098554834149377,-0.8075884129676656,-0.0007746806119385042,-0.002886106013402541,0.09769132295345823,-1.987562725607476,0.00673480278893809,0.24087170164929392
P01,session_01,004,neutral,2.127856731414795,0.49161146691092755,0.07795539783488835,-0.8096821443747909,0.0002130852720970584,-0.001845263896831397,0.058823313650743926,-1.9088939173668846,-0.11362061345154491,3.598567551403497
P01,session_01,004,neutral,2.16023588180542,0.4916985779563169,0.07652509371665546,-0.8092227939262845,9.335602972137493e-05,-1.1940358938555987e-05,0.002906701529060852,-1.9372138349995716,0.06951886081836119,2.147027444772536
P01,session_01,004,neutral,2.192103624343872,0.49228132559397464,0.07515398027879543,-0.8151244979416106,0.0008468224648905602,0.006145940565891455,0.1946798163295302,-1.9292231541713105,-0.0647469269009375,2.0410444671114836
P01,session_01,004,neutral,2.240084648132324,0.4894912711920482,0.07827520163717404,-0.8160890198624791,-0.0027458200308445153,-0.0035799346325556367,0.0940309764618802,-1.9241881063586947,0.24357960721434158,5.077452884356594
P01,session_01,004,neutral,2.2722723484039307,0.49047612735067403,0.07961906287719954,-0.8189864743950959,0.0012014171262394588,0.0007779969596343421,0.044467976511948185,-1.9774469457168435,-0.09179182302311846,2.8521137255841027
P01,session_01,004,neutral,2.3038363456726074,0.49054380341323445,0.08440585435282305,-0.820137465465557,-0.00019641652306889477,-0.0013065678147601767,0.04185936854305889,-1.9222008982512377,0.06087277942178561,1.929005256448182
P01,session_01,004,neutral,2.335951089859009,0.490669682191904,0.08465665619825678,-0.8207021417509507,0.00016522269546587,9.104634519008883e-05,0.0058741790220437,-1.9769067856723819,-0.16199759582605952,5.0443405286622465
P01,session_01,004,neutral,2.3683552742004395,0.49154511654132743,0.08315933978016085,-0.8145092309262492,0.001288945817789124,0.0007781239049122438,0.04646340963605041,-2.034993483657124,-0.055092857978504994,1.7008120502315542
P01,session_01,004,neutral,2.400430202484131,0.4916851180604003,0.09164441504053523,-0.8157111611597817,0.0005979283264333055,0.002193267593399646,0.0708750013642721,-1.9955329883040351,-0.007169987844643662,0.23450547379699593
P01,session_01,004,neutral,2.432267904281616,0.49185481340107245,0.0891908856137417,-0.8200205230220486,0.00012948447632771712,0.0006330015555431262,0.02029384162099602,-2.042675236782413,0.049393510678374546,1.5515484328059181
P01,session_01,004,neutral,2.464329719543457,0.4914778625097116,0.08808871817256098,-0.8241345763665323,0.0015227610996733614,0.0011843242655564684,0.06016813462798261,-2.016469478821443,-0.008942099959381647,0.2853181606015257
P01,session_01,004,neutral,2.49743390083313,0.4911275075340249,0.08766854884433913,-0.8175566780622894,0.0003884673825405939,-6.765980107513762e-05,0.01191135193356343,-2.004052056906066,-0.0052165706628931096,0.1580299587072173
P01,session_01,004,neutral,2.528294086456299,0.4919210023747334,0.08648294695725153,-0.8166467333101927,0.0006866237041118321,0.0007385135177238482,0.032676146648852517,-2.0022096247442747,-0.020897751543657254,0.6779630858149341
P01,session_01,004,neutral,2.5598409175872803,0.490701907374416,0.08698035440341868,-0.8129763176134324,0.000154856686648347,-0.00468587618459322,0.148618233103482,-2.048057951952889,0.05280538615476886,1.6804576494678847
P01,session_01,004,neutral,2.592092514038086,0.4902144546175261,0.08353441311850773,-0.8084044651097553,0.000659528684594103,0.0008908819969619749,0.03436866529063341,-2.0793294023228883,0.03566649783299244,1.1064170997197855
P01,session_01,004,neutral,2.624467134475708,0.4907506809989569,0.08227667392752402,-0.8073340463071456,0.0005818959895024648,-0.00038446916192236535,0.02154273274602106,-1.9724875477588133,-0.12501769952966602,3.8616559276074525
P01,session_01,004,neutral,2.6720705032348633,0.4905637470095241,0.0817147302958876,-0.8084747694535153,0.0009539148968594832,-0.001150870195268504,0.031401341360100324,-2.0204938742678875,0.12999268399213224,2.7309260172394363
P01,session_01,004,neutral,2.7047159671783447,0.4911918045779827,0.08247542022961213,-0.8069002989762508,-6.780262813395959e-05,0.0017523718172393922,0.053719041536909574,-1.9983177053789307,-0.044324898772266585,1.358828194124229
P01,session_01,004,neutral,2.7359583377838135,0.4912467455052424,0.0835322315727572,-0.8107604893869524,0.00023939082592983963,0.00016264744154026862,0.009263603293905338,-2.006606147298701,-0.004949280959350028,0.1586862870780831
P01,session_01,004,neutral,2.768589496612549,0.4902287862337799,0.07912103644746694,-0.8121780642339941,0.0009984893947522595,-0.00022067743328263884,0.03133767850738224,-1.9875173813360587,0.038614690489196385,1.1837835192563138
P01,session_01,004,neutral,2.800140857696533,0.49022607349155717,0.07647902976821554,-0.8125367386690473,-8.424392434822225e-05,-0.0001732601005898852,0.006106088246016216,-1.9468727449866468,-0.0593577553947574,1.8813156073799442
P01,session_01,004,neutral,2.83211088180542,0.49009303661442566,0.07486637045273159,-0.81345807253778,0.0015923124876315138,0.0005134147786663434,0.05233143678986464,-2.0243818239012,0.0783142702455045,2.4501745319301804
P01,session_01,004,neutral,2.864422082901001,0.489868167748874,0.07497362032416857,-0.815028154298442,0.00022412510733408825,0.00022947880153750838,0.009927478038365698,-1.996579035190975,-0.01825025683998619,0.5649147954467191
P01,session_01,004,neutral,2.89675235748291,0.4898603980115531,0.07704176367972264,-0.8129863863102731,-0.0020303294732959922,-0.0008639052669354436,0.06824821856924157,-2.032249989458949,-0.04448415525048069,1.3776203489868855
P01,session_01,004,neutral,2.9283392429351807,0.4887960178646724,0.07888127160909765,-0.8087456508769877,-0.0007248675262015069,-0.002357499969980651,0.07808374520967944,-1.8972357808445526,0.15665430605364883,4.9600876671383425
P01,session_01,004,neutral,2.960212230682373,0.4889104570837753,0.07880022068236411,-0.8087972483770441,6.100232403983046e-05,0.0002235278763467982,0.007269553342973238,-1.9449772525265023,-0.04466574012695641,1.4013854443860643
P01,session_01,004,neutral,2.9921975135803223,0.4888129382242929,0.07965119830846751,-0.8095240289003426,-0.0007761171682421524,1.5851879553248073e-05,0.02426988180647488,-1.95670299970959,-0.01246887506589864,0.39058639158937836
P01,session_01,004,neutral,3.024104356765747,0.48803736877124704,0.07752117179585634,-0.8080205243658952,-0.000748069560224573,-0.0008054560110497432,0.03445209782031239,-1.979205958765617,0.1361184935264933,4.26626135726299
P01,session_01,004,neutral,3.0563995838165283,0.48751211883768764,0.07115566212156925,-0.8076177248435653,0.0023534691018105443,8.980209905735781e-05,0.07292662098725039,-1.985272456889791,-0.17077984283903205,5.288585884771094
P01,session_01,004,neutral,3.104121446609497,0.48868342006255194,0.07137355610748711,-0.8063859346941611,-0.0003879556090629315,-0.0006733955569084162,0.016285110222804502,-2.006179164958614,0.02197430211462504,0.46075402765831447
P01,session_01,004,neutral,3.1367220878601074,0.4885629426254378,0.07173330531082545,-0.8081613909547359,-7.155295891438012e-05,-0.0009364714622792528,0.028809281690060588,-1.990856192352854,-0.030423519030853267,0.9336630015960546
P01,session_01,004,neutral,3.168400764465332,0.48868346322261563,0.07074138011298789,-0.8083405521620883,0.0001227626459279261,0.0004098186689695298,0.013504690276967173,-2.005352276185985,0.04199827208242629,1.3258271951316005
P01,session_01,004,neutral,3.2005300521850586,0.4896226075971414,0.07309156852430848,-0.8094308920862769,-0.0003572035404788589,0.003035727933516675,0.09513659830446108,-2.0190965885485714,-0.11368774937803215,3.539724708945648
P01,session_01,004,neutral,3.2319369316101074,0.48911437611099723,0.07452983173099198,-0.8073816885743833,7.273661149194625e-05,-0.0009013551361678415,0.028792583081817143,-2.0347653799056302,0.023941267097172772,0.762837292947411
P01,session_01,004,neutral,3.2647392749786377,0.4866885056823824,0.07283667948083951,-0.8087725672953906,-0.0021737930538097147,-0.002610198883404379,0.10355476292904087,-2.0054245097224848,0.07928596985524927,2.4192997669660015
P01,session_01,004,neutral,3.2964210510253906,0.488042443588275,0.0725265140341986,-0.8037616304198035,0.001420265539974989,0.0007381539818007661,0.05052219429749247,-2.0003830930625406,-0.09338835584450937,2.948132445273719
P01,session_01,004,neutral,3.328242540359497,0.48829828203130055,0.0710878523732113,-0.8040562427824598,0.0002227247749487796,0.000927152718023405,0.029964954807312066,-1.9721413220804462,0.026087652032672905,0.8203598569916477
P01,session_01,004,neutral,3.3605918884277344,0.48863672937610547,0.0702496074893791,-0.8016755790407765,0.0007547300810919548,0.0011213759966832342,0.0417845585905252,-1.9891528971036099,0.00959415050354923,0.29950842169263614
P01,session_01,004,neutral,3.3924012184143066,0.48868239941279573,0.0717580024926126,-0.806032685878783,0.00011187708107744775,0.00048001335795071746,0.01549478064510918,-2.001532024965517,0.002617874909169289,0.08374489675446743
P01,session_01,004,neutral,3.4238529205322266,0.48906850705506083,0.07308350700437223,-0.8110840108958912,0.00028873430207927773,0.0019291406184194111,0.062019802897713076,-1.9684926069030309,-0.049984808540710655,1.59046575436915
P01,session_01,004,neutral,3.456228494644165,0.48927494926763826,0.07247058789895883,-0.8127153089395792,0.0006178984011625842,-2.077071787430724e-05,0.019096106384469545,-1.9836935228329993,-0.012070741277983955,0.3733235362353162
P01,session_01,004,neutral,3.488210439682007,0.48970005323606497,0.06978017977551655,-0.8137776718218598,0.002881276286982306,0.000788054381550648,0.09339965820069243,-2.022109750042441,0.06182450636436374,1.9353615425682136
P01,session_01,004,neutral,3.536041259765625,0.4919937415607704,0.07246560183352352,-0.8215198864442544,0.0024333421169916106,0.01194119136209679,0.2547854998409837,-1.9472496974316413,-0.10187726401578517,2.145134829159866
P01,session_01,004,neutral,3.5688281059265137,0.49234611711505577,0.07283110061577226,-0.8232255687790581,-0.00034896261510459586,0.0012513018524617876,0.03962107610851124,-1.9639987639917833,0.00843569453661606,0.260321827912978
P01,session_01,004,neutral,3.6008846759796143,0.49253561754470987,0.0749409311379644,-0.8241611702889944,-0.0003431859869242189,0.0005846883574996654,0.021149031501934663,-1.9644811490196545,0.0012222909205911198,0.04360179302458118
P01,session_01,004,neutral,3.632493734359741,0.49243450414835005,0.07923995139921937,-0.8255865593156402,-0.00012951360916507715,0.0015286842307947119,0.0485354782294214,-1.974569690083284,0.012388975302878519,0.3949375343130803
P01,session_01,004,neutral,3.6646642684936523,0.4923966681820251,0.07956706498159138,-0.8256021224352612,-7.747203651294437e-06,-0.0007281160931646255,0.022634293367595947,-1.9734547793112531,0.0006619319744717313,0.030588749266972297
P01,session_01,004,neutral,3.6967949867248535,0.4922422305542092,0.07871012930332418,-0.8255801646587404,0.00014423098649653246,0.00020179321145679196,0.0077196674611734704,-1.9865746724966946,0.013159454181330283,0.4096326599032674
P01,session_01,004,neutral,3.7278859615325928,0.4928324932476736,0.07915081979157916,-0.8246647238938003,-0.0004608231008853112,0.00017282756017718252,0.015829864652009945,-2.0079909910038864,-0.011214228879775325,0.3610380102753293
P01,session_01,004,neutral,3.7601587772369385,0.4925407323429334,0.07835707721463685,-0.822931150393486,-6.129392067764179e-05,-0.0017235511653530366,0.05343942473620651,-2.000678376592721,0.08044660693795505,2.49327769406911
P01,session_01,004,neutral,3.792682647705078,0.4928518646929181,0.07837533661497026,-0.8243671534842709,0.00028347927107989535,-0.00016205726247741457,0.010039760090696105,-2.00977590724027,-0.06933462755363928,2.1318310352759156
P01,session_01,004,neutral,3.8242623805999756,0.4915605970912741,0.07988470497786192,-0.8236876336342508,-0.0015531522438231944,-0.0017899802616012724,0.0750441997539552,-2.049826810775901,0.07330782798648847,2.322569496758157
P01,session_01,004,neutral,3.856243133544922,0.49141334700447736,0.07753211701066175,-0.821688903804281,0.0001320114841260604,-0.0021502695216141484,0.0673629543452457,-2.0247369858616517,-0.025296262856336908,0.7938472175872551
P01,session_01,004,neutral,3.8882620334625244,0.4914269325567544,0.07203604011987359,-0.8224731233465993,0.000416051337839875,8.162744708584969e-05,0.013241654254057876,-1.9748038519674498,-0.05365700789941908,1.6758440518507822
P01,session_01,004,neutral,3.936079263687134,0.4917911404063248,0.07163185098266596,-0.8129308592996228,-0.00021612829931807442,0.0012967091963572567,0.02749212657577072,-2.0076123787907267,-0.014156509654548457,0.2973283150826636
P01,session_01,004,neutral,3.9682047367095947,0.4919614425417701,0.06993978041956912,-0.8108913965032346,-0.00011737098608344103,5.773138050968738e-05,0.0040715616372291995,-2.004877602529112,-0.02824318483394385,0.87916176976867
P01,session_01,005,neutral,0.00138092041015625,0.493614741370222,0.13689797528713527,-0.7711964677014982,0.0,0.0,0.0,-2.128237897177868,0.0,0.0
P01,session_01,005,neutral,0.03348135948181152,0.5016316636792498,0.12772973506109647,-0.7599287773934957,0.0074340396933069005,0.0002527334070329343,0.23172064709234239,-2.0141103487515215,-0.04982733582775405,1.5694328037455283
P01,session_01,005,neutral,0.06563353538513184,0.5077043461144449,0.12923419637545788,-0.7693284210970708,-0.004096243370645785,0.012314352728371086,0.40363579803398475,-2.0295230704008307,0.02949970278615224,1.0023635831653321
P01,session_01,005,neutral,0.09825825691223145,0.5083928275732454,0.13062807738388635,-0.7675396280689343,-0.0007667289043602832,0.0023898470104331223,0.07693028322141357,-1.986141189713433,-0.022128536558756084,0.682623902551194
P01,session_01,005,neutral,0.13079428672790527,0.5088488592620379,0.13138803650892453,-0.7683149644389137,-0.0008414189337159171,0.001989500557505028,0.06639148519784228,-1.9480408863150867,-0.039426303108589,1.2135910229856797
P01,session_01,005,neutral,0.1616358757019043,0.5104655039179217,0.1331134932044991,-0.7685619404518098,-0.002043596645984971,0.0021463792790147123,0.09609270388786688,-1.9631824155195774,0.020050378331565175,0.6571718460180798
P01,session_01,005,neutral,0.19361209869384766,0.5109863087950259,0.13053953588953304,-0.7659204939538077,0.00047792891238487617,0.0015540198755866772,0.050845646201307215,-1.9473586074133051,-0.01495553851031156,0.4704637571835841
P01,session_01,005,neutral,0.22566652297973633,0.5107717894909459,0.12573059050355398,-0.7672615647017864,-0.00021877443134443974,0.00034320074814455113,0.012697155404402681,-1.9787978982197671,0.07360541608005015,2.2962989653183277
P01,session_01,005,neutral,0.25749707221984863,0.5103081014621815,0.12303001126134988,-0.7684881920186104,0.00027696505996803076,-1.9272212923447578e-06,0.008701444732944758,-2.024273294995624,0.05766082584888892,1.8115141721931818
P01,session_01,005,neutral,0.2896089553833008,0.5120902437392925,0.1149147300341576,-0.7716259253772256,-4.0214405608519385e-05,0.0037206181837311906,0.11587098419947083,-1.988022943995063,-0.11187455588859545,3.485825289207234
P01,session_01,005,neutral,0.33779215812683105,0.5139553830256998,0.12120647756748679,-0.7694088113795232,-0.0017961806973331937,0.0008883486661655645,0.04158821510952998,-2.018286477446506,-0.005007050846914512,0.1119299309577765
P01,session_01,005,neutral,0.369598388671875,0.5125872722711804,0.11767763313283358,-0.7694973960600053,-0.0011512639273398727,-0.003130077383613125,0.10485634757241846,-1.9878955412710129,0.10581011589988681,3.3283624370764167
P01,session_01,005,neutral,0.40134763717651367,0.5117603566007476,0.11099822863763763,-0.773397854532407,0.0014429884736855884,-0.0010746089413275555,0.056668002851486765,-1.9931644335638465,0.054068966644545934,1.703942452302899
P01,session_01,005,neutral,0.4335453510284424,0.5124535216861127,0.11020194413133771,-0.7784626573528779,9.319522572338675e-05,0.0029060045143038454,0.09030139604464311,-2.0308315283066536,0.02234379526128875,0.6998065514487067
P01,session_01,005,neutral,0.46558213233947754,0.5126985224480692,0.11173203041109982,-0.7786747308939255,0.00028352105785658347,0.0008862249201602196,0.02904387752894536,-2.045490675241969,0.009794686165021459,0.30710898064353503
P01,session_01,005,neutral,0.49786972999572754,0.5136748834349069,0.10785388511667657,-0.7825086475345124,0.0010680799698196681,0.0016027436468273625,0.05965223995638057,-1.9987427009768584,-0.09638175068650154,2.985697294847804
P01,session_01,005,neutral,0.5296919345855713,0.5135946640449695,0.10011224015746759,-0.7865522131204271,0.001724154215566493,0.0003037709863861135,0.05501535032338108,-1.9472771095079284,-0.04683899094268434,1.472924281338046
P01,session_01,005,neutral,0.5620627403259277,0.5159368572403101,0.10241230114791738,-0.787915668991304,-0.0005294891890996798,0.0036028832369731445,0.11249590092228723,-1.98142482232231,-0.036614756505402926,1.1366847368497723
P01,session_01,005,neutral,0.5935814380645752,0.512526022293881,0.10786241545900456,-0.7872361447344438,-0.0023594972432312814,-0.005278319333548798,0.18343667356220195,-2.0296939260071563,0.05653684512012061,1.8031108349886946
P01,session_01,005,neutral,0.6254723072052002,0.5137772868880148,0.10747663556046362,-0.7883185144583998,0.0011162733477430165,0.0013706890047374498,0.05543046822779846,-2.009563727473536,0.009482116781101002,0.3024528931795895
P01,session_01,005,neutral,0.6577236652374268,0.5144330451373591,0.10603123047123943,-0.790120741533609,0.0009065835631156168,0.0013151805259026604,0.049528792855300006,-1.9543842151903934,0.00025907353148782913,0.05017598628751585
P01,session_01,005,neutral,0.6896307468414307,0.5149023135946452,0.10874482295286565,-0.7972941456602172,0.0003516183627944993,0.000579027177184555,0.02123125689421777,-1.9527102336568334,-0.0015164446263729848,0.05205355264565215
P01,session_01,005,neutral,0.7212414741516113,0.512903713951469,0.10526526471029261,-0.8001698857281649,-0.000640754007410846,0.00011708177963571569,0.020605760114360792,-1.9197765765134722,0.12202239831593667,3.8602128832478004
P01,session_01,005,neutral,0.7697477340698242,0.5106572734220236,0.10506824996945903,-0.8031889574355631,0.00020219068891405207,-0.0005216280495060752,0.011533426450431893,-1.9708856926798888,0.06139058197932926,1.2656743911552664
P01,session_01,005,neutral,0.8012969493865967,0.5102291280647393,0.10475519910608613,-0.8032120732165587,0.00044268699874712664,-0.0006797719080906532,0.025712524647700172,-1.92636468267218,-0.04901377122086247,1.5537782254455759
P01,session_01,005,neutral,0.8338470458984375,0.5109044260565532,0.10274435173747061,-0.8057241512405144,-0.0002294508114107106,0.0026449113234992853,0.08156182585371777,-1.958563776616381,-0.11095033174154158,3.4095779111867373
P01,session_01,005,neutral,0.8657956123352051,0.5130354121519355,0.1007933269163475,-0.8105605354951947,0.0015657338215843374,0.0012732787814312462,0.06316741440844593,-1.9697221055106924,-0.006539125074480735,0.21420235105634514
P01,session_01,005,neutral,0.8975956439971924,0.5133044642627261,0.09787199600721397,-0.8115904773832499,0.00022933596262498883,0.0011732711728419682,0.037593512782114195,-1.9632804974850955,-0.0610949552939536,1.9215908664921606
P01,session_01,005,neutral,0.9299666881561279,0.5146928970446601,0.09651082880184841,-0.812803348662053,0.0010626379800448788,0.0023083077089412103,0.07850095852856662,-1.922393228166336,0.03017638247680518,0.9355023882572653
P01,session_01,005,neutral,0.9612154960632324,0.511945327434504,0.09886177504706496,-0.8160619805170424,-0.002500227808784681,-0.001186165960366869,0.08855801599885282,-1.9415010288938275,0.03380078169089986,1.0852854259154403
P01,session_01,005,neutral,0.9938638210296631,0.511813600467868,0.09610481155500354,-0.817692564044889,-0.00015721792147223152,-0.0009916957113309537,0.03075442935345995,-1.9359289043486556,-0.006762874464277551,0.2094136789144671
P01,session_01,005,neutral,1.0251235961914062,0.512498491893502,0.09541900149499014,-0.8172609955156747,0.0010860870500876544,0.0001424119069264157,0.03504132870439214,-1.9234195181254314,0.011868569943558397,0.3812890767875367
P01,session_01,005,neutral,1.0571467876434326,0.5124357798575513,0.09523471497725429,-0.8193264090275804,0.00010616772219508413,0.0024268237259690334,0.07585580316840035,-1.9294264353728885,0.02563393626623433,0.8040664971478793
P01,session_01,005,neutral,1.0894720554351807,0.5119271921153458,0.08913372620700805,-0.8244588491160997,0.0017581504775132106,0.000314366072699834,0.05525196208263081,-1.896753576619507,0.0031537903004520015,0.11212297239320237
P01,session_01,005,neutral,1.1211261749267578,0.5103391227184837,0.08596189662195129,-0.8280779942796795,-0.0011112675251226777,3.404550656331071e-05,0.03512304056088861,-1.9037155536506607,-0.001412625735448518,0.056790752951087806
P01,session_01,005,neutral,1.1693015098571777,0.5094406177675498,0.08537567598898131,-0.8273928749774078,0.0008026504955813119,-0.002721775223746665,0.05890273375820745,-1.9481589667217072,0.03710944483774366,0.7725484588553283
P01,session_01,005,neutral,1.2014999389648438,0.508130602950854,0.08560505041908134,-0.8269764268683679,-0.0017012283026399393,0.00011507308590565954,0.052956487256163885,-1.9624750580245767,-0.06733271123692396,2.0918504284812967
P01,session_01,005,neutral,1.2337093353271484,0.5083221702261391,0.08548226625643453,-0.8268791764812239,-8.665337667530408e-05,-0.00012358952505516982,0.004686240462920683,-1.963790913910718,-0.008639628935681883,0.2682741168287159
P01,session_01,005,neutral,1.2653090953826904,0.5083705678105581,0.08493754984375022,-0.8275269740671874,2.7025306913218594e-05,-0.0001592206802088974,0.005110733854703913,-1.9856638193850054,-0.006821222638831619,0.21592360690275814
P01,session_01,005,neutral,1.2978949546813965,0.5087773728751277,0.08249418920801321,-0.8295957832316232,0.0005830104295882932,0.0013610801107117032,0.045439621293389895,-1.989061948640408,0.008676592824028046,0.2701180373985227
P01,session_01,005,neutral,1.3296928405761719,0.5081517178213073,0.08519840237662989,-0.8294374979841258,0.00383250177608091,-0.0012047569358081328,0.12634175765949618,-2.0007318729690624,0.015892768528603014,0.515527012300365
P01,session_01,005,neutral,1.3614370822906494,0.5095639619369262,0.0882893661984538,-0.8275615269409078,0.0009629708432444867,0.0002533025643541981,0.031367213073464344,-2.0523445789198678,0.07082093473576596,2.2312057380194874
P01,session_01,005,neutral,1.3932206630706787,0.5099209789286511,0.0884049024203362,-0.8269141450103857,-0.0004964608988125193,-0.000124546256444697,0.01610406631356884,-2.006329116635954,-0.06831467366959064,2.1494302861572545
P01,session_01,005,neutral,1.4255096912384033,0.5107045691076929,0.08571674045759016,-0.8260264446349194,0.0007458391905571774,0.000371606600850333,0.025807131742749526,-1.9970328384447644,-0.005095147822981266,0.15989450761663662
P01,session_01,005,neutral,1.4571657180786133,0.5118506309510054,0.08450882495902584,-0.8250474424857697,0.0010647832350081574,0.0005668751647868446,0.03810584750042905,-1.964617995126924,-0.07876999994829574,2.4886014994046333
P01,session_01,005,neutral,1.489201307296753,0.5084338862110057,0.08898480597499506,-0.8143403737211684,-0.0030419613360529603,-0.003764783611457604,0.15108688792860364,-1.998888787275454,0.11608705107728148,3.6268385680101853
P01,session_01,005,neutral,1.5215463638305664,0.5086517478333435,0.08591201055502391,-0.8140795268261851,-0.00015793155206527085,-0.0013571391357773582,0.04224130984726739,-1.964360027031007,-0.029133698738243473,0.9017056154811172
P01,session_01,005,neutral,1.5537781715393066,0.5086448828731233,0.08184940251147632,-0.8138755414903127,-6.152119004976933e-07,-0.00015573649824027322,0.004831802013417961,-1.9382734598916838,-0.04512816586169344,1.4001211162225016
P01,session_01,005,neutral,1.601306676864624,0.5089325801165286,0.07910408487138836,-0.8152264411954222,0.00021195244733116645,0.0013747190643863692,0.029265855757098645,-1.9217656372576617,-0.02256071155639835,0.47557881442490646
P01,session_01,005,neutral,1.6335580348968506,0.5073060351403867,0.07880728866290251,-0.8169551820786423,-0.0009626452712529363,-0.003014152111643466,0.09810881985975771,-1.9009031569079413,-0.02714819454707656,0.8474670788904254
P01,session_01,005,neutral,1.6652514934539795,0.5068421996053357,0.08246200490780864,-0.8210600029525507,0.0010697778377229397,-2.863560100976017e-05,0.03376599064475177,-1.9098027817442398,-0.00021844200770279061,0.03446224656297209
P01,session_01,005,neutral,1.698030948638916,0.5067296023458444,0.08356925222901412,-0.8234818119958018,-0.00019225991817798708,0.00039581194534654425,0.013424115556856615,-1.9079299970377745,0.022416806584048148,0.6839993197286262
P01,session_01,005,neutral,1.7296409606933594,0.5067209634443791,0.08412085319182275,-0.8256884397801452,-6.766558792827026e-05,0.00025219473362574784,0.008260501875395931,-1.9158939549126002,-0.029425855673422145,0.9309396693287657
P01,session_01,005,neutral,1.7618627548217773,0.5056593776703093,0.08204972662865138,-0.8256907838251,-0.0010787044195913879,-0.0018036067558167275,0.0652220346453927,-1.9258440200561593,0.07310459859288339,2.2697308371110188
P01,session_01,005,neutral,1.7934961318969727,0.504927377768865,0.08232541074687313,-0.8266160568458955,-0.0005911447329176051,0.0007410336100824254,0.02996632726661249,-1.9409481663550037,0.009140565472609302,0.2905028940692093
P01,session_01,005,neutral,1.8256940841674805,0.5030939638127503,0.08351008892314692,-0.8268816643422805,-0.0011114249282586372,-0.002123507589984403,0.07443886612699352,-1.9455481521550686,0.058433334431736685,1.8163412385862665
P01,session_01,005,neutral,1.8587443828582764,0.5021873015126408,0.0830686264921081,-0.8288248485905668,-0.0006931796674287527,-0.00043131970573795424,0.024702221188672373,-1.9298307097721965,-0.027444763681243815,0.830761151573224
P01,session_01,005,neutral,1.8897006511688232,0.5027254076610408,0.08356855493374335,-0.8275798103297399,7.57024910798759e-05,-0.0003780382033017765,0.012454454915319442,-1.9250663301363617,-0.009104928895830837,0.29438587255857596
P01,session_01,005,neutral,1.9215195178985596,0.5025417271326621,0.0818047038809395,-0.8282155771355706,5.076352188588072e-05,0.0008402074510270537,0.02645410260910174,-1.9581615224315467,-0.022883733101352798,0.7196739295819841
P01,session_01,005,neutral,1.9534616470336914,0.5023018617627291,0.08169888074995298,-0.8300404319772771,0.000143700890475883,0.00046628625030964676,0.015275345458013845,-1.9363964059973007,-0.0280799075090243,0.8792196122086628
P01,session_01,005,neutral,1.985177755355835,0.5005146814025122,0.08290718233884613,-0.8310586659934495,-0.0008670405356190359,4.697970556628227e-05,0.02737764569526016,-1.9473493447458359,0.007945435260978356,0.2520088803865498
P01,session_01,005,neutral,2.033237934112549,0.4997253862393161,0.08317139050402096,-0.832455019001017,-0.0004770097381120935,-3.834684773470978e-05,0.009957279002706872,-1.934904139706099,-0.022195817443981986,0.46194117970580556
P01,session_01,005,neutral,2.0659596920013428,0.4995579995637168,0.0805356162578339,-0.8329793201440793,0.0015062892369336245,0.0008508335814150007,0.052869358164664586,-1.9407257763620678,0.0016611598004838519,0.07329650490702047
P01,session_01,005,neutral,2.0978012084960938,0.4989520986350106,0.08099755732141832,-0.8313981534020762,-0.0005395096597514728,-0.002634085357878766,0.08444222673999355,-1.9358408763455552,0.002879007512300124,0.12371614464925637
P01,session_01,005,neutral,2.1295366287231445,0.4980570918640704,0.08025371999306977,-0.8225354971792282,-4.718160144000345e-05,-0.00043292185975703863,0.013722373600161071,-1.955565843220059,-0.034824748998440694,1.0974321917250622
P01,session_01,005,neutral,2.1617395877838135,0.49812493081828607,0.07750214297378623,-0.8234422456066595,4.1880308293577365e-05,0.0013134262970984343,0.0408066174626966,-1.9647735909765487,0.00576156375546521,0.18350868845566012
P01,session_01,005,neutral,2.193662166595459,0.4983150595033314,0.07817834534724298,-0.8248305097269726,-0.00018486091628894545,-0.0019542866909006374,0.06149285313192398,-1.9643684586465102,0.01879376454505387,0.5919322768128001
P01,session_01,005,neutral,2.2255120277404785,0.49855690779976736,0.07798553863763152,-0.8248450016622806,-0.000283284021514372,6.0494498791421076e-05,0.009094897721271176,-1.9664335201650336,-0.00707074287504273,0.2221885338843452
P01,session_01,005,neutral,2.2574832439422607,0.49904862141536954,0.07784981711043772,-0.8257759941014579,-0.000519310112005485,3.0396601542179378e-05,0.01627085266386839,-1.9531109092894219,0.025785723735946686,0.8066934414870021
P01,session_01,005,neutral,2.2896933555603027,0.49889709156383255,0.0781874967298818,-0.8271276293828658,-0.00032574265660819063,4.0262341931766086e-05,0.010190013485001452,-1.9753574415206367,0.03187278097045596,0.9895796479440163
P01,session_01,005,neutral,2.3212342262268066,0.4992448389632975,0.0810953005428603,-0.8255259992486371,-0.0013681750408941096,-0.0010246612961429084,0.054194357315050505,-1.9855386652680862,0.003053031012521579,0.11093466310005563
P01,session_01,005,neutral,2.3533058166503906,0.4990929338348211,0.0808066092269249,-0.8255745925048195,0.00029116045151321635,0.0017029542487090685,0.05386902654367996,-2.026143932282497,-0.016445967611652075,0.5156110092922938
P01,session_01,005,neutral,2.385613441467285,0.499080509469352,0.08053984609012516,-0.8192144160288226,3.8276967920114316e-05,-0.00014976386200256896,0.004784565390850416,-1.9801872779968737,-0.0860389505764954,2.66312023622008
P01,session_01,005,neutral,2.417271375656128,0.49840382385693993,0.08106833227189897,-0.8199146767227619,-0.0008580360034015,-0.00018470840200057376,0.02772422991892283,-1.9903907422749512,0.013592092749935067,0.4302365750901881
P01,session_01,005,neutral,2.4653265476226807,0.49886326648545876,0.08248658419849274,-0.809167661367313,-0.0011613545958162553,0.0012725913374525655,0.035851627395189885,-1.9858549157798606,-0.009360673367482163,0.19806194822417228
P01,session_01,005,neutral,2.498978853225708,0.4977596787767337,0.0816505487386493,-0.8039410366598445,-0.0007766714390431534,-0.004972804736445279,0.14956155173280664,-1.9677748657309786,0.052839373271452245,1.5772630943395327
P01,session_01,005,neutral,2.529404640197754,0.49631390774055895,0.08210132601922035,-0.8042200050260468,-0.0015766025581946085,-0.003392493705450975,0.12295319207749555,-1.9198428841071102,0.08249316483676677,2.71407752487741
P01,session_01,005,neutral,2.5617709159851074,0.49647764791046267,0.08030175606013792,-0.8056915465475133,-8.619952001635438e-05,0.0014180301262857516,0.043892837014428615,-1.9545707848434255,0.005230858198986864,0.1674688477779878
P01,session_01,005,neutral,2.593493938446045,0.49765944229120085,0.07851449974686982,-0.8099870210357528,0.0006448713344096662,0.006143958715242988,0.19473897691838618,-1.9442896482989933,-0.029882721420169223,0.9619072452329716
P01,session_01,005,neutral,2.6253199577331543,0.49789510814008175,0.07743322783236328,-0.8115075541344631,-0.0002626808130069117,0.0019315733931259062,0.061250291703683214,-1.9623031276385656,0.009536507651884171,0.30584101456595303
P01,session_01,005,neutral,2.6575608253479004,0.49755473412290424,0.07849406596790495,-0.8104155179377845,-0.0010275129635756487,0.001022212028119853,0.04495472347117279,-1.9658413718084469,-0.040591628739269574,1.2598140041142305
P01,session_01,005,neutral,2.689563035964966,0.49710289595320134,0.07856966918867667,-0.8109947054019445,-0.0009805152748429042,-0.00022949632969114262,0.031467038113185436,-1.968446674419122,-0.03541749470053766,1.107167511138159
P01,session_01,005,neutral,2.721886157989502,0.49643011198951786,0.07684261416885338,-0.8101104820607445,0.0012579371158793716,0.001173290206774193,0.05321821855625016,-1.988843725223476,0.044632394106556915,1.3818445667730748
P01,session_01,005,neutral,2.753551959991455,0.5009100853300286,0.06800034323743694,-0.8051603733645017,0.004356293091260392,0.00108747430837492,0.14179260641179353,-1.9325970422145007,-0.15177540030771966,4.795135121984138
P01,session_01,005,neutral,2.785435438156128,0.5017388960269408,0.06760765617430713,-0.8069486871666852,-0.0012395189380594329,7.032731563457775e-05,0.03893905268881704,-1.9858726537664286,0.13197081153619236,4.139342968652632
P01,session_01,005,neutral,2.817279100418091,0.5004033941207917,0.06696501876320023,-0.8077640759722328,-0.0005198099630335759,-0.0013503862398972619,0.04544006306658595,-1.9868103390683607,0.05021868687265812,1.5776931815256372
P01,session_01,005,neutral,2.8653135299682617,0.5045197986928198,0.06206419403255459,-0.8011337302314192,0.004097141650667128,2.8767416145831767e-05,0.08529803894138627,-1.860242188748735,-0.1607241447134591,3.3471066897574056
P01,session_01,005,neutral,2.897754192352295,0.5039102850356555,0.06001987745352777,-0.7908846785369463,-0.0026592958405417494,-0.0019088119128086592,0.10090549818805113,-1.9923103837871523,0.17065148138757438,5.261386839057019
P01,session_01,005,neutral,2.930917263031006,0.5045555051016709,0.06040233711189866,-0.7888420029483059,-0.002581707651411109,-0.0010353764924805318,0.0838759988167689,-1.9643569606253066,-0.027053397203489263,0.8200694243469784
P01,session_01,005,neutral,2.9617724418640137,0.5037929503444273,0.058186240200932694,-0.7839400600053181,-0.000660327667199817,-0.002732765680982105,0.09111639348544613,-1.972806947172663,-0.0038808336945257062,0.1553117510032154
P01,session_01,005,neutral,2.993884563446045,0.5035582093565039,0.05371036062506224,-0.784816672707522,0.0001572800726384928,0.000529336959427537,0.017196274938782667,-1.9467926463310568,-0.06504929213090327,2.025765746934765
P01,session_01,005,neutral,3.0254178047180176,0.5034830561597838,0.04816013160304849,-0.7908782067953919,-3.116474833691714e-05,0.0017043832167392063,0.05405940045496455,-1.956823538306384,0.05532169014395434,1.7552254471552349
P01,session_01,005,neutral,3.0572102069854736,0.5028356472443614,0.0436238203943646,-0.7974713902116681,-0.0007257726074085837,0.00018047262990969232,0.023523685954208565,-1.949974346296209,-0.016226711998215203,0.5109377123629291
P01,session_01,005,neutral,3.08943247795105,0.4986744552245133,0.04726557574555265,-0.7802275947643883,-0.0032643491866183715,-0.005293096651692391,0.1929953882588913,-1.9770777386408425,-0.02134749243719882,0.6900458343229054
P01,session_01,005,neutral,3.1215155124664307,0.4974062951223895,0.04575793903376899,-0.7797273936429512,-0.0010614621258271336,-0.0024230407445571863,0.08245295076962131,-1.9421674851848978,-0.03964701242119144,1.2385102177926122
P01,session_01,005,neutral,3.153928279876709,0.4945100256754805,0.04497534283924727,-0.7774432377789783,-0.00018040736776914535,-0.004334176271205487,0.13383396928503635,-1.9211322955019998,0.13166718502191793,4.0644053329234575
P01,session_01,005,neutral,3.1856629848480225,0.4935770517002998,0.047734478568124336,-0.7788198587777316,-0.0022967452297022297,-0.00035515682846386546,0.07323347800966394,-1.9721849325654481,0.019952815684793523,0.6329886607872663
P01,session_01,005,neutral,3.2175285816192627,0.49578596498334493,0.04612463730718348,-0.7864647365179642,0.001417002890892125,0.00623474058640526,0.20064705467556473,-1.9270450656313254,-0.0857055921725449,2.6970702004617055
P01,session_01,005,neutral,3.249242067337036,0.4958717562246469,0.04204229927565675,-0.7885115329938562,-8.32998014321926e-05,0.0017406413052519208,0.0549492846877271,-1.9321713486877978,0.0060450653879168805,0.19837715037773845
P01,session_01,005,neutral,3.297403573989868,0.49593169428344713,0.04186297666209059,-0.7909724955682728,0.00011679191757278877,0.0010952059160093004,0.022869210051744356,-1.9338481429642238,0.029475251277776997,0.6124356297664882
P01,session_01,005,neutral,3.329831838607788,0.49604877530551034,0.04145089418654625,-0.7962625843034354,0.0002923764942477586,0.0015719179277711613,0.04930506599358182,-1.953432333961298,0.013135343689894217,0.408048238102434
P01,session_01,005,neutral,3.362581253051758,0.49548671264926913,0.041010298258676206,-0.7982203437236901,-0.0006917572177631823,0.001016674398039394,0.03754867344187886,-1.9545997763345146,0.06173140724284247,1.8853361177056331
P01,session_01,005,neutral,3.3935887813568115,0.49488955580931626,0.040448247594102184,-0.8180616870270768,0.000512895002120032,-0.0004897704652157121,0.0228712226657632,-1.9287804673578879,-0.06133310685707566,1.9781391846740448
P01,session_01,005,neutral,3.4251649379730225,0.49545123002995667,0.04028966833274183,-0.8192892828114855,-0.00046316946750011884,0.00044151479109751584,0.020265025061769304,-1.9598754958113118,-0.045912906579466645,1.4541784178985127
P01,session_01,005,neutral,3.4576802253723145,0.4965611474889085,0.036050487784184994,-0.8168419219489214,0.004188016051456846,0.00031485142169593885,0.12916492026976426,-1.9763920242093649,0.049857586876499764,1.538788924232205
P01,session_01,005,neutral,3.4896399974823,0.497912880414703,0.033318541517132046,-0.8153156804569223,-0.0002960403161428003,0.0015751308046126028,0.05014770563336452,-1.9867115381569065,-0.023419356764591125,0.7344900181843717
P01,session_01,005,neutral,3.521564483642578,0.4975903705410568,0.03402130304917253,-0.8162779289377747,-5.935424645394973e-05,0.00015913646097693687,0.0053202123768162635,-1.9844813798098062,-0.009887842483682154,0.30977166098035785
P01,session_01,005,neutral,3.553591012954712,0.4993667742325248,0.02891223511759345,-0.8174069451910915,0.0015501043731363001,0.0027338915136196807,0.09813012459541935,-1.9565428020806768,-0.07764221461764179,2.4262945760560557
P01,session_01,005,neutral,3.586578130722046,0.4979797805887501,0.02869798896394634,-0.819707020395062,-0.0019552134675349018,-0.0016524203502274583,0.07760458856188406,-1.9515356338304706,0.07486216456415662,2.2707628402868405
P01,session_01,005,neutral,3.6176936626434326,0.500794961179209,0.027349113040088097,-0.8213259913802547,0.0015461598041894436,0.009362415225991733,0.30496753265065696,-1.991511879828757,-0.05758249862909176,1.875563085217336
P01,session_01,005,neutral,3.649791955947876,0.5017491881579289,0.023680990414144364,-0.8210488657073288,0.0035992413564156175,0.0005831582952363344,0.1135941304337729,-1.9908379446537452,0.010294840619805172,0.34025058448951445
P01,session_01,005,neutral,3.6817076206207275,0.5025592776762551,0.02437002785252054,-0.8185904891916043,-0.0006668409680927633,-0.0011110655738715885,0.0406013079170668,-1.9735627818981227,-0.004873928479062709,0.15801786606234527
P01,session_01,005,neutral,3.7294068336486816,0.5057793083388747,0.02211177665725739,-0.8134029362671258,0.0023695524366841,0.0012986165552315331,0.05664810993211175,-1.9406573175930166,-0.12476871461302459,2.6163528103082996
P01,session_01,005,neutral,3.7615511417388916,0.5063157133973022,0.021758463536731665,-0.8173108895226394,1.415610526117816e-05,0.005030803162443393,0.15650743096154932,-1.9707103794862952,0.019319699165697302,0.6210731430665204
P01,session_01,005,neutral,3.7949671745300293,0.5053174021296983,0.021937953089433648,-0.8156874230892787,-0.0008368012845306349,-0.004452855043404692,0.13558762845932398,-1.9484158133536629,-0.005834106485326492,0.2210558456315836
P01,session_01,005,neutral,3.8256094455718994,0.5028259667211218,0.025183558558959842,-0.8154904942127893,-0.00308628955956996,-0.0031767350555736425,0.14454179770976908,-1.9640687535803725,0.04674384446936324,1.5323018591288469
P01,session_01,005,neutral,3.857146739959717,0.5015651292703365,0.027586058516018235,-0.8154645103814625,0.0008115399086122547,-0.002050181066536626,0.06991588729392278,-1.9101666351320707,0.02422097245551215,0.7711863079795344
P01,session_01,005,neutral,3.889493465423584,0.5026896873726883,0.027021988650471035,-0.8161492804734032,-0.0017848856690388857,0.0025687911631636314,0.09670281239198088,-1.9371618531480617,-0.009363646636230403,0.3052025731822262
P01,session_01,005,neutral,3.9216859340667725,0.5025119761067911,0.02446991096862679,-0.8210344140281272,0.0006909822544512796,-0.000920677067899894,0.035757775594228484,-1.8803601463355881,0.06065072867503062,1.8843429626382693
P01,session_01,005,neutral,3.9535105228424072,0.5040862129944285,0.025938277740229526,-0.8192252262645514,-0.0015407648607011436,0.0006009698326628726,0.051966740680772644,-1.9169356753600786,-0.006305187477996069,0.20482509855097286
P01,session_01,005,neutral,3.9855470657348633,0.5023468201150109,0.02564819465426407,-0.8208137763203699,0.0007935174408098284,-0.0012151783290424818,0.04530200115627169,-1.8874629696230552,0.051624255491970666,1.6120544655627127
P01,session_01,006,raise_arms,0.0006730556488037109,0.4555672948453587,0.045653880734925,-0.7999240854286422,0.0,0.0,0.0,-1.9856069090307842,0.0,0.0
P01,session_01,006,raise_arms,0.032559871673583984,0.45535203003173164,0.04770654127696754,-0.7955854679846107,-7.808062392088793e-05,0.0006916647389739679,0.021829020732919237,-1.963272068589858,-0.23339744912240623,7.319592111696514
P01,session_01,006,raise_arms,0.0647587776184082,0.45379262464302017,0.04820170545175595,-0.7985210890715693,0.0007975764359812688,0.0004848702562353088,0.028988425771934723,-1.9652925016386322,0.038868461991796464,1.207484124592997
P01,session_01,006,raise_arms,0.09673619270324707,0.44953141127661755,0.052642173563194686,-0.8029269910197955,-0.004819285520396341,-0.0017716391806852298,0.1605698846065191,-2.000364574405622,0.02211201006742867,0.7098864903573193
P01,session_01,006,raise_arms,0.14451217651367188,0.4502485633994809,0.050202064680703075,-0.8059956412171946,0.002312574929100816,0.004883029299605742,0.11308945789197063,-1.9525358122663476,-0.03907462635585529,0.8256533087236748
P01,session_01,006,raise_arms,0.17787790298461914,0.44972172773331254,0.060801752557316104,-0.8052560283889331,-0.0007484017496371142,0.0008037689663389169,0.032915467427889554,-2.0022654327188727,0.05191036071659483,1.5561470565451057
P01,session_01,006,raise_arms,0.20886492729187012,0.4482532681998637,0.06518127608767575,-0.8076086589192176,-0.0018897825663373694,-9.839847305725114e-05,0.06106887039673447,-1.972476975521957,-0.0018785465244815075,0.08605018247207796
P01,session_01,006,raise_arms,0.24061083793640137,0.4472069461744838,0.06494809470062905,-0.8042864795352738,0.0008485732955848498,-0.0016977463602559889,0.05978735537950315,-1.9764256008677714,0.0038153977219240118,0.13423516334940042
P01,session_01,006,raise_arms,0.27259278297424316,0.4465348077212683,0.06572912090804871,-0.8056013004302904,-0.0006900718756955686,-0.00040518655228471366,0.0250214472425277,-1.983962549231559,0.004152177726451802,0.13221797002372299
P01,session_01,006,raise_arms,0.30478501319885254,0.44592587620643187,0.06534593704200632,-0.8064009727527987,0.0005272078448448279,-0.00022890116861171776,0.017853857018451186,-1.926849737401273,0.0405731832555184,1.260467315597765
P01,session_01,006,raise_arms,0.3368382453918457,0.44255905431583425,0.06321569189214463,-0.8120138744095027,0.004110622854620034,-0.0023697260616309915,0.1480277499603266,-1.9190881388036578,-0.002560166110005315,0.1682016727481507
P01,session_01,006,raise_arms,0.36856555938720703,0.4397419366674716,0.06886434880189468,-0.815948060410771,-0.004612582727674568,0.00013466355979855078,0.1454440186584446,-1.959829099509402,0.010240902799325371,0.35403401668810097
P01,session_01,006,raise_arms,0.40114426612854004,0.4389729634808786,0.07599130163785466,-0.8059118982924635,-0.000787501890309766,-0.001102346497086915,0.04158367708140368,-1.985942457772614,0.060609301052864495,1.8608608463804772
P01,session_01,006,raise_arms,0.432340145111084,0.44018478719126797,0.06969817263241285,-0.8050190817323429,0.005311828065049042,0.0011507668787371164,0.174223371828064,-1.9584030292647847,-0.028739652973362347,0.9375936711474859
P01,session_01,006,raise_arms,0.46474671363830566,0.4404505645493415,0.07296576226848996,-0.8086261989937166,-0.000769432795206946,0.0031875486566771334,0.10118625971474021,-1.9593856314859823,-0.035634248489696284,1.1042453763722222
P01,session_01,006,raise_arms,0.4965038299560547,0.44301665594730516,0.0732112606026756,-0.8121747122328563,0.0022344847019644186,0.008417998650659848,0.27425391160242024,-1.9538217585479971,-0.13235214944066476,4.176651492816059
P01,session_01,006,raise_arms,0.5285549163818359,0.44852787406093175,0.06801573628158608,-0.822342549440601,0.004780865862774318,0.024017584389971775,0.764055040523601,-1.9993326222506564,0.08138651295876713,2.651734549556692
P01,session_01,006,raise_arms,0.5766241550445557,0.45930021256885617,0.06750482442209069,-0.8173517047499156,-0.001705278624389057,0.0190887257970832,0.3986904084319476,-1.9700973446082914,0.030756722174499925,0.7538912010881965
P01,session_01,006,raise_arms,0.6101455688476562,0.48391508097424824,0.0606916250832631,-0.781026043131073,0.0013407547833291181,0.005427437934141546,0.1667767019267928,-2.0290824184163174,-0.15922726331815232,4.752943267324471
P01,session_01,006,raise_arms,0.6408991813659668,0.477455106625316,0.0705754764978592,-0.7366468559364935,-0.013182104392129444,-0.031843795114250166,1.1206619799724498,-1.994778840227833,0.013626466029766086,1.2050757807978847
P01,session_01,006,raise_arms,0.6726620197296143,0.44505236624325806,0.05087605384569739,-0.662120913816226,0.021141121395673545,-0.11541617050536511,3.694142052797219,-2.042281893301662,0.4201696971568793,13.734472125463668
P01,session_01,006,raise_arms,0.7046642303466797,0.42058442404016577,0.028790811109607052,-0.7021076379421417,0.016512274318126016,0.004381727197086879,0.5338305128765318,-2.0248084531220503,-0.027823262651360006,1.0202258363919336
P01,session_01,006,raise_arms,0.736663818359375,0.4244057439885208,0.012243539813002021,-0.7039968155582952,0.010434533834488736,0.004110403701347947,0.3504714369574221,-2.138660495803987,0.039060000349249745,1.2699582711767112
P01,session_01,006,raise_arms,0.7685575485229492,0.4150397408094153,0.003097493214338594,-0.7025947846350062,0.01183315362721346,-0.005688108235942038,0.41165721281354395,-2.110457150835049,-0.002747187893010017,0.42057224696995643
P01,session_01,006,raise_arms,0.801116943359375,0.40855835085808195,0.014287534367736806,-0.7129383143157236,-0.00013130114752319815,-0.0006971361482662248,0.02178766730273531,-2.020176259255864,0.08434110974882143,2.590468694948071
P01,session_01,006,raise_arms,0.8336501121520996,0.40984051749498207,0.01766932844171507,-0.7146797891086926,-0.003284548604802821,0.0035803608593211384,0.14934692072543174,-2.058869071009738,-0.06402262879334901,1.9735775173155277
P01,session_01,006,raise_arms,0.8647456169128418,0.4102846918292574,0.021884350221818772,-0.71226612495837,-0.00425303652042695,-0.00024399155731096177,0.13699824313148973,-1.9727644816214949,0.11084602186165832,3.5673275975208276
P01,session_01,006,raise_arms,0.8963651657104492,0.4088904037762201,0.030139863746932154,-0.6989858901004818,-0.003961382091566306,-0.015853910238382868,0.5168109332735268,-1.7951061247497586,0.49245097168848145,15.582829243920091
P01,session_01,006,raise_arms,0.9287877082824707,0.40435235835291233,0.029950661809930258,-0.6997184071984117,-0.007254927144975011,-0.009131832336910287,0.35971721973296733,-1.8324479786888228,-0.024741218969817975,0.8436220505916129
P01,session_01,006,raise_arms,0.9765710830688477,0.4038408708654246,0.03137904582858929,-0.7283387322621178,-0.002185245558459882,0.0021465389311221173,0.06410506749328941,-1.8523062174115457,0.09418103643742945,1.9720423043580346
P01,session_01,006,raise_arms,1.0088324546813965,0.40318983910095846,0.032968319503399506,-0.7350368518244387,-0.001636323259853789,-0.0036194620469908742,0.12312435389528534,-1.7985375930063627,-0.06491503532019512,2.015923287419202
P01,session_01,006,raise_arms,1.0413482189178467,0.3991186553990265,0.030634959652824048,-0.7369078389110184,-0.004487201578223538,-0.005882230050273947,0.22753122698847367,-1.8262788337377465,-0.09162716132728395,2.8271014021835223
P01,session_01,006,raise_arms,1.0728237628936768,0.39607237355899755,0.03389071168750732,-0.7356790157880593,-0.002488603536349953,-0.006959903285160675,0.2348312419886865,-1.795201789155944,0.10093580631868997,3.2153877607051347
P01,session_01,006,raise_arms,1.1048834323883057,0.39342961078050553,0.03619035566666815,-0.7305222059512858,-0.0020477517681200606,-0.021129574323821752,0.6621581154223523,-1.88340290535251,-0.058172574014389605,1.9315532607566863
P01,session_01,006,raise_arms,1.137033462524414,0.38653288945961556,0.04218258091628703,-0.7180753948795995,-0.004216496318995303,-0.02534840006968338,0.7992744239471737,-1.7036796842954005,-0.3513489236303912,10.957606006611876
P01,session_01,006,raise_arms,1.1687085628509521,0.3697779965086145,0.029457939485755234,-0.692040545647455,0.014679000734297246,-0.05735080126566819,1.8689619198915486,-1.8106530581512845,0.2659515252292509,8.601729397102844
P01,session_01,006,raise_arms,1.2007043361663818,0.3572420538554855,0.0070991169768966425,-0.7208650143068689,0.017175153837010397,0.004832463340529296,0.5576375975208204,-2.009673305426982,0.366491030166368,11.467923455431443
P01,session_01,006,raise_arms,1.2326586246490479,0.35266287853402883,0.012931445457739771,-0.7226312081058921,-0.00788695384908232,-0.005242279183687608,0.29636850048398383,-2.066916392567922,-0.13872333570042147,4.351410085572282
P01,session_01,006,raise_arms,1.2649428844451904,0.3529775168893457,0.013776431091271732,-0.7087002098655996,-0.002547332123365338,0.005828540411073047,0.1970272586679439,-2.0829883389265795,-0.11781321494317207,3.654561279843018
P01,session_01,006,raise_arms,1.296726942062378,0.3370665849499892,0.0014578591133927526,-0.736595286455369,0.006612067688197848,0.0031530287074445188,0.23047305546825797,-2.0284325976544544,0.5747528763771604,18.084524110544013
P01,session_01,006,raise_arms,1.3289403915405273,0.33833321419256,0.004331438763018045,-0.721331525054566,-0.0028238958286908263,-0.005703637999393599,0.1975703511518965,-2.073448231862627,-1.0912304760563967,33.87557226255148
P01,session_01,006,raise_arms,1.3607053756713867,0.33936425907754925,0.00010775280127936513,-0.7046266551710276,-0.0021949254402416074,-0.009921161346157292,0.31988241987899113,-2.038000038888922,-0.0830461904539905,2.6338910047752155
P01,session_01,006,raise_arms,1.4086432456970215,0.3389830064614421,0.0030622322396680044,-0.6922319677881371,-0.0069807747206258475,-0.021877407912017043,0.4790398519879119,-2.091220455909056,0.8016528388558944,16.729606186989187
P01,session_01,006,raise_arms,1.4411544799804688,0.3345287846604618,0.011917319677500322,-0.7002976100630086,-0.008365313242162204,0.0024226446039122365,0.26787838470528824,-2.081901671844648,0.0879410806858991,2.718176404349763
P01,session_01,006,raise_arms,1.4731364250183105,0.3328058414100992,0.010189430395810918,-0.7021791954692981,0.003014074103495597,-0.0010376900548541076,0.09967192076900025,-2.071436118080757,-0.14271154812637954,4.463366591783709
P01,session_01,006,raise_arms,1.5043747425079346,0.33357121903422,0.014745247513460824,-0.7056913453905552,-0.0003561220221015741,0.011295125570037484,0.36175886340590424,-2.220490149299653,-0.28344819236826296,9.080942865420184
P01,session_01,006,raise_arms,1.5363225936889648,0.33404578070538105,0.01548500232196403,-0.7050168542345913,-0.00026055614996684824,0.0005509105379370956,0.01907544057881477,-2.0929732947664332,0.3320242831657244,10.392712817151407
P01,session_01,006,raise_arms,1.56870436668396,0.3409863770886069,0.006458272694048778,-0.693748783755009,0.010124454398638712,0.0014878158427833806,0.3160169695083281,-2.199835600284027,-0.6614881776904801,20.430237915949675
P01,session_01,006,raise_arms,1.600928783416748,0.33968511178181354,0.006749903346868132,-0.7239963789144527,-8.387479820115597e-05,0.02792197296225156,0.8664888854073632,-2.2033053521439543,0.3339812103003073,10.40038606227237
P01,session_01,006,raise_arms,1.6322863101959229,0.3391608208742308,0.014018199634317038,-0.7500325538516712,-0.0008510284046984964,0.01774954399953304,0.5666880021169273,-2.1472777618108103,0.4711301431376306,15.035150816180145
P01,session_01,006,raise_arms,1.6647658348083496,0.3311834688587208,0.015906478760945145,-0.761926483284575,-3.505007242664993e-05,0.004316513155742089,0.13290389893762578,-1.7066273959187626,-0.4982219035112009,15.340144571723233
P01,session_01,006,raise_arms,1.6973116397857666,0.3318874961363574,0.022074214865706234,-0.7425553063212545,2.8420579700990636e-05,-0.017828009645103567,0.5477828036774526,-1.8568544778007197,0.189186538809521,5.838684783731368
P01,session_01,006,raise_arms,1.7289354801177979,0.33439733767946384,0.021131476407955995,-0.7326953053916255,0.003059664101969319,-0.005584325914342592,0.2013541970621808,-2.0777081952342127,0.43518005757002154,13.762611880726272
P01,session_01,006,raise_arms,1.7608909606933594,0.33592336957329294,0.025250809459194633,-0.7284643832333385,-0.004212312673468348,-0.0034252099346517685,0.1698972217385667,-2.1681509021218686,0.060560955160888885,1.902766668866315
P01,session_01,006,raise_arms,1.7925660610198975,0.3356769181428051,0.02665835465021275,-0.7087227437389526,0.000486618293300305,-0.020585791609681048,0.6500860950697996,-1.9158298266808722,-0.0017489315379899122,0.652426697346155
P01,session_01,006,raise_arms,1.8406081199645996,0.3339942067256391,0.037521730091245285,-0.7214768603809014,-0.0018012425627891263,-0.0017382907569759476,0.05210484066530112,-1.8615940039489254,0.026538848420777417,0.5548605405173243
P01,session_01,006,raise_arms,1.8727223873138428,0.3320339751239754,0.0398716963943118,-0.7232994404071118,-0.005607244807847592,-0.0030997526782455456,0.19950637101293855,-1.7689861712895358,-0.3719519913585617,11.5838597411342
P01,session_01,006,raise_arms,1.9050161838531494,0.3314309720606245,0.03713252552554937,-0.7229648318134323,-0.0005584940453788283,-0.0011383890862173508,0.03926476719950362,-1.7847028105361846,0.0010020476603107903,0.05004525361294183
P01,session_01,006,raise_arms,1.9367623329162598,0.3421595189401263,0.02033883324697829,-0.7063594097657155,0.017890520592720914,0.006662678436613317,0.6013607549583514,-1.8344224252765384,-0.07151513375031622,2.3316035028118107
P01,session_01,006,raise_arms,1.968517780303955,0.3409274393834731,0.022500821872206953,-0.7106530044421079,-0.002922778970198933,0.0010338624181047923,0.09762870742300933,-1.8426212677296179,0.1732348067344735,5.456151937401408
P01,session_01,006,raise_arms,2.000369071960449,0.3416334989504525,0.01970781930795796,-0.7077571252326889,-0.001492412579489568,0.000659669390115742,0.05122882754270999,-1.9753857677926465,-0.24840765862621142,7.799150511672882
P01,session_01,006,raise_arms,2.032305955886841,0.34071116620725805,0.019152416038617014,-0.7106224031352952,0.0008939091636808356,0.0003770871769292121,0.030378350169397925,-1.8381726845259367,-0.12266849870095041,3.841086549268874
P01,session_01,006,raise_arms,2.064481735229492,0.33998928161277775,0.019581531995021165,-0.7217112326454003,-0.0010300971544681752,0.0019373873384721618,0.06819455046174325,-1.7879957214067808,0.42019047577157437,13.05939477923051
P01,session_01,006,raise_arms,2.0964431762695312,0.339314194557522,0.02529499141513716,-0.7215712580783168,-0.006436171599292477,-0.0015660276425085611,0.20724824469974054,-1.8500333043802422,-0.38677241075001983,12.10299397227425
P01,session_01,006,raise_arms,2.128922462463379,0.3350266414835573,0.03255004333197166,-0.73232422535037,-0.004856191362643372,0.0018202878443305517,0.15967529022264923,-1.868990006763249,0.028009692547898677,0.8770441192884686
P01,session_01,006,raise_arms,2.160945177078247,0.329589323026204,0.030297899430592728,-0.7663832276024344,0.005868923841264024,0.02104106695257897,0.6821482497536348,-2.0957377222555422,-0.14445820213569807,4.56240067976705
P01,session_01,006,raise_arms,2.1928529739379883,0.33776480801918,0.043390102562684975,-0.7470779817667632,-0.011239593187039794,-0.005343889039228358,0.39003960674310123,-2.029942360836166,-0.2561928698481553,8.03863005838139
P01,session_01,006,raise_arms,2.2249860763549805,0.3396094467766833,0.039017754402154686,-0.7453980065018817,0.005133210706045432,-0.0030595673350931533,0.18597182733672224,-2.008886644526945,0.6384893229737898,19.871012737923206
P01,session_01,006,raise_arms,2.2725725173950195,0.33176601244130005,0.03585991799094893,-0.765494386573679,0.00613538893047681,-0.009186307766213724,0.23214124028351005,-1.8344113874359045,-0.14004589587089117,2.9521203992363363
P01,session_01,006,raise_arms,2.3048737049102783,0.3362062370852343,0.030025726000129066,-0.7853921284922838,0.005391975121922409,0.029664284253570924,0.9334128207384704,-1.9824106644235366,0.14796856345547005,4.675031496945699
P01,session_01,006,raise_arms,2.337057590484619,0.33473508234682375,0.02696057370265171,-0.7905120270448409,-4.9902751696028574e-05,-5.324147281752915e-05,0.0022673514618359097,-2.0241439690887497,0.06919172642645137,2.149888482116617
P01,session_01,006,raise_arms,2.368403673171997,0.33753423573821356,0.025525064628002185,-0.7781162200704819,-0.002905586222948123,-0.00771020455004017,0.26285644109156664,-2.1244647104056877,0.11690554833199233,3.738762226482198
P01,session_01,006,raise_arms,2.4007039070129395,0.33349086459857696,0.017485774079039812,-0.7891466324160583,0.00588730398988132,0.0013683528061546122,0.18712656379725104,-1.977671594322524,-0.06212544146423543,1.9324557600128907
P01,session_01,006,raise_arms,2.4322848320007324,0.33079777101689023,0.022497211234287842,-0.7946740106583288,-0.005012328535659822,0.0014091332085854405,0.16486658934499293,-2.024086100895354,0.08533484151655273,2.7071256948162037
P01,session_01,006,raise_arms,2.464642286300659,0.3314339743800486,0.022995610912839606,-0.7885468840337677,0.00044932691420628896,0.0003841353967358948,0.01826926533481992,-1.9618629050326601,-0.0417119606995881,1.2892284110230736
P01,session_01,006,raise_arms,2.496361255645752,0.3317846998247283,0.023303697295926525,-0.7888990015335372,-0.0008862512767874184,0.0007848845747294848,0.03732288258386866,-1.9605426258772398,-0.1644047086703084,5.1833011699905605
P01,session_01,006,raise_arms,2.528963565826416,0.32979724243144964,0.025181636767538883,-0.7972281877062232,-0.0018493769818349948,-8.440146104585204e-05,0.05678437869764023,-1.9439493537176096,0.02230092048412204,0.6863817615218935
P01,session_01,006,raise_arms,2.561461925506592,0.3290876474461806,0.0261515007080045,-0.7993561813196232,-0.000989463375288832,0.00039665473034642903,0.032801897238080524,-1.8855336662965543,-0.05359692510172403,1.6495455672617787
P01,session_01,006,raise_arms,2.5931766033172607,0.3277668633697461,0.023870045619957238,-0.7945049488016507,0.0022833632822630207,-0.008705376500564506,0.28377559445017403,-1.8255485463708039,0.21399379846267602,6.753433464081202
P01,session_01,006,raise_arms,2.6249032020568848,0.3313673713335935,0.026259789406107823,-0.7893849447383964,-0.0019837494025434074,-0.0008285034001101631,0.06776046852413586,-2.0387635134021673,-0.41396462547066026,13.048048769614944
P01,session_01,006,raise_arms,2.67254376411438,0.33008563447324735,0.02451625327295449,-0.7926832808771863,0.004620734733738561,0.0005202316116299147,0.09760439003285988,-1.7696385065845293,0.19083981814074993,4.007015254437391
P01,session_01,006,raise_arms,2.704699754714966,0.33071651063580054,0.024888968535016022,-0.7930622959769384,-0.00041011066827493066,0.0037489395784604846,0.11728155700596554,-1.977262067400169,-0.040066978309780586,1.251526487508807
P01,session_01,006,raise_arms,2.736743450164795,0.3301012651040007,0.026272303184207976,-0.796644442676411,-0.0008075305997774865,-0.0015500578978791062,0.05454409500769859,-1.8449568587197755,-0.15777269171882163,4.923975533287794
P01,session_01,006,raise_arms,2.769268274307251,0.3292340090028909,0.028781389701018564,-0.7964063366717954,-0.0017684022739002743,-0.0018803757389296886,0.07936369682033019,-1.8458409996163512,0.09017716134359496,2.773699794896303
P01,session_01,006,raise_arms,2.8003764152526855,0.3289358454752453,0.02794200072069705,-0.7976503789746658,0.0017296419449825944,0.0018114104610165794,0.08051171078603861,-1.9270493834664926,0.07868501198714037,2.5306836133067785
P01,session_01,006,raise_arms,2.8330905437469482,0.3323699244961092,0.022353674690012537,-0.7906833110904168,0.00548164873705561,-0.00026254240687831364,0.16775419657287868,-2.0493652117929164,0.22276314962560595,6.8114527035285
P01,session_01,006,raise_arms,2.8647067546844482,0.33407815734208823,0.02221439610929791,-0.786617048214319,0.00011614834102741507,-3.9697397662979805e-05,0.0038823419129549383,-1.9627463073816702,-0.07145707485642021,2.260143709813186
P01,session_01,006,raise_arms,2.89670729637146,0.3340548632912556,0.026496872014456187,-0.7861542811841868,7.056815990166747e-05,-0.0007262007858401684,0.022800284061165403,-1.9246876801731823,0.032911341273359346,1.0287147074144007
P01,session_01,006,raise_arms,2.9288415908813477,0.3323150067154605,0.029288629357518064,-0.7859825966785371,-0.002622898470604558,-0.000361593552620015,0.08239502044328771,-1.8314370859010554,-0.4066696147660319,12.65558308010443
P01,session_01,006,raise_arms,2.9609172344207764,0.3308928069839273,0.021164882387030775,-0.7993921281186565,0.007863426782888336,0.01145545476409434,0.43318340673290745,-1.949900116556549,0.35130896267096634,10.961077945738333
P01,session_01,006,raise_arms,2.9936866760253906,0.3319501370102557,0.0238765478522286,-0.7967949036476811,0.0007594898092508375,-0.00014005604378879442,0.023567553917348976,-1.893842254170034,-0.3589304246156478,10.953230750877234
P01,session_01,006,raise_arms,3.0249688625335693,0.33360740384954124,0.025834180858107725,-0.7924726187744497,-0.0011266296384774804,-4.60067607989456e-05,0.036045070157710836,-1.897384266107432,0.10340419815382111,3.305726270652664
P01,session_01,006,raise_arms,3.0565025806427,0.3323488971893307,0.0249173708679961,-0.7892086471118213,0.0001607815295704045,-0.008212681074866182,0.2604911581944167,-1.930448772673815,-0.030900685002457254,1.0139571192618515
P01,session_01,006,raise_arms,3.104673385620117,0.333411492586031,0.026020088195294576,-0.7801789561802902,0.0012023311953874892,-0.015205275071368303,0.31663861852377184,-1.8916188383655335,-0.022780521382185413,0.5691266807485489
P01,session_01,006,raise_arms,3.13641357421875,0.3319657693805726,0.028760007116053147,-0.7822553517127098,-0.0022403871873111726,0.000303081370614194,0.07122814596358215,-1.9349535470576151,0.05235288534069243,1.6509567124474769
P01,session_01,006,raise_arms,3.168703317642212,0.33461400450466605,0.02970261396631013,-0.775351118581415,0.004884223419871936,-0.00189458598055245,0.16224367341677595,-1.972970526205465,0.19840768528399017,6.146745547522082
P01,session_01,006,raise_arms,3.2010936737060547,0.3419888508197611,0.04838451489199721,-0.7567070282896794,-0.011351351378135869,-0.0034869853948827434,0.36661707795518256,-1.933996082351194,-0.44650077480950295,13.789865544905739
P01,session_01,006,raise_arms,3.2328648567199707,0.343325696735051,0.04691543987302844,-0.7604777696754775,0.0010570655920236235,0.019316761507584393,0.6089059581769563,-1.9278296342501127,0.1022133057250304,3.274286345265549
P01,session_01,006,raise_arms,3.2646493911743164,0.33540262047324165,0.04024872599559474,-0.7732416032778497,0.007772312091828945,0.000346980201763912,0.24477480977035146,-1.9782064168725197,0.22542239943274092,7.096426633386906
P01,session_01,006,raise_arms,3.296713352203369,0.3348168277699524,0.04072525672124988,-0.7940012236308553,0.0004734930887352865,-0.001864687793197766,0.06000085045181314,-1.8400738075145644,-0.34266306577676164,10.687028534816173
P01,session_01,006,raise_arms,3.328968048095703,0.3339477407727502,0.04058698608886257,-0.7945649185204229,-8.879626107707604e-05,0.0027122572529190902,0.08413380853765673,-1.9164639284846705,0.340552686610394,10.558571060204757
P01,session_01,006,raise_arms,3.360846757888794,0.3323313672314864,0.03921706918065767,-0.7955322069292455,0.001312998850738936,-0.0015189409919623058,0.06298158998512005,-1.8035641286030555,-0.2677993440167003,8.400806434209226
P01,session_01,006,raise_arms,3.3923757076263428,0.3324726455410408,0.036120383683520024,-0.8019893793813111,-4.334017570378423e-05,0.011687326016104447,0.37068809688944093,-2.068289915643749,0.3651704601395106,11.58799912598838
P01,session_01,006,raise_arms,3.4259684085845947,0.3289583653598524,0.025370467326949957,-0.8176304514622613,0.011384206705972566,-0.0008108344807650424,0.3397477872871729,-1.9903902341080115,-0.33291284011915623,9.916095055752665
P01,session_01,006,raise_arms,3.457540273666382,0.33284058719861964,0.030247280268676038,-0.8103939507913539,-0.005869884932161454,0.0016097380322378195,0.19278584585392197,-1.9402420951811794,0.004655630917675354,0.24271638203292764
P01,session_01,006,raise_arms,3.4892947673797607,0.3327320724870315,0.02419129537636979,-0.7996196418313988,0.0008556481605203532,-0.006011660550382609,0.19122484213048788,-1.9173453415116593,0.3430776854486662,10.805759390290607
P01,session_01,006,raise_arms,3.5365402698516846,0.33275934667536405,0.03289067456350277,-0.7993354831846207,-0.004272919496211455,-0.004749519357855138,0.13522392954606013,-1.8203761550551179,-0.3816667656589924,8.0795041300441
P01,session_01,006,raise_arms,3.5687294006347656,0.3347339525146012,0.02810638411025963,-0.8027996278775651,0.0013802764867608904,0.00948805422441686,0.2978622394869087,-2.0699607181817354,0.5513887218096017,17.13224504130258
P01,session_01,006,raise_arms,3.600780487060547,0.3327215907514406,0.03130460495779802,-0.8166463703982852,0.0014657455876272573,0.0028455922496535284,0.09986890676367355,-1.9116407747844342,-0.49115645293750776,15.324500286471405
P01,session_01,006,raise_arms,3.6327264308929443,0.3342886457278897,0.032744619759929074,-0.8130459345461777,-0.002344371490576911,0.001475010982891069,0.08670239117587762,-2.0454047785127205,0.14757973545290845,4.62048408304562
P01,session_01,006,raise_arms,3.6647067070007324,0.32977254811789225,0.03245239703053495,-0.8175809087892382,-0.00028453736544533097,-0.00015742864557909052,0.010168299016185501,-2.24159977936923,0.27184257408994844,8.500325878079984
P01,session_01,006,raise_arms,3.6967899799346924,0.3302981598624369,0.03775446543620029,-0.8080800820724588,-0.002843913510535409,-0.01684891758315112,0.5325903897780141,-1.9805806283104477,-0.2747977530702061,8.581683464457829
P01,session_01,006,raise_arms,3.7286932468414307,0.3326735945879826,0.04016062995005866,-0.8237308019065972,-0.0017324254791193608,0.01953340298340518,0.6146730150730686,-2.0783325100203904,0.15988134182221134,5.048996379874838
P01,session_01,006,raise_arms,3.760592460632324,0.3388535753032403,0.03160763055282871,-0.8214617200740411,0.008319232494830173,0.011201192642737934,0.4373978195099577,-2.1553435420957903,-0.13569316201448453,4.276237560488132
P01,session_01,006,raise_arms,3.792468309402466,0.33874038159767916,0.024500536065582165,-0.8200383854273364,0.011981005752228761,-0.0022455972713846255,0.38240974453006044,-1.9719885670956339,-0.6419162771315919,20.141644181641972
P01,session_01,006,raise_arms,3.8251287937164307,0.3406824421641462,0.027592887912229767,-0.8020547191638365,-0.0031637840969663453,-0.012994639687336615,0.409492888713221,-1.8741063480182214,0.04505069256087719,1.438863842000654
P01,session_01,006,raise_arms,3.857448101043701,0.34280564573662464,0.028387374742161294,-0.7855319424953214,0.00300117832101651,-0.009593007888781391,0.3110063842933911,-1.9762191983243267,0.20814171208637022,6.447671380005745
P01,session_01,006,raise_arms,3.8886821269989014,0.34347614528848336,0.03427769739917053,-0.7792029924320396,-0.0010371668179812328,-0.00479742255682439,0.1571445235046136,-2.0066203996227623,0.26403635115243484,8.454944878437395
P01,session_01,006,raise_arms,3.9207634925842285,0.3414250229318514,0.03365172312168096,-0.7852258725367763,0.0008013478869556891,-0.002113592694814559,0.0704585152840014,-1.964383145422927,0.46611904908874474,14.52944790147128
P01,session_01,006,raise_arms,3.9685957431793213,0.3419531825931891,0.03990297296912625,-0.7726285843277281,-0.005993657957918975,-0.011456117014352363,0.27030487456525015,-1.8801339765106757,-0.8250492223702419,17.250924071172903
P01,session_01,007,raise_arms,0.0012807846069335938,0.44763405754719093,0.0812478590851488,-0.8107843285688596,0.0,0.0,0.0,-1.924893336386531,0.0,0.0
P01,session_01,007,raise_arms,0.033052921295166016,0.44547773603511204,0.08208996690987103,-0.8083088798651676,-0.00024210997766354895,-0.00546998624307334,0.17233155435983105,-1.9510258276324965,-0.14274386828978017,4.496041362996805
P01,session_01,007,raise_arms,0.0658881664276123,0.4474322409915851,0.07623146506031805,-0.8093304544783059,0.00219591454183119,0.003967939246723114,0.13811498594514612,-2.0953809142486794,-0.3605280310051217,10.980778467910095
P01,session_01,007,raise_arms,0.09710812568664551,0.44761757809547914,0.07519867308420082,-0.8136639967262994,0.0002488755726689595,0.0022617849328885027,0.07288402372113587,-2.0055345072078197,-0.001504039375760245,0.08736685064462506
P01,session_01,007,raise_arms,0.1298384666442871,0.449905300970867,0.07448250542307339,-0.8184432759911913,0.0008259630572262042,0.005215908019011031,0.16134572609754014,-2.0174280155396156,-0.009720019901088532,0.337972287833992
P01,session_01,007,raise_arms,0.16110754013061523,0.4518712593590436,0.07197965952587732,-0.8221629707218494,0.002219289734441667,0.005314041271732668,0.1841705918198708,-2.021904656470233,-0.04247968337618089,1.3709475845869907
P01,session_01,007,raise_arms,0.2094109058380127,0.4536355072445758,0.06996273525456793,-0.8212104563901316,0.001954835963334242,0.004005917484171623,0.09228008228140688,-2.0443043882633822,-0.019574802525420928,0.4156210857577324
P01,session_01,007,raise_arms,0.24110078811645508,0.4532334128046058,0.06999896231481706,-0.8242360247789305,0.0011457793113533522,0.002273213002742998,0.08032989219764448,-2.074203399651685,0.021056431894257596,0.6692910069790894
P01,session_01,007,raise_arms,0.2740492820739746,0.45297228254042976,0.06971666746721449,-0.8208818425086245,0.0003780455251683374,-0.0014759302586323203,0.04624118938008923,-1.935539500612627,0.11947801174717781,3.6265003735279255
P01,session_01,007,raise_arms,0.30570554733276367,0.4505136123875834,0.07062593001156393,-0.8121483496914677,-0.0007634919220635417,-0.005909082825477444,0.18821559270337906,-1.9607072721522298,0.012000066782757012,0.42322830634741254
P01,session_01,007,raise_arms,0.3373568058013916,0.44787045348203036,0.07145929173730006,-0.8112886360434662,-0.00018179351669701148,-0.001553296508147269,0.04941031433414878,-1.9863191327375347,0.01313474793706616,0.4179146202866429
P01,session_01,007,raise_arms,0.36936187744140625,0.44726581974136426,0.06589355265007228,-0.8168361388918041,0.00045036729418517537,0.0017877429357875804,0.057603324281146194,-1.9783092697253468,-0.0443979094982369,1.388410271789015
P01,session_01,007,raise_arms,0.4015522003173828,0.44710877981338537,0.0650238444108759,-0.8245622758837625,-0.0007740719608162444,0.00025255822436345046,0.025294296606561312,-1.9570361867942236,0.008474498233896158,0.26447464283458727
P01,session_01,007,raise_arms,0.4333765506744385,0.4471485945507617,0.06467887424257117,-0.8272410886650398,-7.551411695519836e-05,0.0006728954322856863,0.021276769672572998,-1.9558348575798328,0.005976745740371101,0.18900557563025852
P01,session_01,007,raise_arms,0.46548032760620117,0.4506087413671936,0.06375556063515755,-0.8349738418181077,0.0004084016217387494,0.014062904749847819,0.43822986115793783,-2.047492826732348,-0.05336350855111797,1.719016426190032
P01,session_01,007,raise_arms,0.49775218963623047,0.4510961650697143,0.0626778360346701,-0.8346059055038809,-0.00011019883916546564,0.004490470563092047,0.13918696504629366,-2.05951442953613,0.04281829409598942,1.334080292896099
P01,session_01,007,raise_arms,0.5295689105987549,0.45004733915970474,0.06636530709157407,-0.8356802048479597,-0.003581663684520236,0.005470534853881732,0.20551256190018974,-2.012159248759299,0.0005958182003341066,0.2063639932183718
P01,session_01,007,raise_arms,0.5615556240081787,0.4256838790786599,0.09243112920251825,-0.8389826885551733,-0.028937106635835673,-0.004504122671880849,0.9155534861605715,-2.1100711703031143,0.11333184063634576,3.6594716775360667
P01,session_01,007,raise_arms,0.5936496257781982,0.43008418975714896,0.11982792985647084,-0.7828404406566669,-0.028109522219375162,-0.03366130097396741,1.3664431318543873,-2.07983193706956,-0.014544393639798401,1.439631863656373
P01,session_01,007,raise_arms,0.6414685249328613,0.42267723299921306,0.1060704299104928,-0.7427537144183999,0.012499317414066007,-0.04838403600421223,1.0450360017439384,-2.047728134880596,-0.0717508229458457,1.8285268452698582
P01,session_01,007,raise_arms,0.6732542514801025,0.41239163813719254,0.045304929102016785,-0.7784141432142433,0.0563895726678369,0.017513410909652187,1.8576457909912036,-2.070600534679202,0.16499659733719876,5.513285169762459
P01,session_01,007,raise_arms,0.7062208652496338,0.41230055231713353,0.01632800772718426,-0.7652287180678137,0.023970489718397645,-0.021038329669465734,0.9674486350279342,-2.069845426279303,-0.0452661468813725,1.6796828889092437
P01,session_01,007,raise_arms,0.7374587059020996,0.4092826476162834,0.0005597365378876118,-0.7597241334178615,0.011065191106275449,-0.009432292464135511,0.4654556011496525,-2.252079207632812,-0.19802393024008663,6.35629733398468
P01,session_01,007,raise_arms,0.7690749168395996,0.41073242106086466,0.002237210794819731,-0.7531384063276004,-0.0029258680015019894,-0.003473107771051836,0.1436375562867175,-1.983799527114105,0.2858247030004624,9.041588756916148
P01,session_01,007,raise_arms,0.8011083602905273,0.4068486560785726,0.01298267728587681,-0.7358008570079336,-0.009117555655775983,-0.0323814638028828,1.0501707674194634,-1.805487424013539,0.2006208724424424,6.3502941056129405
P01,session_01,007,raise_arms,0.8334770202636719,0.4022477635264488,0.017449106722887138,-0.7409838733721381,-0.007984918212728068,-0.016343173249494743,0.5619481567813926,-1.91909534252695,-0.13440329411423976,4.190119410907697
P01,session_01,007,raise_arms,0.8654282093048096,0.39767783076792856,0.022680854130638136,-0.7344975595516274,-0.004920767368002515,-0.015068060851250249,0.49610660221978636,-1.8728072118362624,-0.030791629487336748,1.0839075856232407
P01,session_01,007,raise_arms,0.8976550102233887,0.38879334070371036,0.033419415809417416,-0.7309824670746593,-0.013358460603840494,-0.020822199889183143,0.7676494483620905,-1.9220298581918591,0.09932282710953132,3.1761575093970555
P01,session_01,007,raise_arms,0.9301013946533203,0.38115269410127844,0.03721721960799432,-0.7295569463361188,-0.011402562397017599,-0.017235495978145915,0.6369255771879627,-1.9500847810940372,-0.025541285485522525,1.0125874604133964
P01,session_01,007,raise_arms,0.9614357948303223,0.37557467573403447,0.031328391805867925,-0.7193554820491553,-0.0021591476863670337,-0.020282974645802185,0.6509642042081064,-1.7662081973705517,0.6045005269650199,19.302892725141746
P01,session_01,007,raise_arms,0.99357008934021,0.3618323372097598,0.016001873238114965,-0.7478824026535642,0.007901151415083959,0.006096245870491451,0.31055916158084773,-1.914046949869886,0.37420253776701745,11.649099278140316
P01,session_01,007,raise_arms,1.0251600742340088,0.3478901326172621,8.686522573599309e-05,-0.7629025829484748,0.020061412518053587,-0.011177687035534891,0.7269776171883956,-1.9023166401517257,-0.10984747076118156,3.552467772055226
P01,session_01,007,raise_arms,1.0731830596923828,0.343899897885696,-0.008545833647661665,-0.7670050677514617,0.00025196358845975744,0.0016270391653764216,0.03428427299244888,-2.108056200959488,0.11030248792297156,2.297124469681521
P01,session_01,007,raise_arms,1.1054937839508057,0.3392630916443153,-0.007264853813010645,-0.7814881994661339,-0.0001282526503992738,0.001274269141569771,0.03963721318055264,-1.9756635718420936,-0.1756988729132796,5.437932592328132
P01,session_01,007,raise_arms,1.1376793384552002,0.3326745996180244,-0.013693452388983467,-0.7862368705342927,0.00641425941917498,-0.0011296542800091687,0.20235708377508058,-2.032865294716356,0.15276545059452143,4.750709640493317
P01,session_01,007,raise_arms,1.1699156761169434,0.3296374580462286,-0.006643327379080606,-0.7841406432198594,-0.0073930924726049495,-0.008590248445823638,0.35157798304041465,-1.9318061984507207,0.011777575079010331,0.5070388156663023
P01,session_01,007,raise_arms,1.2009916305541992,0.3248741415917464,0.020530609256295514,-0.7807420911884182,-0.027115942288965057,0.0005877460071227008,0.8727748452373442,-2.060200062727306,-0.5549446978074463,17.87900320699777
P01,session_01,007,raise_arms,1.2336835861206055,0.32195260230935946,0.015757381969825256,-0.789301023941495,-0.00441106907474239,0.0013388026237448022,0.14100606037197777,-1.9931455765342763,0.041823812588009164,1.2870776904089534
P01,session_01,007,raise_arms,1.2657346725463867,0.319073900899497,0.00581328255886407,-0.8029343530219307,0.0078085482607946,0.02011928720431813,0.6733454650307868,-2.0206331277681553,0.007456969311713088,0.7124073705446767
P01,session_01,007,raise_arms,1.2973172664642334,0.3148842703796788,0.0014326462018525046,-0.8120677258510737,0.0028989861374606736,-0.002192742763065259,0.11509075910932602,-1.9072537812324695,-0.15467688183119904,4.89888783377172
P01,session_01,007,raise_arms,1.3292322158813477,0.3148447887486287,0.0056890863185775535,-0.7806311095168291,-0.001065366651951522,-0.0318352948127623,0.9980625577978602,-1.7701330660764851,0.0620199575796134,2.184605107901345
P01,session_01,007,raise_arms,1.362039566040039,0.3149378827519305,0.005803230804683497,-0.7696110206140964,4.731460395821917e-06,-0.010464760215855167,0.3189761207430758,-1.8550371575543803,0.241250979198492,7.360479792605971
P01,session_01,007,raise_arms,1.39398193359375,0.31877348073725087,0.012677137702234446,-0.7701640223533532,-0.005376083175484075,0.00460674906914263,0.2216447875692594,-1.9392763647383402,0.03900861770788845,1.241169453143214
P01,session_01,007,raise_arms,1.425438642501831,0.3202154824002056,0.01023909704199046,-0.7448339425445667,0.0030281585858967387,-0.00025798889247785595,0.09661305052274913,-1.9789324506417687,0.02464553894501958,0.7894091809413253
P01,session_01,007,raise_arms,1.4573228359222412,0.31959057085997894,0.007985831298491099,-0.7414207568992532,0.002377542020567264,-0.008524871997027696,0.27757346776584724,-1.9260835874938196,0.20348036641706854,6.387890667396387
P01,session_01,007,raise_arms,1.5051636695861816,0.3206609478215673,0.014344590675011707,-0.7542172609065535,0.002111742863396085,0.015183469758039372,0.3204295912479829,-2.043526442711439,0.03940377323827823,0.8837777452376494
P01,session_01,007,raise_arms,1.5373530387878418,0.32217807343083615,0.027366998588173173,-0.7548588221095218,-0.013028164340012026,0.0026764713898219123,0.4131875565911982,-1.9596952058296482,-0.11077796398694888,3.4661609865193994
P01,session_01,007,raise_arms,1.5697822570800781,0.3204434223780624,0.025907208415614287,-0.748613992016041,0.0015446931906539217,0.004474113752952508,0.14595671545334324,-2.044268745253563,-0.1716766836745132,5.295900740682895
P01,session_01,007,raise_arms,1.6010053157806396,0.31993768065771666,0.0251034268669993,-0.7857388864115286,0.008288941618430497,0.007797992444136795,0.36448947372961993,-2.0429532625162308,-0.003152314273013938,0.378213854404571
P01,session_01,007,raise_arms,1.633859634399414,0.32154488568628925,0.026493393052749847,-0.7790496396293775,-0.001063882439918239,-0.003757812400927393,0.11887353259384324,-2.049578563606049,0.1041488118533336,3.1722469818613983
P01,session_01,007,raise_arms,1.6653800010681152,0.32213063691557137,0.026894338575098334,-0.7826434458582744,0.00048473895449831255,0.002948955849724919,0.09481267084995419,-1.994538318966636,0.0879929996976999,2.7932332173365237
P01,session_01,007,raise_arms,1.6970243453979492,0.3106847849630408,0.005423866234607909,-0.8227967571370695,0.025873893766870226,0.017161779250613983,0.9811582204162262,-2.1534474395637515,-0.0651031366605058,2.2793232102047107
P01,session_01,007,raise_arms,1.7292373180389404,0.3152013960046951,0.008334543725418704,-0.8173206277370302,0.006429359282317078,0.010245732099643754,0.37549893123909955,-2.17114851046519,0.2251224204465809,6.9986445844117116
P01,session_01,007,raise_arms,1.7619283199310303,0.32312730997986744,0.021296714149117033,-0.7883437962249054,-0.012404225877698976,-0.011043820113030263,0.5080344171135809,-2.2889698687838105,-0.3298646644807441,10.103162265690663
P01,session_01,007,raise_arms,1.7941625118255615,0.32331142200213625,0.02497126079961659,-0.7747906056239974,0.000501911266840207,-0.010189029162800572,0.3164771052074495,-1.9587200798289652,-0.4034233137017875,12.51938549717664
P01,session_01,007,raise_arms,1.8256175518035889,0.33117312908189833,0.027690376736081136,-0.7534748187878657,-0.003321266780949081,-0.003402347913786622,0.1511573099082924,-2.030752033551101,0.16924389356067193,5.382624472852768
P01,session_01,007,raise_arms,1.8574955463409424,0.3316738839300168,0.027502422330320447,-0.7539698895103344,0.002443362865731084,0.0019485802006525435,0.09803684141619541,-2.018530844033887,0.03949910346863928,1.242943500797639
P01,session_01,007,raise_arms,1.9052059650421143,0.3299350340669979,0.031127880514617245,-0.7634538817843981,0.007133009687699993,0.005104788135582482,0.18384810736362273,-2.123332047631716,0.1760444555025231,3.6944308071892236
P01,session_01,007,raise_arms,1.9372224807739258,0.33046992725292945,0.03052472903299216,-0.7503213148155283,0.00024380608318852728,-0.01223936297549981,0.3823586278282953,-2.0547102436423064,0.16714112618469468,5.234449497404187
P01,session_01,007,raise_arms,1.9691953659057617,0.33171348539299,0.04079203360377101,-0.7469274226551079,-0.0020873804885387743,-0.000753338300144086,0.06940759555218613,-2.022241376404707,-0.028527729876163675,0.8949431187384931
P01,session_01,007,raise_arms,2.0017635822296143,0.3323761094336816,0.040325781223571416,-0.7560434136288999,0.0013281995576671093,0.010811650203466035,0.33446500489690895,-2.0446293948308627,0.019715162368602965,0.6916033455250917
P01,session_01,007,raise_arms,2.033561944961548,0.32986896098782037,0.03733600307154741,-0.7641907081825029,0.005936541576718327,0.00043781644037768055,0.18720033123582625,-2.149396379888907,0.12283324882648677,3.8674129960726997
P01,session_01,007,raise_arms,2.0650362968444824,0.33075320880407966,0.03521248765233239,-0.7606878209499629,-0.001325480907862879,-0.008481708223306381,0.27275076015365995,-2.0148559998189945,-1.0106573081371215,32.111662563052725
P01,session_01,007,raise_arms,2.0970802307128906,0.32973232855737217,0.03248563967206774,-0.7676875983854231,0.0015641747762434371,0.004603587082698673,0.15173115244329935,-2.057943994718228,0.31829499264549616,9.934239866126045
P01,session_01,007,raise_arms,2.129713773727417,0.32932551772190427,0.03020986514857064,-0.7752653961340406,0.0007968539808277255,0.00555585183112116,0.17199192093564777,-2.1233821894282614,0.1115079864610381,3.4213003963076445
P01,session_01,007,raise_arms,2.161923885345459,0.3222751082936275,0.023788491945809696,-0.7849005718357647,0.00670127800307509,-0.007287013311653977,0.30735327601209933,-2.1478116011598356,0.11335392651785643,3.5325991708412916
P01,session_01,007,raise_arms,2.193331480026245,0.33389338910590305,0.04193244790637454,-0.7523545760190027,-0.019002770771141823,-0.008207627478037037,0.6590612201059014,-1.9944991600115523,-0.11172928149899779,3.6179323854921632
P01,session_01,007,raise_arms,2.22631573677063,0.3331377665689282,0.044514844918983644,-0.7529177736271687,0.006467068590741497,-0.0011792545101106564,0.1992983066687651,-1.985640622103202,0.006894600908085276,0.2888115480848799
P01,session_01,007,raise_arms,2.258315324783325,0.3330720841215381,0.0438957625579421,-0.7579194880541155,4.321743670359438e-05,0.0048602168258091915,0.15188973578455298,-2.1471010754396476,0.29011489455325484,9.067479423594678
P01,session_01,007,raise_arms,2.2895028591156006,0.3321547186360881,0.04227248862442763,-0.7603772168378031,0.001556984355113985,-0.003835530871458113,0.13272945648309808,-1.9323730767662655,-0.37344631570318054,11.974952986127045
P01,session_01,007,raise_arms,2.3372995853424072,0.33352800742704103,0.04360401667121395,-0.7509240058287312,-0.0018065303046702385,-0.009808116998760153,0.20865653665485587,-1.9063450802910673,0.00505653126548032,0.2339435532512108
P01,session_01,007,raise_arms,2.369293689727783,0.3329623310022995,0.04982044130615274,-0.7569032475045923,-0.0002458298456507379,-0.010545576764873214,0.3296995452862384,-1.948891477132168,0.0944970732240734,2.971922444546329
P01,session_01,007,raise_arms,2.401435136795044,0.33286946990513194,0.041885504205140534,-0.7453979440833387,-0.0002484948403667737,-0.007557358845382586,0.23525521819518197,-1.9658364485067923,0.2679059984825148,8.338538232931342
P01,session_01,007,raise_arms,2.433593273162842,0.32960160813432676,0.040899328622608984,-0.7478377995783781,-0.0026372123632554217,-0.004543746958953301,0.16336830485496545,-1.9426188179610695,-0.3377946557159673,10.505444201787768
P01,session_01,007,raise_arms,2.465083122253418,0.3317414492247619,0.036115955593195005,-0.7483052507641038,0.004327848944961008,0.01241021352991694,0.4173789091541747,-1.9855355136373032,0.36284550800564147,11.53017498395568
P01,session_01,007,raise_arms,2.497645139694214,0.32753543123399315,0.03602569976368515,-0.7781332591903689,0.010170546059640127,0.01965366558716201,0.6796051548465581,-2.028868756111901,-0.24061255935129638,7.420548853971608
P01,session_01,007,raise_arms,2.529531955718994,0.33023754249556975,0.0448125616022123,-0.7693495551502779,-0.010470327569704417,0.001552937802807023,0.3319511542830616,-1.9301164156842734,-0.3109540459412976,9.757454233611295
P01,session_01,007,raise_arms,2.5618093013763428,0.32894880242146757,0.04059635584747424,-0.7738055542380537,-0.0019514046477242242,0.000678674600311164,0.06400941594830069,-2.0513211477151923,0.4466447486472555,13.837864236364508
P01,session_01,007,raise_arms,2.593217372894287,0.3217714564236093,0.02023750713494677,-0.8071533990227547,0.02090853565966028,0.01745535525922464,0.8671987050360067,-2.1130343930110382,0.15551930055740318,5.026936479540679
P01,session_01,007,raise_arms,2.6256418228149414,0.3269075102607566,0.028780459851800694,-0.8024541763832538,0.0014051166783998154,0.005092807248564672,0.16293537379044984,-1.950977842375296,-0.7933412248405929,24.467919036489526
P01,session_01,007,raise_arms,2.6581406593322754,0.3384323839204429,0.058462043967568184,-0.7682953418956052,-0.018881011537507764,-0.018532998806835222,0.8140859096410838,-1.9520312857287236,0.6651659780457057,20.483561854125796
P01,session_01,007,raise_arms,2.68906307220459,0.33046561002524844,0.051540476689277345,-0.7909629890239277,7.002696387160328e-05,0.006882843412291866,0.22259581305365178,-2.0006440582452676,0.0676243833182573,2.198204480977251
P01,session_01,007,raise_arms,2.7213613986968994,0.31474386480552713,0.007498258973780493,-0.8616334184197894,0.0409911357340282,0.03521524311857889,1.673170311624307,-2.1671063998656925,0.1583506281533006,5.180391767585574
P01,session_01,007,raise_arms,2.7693588733673096,0.32334680041198344,0.006932345930784234,-0.8381231484430206,0.004872707188764531,0.002391859351314671,0.1130913605593123,-2.059414819153762,-0.855360280997056,17.821302266525585
P01,session_01,007,raise_arms,2.8014063835144043,0.31896625836815723,0.0285892434447685,-0.840111974550651,-0.021597570420541577,-0.009140376813324165,0.7317920002756115,-1.9801787047627988,0.043146064584822626,1.5323463616448934
P01,session_01,007,raise_arms,2.8333215713500977,0.3196332832152897,0.020830269522286587,-0.8315106589862887,0.0017372310703748929,-0.013346712192400925,0.42172077763086924,-2.0069542358180983,0.08970760737769112,2.842272867762021
P01,session_01,007,raise_arms,2.8657617568969727,0.32194420116368055,0.024244595861825632,-0.8194109836126328,-0.003783051549354456,-0.006081468044788958,0.22077875950251682,-2.128735566721881,0.18044879106606612,5.566887668948975
P01,session_01,007,raise_arms,2.897667646408081,0.31813092173462393,0.027581612068121708,-0.8200562121562148,-0.002091065324771729,-0.002086053475439234,0.09257448078591844,-2.114567303193128,-0.12447624557988017,3.902454565068631
P01,session_01,007,raise_arms,2.9294683933258057,0.31802076882098923,0.02636930324015036,-0.8264732288100066,-0.0012873668764426416,0.0005679876715646116,0.04424731083943235,-2.079619082320567,-0.004755725350921918,0.15595611213131608
P01,session_01,007,raise_arms,2.961245059967041,0.3169132663375839,0.027302354857181514,-0.8185797602291369,-0.0004758391878776783,-0.01081593758769786,0.3407028102390888,-2.047619838021878,-0.033221756738633756,1.0995905689692218
P01,session_01,007,raise_arms,2.9937100410461426,0.31827324112539757,0.034389790021349995,-0.8048574227534423,-0.0007513475967797432,-0.014742574735766838,0.45469634810051374,-2.037833085384007,0.08542664864323543,2.6703443099197686
P01,session_01,007,raise_arms,3.0257163047790527,0.31873280158436906,0.034946849975903256,-0.7997788203758558,-0.0009608319675089748,-0.0021455089846692233,0.07344909490984583,-2.0488532018185754,-0.05606514372032152,1.7532320588943844
P01,session_01,007,raise_arms,3.0571470260620117,0.32838839519163093,0.04683776530931912,-0.77569365369703,-0.015936910390764586,-0.0015748415838260314,0.5095184411908179,-2.082973357433477,0.13250557859690962,4.246476611143635
P01,session_01,007,raise_arms,3.0893876552581787,0.327360830522592,0.042827165060599214,-0.7685363633768044,0.00411191984433867,-0.00698481055055771,0.2513993676139856,-1.9777710612388106,-0.11052452855646658,3.4373190405224303
P01,session_01,007,raise_arms,3.1212260723114014,0.33041930778315,0.044354160010835975,-0.7593193428425962,-0.0014221118621650796,-0.002785596673502018,0.09823387450750377,-2.0865406275958995,0.2163514384374098,6.79600507519367
P01,session_01,007,raise_arms,3.1536290645599365,0.32964784055243074,0.043105840737922424,-0.759326471435541,-3.200391699082328e-05,-0.001911103958387043,0.058987512588720405,-1.982187765748652,-0.15190349451331886,4.688317612192616
P01,session_01,007,raise_arms,3.2012016773223877,0.33136683163341135,0.04174698907529289,-0.7479620721924485,0.00771524812023302,-0.006961256634405469,0.21843538770754622,-1.932531262706811,-0.38585260213634226,8.11375460861019
P01,session_01,007,raise_arms,3.23305344581604,0.33301152538498263,0.04999399238305572,-0.7361035204098598,-0.002444063830724888,-0.010778760010991102,0.34699425033026904,-1.9351168470538582,0.08743747983791873,2.7669810558233547
P01,session_01,007,raise_arms,3.265244245529175,0.3341559775647585,0.052743904978671693,-0.7318669271879812,-0.0033203376107688773,0.0007160812989030948,0.10551701033720703,-1.9632939835967163,0.0634331731162708,1.973360403405061
P01,session_01,007,raise_arms,3.298034429550171,0.3338357355755554,0.051344806408832204,-0.716661362386592,-0.0009788720324314113,-0.018034634769514713,0.5508105873099377,-1.9724537038928092,-0.06085829987715124,1.9360001077730942
P01,session_01,007,raise_arms,3.329167366027832,0.3346301152718427,0.05106755275205674,-0.731077532454948,0.0013965130299782625,0.0011841482890590847,0.05881139022241151,-1.9252247987005677,0.05596634732762587,1.798618964122691
P01,session_01,007,raise_arms,3.361112594604492,0.3360316479441428,0.05235823663227822,-0.7207608829002271,-0.0018369716252373564,-0.007680026934818533,0.24719380142947106,-1.9258359978693635,-0.06696835819919467,2.1108731004749273
P01,session_01,007,raise_arms,3.393411159515381,0.3389439485696701,0.04700115459728288,-0.716873614590191,0.0038476852387806485,0.006265941343035314,0.22765737071561137,-2.041665878875491,0.13825863584258744,4.286692785231038
P01,session_01,007,raise_arms,3.425520896911621,0.3390552966797766,0.04742129821471037,-0.711229641344326,-0.0002462465768466739,-0.004859886929806389,0.15154659874963824,-2.0400083956563946,0.008465753388355493,0.3041020239732809
P01,session_01,007,raise_arms,3.4577088356018066,0.3391094197087283,0.04887295702457745,-0.7139212109984059,0.001739050351105702,0.0037580994094391566,0.12864964704753987,-1.9812262072264166,0.0460825822745231,1.4374409515936564
P01,session_01,007,raise_arms,3.489558696746826,0.34025570358387375,0.04985645695397295,-0.7100078236553494,-0.0015261774041544927,-0.002317578932762942,0.08712620657149546,-2.0239064715989983,-0.24582593023263025,7.718764954588554
P01,session_01,007,raise_arms,3.5220062732696533,0.3407862033771293,0.05078589541189799,-0.7177350025339478,0.0003718882240470996,0.008163263530135348,0.25184408033753397,-1.9733134256162241,0.13574921499333562,4.191220578171679
P01,session_01,007,raise_arms,3.5536224842071533,0.3448724682744176,0.043166609856909295,-0.7165019144289033,0.006999222390436433,0.005931991122803987,0.29019407010510184,-1.9818776724281448,-0.12825743411042412,4.067064662046238
P01,session_01,007,raise_arms,3.601221799850464,0.34490949684082783,0.053851849474124906,-0.7122585716524961,-0.0003071308731633727,-0.010032711440110385,0.2108730197961309,-1.901778754780354,0.1388534184448692,2.9247424078955566
P01,session_01,007,raise_arms,3.6357955932617188,0.3419223760910903,0.05258819971528788,-0.7531250437449768,0.001615399811754946,0.039152494091288015,1.1333961677500841,-1.9332735558440886,-0.07432985475582152,2.430352677851267
P01,session_01,007,raise_arms,3.6663131713867188,0.3463333289531952,0.05943326066057946,-0.7375058622166458,-0.009447709203961834,-0.007330941145193826,0.3918509011792623,-1.9389393521202964,0.2867747331676535,9.405200885905193
P01,session_01,007,raise_arms,3.697375535964966,0.3463962084629601,0.060864983906684954,-0.7374112187209747,0.0002594396271219719,0.00010978111895461321,0.009069190923353426,-1.9272491198358015,-0.19879073177554898,6.399735953250675
P01,session_01,007,raise_arms,3.7295427322387695,0.3456462770756276,0.06455895773675698,-0.7417949071891932,0.0009919844124211792,-0.000503191745405476,0.03457903672369536,-1.8731368767035932,0.05576597082958434,1.7339734042074275
P01,session_01,007,raise_arms,3.7620277404785156,0.34590172742591574,0.06040036411446442,-0.7439803750449608,0.004113673540027247,0.00397534630775376,0.17610083420674918,-1.87469424691019,0.006525913507255527,0.26714845761551376
P01,session_01,007,raise_arms,3.7935304641723633,0.3466786704047161,0.06903792742921235,-0.7260957770752196,-0.0035010212198643763,-0.01729921929920463,0.5602668917656154,-1.977264440203484,0.19093896173828986,6.0868700383065635
P01,session_01,007,raise_arms,3.827477216720581,0.34588322285240464,0.0687033288133925,-0.7440562798905465,0.0012114512213557136,0.016325296081811314,0.48223120688149823,-1.9581496668821112,-0.115522746644816,3.437054907927272
P01,session_01,007,raise_arms,3.858332395553589,0.34617027360247427,0.060528144364505626,-0.7533484278272032,0.0009796783648737737,0.010015886547687931,0.3261586950479519,-1.9458422993664255,0.39019822197547294,12.650322975793927
P01,session_01,007,raise_arms,3.8896472454071045,0.3462400175009743,0.06020148006262412,-0.757693021705924,0.0001209772469925083,0.005338147921722789,0.17051075163421525,-1.7177587489757176,-0.30092866396542484,9.61128769379991
P01,session_01,007,raise_arms,3.9217405319213867,0.34553920444866476,0.05511199868210679,-0.7592526096419672,0.0009322626739347505,0.001030068749634816,0.04328943683845155,-1.8933530849408873,0.2406988763876789,7.50010086154744
P01,session_01,007,raise_arms,3.9544320106506348,0.34617705556034173,0.057119178895060456,-0.7559115427131504,0.0014071812466010243,-0.0025276833734943975,0.0884934444963908,-1.7944858672550237,-0.12163324783522542,3.7216929826265313
P01,session_01,007,raise_arms,3.985503911972046,0.3432622870300757,0.053485852355949284,-0.7612340704796161,0.0035012242834101,-0.001343813064661927,0.12069599337800346,-1.89175645569557,0.3098310439255181,9.972152549777453
P01,session_01,008,raise_arms,0.017202377319335938,0.41364278562330203,0.016824502342908037,-0.7963062215483225,0.0,0.0,0.0,-2.1482952793479413,0.0,0.0
P01,session_01,008,raise_arms,0.04994988441467285,0.4109460577989631,0.021805327278024318,-0.7927014437286709,-0.00467896236131109,0.0028051220058667352,0.16658980535232737,-2.1257994526517403,-0.09525677255400634,2.9135915932970256
P01,session_01,008,raise_arms,0.0814049243927002,0.41003400767865433,0.025807215758274476,-0.8054030339805202,-0.0021049233511022778,0.014707534568311982,0.4723375971690082,-2.0965884419070173,-0.03228174208394272,1.1297599735569666
P01,session_01,008,raise_arms,0.11418819427490234,0.41146504917681204,0.05145237635817774,-0.8043170458240009,-0.004856887444483127,0.006861852359062022,0.25643583501088274,-2.019598735679229,-0.06896437578313559,2.1192176437843773
P01,session_01,008,raise_arms,0.1456291675567627,0.40868322387182343,0.05646827569415105,-0.8097212824900214,-0.005229512298403262,2.275191160740476e-05,0.16632951354211636,-2.0391893736221345,0.10970931669554088,3.49333606469628
P01,session_01,008,raise_arms,0.17723536491394043,0.4074386636999643,0.05965494496128463,-0.8126521785767713,-0.003468561659786917,0.0003040660231913584,0.11016396083973232,-2.005907316682795,-0.006389775219612099,0.23023503502752032
P01,session_01,008,raise_arms,0.2095794677734375,0.4059053026176896,0.06785156394236216,-0.8145748633303693,-0.0031089752487741306,0.0003886219060967663,0.09686989888690714,-2.016615972677784,0.01155696790651077,0.37021121785114547
P01,session_01,008,raise_arms,0.2415475845336914,0.40648244018447943,0.06582785256857938,-0.8139374643085425,-0.00039767473487291744,0.001008190501334345,0.033902108034052796,-2.024874408270943,0.004548918003402524,0.14627833731179277
P01,session_01,008,raise_arms,0.27360987663269043,0.4070731558031102,0.0664636713523753,-0.8193934457120908,-0.000509952753288149,0.006718813298042251,0.21015771414025947,-2.0472461616332596,-0.024436916902650888,0.7906132816017765
P01,session_01,008,raise_arms,0.305387020111084,0.40737934439125445,0.06598290005915208,-0.8233771344178336,0.0004612498037552756,0.004646808292582292,0.1469497844869779,-2.038475767319373,-0.00880511609910973,0.3136445244913343
P01,session_01,008,raise_arms,0.3376021385192871,0.40740949497565404,0.0658344585490036,-0.8210611807995071,0.00011810193451139225,-0.0027660504488567824,0.08594010309933198,-1.9660628008233407,0.013409744984736845,0.4250352721402702
P01,session_01,008,raise_arms,0.3692007064819336,0.4078424018617333,0.06633162566638953,-0.8202680677105739,-0.0017102036227172016,-0.0007088824706878984,0.05858809040602309,-1.999188867756709,0.010959983577964176,0.3517640289426905
P01,session_01,008,raise_arms,0.40148305892944336,0.4077136819401719,0.068594427897831,-0.8174296572799645,0.00033331868933413045,0.004827565683855989,0.14989796622264442,-2.034978194099332,-0.00980740903428113,0.3387689650939787
P01,session_01,008,raise_arms,0.4492666721343994,0.4059593191045418,0.07132843540884094,-0.8152843610257576,-0.0020473163877142496,-0.006009220103009811,0.1328573408498479,-2.091674615799695,-0.04913036269367381,1.0367324173609072
P01,session_01,008,raise_arms,0.48148012161254883,0.40553065177578185,0.07649211257647553,-0.815558830065794,-0.0008176463047454898,0.00028866750719398564,0.0269175432397091,-2.113528465503588,0.026758698926155317,0.831104548946502
P01,session_01,008,raise_arms,0.5135917663574219,0.40881093342104985,0.08671620579165247,-0.8113892468206809,-0.004085134482155424,0.010468806376264638,0.3499548453055196,-2.1055646986183882,-0.06715946508660904,2.1205128912727815
P01,session_01,008,raise_arms,0.5453593730926514,0.41202828154117754,0.08409428343028764,-0.821185106148081,0.0030845818025660087,0.02147153339169021,0.6828328690344188,-2.0917486212145042,0.006273139085339511,0.7108129155541842
P01,session_01,008,raise_arms,0.577092170715332,0.4206324786414889,0.07140899168723812,-0.8146634298187206,0.010159816322480314,0.016516835355790488,0.6110849212617371,-1.9343346468960931,-0.1441734025524702,4.584267691113946
P01,session_01,008,raise_arms,0.6098628044128418,0.4153839907251779,0.0782044800853889,-0.8169530310252504,-0.010492163449069579,0.02069856082934349,0.7081323443448941,-2.0429852835287092,0.2729789878573864,8.36003305733735
P01,session_01,008,raise_arms,0.6415996551513672,0.41600483244013964,0.07497084710269389,-0.8091758071457541,0.0007284648916737907,0.002110065881827195,0.07033691549939021,-1.9612866796114998,-0.024629005045569162,0.7792190960101775
P01,session_01,008,raise_arms,0.6735787391662598,0.4183227881906125,0.14795245527833278,-0.7391940469524014,-0.08105658302929424,-0.062357410324076795,3.1979457681571737,-1.9809407966102162,0.06253437646338571,3.748432878797549
P01,session_01,008,raise_arms,0.7054855823516846,0.42401488822961264,0.11028007852388527,-0.7137992479119383,0.036493103268233414,0.0033894734235038293,1.1486618060083025,-2.1381420246239595,-0.18376879501890678,5.872967304827909
P01,session_01,008,raise_arms,0.7371463775634766,0.4101876558787689,0.07399230422497809,-0.7276191515433325,0.03881589584783788,-0.0043426094949064195,1.2336411464354733,-2.089024176672339,0.1677523092752308,5.440143813029725
P01,session_01,008,raise_arms,0.7697715759277344,0.4005110305471455,0.021935244568364022,-0.7387610683568685,0.04679345464225474,-0.007437502341010499,1.4522774015168702,-2.149069396921791,0.0072912108250585755,1.4693722342646955
P01,session_01,008,raise_arms,0.8015410900115967,0.3991203374422112,0.010809306333055048,-0.731081965377482,0.011386804244646206,0.0010344784157207026,0.3598952837603538,-2.1154738252659677,0.06886513255690539,2.197321933762542
P01,session_01,008,raise_arms,0.8491988182067871,0.40181578420966907,0.015297788555831887,-0.7151490953866317,-0.00042250438174156005,0.007307141523598438,0.15358151485799237,-1.9892841707365572,0.06460182112307049,1.3642097531948076
P01,session_01,008,raise_arms,0.8810079097747803,0.40179955047000665,0.01826510578807869,-0.6916402845158749,-0.002786460923089855,-0.0009895301836678448,0.09295917198987232,-1.9057820450530945,0.09371229487980591,2.947551457725382
P01,session_01,008,raise_arms,0.9132943153381348,0.4001719676350247,0.017388810348472675,-0.6940631615949491,-0.0035109922740188867,-0.0020769994809543683,0.12634845301078015,-1.7664021344184782,0.2144468637065136,6.643218910902221
P01,session_01,008,raise_arms,0.9452612400054932,0.4001368733948448,0.01767112625085379,-0.6935351934031858,-0.0010260408887829832,-0.0012071770271047178,0.04956089514888528,-1.850645897678512,-0.05675046605040767,1.7759786720017074
P01,session_01,008,raise_arms,0.9779279232025146,0.3971807198929106,0.014268817060755978,-0.6947834835066231,0.0035889080421320574,-0.0044518817279476704,0.1750514022341012,-1.918070086788537,-0.04627158954395891,1.4272521531179994
P01,session_01,008,raise_arms,1.0096068382263184,0.39051560911982064,0.00545276753613367,-0.6814148839278295,0.008292155209409426,-0.026061985915561026,0.8633297581174896,-1.772604345767484,0.10626865877558152,3.4638672996487556
P01,session_01,008,raise_arms,1.0416479110717773,0.3859357727001908,-0.006660923672693146,-0.6829537135302979,-0.00016073538251189205,-0.0009396243739633449,0.029751601083033725,-1.8302227960103952,-0.13705884444926386,4.27770194145993
P01,session_01,008,raise_arms,1.0732178688049316,0.3849332535181075,-0.003931375669762444,-0.6865995066442067,-0.0027315661292224794,0.0010184096725987413,0.09234215276753295,-1.7964668815479492,-0.09828617245125813,3.114650890351749
P01,session_01,008,raise_arms,1.1053366661071777,0.38541264532087804,-0.0026347976522484917,-0.6867487107662938,-0.0006848355170258486,0.0008374378873584306,0.03368136474858277,-1.7889353562553392,-0.007591726281072916,0.2387516665432487
P01,session_01,008,raise_arms,1.1375184059143066,0.385508347476081,-0.002185379012136776,-0.6922718537179071,-0.00027467019102628195,0.004982562103018836,0.15506082533102222,-1.9635275780226433,0.13105198590345654,4.075197859651497
P01,session_01,008,raise_arms,1.1694324016571045,0.3818349049551493,-0.003239320894986812,-0.680717962667162,0.0011784031726022428,-0.018298342495323066,0.5745519188656438,-1.7906584905030674,0.11957822388644947,3.7906850027100734
P01,session_01,008,raise_arms,1.2015769481658936,0.375287035024318,0.01224967001179473,-0.7037234489371849,-0.0141559568859743,0.011563589384863907,0.5686380918853998,-1.841738614879131,-0.23120913156964942,7.215237235870366
P01,session_01,008,raise_arms,1.23325514793396,0.3797411138570934,0.02823175905634951,-0.6970518619147579,-0.018067379319648885,0.001774525556802812,0.5730854238346549,-1.9516570482199964,-0.1443811511469528,4.593633073979558
P01,session_01,008,raise_arms,1.281165361404419,0.3791118158771415,0.04834735650429488,-0.7001252938021183,-0.004422334989383473,0.001972190347938932,0.10106753189406598,-1.856203870662382,0.03355779590371189,0.7076850634898412
P01,session_01,008,raise_arms,1.3133561611175537,0.3792229143624188,0.03929499764077717,-0.6949078480555724,9.316592392633666e-05,-0.002460429140688105,0.07648745692120833,-1.8847325934474188,0.12234328298082252,3.80133633568044
P01,session_01,008,raise_arms,1.3455522060394287,0.38957995278466556,0.053370321798312685,-0.7107824151463739,-0.011293221107809214,0.03423939800696666,1.119819364810404,-2.0429298253809196,0.05464358368167139,2.033354703686782
P01,session_01,008,raise_arms,1.377854585647583,0.39449541021962325,0.058064967087079866,-0.7245527463976061,-0.0062096826278916365,0.027236088945026157,0.8647972325661208,-2.211289718210227,-0.2709077732509928,8.431089151673083
P01,session_01,008,raise_arms,1.4092001914978027,0.3850535334618834,0.05074455740524936,-0.7423477151180216,0.017820510716064778,0.0029428991183624914,0.5762170658848027,-2.16309172541927,0.1311958869408086,4.224941445883261
P01,session_01,008,raise_arms,1.4427433013916016,0.3887687873898556,0.045823906211651534,-0.7458097943431649,0.006357227675204228,0.00875820138662458,0.32263614047201883,-2.163431694058161,0.4413188207210221,13.160720513218303
P01,session_01,008,raise_arms,1.4731676578521729,0.3882547266253284,0.04340869379555328,-0.7410809725948813,8.082798050396206e-05,-0.005147353007250416,0.16920612893157896,-2.0131828246472687,0.04061254604751212,1.345550944581157
P01,session_01,008,raise_arms,1.5053002834320068,0.39159926219209523,0.04812414417503463,-0.7236233644746632,-0.005643273680654528,0.004792125055608134,0.23040274600286553,-2.0132731408131805,-0.23443039879423197,7.299349739736655
P01,session_01,008,raise_arms,1.5372495651245117,0.3885959890146426,0.050680921498573,-0.7254741636451725,0.0035067940248019736,-0.003953871820945988,0.16541689470425897,-1.8943284422606415,-0.2064062779568607,6.46255300498201
P01,session_01,008,raise_arms,1.5692787170410156,0.3920691056703545,0.04715173406317663,-0.7283311371181823,0.004841453690753811,-0.002703856014975135,0.17313334926469018,-1.967921513274177,0.02841296898196774,0.9038343255287784
P01,session_01,008,raise_arms,1.601180076599121,0.3915126614460345,0.049401365777909614,-0.7248353421781517,0.0007798593070636209,-0.004589865948073709,0.14593883047068518,-1.9762925091383048,-0.0438488550507287,1.382239484496075
P01,session_01,008,raise_arms,1.63397216796875,0.3913286734062036,0.045367265098980473,-0.7080621101061323,0.0006249423416504262,-0.018618879920672415,0.5681054266138349,-1.8879906060310694,0.17374093932201384,5.3286278522271235
P01,session_01,008,raise_arms,1.6650352478027344,0.39203763186267804,0.04743542161406963,-0.7088211696006423,-0.0007789670498103691,-0.0016191294226516103,0.05784250888163848,-1.9318670757391538,-0.09187643444178296,2.958302986641764
P01,session_01,008,raise_arms,1.7133278846740723,0.3906424092285964,0.058790295200396,-0.7074428361871966,-0.0007185425001929375,-0.0016087387271400406,0.03648412828137867,-1.8090741513881052,-0.08278006694510531,1.7145225594716236
P01,session_01,008,raise_arms,1.7454338073730469,0.3908293535742908,0.056318346168226306,-0.7063239867359816,-1.4907667434674736e-05,-0.0042102150489549675,0.13113597391752999,-1.8861088570945894,0.1596457530336115,4.974199370131841
P01,session_01,008,raise_arms,1.7772917747497559,0.3923528112096081,0.05660790373318269,-0.7026423493397148,-0.0027647940873557256,-0.003083209890377655,0.1299922354241111,-1.9535447182539052,-0.132705520735994,4.167564151580341
P01,session_01,008,raise_arms,1.8093256950378418,0.39177199969793675,0.06078731409459443,-0.6970792818525402,-0.0004619005484761778,-0.007280715002413533,0.22773835013718388,-1.9165348792244223,-0.03428227087919437,1.0941499093670324
P01,session_01,008,raise_arms,1.8415346145629883,0.39770247922688384,0.04193142635459612,-0.6864445946974919,0.008301397515463412,-0.0014359279396576976,0.26156330658615434,-1.8012227020218998,0.07396463917942102,2.311250573814551
P01,session_01,008,raise_arms,1.8742454051971436,0.3977704417023808,0.045615401824928445,-0.6872681231800839,-0.0036530787144442487,-0.0001301419828126885,0.11174893915271251,-1.9275411864767842,0.08854206429107304,2.7091209250619785
P01,session_01,008,raise_arms,1.9054787158966064,0.3924000213741671,0.044497735766939744,-0.6922763925915898,0.002197047744829726,-0.003051168283351404,0.12038023325848647,-1.8090010033066388,-0.18171636607375494,5.819276131849018
P01,session_01,008,raise_arms,1.9374439716339111,0.39162363069191747,0.04272174522502103,-0.6915637775487796,0.0008870906780052335,-0.002117922335040204,0.07183417955323981,-1.719200454425956,0.17962351516879665,5.6197952128188815
P01,session_01,008,raise_arms,1.9691615104675293,0.3907507276934419,0.03777676623154744,-0.693502220717014,-0.00024368072349026775,0.0008918943287934871,0.02915056308390339,-2.0366551147159653,-0.20360969752685468,6.419533300969217
P01,session_01,008,raise_arms,2.001462459564209,0.39065676671810134,0.04229461041068454,-0.6935761037745984,-0.0026715967031238175,-0.007773873422093754,0.25448571055158226,-2.000863208887376,0.00721170905586533,0.3385421061802696
P01,session_01,008,raise_arms,2.0334179401397705,0.3913469733417947,0.042156009946355745,-0.6935912681842203,-0.000949744571893046,-0.0023359231045381305,0.07891030888706278,-1.9254462649269357,0.18184948901415193,5.691260713479928
P01,session_01,008,raise_arms,2.065807819366455,0.39235849975440074,0.04098613554863877,-0.6914107504044051,4.473859467130266e-05,-3.9801398315386405e-05,0.0018487459380283678,-1.9513570932935465,0.027572000920215358,0.8512555959639737
P01,session_01,008,raise_arms,2.0970101356506348,0.3905248831671112,0.03599902601719984,-0.6915304643382432,0.0022677320965839467,-0.0005148872141490069,0.07452812090599144,-1.9349944190634973,-0.026784742712859178,0.8616508043339558
P01,session_01,008,raise_arms,2.145306348800659,0.3897012689027642,0.037511916508961345,-0.7073052305765373,-0.0023847898262034594,-0.010550079543159898,0.22395661314328197,-1.8846270009656647,0.02413330217530394,0.5475857240556326
P01,session_01,008,raise_arms,2.1776106357574463,0.38957140518331823,0.037104778817780786,-0.7001513131930308,3.4233876231798784e-05,-0.0031835592388520816,0.0985548234494424,-1.8233025211287341,-0.08278328849978667,2.5645044390602174
P01,session_01,008,raise_arms,2.209878921508789,0.3926819588133614,0.038336563654491715,-0.7007342728564827,0.0039307934800221905,0.005424620986968627,0.20760564611213775,-2.0340787667370805,-0.17444627406317276,5.410106284522851
P01,session_01,008,raise_arms,2.241565704345703,0.39144265058504735,0.03427654994189035,-0.7021944985584518,0.004300918644115696,-0.0006381600622219072,0.13721826064585463,-1.9606528220695805,0.22531094846076077,7.111889495984349
P01,session_01,008,raise_arms,2.273505926132202,0.3860510849461561,0.05302853090140587,-0.7097490556839473,-0.010114851228542466,-0.0017436683434389518,0.32135167520622326,-1.9075099812636704,-0.26491555766595654,8.30032812357036
P01,session_01,008,raise_arms,2.3053135871887207,0.38422674540890855,0.05844548410114202,-0.7134415917699213,-0.0028543704387366657,0.0003379481522167297,0.09036523592455362,-1.9308349856716092,0.03893688988086368,1.2274664209186743
P01,session_01,008,raise_arms,2.337355613708496,0.3844861851246426,0.05785168047872078,-0.7067836330648634,-0.00035221487317102566,-0.00749797564402571,0.23426245116414277,-1.8779594953007046,0.0780898897321917,2.448341460412779
P01,session_01,008,raise_arms,2.369344472885132,0.38495713070138327,0.042706954946099634,-0.7060993563141994,0.0005580622458929027,-0.00023333559119389735,0.018909061350222696,-1.9936445098298132,0.28920371087448143,9.040783287693321
P01,session_01,008,raise_arms,2.4013161659240723,0.3842906314798461,0.04235080722869914,-0.7058553178121268,0.002587855428810666,-0.0016622392682278072,0.09620125537134794,-1.9552263689569582,0.026306987657394917,0.8284258875554004
P01,session_01,008,raise_arms,2.4332525730133057,0.38879040352860134,0.04135733870709476,-0.7007920032184074,0.00037851723348828327,-0.0027974861150576948,0.08839372029731078,-2.077325650224379,-0.0625842946426254,1.9616461512640837
P01,session_01,008,raise_arms,2.4651873111724854,0.39022029760526694,0.053983923177260584,-0.7226197706450425,-0.0011952385568605962,-0.002776924851594331,0.09466894229826014,-2.0798995728630927,0.07103891293398805,2.2265162708389545
P01,session_01,008,raise_arms,2.498513698577881,0.3911143700800822,0.05189547337030728,-0.7170512111996429,0.0019135344498023902,-0.003433275130104382,0.11794019420875357,-1.9616247041886121,-0.040195410335901426,1.211866327530833
P01,session_01,008,raise_arms,2.545222520828247,0.3899860864674494,0.04414439272279054,-0.6998640405064326,-0.0016662767238408663,-0.00187623775476351,0.05372286666750726,-1.8814245564166747,-0.1684209955916068,3.6061643156650818
P01,session_01,008,raise_arms,2.577540159225464,0.39260089716522945,0.044724142802702406,-0.6967634209130269,-0.004444718527658207,-0.008877595099971814,0.3072038337792417,-1.8629417049785872,0.09696356242594162,3.0160157557600704
P01,session_01,008,raise_arms,2.6102073192596436,0.39415111780016443,0.05118249866107155,-0.6983482826294795,-0.007197110015738204,0.006423038189818081,0.2952947357004216,-1.9299202240402158,-0.16548769094371601,5.074472424348434
P01,session_01,008,raise_arms,2.6411168575286865,0.3943306854705243,0.05113886130946772,-0.704057839933675,1.5342126970117237e-05,0.005755035884337376,0.18619030424196223,-1.875709915197494,0.33467288139780377,10.829096086319772
P01,session_01,008,raise_arms,2.6737606525421143,0.3938853139779232,0.04829241993957697,-0.6964814252028346,-0.0003026119130612423,-0.005306055316704287,0.16280819996310242,-1.8637815518361023,-0.2443215226595798,7.486241115169972
P01,session_01,008,raise_arms,2.705125570297241,0.38935751034216287,0.04325145568022149,-0.6972050520347008,0.005588774872703742,-0.006498671556274569,0.2732765734776898,-1.8755322219445094,0.01861510838431933,0.6533938012235417
P01,session_01,008,raise_arms,2.737894058227539,0.3923675107162714,0.04152527317613215,-0.6975290074327178,0.007869102613449306,0.005796439227454782,0.2982593918102007,-1.9193486545865983,-0.14033732398915807,4.293064750982217
P01,session_01,008,raise_arms,2.7690041065216064,0.3892526662344219,0.0561792706538842,-0.7123448922829867,-0.013387946055117707,0.00038151305139282136,0.4305162360348441,-2.062533955851204,-0.09064248231125167,2.945242807140961
P01,session_01,008,raise_arms,2.8009588718414307,0.38676035588018887,0.059592453562365255,-0.7224033610297231,-0.012030684686691873,0.006721775246604595,0.43127005362702886,-2.0925484415160116,0.11404640769424827,3.5949577761439087
P01,session_01,008,raise_arms,2.8336780071258545,0.38658993284272736,0.061999502919296234,-0.7098593113705182,-0.005328094026347875,0.006104778498827869,0.24765003333839455,-2.00665788369498,0.0843480300741652,2.5898098433878785
P01,session_01,008,raise_arms,2.8655788898468018,0.38966918368037373,0.0605698462263706,-0.7048829587728902,-0.0027263212762176714,1.3919557670256016e-05,0.08546336582012014,-1.9833415588364962,-0.04140219466845452,1.3006493883183956
P01,session_01,008,raise_arms,2.8972628116607666,0.3910913845400053,0.05701178034600808,-0.7025159560619393,0.0036023807812892387,-0.0022059233789916313,0.1333208240764847,-1.9325709288757766,0.27406517643075395,8.651003781357252
P01,session_01,008,raise_arms,2.929659843444824,0.3998729507892943,0.04575562172743811,-0.6931296628850233,0.010386316294382445,-0.001775515760295016,0.32524533798532157,-2.0951412969567,-0.05964909031209226,1.8696965190689048
P01,session_01,008,raise_arms,2.977116346359253,0.399426229932518,0.04741302285969067,-0.7024330356857532,-0.000580002853392701,0.000935570306643221,0.02319535082973335,-2.0157234854460464,-0.07919584179058824,1.6689702474693087
P01,session_01,008,raise_arms,3.0091419219970703,0.40020823048405335,0.04647219897516766,-0.6885069879429198,0.0007545000513030695,-0.009513313319588407,0.29798640288190686,-1.9826718577339328,-0.005452523225320057,0.34319492329083634
P01,session_01,008,raise_arms,3.0420987606048584,0.39867191412110126,0.052423787864283644,-0.6724809767516137,0.0012709675983888847,-0.026657278295816742,0.809773050617578,-1.9482943914041237,-0.0809373389316151,2.5859184760141494
P01,session_01,008,raise_arms,3.073826313018799,0.3918476435359024,0.040874946658493165,-0.6881227636984631,0.015990219079069536,0.004108539331399078,0.5203555936857928,-1.9168016435929074,0.09918699970150822,3.169220803006381
P01,session_01,008,raise_arms,3.105597972869873,0.38936403453990537,0.04532614085613252,-0.6929663149829861,-0.0030115831783278932,-0.0022154799750089176,0.11767450415242119,-1.8638404782713913,-0.13423523898951206,4.226637663374607
P01,session_01,008,raise_arms,3.1374671459198,0.39008253840174634,0.04956872936679519,-0.6956129104464804,-0.004977768348215833,0.004299030373485971,0.20638192520419607,-1.9819812205478218,-0.07818129006373206,2.4618607385896505
P01,session_01,008,raise_arms,3.1697733402252197,0.38938664834993136,0.052675842010289076,-0.706236853428589,-0.0020812592217088572,0.014085332975691091,0.4407286970685792,-1.9852551415530737,0.011763385343822673,0.5716873037114191
P01,session_01,008,raise_arms,3.201469659805298,0.39057725107521657,0.052808655502072685,-0.6906122200505032,-0.001910862851076099,-0.0065402586917356845,0.21496788155529226,-1.9542240359799896,0.010332512254917785,0.3904832308195644
P01,session_01,008,raise_arms,3.2338972091674805,0.39090311701233355,0.05383968848297139,-0.6905365655866648,-0.0005627249616856821,0.00017298779813911566,0.01815474806297688,-2.013999080124684,0.05757689964380473,1.7756478811319119
P01,session_01,008,raise_arms,3.264944553375244,0.39062109805599676,0.054431390881861205,-0.6891396505235093,-0.00041931571197235517,-5.73736199787502e-05,0.013631524549461918,-1.9136782305248035,0.00933856755641489,0.3010934774728357
P01,session_01,008,raise_arms,3.2973921298980713,0.39113401863275793,0.052115011932254256,-0.7135047500138089,-0.0021875486022454424,-0.0011501583472969333,0.07616852333795933,-2.015377059952849,0.23377585585531804,7.2051273111264535
P01,session_01,008,raise_arms,3.329235076904297,0.3897755680869629,0.05366138212076998,-0.717898153732955,-0.002007921615160476,0.004264568298449242,0.14802738967351045,-1.9480768097150098,-0.09156099818218838,2.879201112510644
P01,session_01,008,raise_arms,3.3618173599243164,0.3886716658364374,0.049278439151173484,-0.7162503977181433,0.004892821524891691,-0.003227120607394028,0.17989007646160707,-1.878021647056735,0.09389238282560952,2.8873099048231166
P01,session_01,008,raise_arms,3.4091615676879883,0.38988348535737116,0.053515818219504074,-0.7219557231490066,0.0010343349757927234,0.008323524357908986,0.17716094798209606,-1.8632334558778667,-0.1899828229614585,4.016708537633841
P01,session_01,008,raise_arms,3.4423301219940186,0.3877593471441501,0.047040880778382255,-0.7193745202308846,0.005005439745336455,0.0030299642397874746,0.17640436340583476,-1.8807903912089832,-0.024673076507804443,0.7645000715445421
P01,session_01,008,raise_arms,3.473557233810425,0.38839140729136196,0.05110482405925459,-0.7224584999073371,-0.00024170801351126625,0.00436839276482425,0.1401050044719902,-1.9948960950688175,-0.14230854716381203,4.559364466762855
P01,session_01,008,raise_arms,3.5056381225585938,0.3902099623648132,0.05250058300817957,-0.7274993447901451,-0.0003202789548872622,0.009755848952302212,0.3042654117479886,-2.0323402947652274,0.287492416047215,8.96664920501198
P01,session_01,008,raise_arms,3.537386894226074,0.386867941256486,0.05979023083296122,-0.7380134108030169,-0.003844540846188765,-0.005419634359290237,0.20929210275760357,-1.9578322525931664,0.31421147345391315,9.89901999321433
P01,session_01,008,raise_arms,3.569279670715332,0.38652616653822996,0.060651446362536686,-0.7392801804762631,-0.0007906140391486345,-0.01668755390296638,0.5238262042210994,-1.959119539965211,-0.11458867537803359,3.6309194931610937
P01,session_01,008,raise_arms,3.601332187652588,0.39143713237071365,0.058232622051730874,-0.7405393088977933,0.002675673384608953,0.0032963693103996257,0.13245820203748793,-2.2132000986545846,-0.20993893491378807,6.551181635752614
P01,session_01,008,raise_arms,3.6333391666412354,0.3899292218404074,0.06022839497882637,-0.7475562880501275,0.0009050850306867557,0.005917064085940487,0.18701813730176192,-1.9939312561658284,0.04740202162731226,1.492751721453354
P01,session_01,008,raise_arms,3.6653707027435303,0.39022381227947345,0.059054143126960855,-0.7468826488456809,0.00030946089529886327,0.00211925725164071,0.06686324116290268,-1.9793881632488985,-0.2463768345125477,7.69198650030205
P01,session_01,008,raise_arms,3.6969666481018066,0.39137682358059517,0.059090372192387025,-0.7564756301334202,-0.0012852536688778408,0.023482407302913018,0.744321886382768,-2.07315368839373,-0.06727250409320819,2.255503135280581
P01,session_01,008,raise_arms,3.728909492492676,0.39201785757957636,0.06382876313349713,-0.7613349787560496,-0.002138941441892841,0.006139835001033979,0.20354297691165973,-2.1421222767598067,0.09874070743481499,3.09786234270723
P01,session_01,008,raise_arms,3.7613327503204346,0.39256082902332423,0.06666695442859306,-0.7600072661661655,-0.0014656674672517062,-0.00018539106780424047,0.045564388675001385,-2.0786887690528917,-0.0034509537566107524,0.11577745777289268
P01,session_01,008,raise_arms,3.7936577796936035,0.39822666953432495,0.06712212969078786,-0.7373651496823878,-0.006407930830622748,-0.013183688393460116,0.45347170497743866,-2.0345556258999866,0.13323731967009092,4.146670386642372
P01,session_01,008,raise_arms,3.8412671089172363,0.3992483221118173,0.06639970403966985,-0.7345552029343634,0.0005617117556842183,0.00022558045523956248,0.012714216545790009,-2.0166414963501755,-0.012672291854316455,0.266475937042872
P01,session_01,008,raise_arms,3.873293876647949,0.4048600916127454,0.05778985237981665,-0.7332395055360053,0.005117502061762976,0.011440611804246804,0.39132932621250727,-2.0920531702496272,0.10366587280173685,3.2604206111931444
P01,session_01,008,raise_arms,3.906531572341919,0.41397120461285636,0.05064357107889565,-0.7233423817209054,0.01126494559798998,0.006356255263491523,0.3891511655193323,-2.0711387169003164,0.2685817422594199,8.09000169541255
P01,session_01,008,raise_arms,3.9373838901519775,0.41818020552954455,0.04488112948836401,-0.7315530105828764,0.004712938000795538,-0.008195100128343447,0.3064161188844165,-1.9378269298487036,0.0044105534014794,0.33812354077622353
P01,session_01,008,raise_arms,3.9692633152008057,0.4196924544931604,0.0480559549259218,-0.7309999185286281,0.0010223296388156575,0.011991869145282557,0.37752776300649515,-2.1075154725357153,-0.07691193150730292,2.4419480063304624
P01,session_01,009,raise_arms,0.001195669174194336,0.42148919143413816,0.04166687168010869,-0.7959616760929211,0.0,0.0,0.0,-1.8073287271072451,0.0,0.0
P01,session_01,009,raise_arms,0.034247398376464844,0.42538426995090056,0.04875021238289217,-0.7827492505327959,-0.0055914699197422155,-0.006058768558567934,0.2494449472970735,-1.8934612877938795,-0.1225635222375053,3.7166136268684538
P01,session_01,009,raise_arms,0.06546592712402344,0.4255630675561104,0.04566761906405879,-0.7803081285968663,0.0003543184585693952,0.0020458660833375455,0.06650925758866542,-1.8850059758517728,-0.21434576386339266,6.8663011571890715
P01,session_01,009,raise_arms,0.09718537330627441,0.42704870279686485,0.0422818810916493,-0.7837412797152434,0.002994477779603283,0.005972834830056776,0.2106417906849808,-2.0665498720107096,-0.2609491214492919,8.229483043852635
P01,session_01,009,raise_arms,0.14496612548828125,0.4264848217406545,0.04518199855079918,-0.7910856257447212,-0.0011623668776151157,-0.0027570050973564253,0.06261974169731734,-2.0058047137024606,0.06878358756913912,1.4409281687267699
P01,session_01,009,raise_arms,0.17683649063110352,0.42543081600796223,0.045074078528085336,-0.7900473821698192,-2.71451890429484e-05,-0.0016597444232118103,0.05208495043211232,-2.072076377195209,0.13118709447650914,4.116601601531808
P01,session_01,009,raise_arms,0.20883536338806152,0.4235330388585122,0.047182473375202,-0.7939274541827869,-0.0022377089088620244,9.823092471215956e-05,0.06999821394570734,-2.133959038672054,0.11924674850420452,3.727249510568117
P01,session_01,009,raise_arms,0.2415769100189209,0.4232926112197862,0.034557849879911715,-0.7986956935955329,-0.0024230562947416385,0.004395444043547835,0.15329381594514227,-2.1405694034051312,-0.23742116323831308,7.252993010935466
P01,session_01,009,raise_arms,0.2734100818634033,0.4224616652677102,0.03593727866062564,-0.8066368227936501,-0.0008802888178722528,-5.417813135600354e-05,0.02770551631376697,-2.0929210549066926,-0.09725993945587653,3.0554271700103537
P01,session_01,009,raise_arms,0.30576610565185547,0.4224144314842214,0.03574195150767518,-0.8013872666809971,-0.0009414855683439296,0.0013915036055638895,0.051924876693305054,-2.075637520880438,0.03878432672214698,1.1997981992019295
P01,session_01,009,raise_arms,0.3374638557434082,0.418176136591679,0.03964565784797501,-0.8012924917671129,-0.003973905376436421,-0.0012417630272151111,0.13134686100909795,-2.085531454377336,-0.042491578587517086,1.3469429185953554
P01,session_01,009,raise_arms,0.36932969093322754,0.41879607499691235,0.04021718063783519,-0.8016539777667541,8.567892178800793e-05,0.0016001463748547726,0.050287040586926186,-2.1360101760179866,-0.09154999162544648,2.8734227139722517
P01,session_01,009,raise_arms,0.4011714458465576,0.41884882112537825,0.0417469203963614,-0.801068401899977,-0.00046324117466480815,-0.000552502529955032,0.022643451530361645,-2.0889898304682033,0.050142148310797885,1.5748922117006399
P01,session_01,009,raise_arms,0.4331798553466797,0.42072088093457466,0.03711019603514589,-0.797906279864349,-0.0030639191202792644,0.00028433702125379377,0.09613362140911676,-2.0446614987481366,0.005266291399253281,0.19055512920765258
P01,session_01,009,raise_arms,0.4657118320465088,0.4223823071889793,0.033476310496790944,-0.8071978922882648,0.003628464790933396,0.008497545549022812,0.28402231089273916,-2.0399908454681457,-0.030261772428903717,0.9726103490009719
P01,session_01,009,raise_arms,0.4967610836029053,0.4230356470327895,0.03486119981939963,-0.8150765429403,-0.000846511891662856,0.0082093195925084,0.2657986334303347,-1.994316886910498,0.008151516412822201,0.3735954487120202
P01,session_01,009,raise_arms,0.5449538230895996,0.42507352975065144,0.03597983393879772,-0.8172517409355883,0.00013370164175283573,0.004298924942693695,0.08924588279131739,-1.9925788789438654,-0.015340142533947013,0.3305826920980303
P01,session_01,009,raise_arms,0.576798677444458,0.43557321317348796,0.03680471058516249,-0.8152232857790959,-0.0015255129559388137,0.016870547611492346,0.5319345780666171,-1.9869691646052763,0.002191864349816106,0.5363691740408314
P01,session_01,009,raise_arms,0.6093184947967529,0.43640002322202737,0.03761894233936235,-0.8176981721833471,0.0003101790583912134,0.0014978329563396045,0.04703632105684698,-2.0026367399818716,0.020839190871128656,0.6425390586413879
P01,session_01,009,raise_arms,0.6414246559143066,0.4456100982651877,0.050332614267083575,-0.8009456811249986,-0.010218366792798798,0.0006938112346501649,0.3190008927805449,-1.9568188793765173,0.0022182029322963194,0.32639691660722325
P01,session_01,009,raise_arms,0.6733405590057373,0.42643576130806427,0.07092682881136372,-0.7989639386924987,-0.022040792029248687,-0.029028270492564418,1.1419927428126353,-2.1302458081089535,0.09944132491417929,3.318421092744674
P01,session_01,009,raise_arms,0.7059261798858643,0.42274433637992165,0.06869342286705893,-0.7314300622158532,0.0045363584463966825,-0.05557306986468812,1.711120105169068,-2.0610933110148024,-0.07969804699651939,2.9849438834143767
P01,session_01,009,raise_arms,0.7370970249176025,0.4076642246027849,0.06099444900767643,-0.6752779078552206,0.0070735736370311645,-0.07580272199806996,2.442411933614426,-2.0070077420422745,-0.017075005397473052,2.503087576151527
P01,session_01,009,raise_arms,0.7690160274505615,0.40618944961227316,0.035806527455734205,-0.6784132704527764,0.02480788619867268,0.0032310166407317825,0.7837778651514071,-2.1249361261730146,0.1053969044656268,3.3937568906481532
P01,session_01,009,raise_arms,0.8009970188140869,0.40603568317372,0.02295134981364597,-0.6907800228507853,0.01254020691881615,0.01271625270299001,0.5584394649704253,-2.081510743748445,0.254560809348008,7.979318963296947
P01,session_01,009,raise_arms,0.833184003829956,0.40514166856535644,0.02106162363307647,-0.6966012959375567,0.001498128049620476,0.004062144120403708,0.13451387607727905,-1.9897867377424,-0.03618583169485192,1.1322566254683888
P01,session_01,009,raise_arms,0.8651280403137207,0.4039421300266619,0.0200827446723648,-0.6949622348952093,0.0019558362612101454,0.004164364545832454,0.14402643005565732,-1.9786998723778246,0.008115324222257702,0.2920343962504196
P01,session_01,009,raise_arms,0.897334098815918,0.40273438794618355,0.02166352077519849,-0.6794627551192669,-0.0014764468942213944,0.006593395061904884,0.209795376362725,-1.8902836292801364,0.23844410141830702,7.406675135645738
P01,session_01,009,raise_arms,0.929234504699707,0.39985402550818155,0.020219202003969768,-0.6827571397058703,-0.004029403357577595,-0.0024106210054036506,0.14719069801171095,-1.8728308600394963,0.06535266364395927,2.0539276305283534
P01,session_01,009,raise_arms,0.9769847393035889,0.4002509110613186,0.013092664668244457,-0.684896911002343,8.946260797725004e-05,0.0014583559216333078,0.03059874766319378,-1.8643725116324281,0.09984040080603507,2.091112057410181
P01,session_01,009,raise_arms,1.0095038414001465,0.39954730738346844,0.017280092977735525,-0.6899535123972012,-0.0004250150853903966,0.0031550172133806595,0.09789678599372448,-1.9078125711238696,-0.1070742078477712,3.294110735238658
P01,session_01,009,raise_arms,1.0411958694458008,0.3960845194828162,0.018010530965184447,-0.697023281523981,0.0011530134751677821,0.0008631047751011242,0.04544594785541005,-1.8889311351245444,-0.06247626539349811,1.9718796323867125
P01,session_01,009,raise_arms,1.0730743408203125,0.3938118898810834,0.02177017380848175,-0.7026859121743471,-0.002862919295274071,-0.0056615135290646245,0.19901246895924068,-1.8432784156902817,0.05105132017849365,1.6137540298672226
P01,session_01,009,raise_arms,1.1052918434143066,0.38921982623920676,0.026660004736996333,-0.7006977664747776,-0.006163758853364967,-0.008732278844124204,0.3317615114207177,-1.8301467756648995,-0.03146816007131527,1.0315468707344095
P01,session_01,009,raise_arms,1.1377546787261963,0.3815511741258152,0.02891273309523721,-0.6764911093256419,-0.0028641540997434993,-0.03916890267649167,1.20979824145454,-1.7775727460107114,0.0381304818115021,1.6862000369144543
P01,session_01,009,raise_arms,1.1688036918640137,0.3735249572801954,0.03395219145257663,-0.6706313591366125,-0.006417802503356714,-0.019974120739216197,0.675700704270281,-1.8403878460018588,0.010749232760903497,0.7592281068104471
P01,session_01,009,raise_arms,1.2011549472808838,0.37070473864388204,0.03192248583071678,-0.6727102117805941,0.002649293708941693,-0.0023106754804394654,0.1086632214894732,-1.7485278987683484,-0.11381895648434041,3.5199014675130886
P01,session_01,009,raise_arms,1.2331326007843018,0.37047282319852176,0.03440019489229463,-0.675603452500401,0.0014605415873677914,0.003436809772918823,0.11677778256633728,-1.9567836388871012,-0.2118088173410354,6.6246803639860525
P01,session_01,009,raise_arms,1.2649157047271729,0.3721090361586755,0.034563086837829916,-0.684686243466753,-0.001456081603829825,0.0034385166248027217,0.11748723574778408,-1.9264070543726823,-0.061449719148937286,1.9369747471328727
P01,session_01,009,raise_arms,1.2967820167541504,0.36842322504270647,0.03940501989885333,-0.6970729851867062,-0.0044181746282245145,0.0010571715483996482,0.14256099693429383,-1.8910214313908176,0.10864071668933149,3.4122447982012885
P01,session_01,009,raise_arms,1.3290607929229736,0.3692941935445665,0.034613121223625865,-0.6949611386153018,0.00018165741261947654,0.002456773261827954,0.07631888216051981,-1.8894398216413464,0.44093252446120623,13.66035080776814
P01,session_01,009,raise_arms,1.3613038063049316,0.36842734292358487,0.04085583838734579,-0.7011762180056245,-0.005785136563453341,0.0004288012657354255,0.1799151450195726,-1.9163494393621143,-0.30459408725389836,9.448537543160295
P01,session_01,009,raise_arms,1.4089584350585938,0.3672230134600733,0.035476662234346514,-0.6872292436867903,0.001960483617669107,0.005227334118379138,0.11715288443621867,-1.8668051335409248,0.04180684447134179,0.8850759406147694
P01,session_01,009,raise_arms,1.4416396617889404,0.3714405818855977,0.028706674594769176,-0.6884880909038449,0.006405675977535634,0.0060521630905656576,0.2696523153616689,-1.8417975878098238,0.16624282500218754,5.093940952756733
P01,session_01,009,raise_arms,1.4734165668487549,0.374951923219296,0.02860229340450493,-0.686398131844458,0.00015157417597801026,0.004289541231872709,0.13507351903231862,-1.7949031556169508,-0.05030659568709187,1.588870034275064
P01,session_01,009,raise_arms,1.5051934719085693,0.37385275441519944,0.03345436506294431,-0.6779034145572302,-0.00025154616940425354,-0.002952628289831769,0.09325401646702454,-1.82172099483867,-0.36981068963453534,11.63809255274033
P01,session_01,009,raise_arms,1.5371298789978027,0.37819811816314486,0.03671279051510833,-0.6806038770037539,-0.003639337138530079,0.004501418125354933,0.181253005411755,-1.8389254018092664,0.062486687396938266,1.9649747038683276
P01,session_01,009,raise_arms,1.569586992263794,0.3788312402097127,0.03632157458804882,-0.6812607812540279,-0.001848488442389348,0.00913010270070139,0.28700478263556656,-1.8440357305502426,-0.0507154678119869,1.5886775197553673
P01,session_01,009,raise_arms,1.6012709140777588,0.3815726950040812,0.023049481480077752,-0.6721852006371214,0.017710180506551224,0.013724186115944817,0.7071549079900168,-1.8395357473815552,0.024210008068002057,1.0411207772984576
P01,session_01,009,raise_arms,1.6330914497375488,0.38343883397623885,0.032038759848618585,-0.6745116777355984,0.0019836667665901935,-0.00120681740791654,0.07296943084547197,-1.9280958250942306,0.24393497343240433,7.666307901522518
P01,session_01,009,raise_arms,1.6650164127349854,0.38553650683518903,0.028960012505635683,-0.6928025161238704,-0.0016286528493520132,0.016000901635180597,0.5037930453269512,-2.1353073849752255,-0.054107766425049934,1.7681336645649048
P01,session_01,009,raise_arms,1.696805715560913,0.3778470457980279,0.013040796881731495,-0.7041930146106279,0.012003445529109077,0.002445095189423277,0.3853480777457464,-2.0896912767855667,-0.06203881854520384,1.9892436307466612
P01,session_01,009,raise_arms,1.72914719581604,0.39167449243321856,0.032768444459131664,-0.7277026262576081,-0.016251008510193607,0.014031743654520317,0.6638707807108151,-2.1778094424237193,-0.005858588340302077,0.6881416589428486
P01,session_01,009,raise_arms,1.7614092826843262,0.3865467690570098,0.03940099637043793,-0.7388787984189494,-0.004679015288726672,0.003260357374620785,0.1767679829618071,-2.050657447722862,-0.22128950950780543,6.861396897692783
P01,session_01,009,raise_arms,1.7933900356292725,0.38694841307445726,0.03717680710055393,-0.7328413813024033,0.0021438582425793978,0.00026548398132496937,0.06754793316505159,-1.8496994881586561,0.17643584416129476,5.517351909586963
P01,session_01,009,raise_arms,1.8409528732299805,0.38721813791990833,0.058284670322846156,-0.729719476080142,0.0005127036962992049,-0.0011747968506058792,0.026949623742528624,-1.8831181339913106,-0.18181156906593812,3.8226501325565074
P01,session_01,009,raise_arms,1.8728139400482178,0.3867019619507472,0.05037584226896199,-0.7142654846930799,-0.0004139318888811297,-0.013597327304219765,0.42696706959934794,-1.889329421664772,0.5092220288379923,15.988281452307962
P01,session_01,009,raise_arms,1.905273675918579,0.39158840529484823,0.05418011060400977,-0.7243554010379897,0.0009498059144994064,0.012559889413121117,0.3880423257564023,-2.0514710871957793,-0.09856925767298619,3.06135510013725
P01,session_01,009,raise_arms,1.9368083477020264,0.3904663994552086,0.05367917382869637,-0.7265395708335544,0.0005232074264333379,0.0004503171139251194,0.02189059157955204,-1.9815519772799506,-0.03334453211239838,1.0576192816600098
P01,session_01,009,raise_arms,1.9691369533538818,0.39548313230461174,0.052769579480476156,-0.7193912270185425,0.0029555293000620695,0.0021804474776531656,0.11360855272565498,-1.9181383085092287,-0.04447231180471261,1.3803167508598717
P01,session_01,009,raise_arms,2.001735210418701,0.4010365859069668,0.058302627133616204,-0.7250222741103419,-0.0022756939155923013,0.007895928874359573,0.252078746050417,-1.9313756106888047,-0.06120614937104428,1.8944356698345868
P01,session_01,009,raise_arms,2.0331876277923584,0.40887480491127587,0.06493611170134882,-0.7414139839286981,-0.006183470070129562,0.03180896045777239,1.0302674542444135,-1.9848629717901398,0.02239681129254191,1.2524044191816284
P01,session_01,009,raise_arms,2.065004825592041,0.4038651300106229,0.05849493007114921,-0.7452348486762294,0.006610134012937349,-0.0011279223281394485,0.21075631122294183,-1.8248706033369781,0.03504048490508988,1.121291265480699
P01,session_01,009,raise_arms,2.0973260402679443,0.40676535778650535,0.06034073869961798,-0.7416107960681845,-0.0036004315450668296,-0.0012949874863212602,0.11838163840641129,-1.8188835941233583,-0.0949807335468137,2.941033375299885
P01,session_01,009,raise_arms,2.129300832748413,0.40339731938552753,0.06387391575880659,-0.7562347447707762,-0.003093507530592521,0.015964000065629043,0.5085558636262975,-2.0000759584087118,-0.07678374850734682,2.454643191332647
P01,session_01,009,raise_arms,2.1611621379852295,0.39941266153496424,0.06093904189564998,-0.7456322593870436,0.0050839553489444335,-0.012118878702950106,0.4124772359661849,-1.929841242119753,0.01370786890808962,0.59602027842134
P01,session_01,009,raise_arms,2.1936681270599365,0.4095008343007099,0.0568232700255428,-0.7364993262843771,0.0017633186764186722,0.00490758464265716,0.1604244668110116,-2.1966233904404144,0.32215983549250604,9.912082270396727
P01,session_01,009,raise_arms,2.2410755157470703,0.3855165442128419,0.03545632290256004,-0.7750328377782518,0.030443640516824556,-0.00208522268668675,0.6436754051943293,-2.0960971686077188,-0.190556827038439,4.070771163817516
P01,session_01,009,raise_arms,2.2738773822784424,0.3922645142051021,0.028417675729148,-0.772113019655475,0.007302571401507722,-0.002423832533160291,0.23456948511982442,-2.2003905665874455,0.24001110282156993,7.320754255971612
P01,session_01,009,raise_arms,2.3053154945373535,0.3889323931319446,0.03627036712566439,-0.7653939159943023,-0.005566991752767457,-0.0015523655522503446,0.18383356464089362,-1.9579248289993945,-0.23199296067447617,7.381643503415978
P01,session_01,009,raise_arms,2.3373091220855713,0.3893612505927246,0.006251571204044441,-0.7609113299172653,-0.00013398602264669078,-0.0029346038893311196,0.09182019172401264,-1.9488892529962365,-0.011933235386633075,0.3841235581925819
P01,session_01,009,raise_arms,2.3688342571258545,0.3855012824704275,0.028120620233503354,-0.773779667326357,-0.005103292507901459,0.003637417395027784,0.19879150534072793,-1.9894766929480052,0.04020922917596573,1.290864390512096
P01,session_01,009,raise_arms,2.4012529850006104,0.38421430310149524,0.02909865050852262,-0.7646242719589653,-0.002432072178890615,-0.00970618214167406,0.3086563245462766,-1.852830183831565,-0.14808136998473176,4.578188866743226
P01,session_01,009,raise_arms,2.434141159057617,0.3885463809821695,0.0300289862146515,-0.7536229591725306,-0.0011673292214736883,-0.004190005478772795,0.13225346830904783,-1.875860935093039,-0.021188455863865353,0.6576920452011701
P01,session_01,009,raise_arms,2.465305805206299,0.3856552122869782,0.0335029911289651,-0.7627863335786598,-0.0036950825553205046,0.0027000624159883393,0.14684775978562659,-2.0274295745709505,-0.22298937625615478,7.15670994832015
P01,session_01,009,raise_arms,2.497135639190674,0.38582626103818085,0.032403223677291954,-0.7548391274571543,-6.723990629534026e-05,0.0007614600761165586,0.024015930624642787,-1.970036833376063,0.022153830470764847,0.6964225718807299
P01,session_01,009,raise_arms,2.5291221141815186,0.38409806733600615,0.03722542945250757,-0.7505192845072257,-0.003724222777394065,-0.000434583826081735,0.11722120322683943,-1.99078201123369,0.06729882807288166,2.107240543514167
P01,session_01,009,raise_arms,2.5611560344696045,0.3887241533165823,0.03772523380115395,-0.753213373407347,-0.0011179201502878198,0.01168988052225667,0.36658682161561557,-2.122403701303548,0.1748886082164624,5.471775633958789
P01,session_01,009,raise_arms,2.5928664207458496,0.38975030305959796,0.040007646391416,-0.7601502516728216,0.0015389379704549924,3.823258398228641e-05,0.048546012625670494,-2.06561295742993,-0.12514216747172419,3.9467080098533325
P01,session_01,009,raise_arms,2.625267267227173,0.3898756582104958,0.041731665807831705,-0.7577973830373861,-0.0020175727325765476,-0.0021301697104914243,0.09055248879780683,-2.0242816358439755,-0.08737634414024387,2.698250176002649
P01,session_01,009,raise_arms,2.6729750633239746,0.39398782570457136,0.042897343607733354,-0.75040996253539,-0.0019316510714319543,0.0007397860896600754,0.04335701996433825,-2.0368766033775403,0.10893760532160397,2.283845621183183
P01,session_01,009,raise_arms,2.705444574356079,0.3995976764143806,0.03929275586935682,-0.7470426619987507,-0.003138174454667877,0.00730011982584044,0.244723771129185,-2.1330182675822487,0.1382902829185391,4.266106199569343
P01,session_01,009,raise_arms,2.736811637878418,0.39966106342507557,0.042347469205032205,-0.7514593910865529,0.0013885864727137907,-3.9596134415112794e-05,0.044286928781930295,-2.0174879817295093,0.08572760009614744,2.733403921159312
P01,session_01,009,raise_arms,2.769148111343384,0.3983919832213234,0.045611187915835995,-0.7540880622786316,0.003209985664060802,-0.004826068564365798,0.17924387203203426,-1.9637295916606294,-0.016266944405492773,0.5340320231077645
P01,session_01,009,raise_arms,2.8011584281921387,0.39867697711542976,0.044848619205762795,-0.7543715857040476,1.9062029274547198e-05,0.0008309549702583005,0.025965803025718815,-2.1361525222708293,-0.19741895236887916,6.167408557624521
P01,session_01,009,raise_arms,2.8329224586486816,0.3947625639592821,0.0402583154897859,-0.7724454204480341,0.006895045165918367,0.003373462677255094,0.24165888159230464,-1.933650107608844,0.335503098047584,10.565123285484797
P01,session_01,009,raise_arms,2.8655073642730713,0.39904410006923174,0.037800814882802854,-0.7667355833864288,0.006317804870354206,0.00010246683589313565,0.1939129678645875,-2.034980083510983,0.2725047760291864,8.365162238423983
P01,session_01,009,raise_arms,2.8972489833831787,0.394723667109746,0.05337780256034584,-0.7634540066711798,-0.005557607337555311,-0.01159170613549334,0.40499323515481245,-1.9128840090393968,-0.23077164339543635,7.281588669529403
P01,session_01,009,raise_arms,2.928798198699951,0.3949144858336147,0.052809302559276794,-0.7603661756689373,-0.00011459398976005678,-0.0021943032204498987,0.06964653178416516,-1.8501072299143306,-0.2353205502720835,7.459165188176927
P01,session_01,009,raise_arms,2.9612958431243896,0.393280617246535,0.057561252407750736,-0.7684089526224863,-0.007416241119475802,-0.0013975878995625922,0.2322254385736882,-1.984656847900015,-0.1120403737499517,3.4554582305443
P01,session_01,009,raise_arms,2.9933552742004395,0.39452140916190814,0.05857330481832375,-0.7587757337649111,-0.002574267248221974,-0.0024339131034013736,0.11050441541867866,-2.0455952418249295,-0.03777564199149149,1.1834708154377096
P01,session_01,009,raise_arms,3.0248498916625977,0.39267471719795066,0.06356932725944092,-0.7638263884655078,-0.0024442969021972074,-0.0006854899590338811,0.08060421104326411,-2.0522254859956854,0.27899010624583576,8.85870914310205
P01,session_01,009,raise_arms,3.0573136806488037,0.39260542468003246,0.062065818835383445,-0.7622951464595015,-0.0007769675394777334,-0.0024785837623005178,0.08001252048086668,-1.95933150175537,0.14460678045826833,4.455120984600614
P01,session_01,009,raise_arms,3.104987621307373,0.3953646774973178,0.03634960639016089,-0.7536015570666211,0.0009576943199186976,0.0029488391810483625,0.06503461900843441,-2.0127779169819067,-0.23435478444965666,4.9162139620990954
P01,session_01,009,raise_arms,3.1374716758728027,0.3945787326678549,0.03777428927011189,-0.7561170607090244,0.0009265955328616513,0.00019947332917245037,0.0291781075583336,-1.9106586067749776,0.05762288628824269,1.7741221585726328
P01,session_01,009,raise_arms,3.1693992614746094,0.3931249270526477,0.04421172029963253,-0.7584319286330607,-0.001969663806572615,-0.0021237830629332543,0.090722639910741,-1.9290021926406926,-0.1299957833488405,4.072592627547474
P01,session_01,009,raise_arms,3.2007741928100586,0.3925340395466958,0.04850372388335552,-0.7587983591138658,-0.00379071648169008,-0.002316179891383063,0.14158824764512973,-1.954061845626315,0.01101572939393123,0.37857395643251074
P01,session_01,009,raise_arms,3.232964515686035,0.3941145431024738,0.049479973440838446,-0.7726700851749165,-0.0011837686885278705,0.013484505020559931,0.42051039046363464,-2.0364593100845525,0.009536353442350924,0.5143855598169945
P01,session_01,009,raise_arms,3.2650973796844482,0.38884318905927956,0.04357745313202808,-0.7763324045738479,0.006643654519502375,6.698646266599459e-05,0.2067662632222235,-2.0302849367841964,0.03017448897613204,0.9615479090846101
P01,session_01,009,raise_arms,3.2976016998291016,0.3987147418200189,0.037084804721257233,-0.7639884089522079,0.005462174290379021,0.0009706512399316055,0.17067726167166247,-2.0389240689586727,0.0212721067052684,0.6763295150545273
P01,session_01,009,raise_arms,3.3288042545318604,0.39832755912099477,0.036253068041625966,-0.7575737218145944,0.0003615610309674571,-0.004297582124939625,0.1382183171099055,-1.9923835388141211,0.01918351551584351,0.6301512746731782
P01,session_01,009,raise_arms,3.361253023147583,0.4005116661329208,0.03528149900668945,-0.7521909389385787,-0.0010895203343610344,-0.0009857175160005887,0.0452790471912862,-1.91584985054443,-0.09756326443357922,3.0070271080853335
P01,session_01,009,raise_arms,3.393108367919922,0.4039338319781356,0.03715626640720123,-0.752510170679126,0.002877760146700914,0.008158025226346023,0.2715624515942124,-2.114799046362387,-0.17574501025888492,5.5236504347399045
P01,session_01,009,raise_arms,3.4257490634918213,0.4027521952261874,0.03995472543896624,-0.7550722602362097,0.0012801794368340123,-2.9746662443702377e-05,0.03923093455221243,-2.0122572541385093,0.35878173353304726,10.991923192665046
P01,session_01,009,raise_arms,3.457507848739624,0.40203279726698987,0.043825187690413665,-0.7514181176466851,-0.0008072657081916384,-0.006698229763681198,0.21243570474432338,-1.8700303412311203,0.01936041293068742,0.6455625235533263
P01,session_01,009,raise_arms,3.4897992610931396,0.40327490578388125,0.04291380234850816,-0.7457914771080646,0.0013851958622347995,-0.0014552537835642164,0.06221815288109066,-1.9232070916737036,-0.17485205931564532,5.415173536678895
P01,session_01,009,raise_arms,3.5370383262634277,0.4008916190644853,0.05680787823295142,-0.7461464376408867,-0.0007602761857935807,-0.011347123931471649,0.24074492698490157,-1.8634843975328605,-0.1769381876121638,3.7533192434535283
P01,session_01,009,raise_arms,3.5691845417022705,0.40055026321530296,0.0557371141585543,-0.7417494437947264,0.00014211059382053436,-0.004884661044456493,0.15201565002221767,-1.8586569232292274,0.17763119254856613,5.527817058400121
P01,session_01,009,raise_arms,3.6007587909698486,0.40243761486530666,0.05376883576252838,-0.7355709082543095,0.0019986573054079815,-0.0012475223597355535,0.07461915953340394,-1.9238552285899537,-0.11322694666739701,3.586829745960023
P01,session_01,009,raise_arms,3.6332902908325195,0.40146402753091986,0.0798338423261573,-0.7293545262306177,-0.02480729306842971,-0.007849662629304857,0.7998275131995569,-2.027013320968862,-0.1652416080296701,5.142020448928748
P01,session_01,009,raise_arms,3.665034294128418,0.4028293251147039,0.06739980025544447,-0.749849971036157,-5.770635356744001e-05,0.022338869291001765,0.7037216956201446,-2.1338242044923663,0.166062073042928,5.27841024251141
P01,session_01,009,raise_arms,3.6971969604492188,0.40163913689453873,0.06813033006330763,-0.7514844925592052,0.004175814161983726,-0.0008913112882597268,0.13275883734153401,-2.0307480345452604,0.1229422827547681,3.8248199706460664
P01,session_01,009,raise_arms,3.729729652404785,0.40001741821457365,0.06743837781850869,-0.7685913734432455,0.00254448599026,-0.00950876195171387,0.3025670526762535,-1.8480106752238343,0.1443583241537052,4.447634614987726
P01,session_01,009,raise_arms,3.761461019515991,0.40152390444426783,0.06539346182339088,-0.7602451604240303,0.0035293052638952107,-0.00498823321903978,0.19257036514187018,-1.7867660860072365,-0.1865182535808333,5.881193817282972
P01,session_01,009,raise_arms,3.793158531188965,0.40109540136679245,0.06004070264923682,-0.7650588323189589,0.000706800902595496,0.0016402982103230666,0.05634820568232022,-1.8536194904011842,-0.020042755981237812,0.6348189827115502
P01,session_01,009,raise_arms,3.825347423553467,0.401087746691188,0.05738719855038739,-0.7765826378683168,0.0001625022943223252,0.008336731787094761,0.2590432536825521,-1.965047365556338,0.21386420204207823,6.649085295623433
P01,session_01,009,raise_arms,3.857623338699341,0.4042375476427902,0.05407590625987955,-0.7890088861183234,0.003279056833208467,0.018560654542825076,0.5839673229519262,-2.17266761818442,-0.20248078259734947,6.300553634629992
P01,session_01,009,raise_arms,3.889446973800659,0.3974936752966433,0.05551653701711818,-0.7930454444251315,0.0021065141456145286,0.0002283756437764043,0.06658125429602674,-2.0857253829229503,0.002302256664324065,0.09831964373068541
P01,session_01,009,raise_arms,3.9377291202545166,0.4182229858974621,0.03304662172012855,-0.7773475753259574,0.013362314780523354,0.013300354725266004,0.3904839926023494,-2.3851643165271224,-0.24004925180407408,4.987112255990788
P01,session_01,009,raise_arms,3.9694621562957764,0.41565667866427525,0.03148649195130013,-0.7781617333495251,0.0017273095453420307,0.0001471988085420775,0.05462982587926345,-2.0545717879863443,0.20290952448563837,6.394500971152485
P01,session_01,010,raise_arms,0.0007464885711669922,0.4451147826367513,0.09427019863438141,-0.7970141110197012,0.0,0.0,0.0,-1.8584246106673212,0.0,0.0
P01,session_01,010,raise_arms,0.03270387649536133,0.44496255255859324,0.07069960310247933,-0.7928516248618728,2.16671071239189e-05,0.00528791274973886,0.16546900367280923,-1.793337111233557,0.2500242505433882,7.825425671263155
P01,session_01,010,raise_arms,0.06519126892089844,0.4427875032464259,0.06606034742850746,-0.7928159074253892,-0.002612050746471037,-0.004885955392209747,0.1705381613027898,-1.9484197405716928,0.20579106268537825,6.33678521949814
P01,session_01,010,raise_arms,0.09648585319519043,0.43341275554888953,0.0752121023630381,-0.8030159649037713,-0.010984658707339091,-0.0022494108901663467,0.35829227886037857,-1.8547829979420218,-0.07986614788323812,2.577103743639952
P01,session_01,010,raise_arms,0.14464998245239258,0.4291579132936381,0.06299802424356836,-0.7920398735465681,0.004220546308222099,-0.013443262726171712,0.29254594812848167,-1.9846417719637162,-0.2734915496427689,5.685855340482061
P01,session_01,010,raise_arms,0.17748570442199707,0.4282581271565131,0.060294121080391554,-0.7916573476987987,0.00016485782115851775,-4.28672088787028e-05,0.005187641399432732,-2.0072574732830075,-0.15284924413102852,4.654971167941982
P01,session_01,010,raise_arms,0.20879817008972168,0.4239830323842587,0.06515825111872647,-0.7956753368063296,-0.0052766631380972385,-0.00105226089741124,0.1718344427390417,-1.982716550894545,-0.062213818471321035,1.9942873380310933
P01,session_01,010,raise_arms,0.2413015365600586,0.42258594514002273,0.06579843130537738,-0.8000886420586515,-0.0028976070643748136,0.00172790105591178,0.10379502419170623,-2.096204777445811,-0.02555648244940593,0.7930932144067854
P01,session_01,010,raise_arms,0.2728538513183594,0.4226279297230235,0.06635722707412003,-0.8079841743352344,5.549663443797355e-05,0.007117249445774677,0.22557666098511864,-2.086037958464305,-0.17198110842233164,5.455331105364199
P01,session_01,010,raise_arms,0.3049805164337158,0.4212336325746362,0.06794974202397391,-0.8156915077115966,-0.002195552534215765,0.003072393920916903,0.11754250965568024,-2.0269763020237197,0.046969895960736835,1.4667395831241947
P01,session_01,010,raise_arms,0.33644890785217285,0.42094000184258146,0.06730302316854582,-0.8220589764395859,-0.00027555147580459003,-0.0011054626781122478,0.03620419087979429,-2.0731667871898476,-0.021642401961151567,0.6887027624100776
P01,session_01,010,raise_arms,0.36889123916625977,0.4207853273014418,0.06792025332204428,-0.8249724179013987,-0.00048611067553078603,0.0004991071509383622,0.02147548555610852,-2.0440854396271475,0.03932418284950739,1.2123159062134543
P01,session_01,010,raise_arms,0.4004478454589844,0.4195998260995266,0.07000757358260883,-0.8257332744105137,-0.0015917188338181708,-0.0007548598989678731,0.055824822235930195,-2.1095023318588035,0.06293246664378344,1.9950535136955907
P01,session_01,010,raise_arms,0.4328148365020752,0.4202618963311557,0.06715870498890834,-0.827898128487034,0.002338910823782171,0.004450968749049094,0.15534603720238285,-2.107707600774272,-0.04589798255377873,1.4265327351268644
P01,session_01,010,raise_arms,0.4648253917694092,0.42159675424657944,0.06643067267276478,-0.834575646992946,0.0005805701094818794,0.009206203361545422,0.28817030334235405,-1.9930852747270438,-0.13071449774203608,4.093636536895597
P01,session_01,010,raise_arms,0.4970817565917969,0.4257096212829824,0.06245780139079264,-0.8367471319794934,0.003246503556586223,0.00771006528805846,0.25935028303138324,-1.9995986488550195,0.03313194984271305,1.0593812007714054
P01,session_01,010,raise_arms,0.5289301872253418,0.42699167142527494,0.06318292357724574,-0.8343786333392262,-0.001942842218010488,-0.000488641987652372,0.06290259442569879,-1.9869718381567558,0.01844049431062545,0.5824147444090485
P01,session_01,010,raise_arms,0.5767874717712402,0.44406778804871505,0.05159350168894843,-0.8248377915333572,0.009150399455464567,0.023707416905954116,0.5309961345795908,-2.030627795664336,-0.03741398980842469,0.9450612921132795
P01,session_01,010,raise_arms,0.6094653606414795,0.44667693670721276,0.05392443893661138,-0.8211789080455694,-0.0032717527206544412,0.0018137187421390039,0.11447641915740511,-1.998952474849561,0.0516454143341252,1.5845796608894291
P01,session_01,010,raise_arms,0.6411068439483643,0.4494666817214325,0.0771876366649333,-0.8073757187149218,-0.03059914228144526,0.0007879137905765183,0.9673783151013872,-1.930114744356175,-0.03405398147197746,1.4471087197418937
P01,session_01,010,raise_arms,0.6728112697601318,0.44824413203195423,0.09184152158883588,-0.7640706743342534,-0.014347620868972857,-0.025564244886923247,0.9246427147171565,-1.9468688280927178,0.026743255486583094,1.2515937252909781
P01,session_01,010,raise_arms,0.7051410675048828,0.4407603395564704,0.10563618954226946,-0.6356994909467506,-0.01033201825063103,-0.13339443231195913,4.13841021956049,-2.1720767240371526,0.013968391023242769,4.160903077125888
P01,session_01,010,raise_arms,0.7375202178955078,0.4221943003361428,0.08695421414154575,-0.6776584065424448,0.01331624846945927,0.015347556162402316,0.6275396775354728,-2.148177574391919,0.08578384660035777,2.7226614035325856
P01,session_01,010,raise_arms,0.7689938545227051,0.4082139290032669,0.06296905607522509,-0.6925293365001223,0.023205777210491607,-0.006415311406860377,0.7649646331774594,-2.068257123656347,0.2841103478897054,9.059285576970437
P01,session_01,010,raise_arms,0.8007340431213379,0.3978236002755668,0.05125597971187192,-0.7076830099028304,0.013552172939590055,0.00046716002338959825,0.4272256384505117,-2.0107527047467593,0.026050670042268537,0.9252824796106113
P01,session_01,010,raise_arms,0.8330507278442383,0.39634941255898165,0.057312090105807054,-0.7011147530009386,0.004346363303568137,-0.0019704075076769235,0.14766818683616656,-2.003248403523321,-0.04737224705827953,1.473294893748887
P01,session_01,010,raise_arms,0.864830493927002,0.3956931751084468,0.05713701584699876,-0.6864783984433562,0.0012953350571293094,0.0041202025932644635,0.13590481739178253,-1.8757516417729838,0.1877429190487186,5.909187359174152
P01,session_01,010,raise_arms,0.8964536190032959,0.3917442763080937,0.044173012411061585,-0.7020654869558234,0.004724431308101342,-0.004640633636774986,0.20941529360256936,-1.965667766053173,-0.08882167075090229,2.8165528731592873
P01,session_01,010,raise_arms,0.9292914867401123,0.38754324341773333,0.037799700792348394,-0.7107503718174046,0.0053095275995253734,0.003117936338027291,0.1875067447983739,-1.8662184554911085,0.08973448849575145,2.739078248568354
P01,session_01,010,raise_arms,0.961296796798706,0.3813163299428898,0.04652445060118136,-0.7204659637982266,-0.008037607082837536,-0.0019591471873345832,0.25848619692516495,-1.9421056080116177,-0.15135381161870148,4.736080983029062
P01,session_01,010,raise_arms,1.0087554454803467,0.378347273843031,0.04552462593047179,-0.7030957687099907,0.002131667132853232,-0.023300802708675697,0.493020927894175,-1.9231763498147654,-0.10431333043365522,2.2525988200859737
P01,session_01,010,raise_arms,1.0413413047790527,0.3744075288875894,0.0410695444618774,-0.6950472642273435,-0.006876405330947278,-0.016771906696638757,0.556278887223094,-1.848649478765631,0.05890429172388624,1.8913212602632123
P01,session_01,010,raise_arms,1.0727970600128174,0.3677370822776118,0.04758769413433984,-0.6666082122892727,-0.0015800445656254558,-0.04084224549725183,1.2993742157367723,-1.7780475142431549,0.011368253094363205,1.3486981137204501
P01,session_01,010,raise_arms,1.1048057079315186,0.3563215129949573,0.0440777169682115,-0.6707657801678405,-0.00372159437081661,-0.006997142742452059,0.2475984974923883,-1.817684995350753,-0.0102332344855269,0.40436926094764536
P01,session_01,010,raise_arms,1.1367931365966797,0.35545620269318506,0.04609528484413759,-0.6255815427118341,-0.0018698545386309664,-0.06852477777065928,2.1430382966908477,-1.773706458115464,0.08123108159389883,3.322877614778322
P01,session_01,010,raise_arms,1.1693899631500244,0.3472232387319257,0.050296807862326036,-0.6468492453864239,-0.007661696892219591,0.00688523184205503,0.316008509212659,-1.8656135587888942,-0.05062727650317013,1.5849574490609057
P01,session_01,010,raise_arms,1.2011232376098633,0.34193346477415676,0.04781998394063467,-0.6634303825148818,0.0019322112430533648,0.006514120442715749,0.21411737255261382,-1.9063784965101134,-0.015999988575591068,0.5477829536132626
P01,session_01,010,raise_arms,1.232832431793213,0.3436610458433891,0.04682395765469941,-0.6659836189993512,0.00010298012609644445,0.004905409526544401,0.15473399667823978,-1.8883433202265199,-0.03793857221477963,1.2064175373227397
P01,session_01,010,raise_arms,1.264810562133789,0.34428016558984864,0.044177974363817304,-0.6677705382686848,-0.00041637359630990374,-0.00029172120988864357,0.01589829389589955,-1.9120294080251021,0.02401493147523505,0.7511481135232342
P01,session_01,010,raise_arms,1.2968642711639404,0.3453278152228334,0.041339344005287666,-0.6862973792448918,-2.6667175975545192e-05,-0.00266827102528125,0.08324790986582895,-1.922659503503528,0.1994682324570283,6.223494444291809
P01,session_01,010,raise_arms,1.328833818435669,0.3440578875569279,0.04378792392593475,-0.6895695653631858,-0.0022748599000723246,-0.002075936882061241,0.09633204251782736,-1.8362523375096063,0.0625712504739008,1.959583403169225
P01,session_01,010,raise_arms,1.3613438606262207,0.34431604368928115,0.04187875100804954,-0.6965335972700815,-0.00025758808818626737,-0.0019219568206236787,0.059647460909686804,-1.8907347164639057,-0.030114696096171734,0.9282382288431209
P01,session_01,010,raise_arms,1.408738374710083,0.346775400974517,0.05525865415618702,-0.695299860318128,-0.002764945882330871,0.007875315280853888,0.1761087180350604,-1.8702980647258938,-0.10187599838860416,2.156733575961505
P01,session_01,010,raise_arms,1.440983772277832,0.3494401635912864,0.05564283048807999,-0.7006828548498228,-0.0010583555017524239,0.010596518475863927,0.3302561345212061,-1.94100390538211,0.15818666435448545,4.9168169215891195
P01,session_01,010,raise_arms,1.4727985858917236,0.35062803889485256,0.05172754357635677,-0.6997573096801688,0.00020637265344037068,0.004644149675176447,0.14611849604985203,-1.8830696305208858,-0.05586090393487345,1.7618837609388722
P01,session_01,010,raise_arms,1.5044753551483154,0.35113250738681373,0.05411943594761257,-0.6983842127224213,0.0005936996453372445,-0.00045874861801970077,0.02368569581307434,-1.8780696517505238,-0.003712341499271728,0.11956400342766395
P01,session_01,010,raise_arms,1.5366942882537842,0.3496977484234623,0.05568740836310052,-0.6962675249292266,-0.0018968102951000614,0.006188645064441801,0.20090069219217419,-1.8437686375394673,-0.058601441450235194,1.8299126643335484
P01,session_01,010,raise_arms,1.5689098834991455,0.34808977714506156,0.059717868305565,-0.6898539564201431,0.0025242392297842487,0.0005593343583821353,0.0802551307214713,-1.8491928007558303,-0.010488204153825002,0.3353089903354007
P01,session_01,010,raise_arms,1.6007845401763916,0.34826367383016577,0.05553368777284057,-0.689107896366462,0.005399463903356814,-0.00024688104602729776,0.1695737498707532,-1.8541293264739596,0.029817518294301272,0.950706956975713
P01,session_01,010,raise_arms,1.6327919960021973,0.3490197693179085,0.05550009508443507,-0.6853023885204319,0.003915794809809931,-0.002401299249680536,0.14351154913850997,-1.8634951860788795,-0.02415465224558639,0.7681815087600826
P01,session_01,010,raise_arms,1.6648633480072021,0.34892496160364933,0.05992622690547043,-0.686178722264281,0.0022715705446212505,0.0006971314239325693,0.0740890674537565,-1.8436116890424727,-0.00665253590595491,0.220263651289802
P01,session_01,010,raise_arms,1.6969895362854004,0.34327015054441545,0.048835694332332986,-0.7020173710036762,0.012149083685343402,0.02923425353100437,0.9854329020934596,-1.891043128012448,-0.12621549739028992,4.050443160914609
P01,session_01,010,raise_arms,1.7289822101593018,0.34605393615757074,0.05043937248373667,-0.706931810575157,0.0035844194516934116,0.0012130066066913746,0.11828034888981279,-1.8881464700421995,0.012456828602763143,0.4069341124844321
P01,session_01,010,raise_arms,1.7606003284454346,0.34518418303614135,0.053662567630914454,-0.6965433560065516,-0.0013341294570488607,-0.012321649277639745,0.39197985469044283,-1.8476040265476563,0.023977205123075513,0.8536533178329474
P01,session_01,010,raise_arms,1.7929670810699463,0.3448049522285119,0.0554846794307217,-0.6999203935073445,-0.000920375498943115,-0.0008931925065575574,0.039624929087756215,-1.8237060948229744,0.004607257912127342,0.14775772082503047
P01,session_01,010,raise_arms,1.8406736850738525,0.3417275489047357,0.05660362646732828,-0.7053595673338126,-0.004899937066002982,-0.00016099107989394864,0.10276525013443087,-1.8057119701381965,0.04250809868892126,0.8969382754937034
P01,session_01,010,raise_arms,1.87266206741333,0.34274934375595356,0.06266707837734346,-0.7042331392221298,-0.000869594739214329,0.002804249568483284,0.09178286773623766,-1.7870951839340687,-0.021027567700071872,0.6637268301805214
P01,session_01,010,raise_arms,1.904658555984497,0.3417194328432891,0.06507329404553072,-0.7128941541505738,0.001001159802364652,0.00689434946613794,0.2177320709364992,-1.8231138097724717,0.0024501793438375477,0.23080558095472511
P01,session_01,010,raise_arms,1.9364700317382812,0.34085754870721735,0.07210432866777874,-0.7162816656328975,-0.0015613850279038689,0.0015063894414691318,0.06820157250880356,-1.769472632683939,-0.05993100315043085,1.885176972584731
P01,session_01,010,raise_arms,1.9684956073760986,0.34051781098626505,0.07138718210311659,-0.7200215433579615,0.0009537994751005959,0.003158968457907956,0.1030370386072626,-1.843388632160949,-0.016631189122358767,0.5294328097347999
P01,session_01,010,raise_arms,2.000924825668335,0.3406235558541721,0.07106601152339152,-0.7255951558141245,0.00013469613163071844,0.005820587757625966,0.17953396286813758,-1.9078642250478635,0.023501609559809858,0.7466119904552161
P01,session_01,010,raise_arms,2.0332932472229004,0.34119859442520556,0.06992520979786816,-0.7271524099365363,0.0003199919631886274,0.0013801536810000004,0.04376993104004478,-1.8874927936238133,0.0004302225780498387,0.04574351264417978
P01,session_01,010,raise_arms,2.064899206161499,0.341788770073825,0.06894808095508634,-0.72883677557161,0.00046348580913754887,0.00278841363755238,0.08943475314843069,-1.9185204427244442,0.14149553402160028,4.477755787543803
P01,session_01,010,raise_arms,2.096456527709961,0.34145226972627113,0.06974892833124598,-0.729936809806892,-0.0005515291355913848,-0.0005619155839432403,0.02495010751877205,-1.8495606805811637,-0.03658286035734604,1.159519584863027
P01,session_01,010,raise_arms,2.129035234451294,0.34206290135843676,0.0738281235476634,-0.7305386741725302,-0.0007479704366720089,-0.0011620768415062615,0.04241988319730234,-1.7943121614881579,-0.1098394368439672,3.3717768892986895
P01,session_01,010,raise_arms,2.161126136779785,0.3414864273967921,0.06704514876362509,-0.7287050818620997,0.0011259878361117464,-0.0034988357105530947,0.11453571276038918,-1.9377964406181154,0.253652192709655,7.905007440368875
P01,session_01,010,raise_arms,2.192859172821045,0.3427281349700309,0.06404760279671123,-0.7197623064227378,0.002449598492682788,0.002021122016486255,0.10007748458113698,-2.0062059699183212,-0.18187778592820222,5.7323701874508535
P01,session_01,010,raise_arms,2.226057291030884,0.3431816437767971,0.053124786368937214,-0.7247853962504722,0.007470474976533789,0.014943555190520815,0.5032459973177701,-1.9916661919259213,-0.004820427439100789,0.5237748605780506
P01,session_01,010,raise_arms,2.272740602493286,0.34299698538051626,0.04949514151869357,-0.729607058905909,0.003573964142609358,0.00430130359846677,0.11979344730301085,-1.964871351146408,-0.014552024119204797,0.33394389240052635
P01,session_01,010,raise_arms,2.304861545562744,0.3422365283965891,0.051516027751248146,-0.7288243016426145,-0.0007877353407660931,-0.0025751613417129013,0.08383784337848414,-1.9567493684742614,-0.007567192413854428,0.25005756024222564
P01,session_01,010,raise_arms,2.336996078491211,0.343644685796476,0.0519984201819598,-0.7313476394113106,-0.002153406109954915,-0.0037431046942979036,0.1343829062662167,-1.937889535487198,0.08000599010034293,2.4933440525532893
P01,session_01,010,raise_arms,2.368898868560791,0.34368631754107837,0.051922793832084535,-0.7312618239385442,0.00011493904851236514,-0.000825341277812668,0.026120166613887365,-1.91436307352495,-0.025044897830045047,0.7854722746190582
P01,session_01,010,raise_arms,2.400979995727539,0.34299234054011746,0.05102627776139433,-0.7290558090169478,0.0008274456381477925,-0.00408718002444965,0.12998597961257854,-1.90460382154243,0.02359612467792018,0.74691197449436
P01,session_01,010,raise_arms,2.43290638923645,0.34205523628777407,0.05155596511985349,-0.7284234772396965,-0.001169857205059508,-0.0014612977614700282,0.058631299971670985,-1.9856193617135327,-0.1658049324666381,5.193680851796682
P01,session_01,010,raise_arms,2.4653143882751465,0.3429923802373256,0.0530352362981652,-0.7310483539165282,-0.0011488485730716707,0.004801408508498522,0.1523370822389974,-1.9920428422342173,0.15360595042427266,4.742201673974803
P01,session_01,010,raise_arms,2.4970264434814453,0.34556501029658443,0.06222464104895919,-0.7581476355426746,-0.004837977602850673,-0.005074928330848039,0.22109841712584669,-2.0046009165578313,0.08295537184308795,2.625221022708053
P01,session_01,010,raise_arms,2.528902530670166,0.34183855589416523,0.039990153339684274,-0.769454682011094,0.005226282665338369,0.0037408245119287826,0.2016280820612388,-2.075058407806351,0.048215381469122166,1.5259671750384172
P01,session_01,010,raise_arms,2.5608437061309814,0.34251021139411014,0.03964578286286801,-0.7601313826342669,0.0005877190806905956,-0.008799210522318138,0.27609554418198234,-1.9798632955492041,0.041724911439108545,1.3351632973114536
P01,session_01,010,raise_arms,2.5925583839416504,0.3425355742027942,0.045218391493686325,-0.7539791778960918,-2.601450787895481e-05,6.264363101286776e-05,0.0021387736640312567,-1.9231940130971406,-0.11372884869040799,3.5860010811773937
P01,session_01,010,raise_arms,2.6247336864471436,0.3424106619213752,0.04564961754778287,-0.7481424214997858,-0.0015900749837802217,-0.004324944770869943,0.14321483551273775,-1.8576589755697568,-0.06864580174687893,2.1382949750428883
P01,session_01,010,raise_arms,2.6577415466308594,0.34472334835564933,0.043853822839463076,-0.7485972059472623,0.0023118793894643186,0.005731565838988685,0.18723605687082429,-1.8685292808483767,0.020055228424684324,0.6357847989400557
P01,session_01,010,raise_arms,2.704657793045044,0.3444068076802522,0.05441576709069912,-0.7534202675295162,-0.008133346447857898,-0.007377053912809404,0.23404556826623024,-1.9277527009020434,0.1125688437369601,2.4107453898941933
P01,session_01,010,raise_arms,2.7367568016052246,0.3449077125390029,0.05489833986648658,-0.74305508309523,-0.0006497348567377524,2.592199707710961e-07,0.020241588061174768,-1.9518312029737521,-0.03738265202650554,1.1647804616328032
P01,session_01,010,raise_arms,2.768527030944824,0.3477512847405535,0.049795533098764284,-0.7470322372056235,0.004702579133356412,0.011022576390250763,0.3772021589257513,-1.9396134613837623,-0.01852262127349258,0.6944002206114734
P01,session_01,010,raise_arms,2.8008174896240234,0.3478467728629006,0.05347281075747981,-0.7468794305874406,-0.00017495157944058198,-0.00478675060888605,0.1483393826529232,-1.9378526475946372,0.021280413572544725,0.675519388027337
P01,session_01,010,raise_arms,2.8327503204345703,0.3489715963667047,0.054362323272097,-0.7407333045640788,-0.0007764606574576173,0.0010581966571224521,0.04110207916923951,-1.993460257513309,-0.056546716674166435,1.7712788209379735
P01,session_01,010,raise_arms,2.8650214672088623,0.34879447188625085,0.055979739416113374,-0.7460316235928174,0.000158199181318484,0.0036516113486405894,0.11326020139552839,-1.9521116571701644,-0.10231511758872298,3.1725052266140406
P01,session_01,010,raise_arms,2.897218704223633,0.3491611721392328,0.05531365358827263,-0.7430994996103683,0.0006658469941603455,0.0020921132769983627,0.06818957556737923,-1.9267470904495012,-0.011322834401496923,0.35822103158572677
P01,session_01,010,raise_arms,2.9284989833831787,0.3488518453077038,0.05451301599664142,-0.747302458481592,0.006228340612849074,0.0036397340659264643,0.2306203188719793,-1.9197573367225267,-0.0019116612884224034,0.23858048088765704
P01,session_01,010,raise_arms,2.960458278656006,0.34922284649223384,0.04765200774693107,-0.7441414198302639,0.0024924529925781356,-0.0008218144015382688,0.08211829872591533,-1.9354686019567584,-0.013940741500071376,0.4438654076992896
P01,session_01,010,raise_arms,2.9929559230804443,0.3489168600740686,0.051038516525262374,-0.7466710568454168,-0.0007155115822970742,0.0017357796795321883,0.057772448446999906,-1.9421827556124152,0.00887479499715937,0.279134424812003
P01,session_01,010,raise_arms,3.024801015853882,0.3486288012550204,0.05178469446547739,-0.7486211321060984,-0.0006778485154482828,0.0017672189116416355,0.059436480349895106,-1.8933481454957122,-0.07263624059667166,2.2816984006882914
P01,session_01,010,raise_arms,3.0570147037506104,0.34931372494472396,0.05051572445158619,-0.7494717421499506,0.0007422133317343371,-0.008283320899448825,0.25816686529731964,-1.868042027775856,0.2360935219719714,7.333527094982888
P01,session_01,010,raise_arms,3.1049227714538574,0.34923518540118287,0.041811295911159715,-0.7566064366304494,0.008244734487962707,0.010197306757476496,0.2737196415199149,-1.824861639504729,-0.0556147726459645,1.1926980810373984
P01,session_01,010,raise_arms,3.1368680000305176,0.3525817771065503,0.03869912389400617,-0.7509065455732996,0.0035338624264980986,0.0012646778038955355,0.11749311208314263,-1.8717392097027499,-0.0029637557818099278,0.14970653989918942
P01,session_01,010,raise_arms,3.168808698654175,0.3513911718285001,0.04539226548428599,-0.7606206826949886,-0.0029057570285891134,-0.0031473875056461285,0.13411191850754103,-1.9175060396045285,0.09764553464692352,3.060028531061995
P01,session_01,010,raise_arms,3.200561046600342,0.35428348981486946,0.04147851385347269,-0.7529207341917954,0.004636230997089199,-0.001303607431109623,0.15167439248692252,-1.889881908494856,-0.02528322932860908,0.8105802630035247
P01,session_01,010,raise_arms,3.2329599857330322,0.3545809555518705,0.0466657909104541,-0.7501284341338884,-0.00047210557202978775,0.0009812769367006893,0.033610328210571194,-1.924482156332199,-0.1254332478294382,3.8716691925046374
P01,session_01,010,raise_arms,3.2646291255950928,0.354423832948137,0.0460065958863803,-0.7434416763232228,0.000623040233764249,-0.004149257080112945,0.13248775628765067,-1.947144981207795,-0.015020634363715589,0.49245541644097457
P01,session_01,010,raise_arms,3.2968430519104004,0.35347605230041224,0.05319868387561865,-0.7443625429231494,-0.006439086751649828,-0.002293711767121898,0.2121883205743468,-1.9413716083187673,-0.003934151995938255,0.24482360589670824
P01,session_01,010,raise_arms,3.329239845275879,0.3548491851358663,0.04318419761546712,-0.7431849537380444,0.0024570070271352096,0.002030358738027472,0.09838493139493086,-1.97893029710148,0.04743762070163185,1.4675705578334355
P01,session_01,010,raise_arms,3.3613059520721436,0.3543678863203691,0.0549905620553569,-0.7403415528707753,0.0008903241465624909,-0.003768518869075258,0.12075871380749693,-1.9341846564572038,-0.045415677344515466,1.4214528251058975
P01,session_01,010,raise_arms,3.3930444717407227,0.354997084568839,0.049073242857525436,-0.7323162353628074,0.00579668325976841,-0.006618772382939547,0.2772113337801187,-1.9262129935590653,0.022717195692543525,0.7675675755493251
P01,session_01,010,raise_arms,3.424720525741577,0.3526138108234395,0.04597567712490782,-0.7436092240008151,0.0036413867475950617,0.0051073567860556585,0.1980215909829679,-1.962056792765725,0.058254665832179794,1.8497060632603857
P01,session_01,010,raise_arms,3.4566707611083984,0.35249756450634206,0.052496413820285664,-0.7479991581163284,-0.004213697043724179,-0.004267975691009857,0.18771602292742168,-2.0087249233559863,0.13253955818622648,4.152557433334706
P01,session_01,010,raise_arms,3.4889113903045654,0.35239943165886456,0.055884561066030146,-0.749578329032075,0.00036766687156842404,-0.000771614154385348,0.026511030867710117,-1.9424686733616048,-0.09134151691982938,2.833242346927279
P01,session_01,010,raise_arms,3.5383474826812744,0.35272535121024223,0.060377598896289034,-0.7494233357627222,0.0015179334885317228,0.002741836277105727,0.06339443685097416,-1.986295180600429,-0.1973220171894845,3.9919600002229827
P01,session_01,010,raise_arms,3.5689809322357178,0.351324038646421,0.06050640853131467,-0.7491620696860251,0.0002268740605766206,-0.0023129363004980885,0.07586597803569806,-1.9537733282152308,-0.025351299436911553,0.8310393688589599
P01,session_01,010,raise_arms,3.6008193492889404,0.3525806848789752,0.056160591548966424,-0.7738008618881554,0.0033898829103686905,0.027378558864114527,0.8664884379803687,-2.019149465375479,0.08606046273121633,2.8385240193200847
P01,session_01,010,raise_arms,3.6324732303619385,0.34949762251747085,0.05969526789854566,-0.7788957731295199,-0.0039045997861240148,4.647317937186259e-05,0.12336169245662694,-1.9960110946391003,-0.03974369245503938,1.2616165948380722
P01,session_01,010,raise_arms,3.6644515991210938,0.34980779229068776,0.04665246021184114,-0.7881935487168614,-0.000511688853722722,0.010401784137315113,0.32566896127564976,-2.078349730916165,0.20506844543034017,6.420987961964536
P01,session_01,010,raise_arms,3.6968672275543213,0.3444194227647687,0.04598933851501493,-0.7975703062156816,0.0014447340737981592,0.0016768485380848997,0.06828144639373615,-1.9961993407778806,-0.04473615836304893,1.3817680635233622
P01,session_01,010,raise_arms,3.7290642261505127,0.344846708355218,0.045469824752116646,-0.7855062330039464,9.126157123990436e-05,-0.020980136439852404,0.6516239352482485,-1.972742186462426,-0.008841288796149966,0.7071200699123028
P01,session_01,010,raise_arms,3.761415719985962,0.34101279104588605,0.04589368019313874,-0.7955913088512494,0.0012002194793225226,0.0024439609523613315,0.08416208477307457,-1.9131498063433203,0.12427604803089588,3.842353361390628
P01,session_01,010,raise_arms,3.792782783508301,0.34399747289946725,0.07205466110913097,-0.777455516737335,-0.013830371786015119,-0.03153446749706167,1.0977763759276011,-1.9428188862451667,0.01239007084360112,1.166679049846297
P01,session_01,010,raise_arms,3.8248636722564697,0.3459374887018862,0.07193504437484537,-0.7719427841590472,-0.002406843172712469,-0.0006039937534500366,0.07735047066225845,-2.01659394383059,-0.22494245547060188,7.012154311060855
P01,session_01,010,raise_arms,3.8570845127105713,0.342746739541208,0.06512049811044802,-0.7999194193076342,0.006664610459222884,0.025690759266674745,0.8237258936912827,-2.046147926144141,0.025191614528214015,1.1356943506793074
P01,session_01,010,raise_arms,3.889084577560425,0.34395204554196496,0.06211202015495429,-0.800546098101887,0.004335412802909449,0.010575407529068444,0.3571733088554121,-1.8908011929832593,0.19201718373817805,6.011145566769272
P01,session_01,010,raise_arms,3.9208714962005615,0.34473972824110544,0.06381604315589164,-0.7957402705676839,-0.0019137162231415456,0.002001029471791903,0.08710601004197945,-1.9529331200581854,-0.22763236062265252,7.161725931150627
P01,session_01,010,raise_arms,3.9690403938293457,0.34327569473110603,0.06681697108768238,-0.7756635248916228,-0.002974279211581873,-0.02349427938353868,0.49164083018020277,-1.9534237015421076,-0.01261707230129832,0.5570638466015659
P01,session_01,011,lean_left,0.000530242919921875,0.4439385629668505,0.0604992996454018,-0.8324492139698593,0.0,0.0,0.0,-1.996311358464725,0.0,0.0
P01,session_01,011,lean_left,0.03285098075866699,0.44403481126516653,0.06042776048794665,-0.8197102272327307,-3.1243003295044744e-05,0.0015534920607241797,0.04807458938651684,-2.062195959403123,-0.20919214286159943,6.472559951778467
P01,session_01,011,lean_left,0.06561779975891113,0.4465417459653651,0.06441842168821482,-0.8246151030244059,-0.0037647526099338015,0.007225503231918012,0.2486499984855057,-2.031548945868958,-0.0015705823890056491,0.25322777847903555
P01,session_01,011,lean_left,0.0985720157623291,0.447935468665329,0.0641484612765998,-0.8343901694939354,-5.6552730921309505e-06,0.011873079525367397,0.3602901938546798,-2.052879102284073,-0.12043978551580363,3.672477018645302
P01,session_01,011,lean_left,0.12875914573669434,0.44964830695645946,0.06174303564356525,-0.8360658948181964,-0.0016741127418555895,0.007158814547491823,0.24354609113663658,-2.0332393860804223,0.1227039603588457,4.0720669337306745
P01,session_01,011,lean_left,0.16140055656433105,0.4480321999836379,0.07260963645107509,-0.8367207542096825,-0.00027422152704149557,-0.001669142699345603,0.051821243185644204,-2.0393321822221755,-0.2006151976114495,6.146251756572442
P01,session_01,011,lean_left,0.20863008499145508,0.44872471515445317,0.07539485931418324,-0.836304405355739,0.000344863016838381,0.0005321218085525486,0.013425944609192579,-2.082224931452919,0.1584792672932264,3.3555392386097216
P01,session_01,011,lean_left,0.24050331115722656,0.44945378870708225,0.07558864847578434,-0.839257289825902,-0.0006165968623390354,0.0018324842335306574,0.06066031628173882,-2.0578633499037227,-0.06200675819074816,1.9463638212812662
P01,session_01,011,lean_left,0.27260255813598633,0.44864523716147353,0.07345455348146862,-0.8390522590773619,-0.001121592899411376,-0.0034600687580052564,0.11331459215954909,-2.0160911527934604,-0.02302392512154231,0.7261686031324222
P01,session_01,011,lean_left,0.3046281337738037,0.44755199410711477,0.07734192594765738,-0.8386143709640423,-4.884349474296533e-05,-0.0003192972832890508,0.010086048841639553,-2.025923849280377,-0.06531001189671048,2.039332919687332
P01,session_01,011,lean_left,0.33681464195251465,0.4515831597879425,0.07880497112279772,-0.8476707677184868,-0.0036065388615659647,0.005060908151880611,0.19307755324034492,-2.0348004681320537,0.061564120260451285,1.9224508908153837
P01,session_01,011,lean_left,0.36868739128112793,0.45169673772476054,0.07851296107263449,-0.853255097553791,0.00016478157566110968,0.0007175173714973244,0.02309796741399667,-1.9939339965573735,-0.14724993764711844,4.619989837457831
P01,session_01,011,lean_left,0.40119171142578125,0.45253773326017205,0.07834011758613207,-0.854544616244996,-6.868780206775722e-05,0.0021314292559184685,0.06560776326426233,-2.0028827015164303,-0.08902610879123321,2.73968648365906
P01,session_01,011,lean_left,0.43280816078186035,0.452715271922636,0.07920076879620139,-0.8540470915280635,7.48818160519148e-05,-7.261067525737321e-05,0.0032990834383715734,-2.0189219197255777,-0.02363823088009276,0.7476633678841312
P01,session_01,011,lean_left,0.464752197265625,0.4533965603074424,0.07917598489687448,-0.8533768480166887,0.0007576512463368401,0.00032057130337784836,0.025753770538658443,-2.011559523568101,-0.0009998051691672673,0.04053223524655954
P01,session_01,011,lean_left,0.4964728355407715,0.4535969876204018,0.07855204546272651,-0.860582004733145,0.00022548996846550025,0.00048356823074186537,0.016820526339085828,-2.0239450338199902,0.03201523917655363,1.0094275108741146
P01,session_01,011,lean_left,0.5282454490661621,0.45365178089964814,0.07862106238806249,-0.8603246652102107,-0.00023367451687901982,-0.0005727883364262508,0.01947021572058135,-1.9989309461308389,0.019159339555992368,0.6033285231983915
P01,session_01,011,lean_left,0.5608017444610596,0.45331919590529507,0.07663717743026555,-0.8577658346427539,0.004042898765611932,-0.003077602119074271,0.15606844069405992,-2.0464208372076036,0.04857020608722953,1.5000247667639843
P01,session_01,011,lean_left,0.5937619209289551,0.4560333782871057,0.07432981877120724,-0.8575004972175623,0.0018716253078410537,0.002118358712745256,0.08576210055424492,-2.0085529369920194,-0.0035532093651294864,0.13775575248484406
P01,session_01,011,lean_left,0.6405882835388184,0.45602271179588655,0.07230343387949836,-0.8576487764069526,0.0020295612454612403,0.001276338526955226,0.05120047123390287,-1.9973912080449563,-0.02092116864406532,0.44970602015353545
P01,session_01,011,lean_left,0.6726245880126953,0.4564446066020392,0.07202864732662553,-0.8640571999744202,0.00033292548461931915,0.0005628849976276035,0.020413454215191026,-1.986078045542958,0.12402421040553063,3.8714182739064493
P01,session_01,011,lean_left,0.7046177387237549,0.46090632948496374,0.06931689628734472,-0.8594595644954788,0.0052169836328638764,0.002172778664838006,0.1766428515465035,-2.10371782317414,-0.21142941076687255,6.610943938423219
P01,session_01,011,lean_left,0.7365138530731201,0.46106940907598687,0.06954957116789709,-0.8565371789167384,0.00012623681918046443,0.00018660813977163383,0.007063434022128531,-2.0681676711069037,0.04511961174314888,1.4145978325695556
P01,session_01,011,lean_left,0.768263578414917,0.46074112113048477,0.08217607850706204,-0.8531047001378522,0.0024428025945914186,-0.0013378476668900006,0.08772236006613061,-2.034243205726136,0.04874524915270046,1.5378007765754054
P01,session_01,011,lean_left,0.8006727695465088,0.46207468054717954,0.09263722048855108,-0.8515181616176842,0.0015634338479300557,-0.0005849211677513944,0.051506029450129644,-2.0008608773721526,-0.0488487861126517,1.5081307909197164
P01,session_01,011,lean_left,0.833080530166626,0.462319420595302,0.09817589755072495,-0.8543736776540072,0.0029963838607564744,-0.003468153565160202,0.1414252154296705,-1.926064119694384,0.13104498598617048,4.046102185947928
P01,session_01,011,lean_left,0.8646731376647949,0.4627875700733543,0.10098783023495798,-0.8518794421821527,0.0014632702221173952,-0.00220683495397694,0.083813348464307,-1.9366900271880825,0.053321621631759124,1.6898676800500154
P01,session_01,011,lean_left,0.8968803882598877,0.46215728750775104,0.1127120052994394,-0.850173949866985,0.0025674152406907594,-0.004711549383277984,0.16659792316045297,-1.9375789477184655,0.07295384177534346,2.2712554790305175
P01,session_01,011,lean_left,0.9287190437316895,0.46473216405611095,0.11087825683453645,-0.8447077619605863,0.0038127274473442494,-0.00021001904617025342,0.11993305999645687,-1.95035905855147,0.05340208795731108,1.681554511924386
P01,session_01,011,lean_left,0.9605579376220703,0.46476115585144145,0.1293318246912278,-0.8370632419651783,0.014402656588433834,0.0009551903998384302,0.4533541964486287,-1.9824309538918483,-0.021764182547553836,0.8202444584950354
P01,session_01,011,lean_left,0.9931881427764893,0.46615353518009434,0.1471377415384839,-0.8318728240154739,0.004230919519275845,-1.2147159307661315e-06,0.12966267523077643,-1.923188344646427,0.13073462517857903,4.00864991630828
P01,session_01,011,lean_left,1.0253145694732666,0.4754430208541609,0.1563198162996757,-0.8189992728584304,0.01682186990264468,0.005533052083582484,0.551211995526045,-2.0186453715413903,-0.15521684934792304,4.862780171913764
P01,session_01,011,lean_left,1.072683334350586,0.47233245435690735,0.1512694246182402,-0.8148926429674977,0.017645857525048353,-0.0006782196742789885,0.37279600743896285,-1.98809705591883,-0.05796435773424955,1.2792096105920645
P01,session_01,011,lean_left,1.104766607284546,0.47996978359247816,0.15582780620323777,-0.8087306573662731,0.021836139233106122,0.007292093921026131,0.7175560517714722,-1.989403462969604,-0.15383449519251108,4.84824477353512
P01,session_01,011,lean_left,1.1366829872131348,0.47568421961845614,0.15766543603045094,-0.8135713113705335,0.007273899971517082,-0.0024531815168234803,0.24051723029706423,-1.9631098912862213,0.0036746661792698226,0.2666541150932404
P01,session_01,011,lean_left,1.1685295104980469,0.47047450515648914,0.14010476221816706,-0.8217288229241063,0.030042938970897104,-0.00013600223915448715,0.9433760331309213,-1.951299981079277,-0.008358183255052417,0.9792034438130084
P01,session_01,011,lean_left,1.2006604671478271,0.4701033633644893,0.13499201658722448,-0.8281003224400867,0.022905941678217488,0.005823171107157702,0.7355691385482408,-1.8957617391604171,0.008658301983743117,0.7833744872070886
P01,session_01,011,lean_left,1.2333269119262695,0.4732014849231622,0.13625737118258996,-0.8273930701855917,0.018453921774400483,0.00617898705438671,0.5957462616989606,-1.88724302169177,-0.024412446651803393,0.9557238472160735
P01,session_01,011,lean_left,1.2652995586395264,0.4767949763960744,0.13531262622967324,-0.8281954510452485,0.015557813770047935,0.007359776058014826,0.5382978462455043,-1.862707528201939,0.01520346992420276,0.7182471663556721
P01,session_01,011,lean_left,1.2963547706604004,0.4678450886924465,0.12894087683700894,-0.847025865632294,0.015391435128917733,0.0029780976815235263,0.5048075245605167,-1.9027795530400504,0.04450469531995823,1.519393767683886
P01,session_01,011,lean_left,1.3291091918945312,0.4678038327679078,0.15305867657914285,-0.8452384133079939,0.014100371045882312,-0.00017137150576248994,0.43051935811990205,-1.8303802237061206,0.009059468647846751,0.5117105139602498
P01,session_01,011,lean_left,1.3608019351959229,0.46758331321968644,0.15974876191531237,-0.8473604235680494,0.03471613249598503,0.006612387244578162,1.1150897607025256,-1.8632026193834441,-0.11380948117936233,3.7601724065210984
P01,session_01,011,lean_left,1.3926341533660889,0.46536055067702004,0.15441111486659057,-0.8470930595666906,0.011337337958925994,0.001881278980754329,0.3610293342820412,-1.8468842236916687,-0.08081625732076003,2.5643608969077096
P01,session_01,011,lean_left,1.425079584121704,0.47269896364992614,0.15136280923251025,-0.8449713941676545,0.018011561953225952,0.012463601909268209,0.6750834311866702,-1.8430399931361825,-0.02233962269504228,0.9642665282980307
P01,session_01,011,lean_left,1.4571051597595215,0.4720852513003019,0.17845908509885133,-0.8451711536769994,0.013340759452308025,-0.0008221935459924748,0.4173561644351565,-1.8542972266077984,0.01967857501996324,0.7428005281956439
P01,session_01,011,lean_left,1.5044491291046143,0.45507821356774475,0.16168825334464285,-0.8662513062073146,0.02997601625605013,-0.004235983093742039,0.6394443835587054,-1.888028575525928,0.04387051624896193,1.1258503831240316
P01,session_01,011,lean_left,1.536651849746704,0.458890088970004,0.18087000557119381,-0.8550854132371438,0.007608783609373255,0.0019413167602127489,0.243846929335735,-1.8119474684632066,-0.013739920705072598,0.49143487860712054
P01,session_01,011,lean_left,1.568704605102539,0.45909439910063216,0.17354540273730484,-0.8575971190245454,0.009091734227613057,0.006472460482656011,0.34818546657346405,-1.8243800880281584,0.08407187758175871,2.645931405461482
P01,session_01,011,lean_left,1.6006181240081787,0.46605231377381745,0.17672235418485532,-0.8454154612418106,0.00041686594809970957,0.0006166981444199416,0.023324747949182743,-1.7728482906179694,-0.04557405042430622,1.4282388978547425
P01,session_01,011,lean_left,1.6326587200164795,0.4601769071271976,0.18121835230278044,-0.852856521256173,0.014562778827954473,-0.00019202155629919934,0.4545497451384353,-1.7434840388315282,-0.05743125126730871,1.8491895463400247
P01,session_01,011,lean_left,1.6642630100250244,0.46168294873821153,0.17934050068670765,-0.8488411237071791,0.01060471248114892,-0.0004022848875569601,0.335787957307461,-1.7567392762398284,0.028420826977039428,0.9599178071712932
P01,session_01,011,lean_left,1.69712495803833,0.4616200283728724,0.1917697852689808,-0.8433177406194817,-0.0016521946330470885,-0.0032263358768300104,0.11030309326304118,-1.7874638681740234,-0.04742156583647022,1.44726350273762
P01,session_01,011,lean_left,1.7287304401397705,0.45554175080630915,0.19958127223357777,-0.85387139567455,0.005726362674722464,-0.0002234805769090819,0.18132050138740907,-1.7785890454955764,-0.031080450016715826,0.9999644842473944
P01,session_01,011,lean_left,1.7609269618988037,0.45350313325878117,0.19848955452090708,-0.8436394962874679,0.0044375910027627885,-0.01315314932375165,0.43115074507625156,-1.6806835903356125,0.1849348487853145,5.760097505343684
P01,session_01,011,lean_left,1.7931733131408691,0.45579470844423947,0.19701025161843935,-0.8377496080706389,-0.0001034397134145357,4.420053493566759e-05,0.003488382471042801,-1.7713406222129082,-0.22155148708955472,6.870591775884998
P01,session_01,011,lean_left,1.8249282836914062,0.4477360330913799,0.19623366400873363,-0.8477047978189217,0.007908095742549874,-0.0038295265227878874,0.27669803941871535,-1.7667721264815641,0.07336352551335461,2.3268112033411588
P01,session_01,011,lean_left,1.8563599586486816,0.4521740051033245,0.19809210795071774,-0.8405521061586304,0.002550215729193886,0.0018592261004530622,0.10040819586111828,-1.841228140620065,-0.04472266258692709,1.4263917178134324
P01,session_01,011,lean_left,1.905158281326294,0.4523251548490486,0.20429976684253923,-0.8323266439476213,-0.000491483662731964,-0.00797383568802339,0.16371399037706924,-1.8282043844185878,0.007224239920089674,0.2207236707362073
P01,session_01,011,lean_left,1.93660569190979,0.45504871438217775,0.19907526228952488,-0.8342268301007177,0.002215483595200861,0.006833366659455701,0.22843029984923408,-1.8091574986649677,-0.02448414568202262,0.8113928410565682
P01,session_01,011,lean_left,1.9686343669891357,0.4527297772253839,0.20727919400956576,-0.8218891843242592,0.00012135402636519105,-0.015603883053759093,0.4871995142888899,-1.7218259254124433,0.20471041858573302,6.410015062908356
P01,session_01,011,lean_left,2.0005195140838623,0.45287390233195296,0.20628041255308827,-0.816212025684878,-0.000919522738181606,-0.00022486289246164372,0.029688364439857038,-1.8203008148337987,-0.09780568457574863,3.067580812008164
P01,session_01,011,lean_left,2.0327494144439697,0.45491025919828815,0.2097919567523326,-0.8191308194502119,-0.0002814418325125802,0.006142585917142585,0.19078650688073373,-1.8251207376926712,-0.03552800233406625,1.118718924954576
P01,session_01,011,lean_left,2.0643506050109863,0.4523159905830057,0.20652556006189393,-0.8231802268304821,0.004401930061842797,0.00010054551444224742,0.13933266832405455,-1.8360802197246853,0.06072230890065728,1.926564660152993
P01,session_01,011,lean_left,2.0969059467315674,0.4528209244487382,0.20694913660871678,-0.8253727844854656,-0.00040035147957230343,0.0010553404528919753,0.03467102483202135,-1.838565697329408,0.0030551892213095343,0.10004576585785706
P01,session_01,011,lean_left,2.1293678283691406,0.45064341636419675,0.21095164389594542,-0.8267664611181582,0.002236248425660542,-0.0001378208082058457,0.06901914679183738,-1.8175859108462518,0.10609504012572385,3.269024752536113
P01,session_01,011,lean_left,2.1605281829833984,0.4505246162837524,0.21099109657799314,-0.829225842851151,-0.00044873031707906244,0.0031732943230780137,0.10285070339161505,-1.801039440100185,-0.03224163876234024,1.0397998244787565
P01,session_01,011,lean_left,2.193103075027466,0.45007872430167933,0.21078170734933954,-0.831348031974395,-0.00017567051501319022,-0.0029809690596980065,0.09167001260803381,-1.7898993619761974,0.034195593374089436,1.0537480381598336
P01,session_01,011,lean_left,2.2248098850250244,0.4507746545090513,0.21020049778042718,-0.8301517558757573,-8.455925805184536e-05,-0.0002981060942578348,0.009772882405506942,-1.8581825884803567,-0.06947756232997604,2.19127226385872
P01,session_01,011,lean_left,2.256713628768921,0.4484709196114701,0.21074505553665088,-0.8332740030364764,0.003220321496338951,-0.0003222315091982578,0.10144273095032816,-1.8480193025381477,-0.035103597585520376,1.104963526815769
P01,session_01,011,lean_left,2.2883315086364746,0.44688716001864687,0.21183651250109603,-0.8308454657828267,0.0018405413472691464,0.0012208032864636036,0.06985316136004989,-1.8076096351039106,0.015241801722177772,0.4870974717815647
P01,session_01,011,lean_left,2.3368966579437256,0.4461660317376032,0.2119090079718712,-0.8301260682581096,-8.640125259727369e-05,-0.0050438025385544155,0.1038716567496727,-1.7874889522882709,0.03193710251155608,0.6657664482962343
P01,session_01,011,lean_left,2.368446111679077,0.4479539089378991,0.20889103428557418,-0.829639584285421,0.0013468310073395148,0.002067216610356323,0.07820272278576058,-1.846968092947826,-0.09672760131781755,3.0669013609658626
P01,session_01,011,lean_left,2.4006922245025635,0.4480088011846916,0.20896701861442943,-0.8307739730968292,-8.082390704222418e-05,0.0005456777855698476,0.017106898851956303,-1.8381266300390404,-0.011360648286895545,0.35272570815135024
P01,session_01,011,lean_left,2.4327127933502197,0.44824897442922373,0.20884594481811555,-0.8307839390229264,-0.0001274538376578765,-0.0017608841368642978,0.05513614426756618,-1.8030121180214111,0.014289257299566236,0.44964568669225324
P01,session_01,011,lean_left,2.4650516510009766,0.44963657401799073,0.20727187976565123,-0.8283776504904824,0.0008302678495511537,0.001551039631768375,0.05440144905641334,-1.8155350047184184,-0.002848157088018411,0.10351929794430588
P01,session_01,011,lean_left,2.4963440895080566,0.4484356485510328,0.2080606284872411,-0.8259987458690381,-0.0003178041400554277,-0.004489133009716443,0.1438164775300744,-1.8142357741938082,0.0768282536697985,2.459378479071381
P01,session_01,011,lean_left,2.5287933349609375,0.4475039982075091,0.20740093303075205,-0.8340221616544851,0.0007127186694882213,0.005839205096311646,0.18128435747820124,-1.8265666543594496,-0.019090464585948402,0.615614898301927
P01,session_01,011,lean_left,2.56084942817688,0.44704508220758576,0.20811269655899103,-0.8346383360955905,-0.0013581688696948468,9.479782715879212e-05,0.04247158887078147,-1.8235172702079638,0.013028201383315646,0.40863203358552747
P01,session_01,011,lean_left,2.592837333679199,0.44740788625221956,0.21387268997085052,-0.8300969510093128,-0.0013904063729642674,-0.001947241694055354,0.07479992910195578,-1.8049876716611635,0.08002994836535761,2.5029993947583633
P01,session_01,011,lean_left,2.6252546310424805,0.44731265010613586,0.21416707038873536,-0.8299618118922042,0.00014344418850100357,0.0010368889482773426,0.032290292874807044,-1.858217791881104,-0.11886453044315673,3.666842985487644
P01,session_01,011,lean_left,2.6568028926849365,0.4463285834103585,0.21653409352847286,-0.8293963299919469,-0.0019577262665310033,-0.0008481399422731222,0.067628116268335,-1.864701700751048,0.00485400197634582,0.1680664435485677
P01,session_01,011,lean_left,2.688781976699829,0.4471305479489585,0.22024691082991804,-0.8310973250572478,-0.002219324832747434,0.0001543002969579935,0.06956679214888116,-1.857926543051395,0.0036936758343503783,0.13483490078364901
P01,session_01,011,lean_left,2.720438003540039,0.4498935525831472,0.2233825043668056,-0.8257704623922854,-0.002949935630214591,0.00045906435635918253,0.09430878382728818,-1.755170331191167,0.05613002407841699,1.77562911027184
P01,session_01,011,lean_left,2.7689034938812256,0.4506703326684261,0.22129466140473672,-0.8253551582631362,-0.0007017596283865169,0.0008265448167360606,0.02237201508878512,-1.7643919706877922,0.03941816632569387,0.813632043726123
P01,session_01,011,lean_left,2.8007168769836426,0.4496210804844249,0.2155795674277365,-0.8273629644027319,0.0003609451460490776,-0.00018778029542870938,0.01278925782283575,-1.7657372581436341,-0.0960943954109596,3.0205921970970913
P01,session_01,011,lean_left,2.8325133323669434,0.4506512975336347,0.21704301301747667,-0.8197961411010194,-0.0013912449840097177,0.0008677797590101255,0.05156852831050779,-1.819270935369581,-0.02751818099994066,0.8669830898043585
P01,session_01,011,lean_left,2.864635705947876,0.44850515564771953,0.21783333531450735,-0.8279417251106179,0.0018659959796507083,0.004315007724754565,0.14635265978077897,-1.803244738274565,0.08768825562801998,2.7337390434055813
P01,session_01,011,lean_left,2.8966763019561768,0.4488285183977518,0.21817054583177467,-0.8230670590525255,-0.0038897261958832255,-0.004284276435827543,0.18060282097338692,-1.8127331893223875,-0.12904571696320835,4.03161640926136
P01,session_01,011,lean_left,2.928791046142578,0.4483846366894921,0.21516006752668299,-0.8233663503055363,0.0022951366085322967,-0.000624647240073746,0.07406631179895623,-1.8126141293599374,0.008236297549674232,0.26694559365196796
P01,session_01,011,lean_left,2.9612042903900146,0.4502534294079224,0.20796885089585138,-0.8294294805825732,0.004040045522739892,0.008083797691436719,0.2788098540526961,-1.8383502468848243,-0.06531192913752217,2.034174449026075
P01,session_01,011,lean_left,2.9934091567993164,0.4512329988988396,0.20932447294242998,-0.8248196102896583,-0.0037032885952011014,-0.0020049710524962963,0.1307630303828565,-1.8218434611844891,0.018827026247552888,0.5990478755837414
P01,session_01,011,lean_left,3.0249648094177246,0.4502308041044958,0.20965005722309715,-0.8190341121489987,0.00021701516879192015,-0.006685007145534116,0.21195976445298179,-1.8354396976435159,0.03735351666256375,1.2025616231186267
P01,session_01,011,lean_left,3.0576834678649902,0.4517475970942969,0.20725242264154162,-0.8219280801382155,0.0009846528584958841,0.0054546291679445705,0.169407617226287,-1.8573204952699094,-0.04689370068198069,1.4432175065923512
P01,session_01,011,lean_left,3.0884315967559814,0.4512704291105704,0.20820686869055,-0.822313229120065,-0.00048698587611868314,0.0004052271949910822,0.020603959617897263,-1.8120043095615639,0.08185450652850257,2.662176891331741
P01,session_01,011,lean_left,3.121220588684082,0.45104049335785806,0.2096818119017528,-0.8202490879020892,0.00028306360734576023,-0.00023046822185387764,0.011132436756427987,-1.7632418307632984,0.106832625803357,3.2582047545381925
P01,session_01,011,lean_left,3.1527669429779053,0.45473780481004406,0.2134652600801421,-0.8156539954605998,-0.004177024644285318,0.002064886098179925,0.1477044678831919,-1.837920761297576,-0.01718652142021467,0.5644696490954768
P01,session_01,011,lean_left,3.200915575027466,0.45384509961018615,0.21430622749457817,-0.8016956593645943,-0.0004686274543946053,-0.017390599681872978,0.3613168617145814,-1.7577598222916073,0.061959720229464665,1.3366054963706362
P01,session_01,011,lean_left,3.232642412185669,0.45673254078473535,0.21604661463017755,-0.8034908198815881,-0.001964287918825621,0.006976456937468365,0.2284411571686736,-1.8316197424826435,-0.07413078465863061,2.3476731602390912
P01,session_01,011,lean_left,3.2646262645721436,0.45302288152327824,0.21103639418533662,-0.8087397719452463,0.00607361046318671,-0.0012901846032636814,0.1941333376327942,-1.8376638350411432,0.021660260133193283,0.704500724869515
P01,session_01,011,lean_left,3.2966554164886475,0.45444901811690347,0.21202760356907405,-0.8073085892104939,-0.0016432463564869538,0.0002260508905840778,0.05178787370828309,-1.8998325450052067,-0.10334998189027382,3.2271629351500724
P01,session_01,011,lean_left,3.328813314437866,0.4542810136050458,0.2106029800545435,-0.8097353224233947,0.0013070140533019599,0.002250979581232588,0.08094187135294977,-1.8969934267044561,0.018486543749541694,0.5805382902120241
P01,session_01,011,lean_left,3.361239194869995,0.4523772178113489,0.21164855035144864,-0.8121629458921207,0.0008608126805386872,0.0015080444702262343,0.05355080948111633,-1.8605176007241908,0.05278402693398449,1.6287169429318182
P01,session_01,011,lean_left,3.392678737640381,0.4510428393348223,0.20665759258795635,-0.8048113938859628,0.00016280697964649393,-0.009575746233071626,0.30462052919645344,-1.7621812200204734,-0.01803417670891021,0.6494822774075198
P01,session_01,011,lean_left,3.425894260406494,0.4514094376491169,0.20462847617478555,-0.8033553766390779,0.0015739641390398388,-0.0007539552638507985,0.05254246332744025,-1.7828251629368523,0.01825614864015328,0.5521327434770285
P01,session_01,011,lean_left,3.4568755626678467,0.45505598354819327,0.20757111733123268,-0.8042911999873095,-0.0045597510367423955,0.007473109960007774,0.28256892633904274,-1.8358637564117775,-0.06420709845862797,2.091621531945745
P01,session_01,011,lean_left,3.4886586666107178,0.4526878282494538,0.20489173541006062,-0.7956418208071812,0.0039243083740020425,-0.012945365656700592,0.4256069326994539,-1.8015386555251633,0.0823007961454236,2.6241948664316386
P01,session_01,011,lean_left,3.520674467086792,0.45295586409499183,0.20612383258306702,-0.8037994496733887,-0.0016246809127633435,0.008621079468613298,0.2740157326650986,-1.84930566518278,-0.05850022440536268,1.8476615842844113
P01,session_01,011,lean_left,3.552812337875366,0.4518735008197387,0.20724163511235807,-0.7959073699485193,-5.767572314101298e-05,-0.00946152265990461,0.2944096238012211,-1.7922346131484845,0.032735342255490095,1.0602850645141702
P01,session_01,011,lean_left,3.6004724502563477,0.4492327824733284,0.2043491052963974,-0.803116033900555,0.00286474815889702,0.0027364124832555846,0.08312313906638445,-1.8208073604291695,-0.02729854725934749,0.578775682960906
P01,session_01,011,lean_left,3.6331608295440674,0.44813920437009347,0.2040024261561919,-0.8039685847096555,0.0008605075092183082,-0.0018655246839979892,0.06284873854458223,-1.7424684192978388,0.07397641306932885,2.2639523959017662
P01,session_01,011,lean_left,3.664959192276001,0.4494564979764112,0.2028221453246356,-0.8101394728769175,0.0015833560300047677,0.008616854397889761,0.27552105425832385,-1.8050348588673586,-0.1854063230678063,5.837193771729893
P01,session_01,011,lean_left,3.6968278884887695,0.44913801489057853,0.20710048108297135,-0.8110092853694527,-0.0006373680209740186,0.00013529679816417925,0.020445449226898473,-1.8142873974467641,0.02212069472741034,0.6944209001663679
P01,session_01,011,lean_left,3.728647470474243,0.45070192708091256,0.213441111760598,-0.8092030572199964,-0.0029686808162161936,0.0012763962044173957,0.10155531015803278,-1.8349025958954266,-0.04691015588875867,1.477748033993306
P01,session_01,011,lean_left,3.7606794834136963,0.45312800270859366,0.21757639380281169,-0.803243707448884,-0.0034132106455280523,-0.002147726098923203,0.12589617982507229,-1.792982584822263,0.15288024748939147,4.774393240598808
P01,session_01,011,lean_left,3.7929494380950928,0.4584392553849272,0.2088515352827318,-0.8033513653478953,0.005783651786019484,0.007507994961365303,0.2936903385337007,-1.8553769721116704,-0.0729980937034226,2.2810924052113206
P01,session_01,011,lean_left,3.8246679306030273,0.4567736814234876,0.21209557363827794,-0.806541742261342,-0.0017155917643528207,0.00071058624068024,0.058544071683880386,-1.8441593640573504,0.045137852525472616,1.4242805693229241
P01,session_01,011,lean_left,3.857455253601074,0.45842351034008844,0.21438202953274657,-0.8048100325211669,-0.001216735732847357,-0.0011929419052013786,0.05197077122397028,-1.8528246436773035,0.0021160579042698788,0.08286272528615841
P01,session_01,011,lean_left,3.8886637687683105,0.4716604146397843,0.2238015898851199,-0.7893404727086697,-0.014661294139317844,0.007402742265246473,0.526272833480752,-1.8505202718053455,-0.015511208666792113,0.7238718542580661
P01,session_01,011,lean_left,3.921013832092285,0.46900008610410865,0.21515649254485725,-0.7960233797745907,0.00979218984391486,0.0019336556583408773,0.3085398223354169,-1.7962586530423736,0.019253885337549376,0.6703937367906
P01,session_01,011,lean_left,3.952535390853882,0.4673056700041866,0.21535178747357828,-0.7960181530747871,0.000941347832564573,-0.00036491936573520455,0.03202902572387939,-1.7679866234418773,-0.07627956312661067,2.42012918102596
P01,session_01,011,lean_left,3.9848968982696533,0.46590602166332745,0.21141129004252046,-0.7967211128404763,0.003110717122094013,-0.002394837362027488,0.12131040087346733,-1.7816659262631724,0.011519257903950322,0.3760592520613178
P01,session_01,012,lean_left,0.0006651878356933594,0.49156748083300544,0.07891435563274142,-0.8180756684594475,0.0,0.0,0.0,-1.8062095393495181,0.0,0.0
P01,session_01,012,lean_left,0.03306889533996582,0.4896660361388736,0.073155838735471,-0.8190162248353315,0.0016946567728206602,1.1016121098999407e-05,0.0522993419003675,-1.8846908263080557,0.1176814177913914,3.6321035025716357
P01,session_01,012,lean_left,0.06447744369506836,0.4883896311500051,0.07100962900144266,-0.826425571571597,0.0016572554389829507,-1.1960235876085142e-05,0.052765845067321654,-1.9103124284704016,-0.016904817065060546,0.5408037629490805
P01,session_01,012,lean_left,0.0964360237121582,0.4877917690191547,0.06837402297831871,-0.8287812570661603,-0.0007841723295479566,0.0008188139899183261,0.03547551693579188,-1.95473037675048,0.032294306027759574,1.0111275580429415
P01,session_01,012,lean_left,0.12908601760864258,0.48630799018165666,0.07038098379019468,-0.8318765801810123,-0.0017224760692047295,-0.0010373342022780253,0.06158401752341603,-2.0123518101839672,0.09669603885771356,2.962234619387698
P01,session_01,012,lean_left,0.1607217788696289,0.48417661610774293,0.07153644523062457,-0.8344135534435553,-0.0009193801880030371,-0.0024203092004463846,0.08183920310656094,-1.958306206505496,0.023666907435274647,0.7525692399828185
P01,session_01,012,lean_left,0.19288015365600586,0.4841785338308444,0.08103221090452518,-0.8339646095663563,-1.981985391403273e-05,2.6713716145000638e-05,0.001034359851082476,-1.9554339887824068,-0.011164671435393873,0.3471792670122906
P01,session_01,012,lean_left,0.22510671615600586,0.483142516462238,0.07989098422303872,-0.8365344460072834,0.0012864883849781285,0.000188075521950437,0.04034446309688184,-1.930821244206092,0.019423161807725024,0.6040553926658158
P01,session_01,012,lean_left,0.27252960205078125,0.48240361954973093,0.08117352832052449,-0.8364352552575136,0.00010208948637581583,-0.0018167295164015834,0.03836956850609012,-1.9491539129153366,0.04508688725335172,0.9515150472656255
P01,session_01,012,lean_left,0.3046073913574219,0.4822873460288918,0.08091700397770242,-0.8362985271308995,0.00026188172532207903,-0.00044559441276486835,0.016112469906128506,-1.9302746448075006,0.05158529293918915,1.6082118892374668
P01,session_01,012,lean_left,0.3368091583251953,0.4824982138240557,0.07882462414338948,-0.8405084051079696,0.00024453436500370166,0.001426996068370932,0.04496015843286078,-1.9387596133984364,-0.01378774805739361,0.43052151014347095
P01,session_01,012,lean_left,0.368776798248291,0.48204226060608363,0.07817227373733934,-0.841270841761721,-0.00027416351102094004,-0.00010337160681632918,0.009165642490423693,-1.9191045762915504,0.05353270532827476,1.6746155584100215
P01,session_01,012,lean_left,0.4003784656524658,0.4825337190707995,0.08123150098561245,-0.8408511636533552,-0.00022367164461558123,-0.00010777496061140114,0.007856642312810228,-1.9987545211468651,-0.14840414437293686,4.6960924613841435
P01,session_01,012,lean_left,0.43263697624206543,0.48222819711741954,0.07960703900612835,-0.833518199072088,0.0007390197695662437,-0.0004969441350629007,0.027607092757411335,-1.9785914169264538,0.13001015875154712,4.030353742312977
P01,session_01,012,lean_left,0.4650998115539551,0.48244338259513114,0.07978916048654225,-0.8351827934569087,0.000225412303942746,0.00029379581188043296,0.011407081419817845,-1.9373152814070567,-0.21359996410887921,6.579840702327474
P01,session_01,012,lean_left,0.4969940185546875,0.48267174803422425,0.08236613493285966,-0.8369182007070128,-5.825592918439627e-05,0.002267319528966842,0.07111221833869286,-1.9542378716797575,0.10300460219884752,3.230353699261274
P01,session_01,012,lean_left,0.5286257266998291,0.48158810561928106,0.08243033375947832,-0.8375775802242388,0.0009019818905271191,-0.0017967234200929215,0.06355709417618402,-1.9676073253305693,0.07098452980646336,2.244993955477055
P01,session_01,012,lean_left,0.5611236095428467,0.48258542150501893,0.08129996168503462,-0.8402449251524468,0.0009887987984022032,0.0009506029980829475,0.042206752479142545,-1.9366222723482565,-0.1022160683976124,3.1455978649489427
P01,session_01,012,lean_left,0.5928890705108643,0.4818347140161264,0.09303703784226848,-0.8410610839657215,0.0010667262820797606,-0.0004954944044148646,0.037027280020522156,-1.9710941829570692,0.06261429374356425,1.9714916143558496
P01,session_01,012,lean_left,0.6251075267791748,0.48255181673304604,0.1031036658367649,-0.8385780549562479,0.001974153245494232,-0.0015392404610496714,0.07769789587703273,-1.9594370493581579,-0.011427855281918229,0.3631093044915489
P01,session_01,012,lean_left,0.6573150157928467,0.48226249608998745,0.1093141562127622,-0.8361114263624989,0.0007270095115681974,-0.00211740863652282,0.06950995775544279,-1.9500700433237852,0.07099551148700774,2.205412549428162
P01,session_01,012,lean_left,0.7045469284057617,0.48180576196858965,0.12140475375315739,-0.8327716507494598,0.007432182275156332,-0.0020399934370445914,0.16317502692382577,-1.9830819036424212,-0.05541707429253648,1.1845896257752144
P01,session_01,012,lean_left,0.7365124225616455,0.4840775741765919,0.1248873969384092,-0.8257183340416284,0.0066607982551798615,0.0031048550952041372,0.229901087243553,-1.9989067045700604,0.03091301521100211,0.9940259830186886
P01,session_01,012,lean_left,0.7687990665435791,0.4939424129275401,0.14180572478248096,-0.814642870935781,0.015099683098730644,0.0056751685427706795,0.4996172107666506,-1.9973067558520081,-0.13233636577596375,4.129133764323682
P01,session_01,012,lean_left,0.8007712364196777,0.49578376696482473,0.14752569482152872,-0.8121919921132797,0.00728061873871351,-0.00018724742604220315,0.22779267847863321,-1.981419261146845,-0.02956522645293232,0.9523612987570094
P01,session_01,012,lean_left,0.8328709602355957,0.49982880853850703,0.14516940037917497,-0.8080817943517387,0.01870766050498861,0.0027757253892009208,0.5891783353838232,-1.9486893847236675,-0.061565735810122486,2.0064076704848306
P01,session_01,012,lean_left,0.8647410869598389,0.5021898638003398,0.16070226763922385,-0.8076314648365748,0.012644908234237195,0.003417959783038835,0.4110026982957192,-1.9285467913036896,0.017216737294843798,0.6787901246419581
P01,session_01,012,lean_left,0.897127628326416,0.4996664471301564,0.16120244302091372,-0.8083669177112803,0.015441287853011009,-0.003039182130373156,0.4859282294627743,-1.8942023663716268,-0.04571871113248478,1.4929513594222366
P01,session_01,012,lean_left,0.928851842880249,0.49615417038438775,0.1547798219078562,-0.8086922400920673,0.018672861605018527,-0.004837648424078895,0.6080320464409643,-1.8855503886390794,-0.011270186725683218,0.704208139920824
P01,session_01,012,lean_left,0.9611201286315918,0.48791597445444734,0.14982338423504732,-0.8180411629836772,0.02670619674868095,-0.0032565865919823647,0.8337604411896229,-1.9006484077665358,0.06592272884553993,2.2065427403672473
P01,session_01,012,lean_left,0.9931371212005615,0.4869297208515748,0.15949129621911512,-0.8147671828007392,0.014814534672816381,-0.002777830446501415,0.47077239886833533,-1.914571069427734,-0.030438071303105455,1.060862114571491
P01,session_01,012,lean_left,1.0254242420196533,0.484858160046273,0.15789814179430386,-0.815057702425741,0.02705745329169056,0.0005373363259233757,0.8381914393006237,-1.8674189723303798,0.010309456943699852,0.8969509042386181
P01,session_01,012,lean_left,1.0567622184753418,0.4831470082733083,0.1647433729479886,-0.8223015309482063,0.020708409031511384,0.004479906179666856,0.6760948198262989,-1.871389437491588,-0.003867879948173685,0.6872684037977815
P01,session_01,012,lean_left,1.0889389514923096,0.47809061053013413,0.18075198585996013,-0.8289898509135274,0.018021502236518883,0.0033806757849932844,0.5698481932421138,-1.8693809642949113,0.06065527543725837,1.9693151001295564
P01,session_01,012,lean_left,1.1369144916534424,0.48536341515808423,0.1796007718134355,-0.817500392526359,0.022620218609676453,0.010482869805879591,0.5196648592218406,-1.8555875975901197,0.007600226439198501,0.5432753216249752
P01,session_01,012,lean_left,1.1689038276672363,0.47538080958225176,0.17131168623356582,-0.8275860378855706,0.025840515449767978,-0.002745322220361438,0.8123313070719945,-1.8522029694574802,-0.021291622291141184,1.0501835782471465
P01,session_01,012,lean_left,1.2006049156188965,0.47845635291367616,0.17482634263837202,-0.8233819191368833,0.014587807968037471,0.0024813241738905864,0.4667768693793481,-1.8059555526291498,-0.043565035072557,1.4513537352512047
P01,session_01,012,lean_left,1.2329483032226562,0.48219797728089014,0.21606613673161573,-0.8082285291913692,-5.809684893828321e-05,-0.0001186659042143657,0.004085049456533691,-1.7833324695079928,-0.15735052544956057,4.865000007063145
P01,session_01,012,lean_left,1.264986276626587,0.4836200568756104,0.2267865757307261,-0.8019959795376762,0.016839524150190945,-0.0004964999033102975,0.5258398151172041,-1.7951656203066544,0.021434536163376455,0.8509499316815567
P01,session_01,012,lean_left,1.2970468997955322,0.49006898782617264,0.24620209906358365,-0.7896435562280016,-0.0002447703294643517,0.0007247026127271253,0.0238586277587528,-1.7685012056949065,-0.010284914775318876,0.3216818455879769
P01,session_01,012,lean_left,1.3292393684387207,0.4932633528444428,0.26472376685190163,-0.7707412069863124,-0.0016355639711400367,-0.0012680673288741283,0.06428697837956387,-1.735992269332268,-0.012475974789111707,0.39283916180881834
P01,session_01,012,lean_left,1.3612544536590576,0.49481814712784805,0.2691530135887608,-0.7725181532909496,0.012445988380887136,0.007571909377225434,0.45504601170121184,-1.6416766102356495,0.16454759658408813,5.159794064080069
P01,session_01,012,lean_left,1.3930847644805908,0.49432526979903446,0.25541120453634464,-0.7654428946570476,0.022516453914225194,-0.004687220131990682,0.7225548756096011,-1.7222394742503144,-0.19065939806564058,6.033292504875763
P01,session_01,012,lean_left,1.4250874519348145,0.48470644070999497,0.2856323424104969,-0.7639874158742973,0.008076770891336986,-0.0007015473075734427,0.2533281558468574,-1.7160886244867617,0.1724747599712491,5.395334196876426
P01,session_01,012,lean_left,1.456756591796875,0.4979517835325937,0.2755294885378962,-0.7391755058129496,0.009857922965905748,0.00759500144068341,0.3929498562911805,-1.7119899684038096,-0.23243417999127408,7.349965138766409
P01,session_01,012,lean_left,1.488718032836914,0.5050193772629122,0.27969380092115137,-0.7285098231650571,0.010041492474632333,0.007612224297043205,0.3942467923971287,-1.6971861077645585,0.0343649491313003,1.1452013329826094
P01,session_01,012,lean_left,1.521526575088501,0.5081739311164523,0.2823689116445778,-0.7197719798132708,0.0019527914953946575,0.00480351051154094,0.1580465828894797,-1.7517107992553385,-0.03615631749502129,1.113315013425517
P01,session_01,012,lean_left,1.5686590671539307,0.5044075403491934,0.2947434574016296,-0.7274207424189538,0.004259765894257224,0.0015371245614241363,0.09608266391268222,-1.7134855281924675,0.11004984095532303,2.336880022752296
P01,session_01,012,lean_left,1.6008830070495605,0.4994949682572228,0.31224222620717995,-0.7102532380346975,-0.006414037503076102,-0.0021129134621671796,0.20956761204175284,-1.6522286686321666,0.14777482748619755,4.590656846016914
P01,session_01,012,lean_left,1.6328692436218262,0.5003601624843632,0.32497088381073563,-0.7079538312112048,0.003173926052606432,-0.002690642086406751,0.13008509924435127,-1.6674502363526142,-0.0232511466018428,0.7384590084691363
P01,session_01,012,lean_left,1.6644179821014404,0.4991580623157447,0.3144869499982231,-0.7017487837659746,0.019725576767676636,-0.008253285970836913,0.6777636739863764,-1.6350856650631387,-0.057717177451755405,1.9509715738025695
P01,session_01,012,lean_left,1.6964585781097412,0.4995250088523581,0.3323544015755309,-0.7009810374108685,-0.0023929857937554635,-0.00044399955813780175,0.07596074568932192,-1.7456901616652731,-0.06648055141539833,2.076274961581475
P01,session_01,012,lean_left,1.7289185523986816,0.5014163182874499,0.3423245223189967,-0.6938727237114086,0.0018225244755820066,0.0037214245753139923,0.12765696579794314,-1.7502568198763373,0.02014994020254123,0.6337527825255402
P01,session_01,012,lean_left,1.7609350681304932,0.4974934607806147,0.3352976067540153,-0.7005352896845933,0.010996452698118478,0.0005548995796729849,0.34389889499733706,-1.7899986044918372,-0.01084561202645524,0.48271977278453504
P01,session_01,012,lean_left,1.792921543121338,0.49496450515610885,0.33232740109821113,-0.7037873350778845,0.0028234456976348994,-0.0011109537040478014,0.09485726675978819,-1.796460458796414,0.009415620149470654,0.309268828566061
P01,session_01,012,lean_left,1.8246839046478271,0.4939729001924216,0.32548355840660076,-0.7032939971668807,0.005836145773843702,-0.002480364970478449,0.19965004610419235,-1.797702370643969,-0.02793538800674208,0.9018880457649064
P01,session_01,012,lean_left,1.8570082187652588,0.49308088781245724,0.32401599178840684,-0.6986777081009289,0.002653059515268513,-0.006200827767398167,0.20865261291720444,-1.7782626866524647,0.02604467939979753,0.8323083765260797
P01,session_01,012,lean_left,1.8884491920471191,0.49361852350525937,0.32128656326606847,-0.688943944898906,0.0008109900184255383,-0.007469439948598721,0.23896643627153635,-1.7854193246816388,-0.004830499861841836,0.28409384935006377
P01,session_01,012,lean_left,1.9207947254180908,0.49294660633545123,0.32039678973272445,-0.6913839972454956,0.0007320799396010558,0.0008392106401521393,0.034429781520023274,-1.7875034282325561,-0.04520634435853038,1.39803103669364
P01,session_01,012,lean_left,1.9689321517944336,0.4934184559757224,0.3227482566701245,-0.687595279326037,0.0002268310404110556,-0.0034382524232191023,0.07158103153607383,-1.738091080458745,0.04869734165303533,1.0141609032555952
P01,session_01,012,lean_left,2.0010368824005127,0.49253752324434397,0.3228062036691991,-0.6888485009733905,-0.00015644270922920202,0.0020394126917695817,0.06371036877127971,-1.7780616376537817,-0.004577923309308675,0.15617904560276968
P01,session_01,012,lean_left,2.0328969955444336,0.4884557238901663,0.317760846539751,-0.6925200030571551,0.007517760512159709,-0.002207036083320644,0.24591978944052895,-1.7222229898353603,0.1373359975550785,4.317602704753224
P01,session_01,012,lean_left,2.064755439758301,0.488734666348119,0.31731105889450756,-0.6925550158281158,-0.0005629538054647185,0.00015195850121512984,0.01830291414946324,-1.7586803413171268,0.006697363614048769,0.21101781977266715
P01,session_01,012,lean_left,2.0981626510620117,0.48920281556603484,0.3101981727998696,-0.6946071736985124,-5.75695677952828e-05,0.002294436647485435,0.06870249510541858,-1.8315715959146706,-0.1112883407068368,3.3319753726282775
P01,session_01,012,lean_left,2.133570909500122,0.48793051843371227,0.31095648327636305,-0.6961314386840217,-0.0008592903224360456,-0.0006162874047254291,0.029864361924815362,-1.7978250965404472,0.030566786391370115,0.8637835692353271
P01,session_01,012,lean_left,2.1622629165649414,0.48536410754683046,0.3140681120147191,-0.6953691933065739,-0.001949543903757288,-0.005200564401081275,0.1935720556676025,-1.7976187389789868,0.0024588120141102888,0.21169335189183677
P01,session_01,012,lean_left,2.193838119506836,0.48147063068903984,0.3188534206724515,-0.6936600139897291,-0.0018662405611388998,-0.006560129590402085,0.2160056374777447,-1.7840559073172721,-0.010449028288069536,0.39518335013830735
P01,session_01,012,lean_left,2.225093126296997,0.48911095394249526,0.3220838078633792,-0.68207719751225,-0.008505932175803655,-0.0008353724991064924,0.2734555458239461,-1.8016644422233918,-0.15827542562556765,5.071380188914022
P01,session_01,012,lean_left,2.256462812423706,0.4898255998969838,0.3116943704329852,-0.6869215620910958,-6.318516591646226e-05,0.0009333881851944608,0.029822561127768692,-1.8457523506229747,-0.04956102042519804,1.5801831429675186
P01,session_01,012,lean_left,2.2887842655181885,0.48923463107265375,0.3094606204299005,-0.6884741577929637,0.0007886213303935289,-2.7046799837380414e-05,0.02441366093494873,-1.77345695968299,0.10699561725128068,3.310449150338076
P01,session_01,012,lean_left,2.320993423461914,0.4838826178231927,0.3081976317934435,-0.6971434271919055,0.00420527167994238,-0.004659713372282647,0.1948738298285791,-1.7798562868935972,0.05895725794666789,1.8407942732208333
P01,session_01,012,lean_left,2.353217363357544,0.48768214741902155,0.3064384272967825,-0.6949056013417119,-0.0022269144685275505,0.00238855077843275,0.10134165765123206,-1.898350444255121,-0.29065361803976064,9.02037317031847
P01,session_01,012,lean_left,2.4009523391723633,0.4903603232103062,0.30925444057631946,-0.6895408428055064,-0.0033824483174048426,-0.0016412659792920145,0.07876018982060258,-1.80891876166308,0.04419408732590268,0.9291659750794322
P01,session_01,012,lean_left,2.43245005607605,0.49109009443368484,0.3020507789248232,-0.6965452382068167,0.001026747430242672,0.003712712396407378,0.12229680188526804,-1.8367309336214928,0.0702654139638222,2.2341594946111574
P01,session_01,012,lean_left,2.464691400527954,0.490205595920615,0.3007494815323213,-0.6954930895190525,0.000622607302144738,-0.0014777576109005124,0.0497361657913238,-1.7850957501579223,0.09908113391458566,3.073510457493447
P01,session_01,012,lean_left,2.4967195987701416,0.48899966594606964,0.3020919652893124,-0.7008142787876406,-0.0007423160217908252,0.0036083384553487357,0.11502060540281477,-1.7826775333153964,-0.036798579833923754,1.1546861751424835
P01,session_01,012,lean_left,2.5284698009490967,0.4890187463965195,0.29840664963844943,-0.7025408162467791,0.00018758288712912837,-0.0006020569661951459,0.019861380004651878,-1.8036147617969853,-0.004819929486730225,0.15310157902482252
P01,session_01,012,lean_left,2.560626268386841,0.48726758721576474,0.2997158018366476,-0.7060878956379804,-0.0014484720889798588,-0.0011280742830843244,0.05709351160510168,-1.7572328214886372,0.11022816022168613,3.4283445056779813
P01,session_01,012,lean_left,2.5929479598999023,0.48794096055703673,0.2968489982216782,-0.7038265652980012,-0.0008208235072354009,-5.533641621811692e-05,0.02545308202084727,-1.8054377981032161,0.06445214408535921,1.9942457020296094
P01,session_01,012,lean_left,2.6253249645233154,0.48893456455011053,0.2987920227781947,-0.7027112698716824,-0.0032140833834260747,0.0003242731575920106,0.09977452143600382,-1.8102237854440624,-0.011639730133524274,0.37309459836924586
P01,session_01,012,lean_left,2.6564576625823975,0.490569244137498,0.2974409643586963,-0.7030703516428366,-0.0005442940229610417,0.00034463753471265015,0.02069300277197757,-1.828852460347412,-0.11547535317971515,3.7091918599897347
P01,session_01,012,lean_left,2.688840866088867,0.49441006252106257,0.3074236262877242,-0.6993434354035251,-0.010144518536576358,0.0018706242869358034,0.31854619042341553,-1.7369404444587937,0.04918536906397814,1.5518988916328784
P01,session_01,012,lean_left,2.720888614654541,0.49550827322743696,0.3094607051904091,-0.7076678163573749,-0.002593450424121527,0.009902626125461804,0.31941714888142186,-1.7727239573229252,0.03232433424547972,1.057999361326569
P01,session_01,012,lean_left,2.752805471420288,0.4953703429156885,0.309303637293662,-0.7124691538082615,-0.0006862645217626612,0.004185810499356441,0.13289823916152219,-1.767897272718513,-0.010778630488605254,0.36291837767341806
P01,session_01,012,lean_left,2.784440040588379,0.49981878637142513,0.29944016051279526,-0.7101970534119191,0.0008920982135156395,0.004426235784106304,0.14273123504426982,-1.7941368392474084,-0.24129382920536074,7.628871764751167
P01,session_01,012,lean_left,2.8331027030944824,0.5101169754456802,0.30373742866950393,-0.7090566158956125,-0.012700852727545647,0.01128991950738529,0.34920715542216874,-1.7690559448243293,0.03401020627525686,0.7812830184326555
P01,session_01,012,lean_left,2.8648550510406494,0.5101902850400397,0.2990405147153245,-0.7021028702670719,-0.0001315486240821357,-0.0027330803834613522,0.08617455332165044,-1.7020238811342183,0.16594683685566994,5.226995941656432
P01,session_01,012,lean_left,2.8969764709472656,0.5087786391188808,0.29931723721806547,-0.7067254403007103,0.0005183115590391457,0.003312777331916018,0.10438764131959252,-1.826823283693738,-0.05542082296172515,1.728509036308843
P01,session_01,012,lean_left,2.928894519805908,0.507417469881723,0.29056155258448124,-0.7082875976603188,0.0015694722907936666,-0.000785323478789092,0.05498412874117415,-1.76302401634545,0.00851974072142608,0.27252975944868324
P01,session_01,012,lean_left,2.961031436920166,0.5069535401276564,0.2772372029163662,-0.704082841887435,0.006898870534455124,-0.005630686078051752,0.27709567880509306,-1.7941643491611292,-0.05218194717511919,1.6472123383447679
P01,session_01,012,lean_left,2.992906093597412,0.5069530051348601,0.277557767881222,-0.6961054044169201,-0.00014767332095797596,-0.007981942874088814,0.25045944445828394,-1.7349733729824413,0.05670975914754119,1.7966915722397498
P01,session_01,012,lean_left,3.024657964706421,0.5013404021066359,0.2882820726129197,-0.7029644945666687,-0.006530807470453494,-0.00031214718422893433,0.20591740571394473,-1.7201514973809744,-0.03808873323826137,1.2171198925073037
P01,session_01,012,lean_left,3.057328939437866,0.49935036593576476,0.2879996207427079,-0.7106333051499065,0.0010990176498214702,0.0054545938845900485,0.17031050233495576,-1.7103134147121164,-0.01770194583066727,0.5679611168233077
P01,session_01,012,lean_left,3.08843731880188,0.4996302389733377,0.283000661344061,-0.7090052792101265,0.0004340043511746747,-0.003092191528985038,0.10037489514699866,-1.7591602274296645,0.06331077244452192,2.037641566361744
P01,session_01,012,lean_left,3.120927333831787,0.5000240420523809,0.2871968038879456,-0.7119498048839631,-0.0054956714240415655,0.0035137632719271033,0.2007679773436363,-1.8352101149586457,-0.03843575675522039,1.1999174153427028
P01,session_01,012,lean_left,3.1524147987365723,0.4985789882832801,0.2920174452178145,-0.712395602848585,-0.001457990335738839,5.2900454958853385e-05,0.04633430228778096,-1.813284794648368,0.07627552220572283,2.422852207759018
P01,session_01,012,lean_left,3.184924840927124,0.4984941288847326,0.29210021672234404,-0.7117421250751049,6.139888780764432e-05,0.0006822032217848387,0.021069201388123904,-1.7896056686854407,-0.024707611934796415,0.7602913718257254
P01,session_01,012,lean_left,3.2164266109466553,0.5011121466301491,0.2917659009114425,-0.7127235517252274,-0.0035299522393457713,0.0037835126496339666,0.16426085830756748,-1.8754162936860623,-0.0827772298449473,2.6328299828014674
P01,session_01,012,lean_left,3.264946937561035,0.49996921225841745,0.296592557397133,-0.7179435302295247,-0.0024043311971929248,0.0036653153007993686,0.09034422044074879,-1.7587468862635514,0.13198815896340474,2.721765083696573
P01,session_01,012,lean_left,3.2964229583740234,0.5007250631254101,0.2946322779265485,-0.7239505617558284,0.0014782866623135064,0.004351147447814442,0.14599724899953123,-1.7429511606363042,-0.028431849433336678,0.9150086464353854
P01,session_01,012,lean_left,3.329028844833374,0.5056748708355229,0.2984156646857718,-0.7174519245866188,-0.004987613750429428,0.0005426213522735235,0.15386926659886024,-1.7409148278009638,0.0072950363499229495,0.271537345029482
P01,session_01,012,lean_left,3.3610332012176514,0.5061881560590797,0.2990670030732449,-0.7254314052028641,-0.0008825803377758289,-0.0016040760016478742,0.05720624174945225,-1.7022555796168204,0.17588008924832782,5.495802387659181
P01,session_01,012,lean_left,3.3930931091308594,0.5073693436871756,0.30104643119183006,-0.72131235049251,-0.002728069951793398,-0.001970044313866135,0.10496075017337474,-1.709754932913539,-0.010914864319228517,0.35626453657888835
P01,session_01,012,lean_left,3.4250009059906006,0.5078612545196649,0.3002399343883601,-0.7173123595626567,-0.00017319997094575906,-0.0009012384054836415,0.02876194487949907,-1.787928688251026,-0.024759145634904334,0.7764919761132792
P01,session_01,012,lean_left,3.4571542739868164,0.5081818832280496,0.300390086937941,-0.7190493529550716,-0.0007287519909175988,0.001682759395436332,0.057032364588469706,-1.7326556100911847,-0.12842265041637402,3.9944724393763673
P01,session_01,012,lean_left,3.4893312454223633,0.5112374584105948,0.3020135636511767,-0.7162986837590304,-0.003662992018181143,0.001592546930814989,0.1241325756681578,-1.710938562523508,-0.03710131850371323,1.1597020933637932
P01,session_01,012,lean_left,3.5208232402801514,0.5107808626337632,0.29793590083125787,-0.7174062349478474,0.002692228429472367,0.0005260528698392541,0.08710599496248743,-1.6722832727355765,0.010773552271921435,0.35301972196504444
P01,session_01,012,lean_left,3.552630662918091,0.5149186405555785,0.2949149058183035,-0.7108946865697903,0.0046486525096730135,0.0007763718790160897,0.14817414340540053,-1.737009175937453,-0.01775512249439588,0.5775383188034493
P01,session_01,012,lean_left,3.5845768451690674,0.5136768105761633,0.279945671636778,-0.7086203481615825,0.0003401284842932548,-0.003846396268347959,0.12087220208460155,-1.7202263668932956,0.0812141534543992,2.5450896798842346
P01,session_01,012,lean_left,3.617002487182617,0.5132644323807576,0.2820765512657915,-0.7093142313521092,-0.0005610749996770986,-0.0009912150801498242,0.035126405945986434,-1.6669101016485712,-0.09761529193000636,3.01064005733482
P01,session_01,012,lean_left,3.66495680809021,0.5150326514671891,0.2765137623308385,-0.7080680675650537,0.003585194618703625,0.0017404031528898435,0.08310619075303256,-1.7458178047709658,-0.013445839645722692,0.2924454555472219
P01,session_01,012,lean_left,3.6971206665039062,0.5142253469415463,0.27874392229737405,-0.711328346089987,-0.002253204157827184,-0.0001773446350879979,0.07027056741914442,-1.7394145529199865,-0.005823221209064303,0.1942074780287371
P01,session_01,012,lean_left,3.728590726852417,0.5130025578946541,0.27953471751112957,-0.7176187424001313,0.0004539748286137579,0.004308127882825396,0.13765404030494222,-1.7395014709923358,0.06195924215374021,1.9736376602098484
P01,session_01,012,lean_left,3.7609260082244873,0.5127265547759694,0.2785091165717605,-0.7118237178676323,0.0009520613570766707,-0.006388247715101896,0.19974474391693736,-1.703423477754659,-0.05104370059232481,1.591163188849767
P01,session_01,012,lean_left,3.7924373149871826,0.5125442618928371,0.27985981947300725,-0.7203424942091436,2.197913175526717e-05,1.866481823661577e-05,0.0009150686125835851,-1.7007568153198889,-0.0029294461295294055,0.09296942402153077
P01,session_01,012,lean_left,3.825021743774414,0.5148902302931687,0.2825226369629798,-0.7188008555252962,-0.005477213975529254,0.000994104873027454,0.17083918244583576,-1.6991367249009226,0.009154070744474378,0.3288006750464438
P01,session_01,012,lean_left,3.8571629524230957,0.5159560727467808,0.28107995666593466,-0.7234444638950319,0.001100844802934699,0.005479357750924334,0.17388418533378813,-1.6859411731124554,-0.023726401150262328,0.7583956540877251
P01,session_01,012,lean_left,3.888423204421997,0.5158868104035812,0.289708914111682,-0.7208569465553027,-6.935181769512412e-05,-0.005477782638473185,0.17524560063169078,-1.66850672844796,0.0012061323829634725,0.17944278492276503
P01,session_01,012,lean_left,3.92091703414917,0.5134988658530933,0.27618386789318095,-0.7225637483293211,0.0023776908281008748,-0.000335516273121733,0.07389853824127911,-1.7348720896031722,-0.01272170221751678,0.3984245334155078
P01,session_01,012,lean_left,3.9524309635162354,0.5127822157250609,0.27688328982694643,-0.7229786785360767,0.001274837390079455,-0.007190582702320964,0.2317298455565751,-1.720017464721735,-0.004633497766372898,0.2744386750663304
P01,session_01,012,lean_left,3.985292434692383,0.5151091983902962,0.27840981676654597,-0.7201492386190548,-0.003448236645467175,1.608405683623951e-05,0.10493365127368108,-1.7205410086391935,0.001654517170309141,0.11638735427331391
P01,session_01,013,lean_left,0.0009567737579345703,0.5105668863610051,0.04648575122249537,-0.7833843614141162,0.0,0.0,0.0,-1.8517813699126866,0.0,0.0
P01,session_01,013,lean_left,0.03349900245666504,0.5044093751940327,0.05201817741463097,-0.7941263181629501,-0.00554444945343713,-0.0004196708196360742,0.17086443880667768,-1.8706602563011288,0.3459524762401512,10.632251420260094
P01,session_01,013,lean_left,0.06509017944335938,0.5025589016875761,0.05237492670059528,-0.7952875867730257,-0.0013104368819492184,-0.001933869904844147,0.07394606278153093,-1.8745577809970848,0.05405845678748538,1.7127854182370184
P01,session_01,013,lean_left,0.0971839427947998,0.49892132188797206,0.054166407723806695,-0.7962662819197877,-0.0027992616703740856,-0.0011771085724490101,0.09461913501088402,-1.8963347529202712,0.05008021742057319,1.5633006075632552
P01,session_01,013,lean_left,0.12876319885253906,0.49843324355206725,0.05360777663030649,-0.7945386879514308,0.0005454226585754567,-0.0026428663595366984,0.08545357874294279,-1.8475255618544202,0.01802651184673742,0.5771947037924072
P01,session_01,013,lean_left,0.16124701499938965,0.4980463903958815,0.052082725788023775,-0.7925936164443308,-0.0004994116761894353,-0.0018482899417852,0.058939271737619314,-1.883793408660358,-0.039137096712796,1.2062590997363518
P01,session_01,013,lean_left,0.20878005027770996,0.4969851565195637,0.05130209264104868,-0.7935600048166057,0.0011115638801131233,-0.0008278336991860204,0.029157809677459366,-1.936935965872734,0.02437291126635008,0.5135856656684684
P01,session_01,013,lean_left,0.24111604690551758,0.4972279589474015,0.049505844691886854,-0.7994282381770567,3.122714578813891e-05,0.0015808967318770672,0.048899223112530914,-1.9044808676423155,-0.009079667243776967,0.2850173688994533
P01,session_01,013,lean_left,0.2735414505004883,0.4948643114670673,0.0504785611441837,-0.7985517694250134,-0.0010261735602223338,-0.004739446981565023,0.14955147518738549,-1.9107832874869075,0.01861746650903445,0.5933201300817492
P01,session_01,013,lean_left,0.30460381507873535,0.4941887045566746,0.05187806177225785,-0.7937065713937884,-0.0003489580739225938,-0.0004931184948526829,0.01944799282261619,-1.8926338917971408,0.08860417280619834,2.8525269520055803
P01,session_01,013,lean_left,0.33723950386047363,0.49260866154823507,0.05208381531948394,-0.7959930877566748,4.204679226376151e-06,-0.0006842434827383347,0.020966507129013955,-1.8490393005168373,-0.10308364013481544,3.1586865472253076
P01,session_01,013,lean_left,0.36891603469848633,0.49135149383195814,0.052798412617940785,-0.8008434980639851,-0.0019097750503249526,0.00038666780829312795,0.06151323184595569,-1.8370427749312412,-0.025375234135392877,0.8034319313260996
P01,session_01,013,lean_left,0.4026360511779785,0.4897141185206566,0.053800373963233984,-0.8019542097109171,-0.001806070907926091,-0.0014889777408551147,0.06941618870017871,-1.8545455407263114,-0.0674579579354029,2.0017355520939493
P01,session_01,013,lean_left,0.43382811546325684,0.4900824924685856,0.05255432945432248,-0.8046215783080825,0.0005526184037589169,0.0023025412093455435,0.07591443775857916,-1.9236915722763892,-0.02317871619203879,0.7469642054557722
P01,session_01,013,lean_left,0.4655606746673584,0.4898225848459286,0.05140435412508819,-0.8057638555390205,0.0006956191127154652,0.0007208689974156242,0.031569072708219736,-1.9121131077766662,0.04035546090351608,1.2721284930764714
P01,session_01,013,lean_left,0.4969456195831299,0.4900012907956201,0.05078609502784007,-0.8084385969795211,-0.00011525561663926014,0.00040233029238454133,0.013334847878787871,-1.9372626587716049,0.06479102091989243,2.0644411758629904
P01,session_01,013,lean_left,0.5287063121795654,0.4894018500295637,0.0511108505813253,-0.8053610559338513,0.0008191953951466525,-0.004075729254574648,0.1308926329311428,-1.9247026713387105,-0.06848765801355522,2.1603343585474892
P01,session_01,013,lean_left,0.5607213973999023,0.4893449872149249,0.056299895161263325,-0.803515383705413,4.537234621570029e-05,-0.0018625804890131034,0.05819547341551695,-1.8898863282466887,0.17862075633736238,5.579571995538754
P01,session_01,013,lean_left,0.5942418575286865,0.4891450962137933,0.05732814294167681,-0.7991289400146065,0.00021111332378200852,-0.0010944992058932181,0.03325353071659709,-1.901130102040759,-0.009306045908936213,0.2796073104095013
P01,session_01,013,lean_left,0.6408228874206543,0.48848000297427674,0.0656309084862466,-0.7907317246094036,0.002054675127129947,0.0003903440416710682,0.04489864138703511,-1.9052353761624814,-0.024354283461453897,0.5247612421382063
P01,session_01,013,lean_left,0.672623872756958,0.48821920833892585,0.06593684481953836,-0.7994244519041646,0.00022808684234381662,-0.0019426906885031349,0.06150861101769009,-1.8083214425175576,0.12975498171254377,4.080682499208231
P01,session_01,013,lean_left,0.7051053047180176,0.4908349866955066,0.06672339032650793,-0.792195156447834,0.0062347563970979545,-0.001514296943975215,0.19752878087305584,-1.9512130217152641,-0.34019087654323205,10.475257826855376
P01,session_01,013,lean_left,0.736910343170166,0.49104526624566674,0.0692733910936375,-0.7924557917133394,0.0026884861065099067,0.00015106138990017852,0.08466352604629285,-1.9112870599894929,0.010266681923503032,0.3337185453320572
P01,session_01,013,lean_left,0.7691793441772461,0.48918475984590454,0.07698297885316265,-0.7983960704466695,0.005976672769039353,-0.001169466891679963,0.18872644902412306,-1.9324046784514037,0.042930876156278816,1.3437254535229843
P01,session_01,013,lean_left,0.8011536598205566,0.49052738716010147,0.08673048761271024,-0.8017374734539087,0.0066680568145867265,0.0050764404032982895,0.2621018337970562,-1.9560238449308187,0.03586052059485833,1.1517606582852011
P01,session_01,013,lean_left,0.834083080291748,0.49053518549964015,0.08976119406060284,-0.8023451548272247,0.010300900134950787,0.00020626223662869095,0.3128802404709858,-1.96897195953771,-0.015278533433032863,0.5596157793246618
P01,session_01,013,lean_left,0.8655719757080078,0.4952727503549963,0.08698225863213777,-0.8044893288339025,0.012951334895515955,0.0033609939488323986,0.4249223255951175,-1.9804491516650857,-0.03223046072586793,1.1082480335077896
P01,session_01,013,lean_left,0.8969371318817139,0.4949249853592214,0.09273383460217938,-0.8053287154315504,0.010270593855194153,0.00028138860764246806,0.3275752158724258,-1.979896880538384,0.009646005082934042,0.44931691085291986
P01,session_01,013,lean_left,0.9294416904449463,0.49467357771989007,0.11136193092873278,-0.801935553027357,0.00777588761393915,-0.0034016345372844723,0.2611133958431357,-1.992302652562291,0.016396611066430603,0.568014328531783
P01,session_01,013,lean_left,0.9605855941772461,0.500077095391615,0.12927058881152947,-0.7877225426910311,0.02662516376822234,-0.0011638396544707264,0.8557240848287682,-2.0025010851509406,-0.11354340764633053,3.7448469474528747
P01,session_01,013,lean_left,0.9929733276367188,0.4955006240726001,0.1342641049302141,-0.7936781506522012,0.0070942970772065,0.0005348171885098553,0.21966426378202056,-1.9652195310925704,0.09081438850263243,2.8125659240312255
P01,session_01,013,lean_left,1.041564702987671,0.4932304863856138,0.15053786348178663,-0.7988829621913834,0.013876286712560785,0.0016134676113602042,0.2874949473176711,-1.9255376128507091,-0.05367539615028376,1.1414273832732125
P01,session_01,013,lean_left,1.0726299285888672,0.49379988932849067,0.13761165093677735,-0.7918586261520696,0.020960277383918556,-0.00465315870542936,0.6911446313042217,-1.9890257892582524,-0.06760722926610134,2.2834096477950587
P01,session_01,013,lean_left,1.104924201965332,0.4989694653510943,0.13247047049015664,-0.7711718890938085,0.020088980015300704,0.0021981603023796033,0.6257730159055053,-1.9889256996701021,-0.09443811034386852,2.9905043601939703
P01,session_01,013,lean_left,1.1368730068206787,0.48940064488601964,0.12908371158759807,-0.780646935193593,0.023530589327664216,-0.0038574896328766083,0.7463403442635546,-2.007945814867216,0.030954122481856364,1.2229987514603895
P01,session_01,013,lean_left,1.16917085647583,0.4915076914550997,0.14231341242983978,-0.7812468938837864,0.012581779710880635,0.0038919465561888336,0.4077665308143745,-1.971884673103614,-0.0752286462799508,2.3646389913146915
P01,session_01,013,lean_left,1.200857162475586,0.4777907092725056,0.13295375186053554,-0.7991164112233711,0.027989153926440656,-0.003948354311898444,0.8920659253971035,-1.999930281354763,0.009437159370460394,0.9404705359472157
P01,session_01,013,lean_left,1.2331981658935547,0.47960822097948286,0.1417690692592288,-0.7943869847642306,0.02267876846919201,0.002516749314432773,0.705543593885398,-1.9815067284983863,0.01501157513530156,0.8445361397843043
P01,session_01,013,lean_left,1.2658703327178955,0.4762247422906178,0.17288075456083798,-0.7960834958237032,0.011732537190758223,-0.0016023078909009974,0.36243219055955894,-1.8849624123721918,0.07292497217523915,2.2612554397028224
P01,session_01,013,lean_left,1.2971391677856445,0.4665735201752857,0.17863194709279254,-0.8079788292992032,0.01818769820525418,-0.004647024455084919,0.6003414945963839,-1.9420741227603224,0.0358433826282563,1.2939889929737962
P01,session_01,013,lean_left,1.328887701034546,0.4610308151185602,0.19008373467482906,-0.8051440342201657,0.012291925224231512,-0.006803460683059003,0.44251322974731766,-1.9607924440404283,-0.047752540737743106,1.567831050774739
P01,session_01,013,lean_left,1.360832691192627,0.47694940342946945,0.17706478853082167,-0.7814771689466546,0.015014903062375367,0.008914151650589775,0.5466164001652537,-1.9763490267261334,-0.09648178864032983,3.069313720538524
P01,session_01,013,lean_left,1.3926498889923096,0.4592281033612313,0.1916384919162498,-0.7953478557591538,0.03125324043365393,-0.009025099164878965,1.0224110439712364,-1.8769593527598325,0.048838422490439876,1.8443034343790796
P01,session_01,013,lean_left,1.4250390529632568,0.4624782347461534,0.2172207923095062,-0.7947540557295746,6.969238602111439e-05,0.005487945141670055,0.16945135251782906,-1.8991805096508045,-0.1307629893871183,4.040799515484863
P01,session_01,013,lean_left,1.4736716747283936,0.4822994298617157,0.2285894279499299,-0.7701379055339216,0.013980166699631728,0.02592279879406265,0.6056074066084189,-1.8744804257096068,-0.10904959481208172,2.3226560508047727
P01,session_01,013,lean_left,1.5051047801971436,0.4821588534354218,0.22789478962392612,-0.7640924200518536,0.01602740889486873,0.003092857461830739,0.519296456687533,-1.8456046814996594,0.014126467913816861,0.6867615849771559
P01,session_01,013,lean_left,1.5369741916656494,0.48363970145003987,0.26355543925470637,-0.7649135804690461,-0.0037559181943264243,0.007695774828901969,0.26870289251472884,-1.7670000354947821,-0.059352159047245605,1.8816395873747296
P01,session_01,013,lean_left,1.5691323280334473,0.4784144173799039,0.25468618619784555,-0.7811445423924028,0.00963319826688229,0.01476970796543601,0.5483392927782038,-1.7618846533463808,0.15619836575623838,4.888049434871201
P01,session_01,013,lean_left,1.601532220840454,0.482996944066983,0.26281038849759963,-0.7793726213318893,0.008113563922475121,0.011669564975117551,0.43867352777804736,-1.7431028349511313,-0.02929016074136623,1.0048319076623156
P01,session_01,013,lean_left,1.6332058906555176,0.4878008670841741,0.2716330839312087,-0.7712923854589836,0.007762275386337275,0.006827945525467269,0.32639023568617137,-1.7413597678284503,0.048030255036779435,1.551137800246868
P01,session_01,013,lean_left,1.6649789810180664,0.49411534315183314,0.27438763210507267,-0.7578504297431465,0.00883299895833117,-0.0002477719869772033,0.27811186339095806,-1.7910847062722086,-0.07649999302349471,2.4237066412734207
P01,session_01,013,lean_left,1.6978743076324463,0.4998945620549436,0.29842771950482344,-0.7376406613907893,0.01718934263905068,0.0025311681655686992,0.52818150866012,-1.7515933203786909,-0.060342132154366346,1.9088953362924597
P01,session_01,013,lean_left,1.7294564247131348,0.49724674411438474,0.33150270732395964,-0.7371783518016297,-0.0009135542954705584,-0.0013333067972470423,0.05117635228137781,-1.7710758723322673,0.12883803636343294,4.079782666657148
P01,session_01,013,lean_left,1.7612104415893555,0.4973307426443028,0.34641916609876794,-0.7349563041910205,0.009636886820909461,0.0006093727782624245,0.3040917306172241,-1.789396586828406,0.06783732043017754,2.157872295430282
P01,session_01,013,lean_left,1.7929213047027588,0.503112829456895,0.3372750214114583,-0.7028088664437173,-0.0016584856782750409,-0.006847902648450169,0.2221911882338653,-1.769842998481206,-0.016624900225800408,0.5694057126945774
P01,session_01,013,lean_left,1.8249053955078125,0.5112392633662494,0.329470092069143,-0.6863489282274226,0.005581618570354551,0.0091953972877659,0.3363187315170466,-1.7610657445052875,-0.06005680276378052,1.9075900823221317
P01,session_01,013,lean_left,1.856945514678955,0.5110201391235133,0.30036991023827686,-0.6959408995905491,0.02538153851402446,0.009559053521106104,0.8464984117598962,-1.7594512275741936,0.026722327732291853,1.1883437076784753
P01,session_01,013,lean_left,1.905442476272583,0.5027926482906613,0.3015346216566006,-0.7026837176838329,0.005705378849869896,-0.004554937853587887,0.15053733124295599,-1.6481771980022184,0.075391672166417,1.5618365416474165
P01,session_01,013,lean_left,1.9366097450256348,0.5045738763612195,0.297494995924902,-0.6966502914571688,-0.0015158567233699775,-0.0023801747253351263,0.09054012009459837,-1.7570872368703745,-0.17381887747676117,5.577703440299171
P01,session_01,013,lean_left,1.9688503742218018,0.5028835383467056,0.28986365198616015,-0.6988954560003093,0.005135750054117453,-0.001418990189253331,0.1652627863539434,-1.7151818713688882,0.08359187999820135,2.598011263548122
P01,session_01,013,lean_left,2.0011119842529297,0.500341144626632,0.285707416041433,-0.6954391222031812,0.0031865253518686266,-0.007146429743293536,0.24253799610546475,-1.7024534143136072,0.06557964178733441,2.047163609292358
P01,session_01,013,lean_left,2.033033609390259,0.49714051502162665,0.2814842139685357,-0.6920898502958304,0.005150927497287029,-0.008315495157711184,0.30642520591176625,-1.685770719865845,0.019162812296713044,0.6739928063746937
P01,session_01,013,lean_left,2.065237522125244,0.49818213899961283,0.2818497462059451,-0.6900607848228514,-0.0013533263949797307,-0.0008308697226156915,0.0493116858358567,-1.702235894331418,-0.18057415094684637,5.6074283621020005
P01,session_01,013,lean_left,2.0968923568725586,0.49546986010883687,0.2858532059111305,-0.6899848595558539,0.0004758135463498783,-0.003689697814322007,0.11752552690939377,-1.7406991834452048,0.0696013775980573,2.2018984616314934
P01,session_01,013,lean_left,2.129335880279541,0.4922384066285154,0.2910371730071035,-0.692639297789836,-0.002852220565516921,-0.005654855195221355,0.19521452108073067,-1.7309062209747894,0.02202635724700115,0.7064224792836855
P01,session_01,013,lean_left,2.1607415676116943,0.49488248026766896,0.28992929124200434,-0.6872832877223807,-0.0009359549246904729,-0.001199120734811266,0.04843554523221219,-1.7606428028727918,-0.11702041117277988,3.726404592371992
P01,session_01,013,lean_left,2.193214178085327,0.4933977626605095,0.2911927514858319,-0.6960987910637343,-0.004414768381619575,-0.0008018395291526123,0.13817784274081987,-1.8054121288807783,0.12628857819927247,3.8915338808081366
P01,session_01,013,lean_left,2.224961757659912,0.49623756022450727,0.2916397756078281,-0.6928744912126399,-0.003479346959526392,-0.00044429845440240696,0.11048400698504507,-1.8088860563671438,-0.0038708857231755526,0.16453844014643587
P01,session_01,013,lean_left,2.2569761276245117,0.49350507428921425,0.2964096429164435,-0.6944871572749413,-0.005892042741223353,-0.005846932090931312,0.2592826285825475,-1.8271776013704255,0.014592389533123978,0.5243929318958066
P01,session_01,013,lean_left,2.28891921043396,0.4958490093987566,0.29157566207433516,-0.6857401563140846,-0.004391591489800794,-0.005953444261284,0.2315976818434022,-1.8278494130775382,-0.06323165693536051,1.9930122820368763
P01,session_01,013,lean_left,2.3372442722320557,0.49681345848223996,0.27660712902749784,-0.6836725497358845,-0.0026971330915413552,-0.0011606274421765523,0.06076046487945241,-1.8302366521592908,0.004577243970841412,0.11253131752747515
P01,session_01,013,lean_left,2.3688716888427734,0.49786297473708174,0.2698091935215645,-0.6836366239200055,-0.002281403053600574,-0.0025603529441804093,0.10842857880437577,-1.784575280469934,-0.042985040789013315,1.3634252372960793
P01,session_01,013,lean_left,2.401338577270508,0.499867409532419,0.2748536958393984,-0.6797512896067645,-0.008488939241901144,-0.001447107683357034,0.26523638159202084,-1.7566776844980327,0.0017229417183377246,0.2704930949264854
P01,session_01,013,lean_left,2.433443784713745,0.4989092582426677,0.26895586101779695,-0.6866447724805093,-0.0006956732928741967,0.0026430925802682966,0.08512985729601735,-1.765737988551126,0.00839954117873655,0.2751272407131067
P01,session_01,013,lean_left,2.4652092456817627,0.4994487915330844,0.25798374623239373,-0.6829781540384057,-0.0003847847450529327,-0.0049723963076693705,0.157002670729196,-1.7447254387562052,0.03937979629703159,1.2496071282602421
P01,session_01,013,lean_left,2.4966797828674316,0.49593888299563255,0.2502263163552419,-0.6975420108812896,4.11635214247782e-06,0.009693198043653171,0.3080086895402752,-1.84035731455954,-0.03924298775620127,1.284452087217316
P01,session_01,013,lean_left,2.5289440155029297,0.4945914981550435,0.2442783379043707,-0.7001151045710593,-0.004375340541209554,0.00036190017201708505,0.13607272523237646,-1.8044223269022843,-0.051451737917393034,1.600493839029533
P01,session_01,013,lean_left,2.5614659786224365,0.4956400027499669,0.2431954635963341,-0.7123504218094314,-0.004641174734436206,0.012477843400323017,0.40935541417120386,-2.043678372349316,-0.25640922544891936,7.894806521552365
P01,session_01,013,lean_left,2.593092679977417,0.4950679130110481,0.23940816316127578,-0.7135358727900682,-0.0037129201709892494,-0.0019388717673598649,0.13244110261218925,-1.7887665641450603,0.10206485134193158,3.2298899683059226
P01,session_01,013,lean_left,2.6249375343322754,0.49737633185929975,0.22657170278697827,-0.7202869032360493,-0.0010947212304770885,0.007796548279541205,0.24723079377394305,-1.9798222797408487,-0.02415499099499383,0.7977952015051429
P01,session_01,013,lean_left,2.6569762229919434,0.4941342183710727,0.23459642923714405,-0.733654200993511,-0.0066410367839921805,-0.0026617583746213085,0.22331131890543282,-1.686232524811267,0.2399522733262185,7.492782109135028
P01,session_01,013,lean_left,2.6890172958374023,0.4999932106360402,0.23408769537681198,-0.7277634021131291,-0.007054633327660274,0.0030326659012722443,0.23965681585778134,-1.8917103383948046,-0.035012243762796366,1.1187021026856554
P01,session_01,013,lean_left,2.736767530441284,0.5002654420320841,0.22130849117828189,-0.7299322885727811,-0.00588575464581675,0.00032723459012208025,0.12345163172054006,-1.898231441649754,0.059237979753729054,1.2467071488037869
P01,session_01,013,lean_left,2.7689576148986816,0.4959143769128995,0.21941150969670314,-0.7341763854120974,-0.0029961012484635134,-0.0020993832378338275,0.11365050710761959,-1.7808635197301819,0.11214086272287627,3.485561589447065
P01,session_01,013,lean_left,2.800819158554077,0.49982658404730246,0.2237273658100115,-0.7338438120201561,-0.0040730953710024775,-0.00044641480633122603,0.12860287350481894,-1.7424232924718865,-0.1409899832557781,4.426951603334455
P01,session_01,013,lean_left,2.8332438468933105,0.5043677454135224,0.22626954704598828,-0.7350661014467194,-0.007204303581741181,0.0012726476374097105,0.22562583331913663,-1.7774969337642879,-0.046418371952386295,1.4492459716362875
P01,session_01,013,lean_left,2.864896297454834,0.5048488609642755,0.2142611470942233,-0.7413611392802678,-0.00032677256171676535,-6.162958259096794e-05,0.010505773484241462,-1.8031838883749516,0.0644025596145581,2.034705590278291
P01,session_01,013,lean_left,2.896761655807495,0.500789398409409,0.21399186986006907,-0.7449774845852452,-0.003527317587341099,-0.0023213334648639196,0.1325145803152,-1.732215606751216,0.1270729967319592,3.9900111805104683
P01,session_01,013,lean_left,2.9291298389434814,0.5009954934141031,0.23210605450333813,-0.7467711235764243,-0.01748231259197518,-0.0006580364386235918,0.5404904075762234,-1.7462230642841667,0.017306739047534977,0.7602739709185805
P01,session_01,013,lean_left,2.96099591255188,0.5029170156139317,0.24955477580403077,-0.7430031740307,-0.01800558773529957,-0.0008456248789937168,0.5656622220925116,-1.7672065757140802,-0.0178649366736113,0.7964137204926834
P01,session_01,013,lean_left,2.993330955505371,0.5033574668642914,0.24931740322810195,-0.743909639536644,-0.002031335474507043,0.0029118630671756936,0.10980007576509636,-1.7505562318745824,0.11996013189707297,3.7115354998719767
P01,session_01,013,lean_left,3.025029420852661,0.504043394602388,0.2535769196378385,-0.7367468918999369,-0.003456357882026793,-0.0026738777648339404,0.13785843100196318,-1.751328946980219,-0.14670021078510334,4.6300437566761214
P01,session_01,013,lean_left,3.0570056438446045,0.5030367212186934,0.2524610084600887,-0.742754737591008,0.0008785415061080652,0.0003383471941050078,0.029441954771861786,-1.7492321842653644,-0.005819293287929844,0.18435430869505137
P01,session_01,013,lean_left,3.0892181396484375,0.5016624676110493,0.25565153066392216,-0.7424499273050227,-0.0019067606254695908,-0.0003174122418919204,0.060007749620933575,-1.769514346388026,0.04342592150144339,1.3494428330663333
P01,session_01,013,lean_left,3.122145891189575,0.4965085537374398,0.24809759861686678,-0.7490172979334732,-0.007025994048539272,-0.0010743056933859806,0.21585599501780975,-1.8320401855056618,0.09660026783409704,2.941634144918334
P01,session_01,013,lean_left,3.1690468788146973,0.49380217632273443,0.2427878524639303,-0.7553524650521607,0.004803143930482392,-0.0035010633905758473,0.1267287944170249,-1.7875072640555798,-0.2089242528672494,4.45638339125105
P01,session_01,013,lean_left,3.201565742492676,0.4933627248419426,0.2428309246741481,-0.7587253282247995,0.0007522423199135427,-0.0017672529761013896,0.05906388405723158,-1.7449540926460676,0.041866274953444034,1.2887999337262388
P01,session_01,013,lean_left,3.2330946922302246,0.4929563547414029,0.23962998221894932,-0.7576476106271186,-0.0006287758561421218,0.0007755335495977249,0.031666275510757916,-1.7306284471213738,0.001485532458739889,0.05676895002441427
P01,session_01,013,lean_left,3.265204668045044,0.49260316720539865,0.23979432086219646,-0.7609798038848669,8.721025478902357e-05,-0.0010456155626213626,0.03267664167359971,-1.752347563044634,0.0009422216497289303,0.04391820361230907
P01,session_01,013,lean_left,3.297189474105835,0.49217279676993775,0.23937437859140623,-0.7596376675636359,0.00045741403180778417,-0.002061693533888196,0.06602590319741743,-1.7548008416778014,0.011774657060383234,0.37400694892451525
P01,session_01,013,lean_left,3.3290274143218994,0.49104902379664145,0.23657273772610957,-0.754175531351655,0.00028285103270131776,-0.00794040321025888,0.24955884027521502,-1.7361837611755269,0.16727080566518304,5.259743695737713
P01,session_01,013,lean_left,3.3609704971313477,0.49385577197383806,0.2363238309738688,-0.753979926525272,-0.0008635240416493857,0.0018057998827573443,0.06266289579257751,-1.8468598942440178,-0.20112331544415202,6.2966144163595335
P01,session_01,013,lean_left,3.3926241397857666,0.49487566777830544,0.23727958286642373,-0.7515672156950003,-0.0010361769478478386,-0.0013450547559096524,0.053639682077375926,-1.7652262848061775,0.04752773713750672,1.5024512631338733
P01,session_01,013,lean_left,3.4253156185150146,0.4954826893844977,0.2378765539546707,-0.7494885516593353,-0.0010746052348266425,-0.0004328855857521183,0.03543795124156326,-1.7854552744071526,0.029452249289057472,0.901611890678212
P01,session_01,013,lean_left,3.457205057144165,0.49579000693834013,0.24606634966056867,-0.7461800770231832,-0.011470578849357174,0.0001558672439335888,0.35973156912655346,-1.789449853390775,-0.00608988289631925,0.4072785598790094
P01,session_01,013,lean_left,3.4890482425689697,0.4951604477700309,0.23557533068682895,-0.7449173303203572,-0.000642046988006584,-0.0021102235243964226,0.06926867223088662,-1.7572466443202275,0.07034439537872744,2.2101736279051196
P01,session_01,013,lean_left,3.521162509918213,0.49387587278624206,0.23285117524427504,-0.7382569678443247,0.002344475389887873,-0.0024415081405040496,0.10540165335622065,-1.8340150538963507,0.06769567086738061,2.110595971479576
P01,session_01,013,lean_left,3.553016424179077,0.491721222044137,0.22535383537480055,-0.7449782659420521,0.005518646424430358,-0.0001638238778449748,0.17332493087320722,-1.8015707604040125,-0.050437147599164824,1.5928475338864942
P01,session_01,013,lean_left,3.600822687149048,0.48429891202597025,0.2172239729408557,-0.7582301372918089,0.0074901656524699696,-0.005575994430582238,0.195325632889937,-1.7992877801089433,-0.13462501708102434,2.822819887674859
P01,session_01,013,lean_left,3.6338117122650146,0.47951852292589386,0.2067547456375846,-0.7671467205139322,0.011485725630059123,-0.0032914290394864916,0.3621819382660022,-1.850548224086697,0.020155877626527416,0.7102684845809867
P01,session_01,013,lean_left,3.66524600982666,0.4847051984961201,0.21202197391538155,-0.7588796246355346,-0.006117741844844341,0.0008274098433760167,0.1963918827942914,-1.8160971566600719,-0.08798830725937604,2.805999143958501
P01,session_01,013,lean_left,3.697233200073242,0.4968129293514066,0.22873511986216494,-0.7438210535256958,-0.015525028221589358,0.0033286792102052826,0.4963819947966973,-1.758981651382219,0.0019953479287990327,0.5002862165393068
P01,session_01,013,lean_left,3.729079484939575,0.4985197033151412,0.23064405972372035,-0.7409142608942617,-0.001661660404631043,0.004240131946511701,0.1430025773217396,-1.8082287700925623,-0.03928107686615989,1.24172061318421
P01,session_01,013,lean_left,3.760972499847412,0.49937221795546366,0.22946934353549303,-0.742156829659948,0.001593683405735624,0.001089928102117649,0.06053812732017669,-1.7982362277645392,0.02074730630568308,0.6533389881487986
P01,session_01,013,lean_left,3.7927980422973633,0.49792275954670234,0.22986745266807176,-0.74387901013153,-0.001574082046756663,-0.002246533919273151,0.08619206917109058,-1.68778034103902,0.1146457720876027,3.603350501300917
P01,session_01,013,lean_left,3.825127601623535,0.4978452211901226,0.22884461343193963,-0.736177108068244,0.00044852072689582613,-0.0012554988595510391,0.04123810452484858,-1.8099866713517585,-0.04592834284625396,1.4212284349653934
P01,session_01,013,lean_left,3.857351541519165,0.4963039668358822,0.22583779801800102,-0.7393037191395466,-0.0004112123161377527,-0.0035033511898523314,0.10946526241378816,-1.782098520836755,-0.02451228930285627,0.7685215233829077
P01,session_01,013,lean_left,3.8886547088623047,0.49463904938969,0.2314211657409464,-0.7366311491614819,-0.0029379721379116075,-0.0053771894261409325,0.1957458965695144,-1.7805748165803035,0.00024636489252849144,0.19590405159663588
P01,session_01,013,lean_left,3.9205594062805176,0.4960227355120603,0.23233997203735424,-0.7301388725221475,-0.0015259171152687916,-0.0002921815541816803,0.04869623570608631,-1.78690343687378,0.029469180409607686,0.9249455068695117
P01,session_01,013,lean_left,3.9527878761291504,0.4974647850979422,0.23300074557068837,-0.7287728804273503,-0.001580863021312495,-0.0006236465079529738,0.052730711856100364,-1.7995572201372922,-0.05056113716648445,1.5697204815563341
P01,session_01,013,lean_left,3.984999895095825,0.49768774008722305,0.23042433460401424,-0.729420077829126,-7.425314466107925e-05,0.0009866087188999532,0.030715210890849835,-1.8279287647858717,-0.11252962274720493,3.4935398599723753
P01,session_01,014,lean_left,0.0007276535034179688,0.5080984312178732,0.07103247985533218,-0.7534476780452253,0.0,0.0,0.0,-1.862617613752245,0.0,0.0
P01,session_01,014,lean_left,0.03237009048461914,0.4970582828445887,0.0749433626580392,-0.7699264663950646,-0.011185292837082512,-0.0018932148687442639,0.3585180107412013,-1.9176297619356795,0.12819188952087784,4.067097396445784
P01,session_01,014,lean_left,0.06450843811035156,0.4893313575129924,0.06727666963736198,-0.7786789340257537,-0.0020892568021462954,-0.0027221729835800726,0.10677288220236562,-1.8933811507586564,0.1570326133024228,4.887311058062031
P01,session_01,014,lean_left,0.09604310989379883,0.4878651863020825,0.0682331291367724,-0.782026348793837,-0.003038447210465453,0.0014858241739493,0.1072559919354997,-1.890093272605027,-0.015677329575549376,0.5085841056295111
P01,session_01,014,lean_left,0.12813067436218262,0.4848572885096691,0.06210111942528785,-0.7842250916530754,-0.001172221401482352,-0.0023859324703130644,0.08284645544896119,-1.9007506407546402,-0.0792973879507933,2.4726692552526206
P01,session_01,014,lean_left,0.16028785705566406,0.48392422147211045,0.06328273221904634,-0.7808458128320647,-0.0011517876347670983,-0.0056874075582609976,0.18045309185685168,-1.9288283144571043,0.006622201543457083,0.273809088771814
P01,session_01,014,lean_left,0.20869827270507812,0.48383415514750366,0.05872903635513808,-0.7780066498676687,0.0007052451476351255,-0.005006596868416144,0.1044408388305874,-1.8875411932089783,-0.06213872217285205,1.2878236652622765
P01,session_01,014,lean_left,0.24042415618896484,0.4841578938767403,0.05939444763350391,-0.7801368588888318,-0.0006774739487826668,0.00222139559001171,0.0732022461845124,-1.8957645295156258,-0.0012920695004472623,0.08376860345895742
P01,session_01,014,lean_left,0.27266550064086914,0.4832081805952641,0.05673132513150185,-0.7815893700881731,-0.00026347964780603343,0.00018650806530090005,0.010012322997142243,-1.9034067652334377,0.0038651699551395854,0.12029978367112686
P01,session_01,014,lean_left,0.30448174476623535,0.48309375262110893,0.05522165380160356,-0.7815896146122305,0.00023636736680801598,-0.00023683004598094046,0.010516680034582903,-1.914474035953277,0.0696843878416587,2.190239391062009
P01,session_01,014,lean_left,0.3367583751678467,0.4828458079007831,0.05032846466324952,-0.7816494572538372,0.000333979013177962,-0.0005370451660804745,0.01959385161010042,-1.9157480904590534,0.0170843442937684,0.5296725684348885
P01,session_01,014,lean_left,0.36868810653686523,0.4834587619759495,0.04969780840669081,-0.7860019267028486,-0.00048455250696259535,0.003949221596407184,0.12461228572904663,-1.9265021716084267,0.006715279457379399,0.24445926290466335
P01,session_01,014,lean_left,0.40045666694641113,0.482868010176308,0.04874597969993384,-0.7862058721724483,-0.00011251446061405342,-0.00014695388410425737,0.005825914683805659,-1.9089048472093997,-0.027147770497408838,0.8545681969244855
P01,session_01,014,lean_left,0.43265438079833984,0.4829269619272235,0.047456237311148994,-0.7860024582739374,7.238801499352763e-05,-0.00014489945371253443,0.005030634347754519,-1.8991222833206856,-0.01602977977033145,0.4978800100890477
P01,session_01,014,lean_left,0.4644432067871094,0.483016418214682,0.047397039000037666,-0.7852123035101608,1.980583915099598e-05,-0.0008170371403037032,0.025709573625560877,-1.9310559899284736,-0.03752095911310878,1.1805990881464485
P01,session_01,014,lean_left,0.4967494010925293,0.4838490460602731,0.04605131565004485,-0.7873875946385651,0.002055523537393262,0.0007819390898719723,0.06807451302223778,-1.954878306228424,0.0005240747338460557,0.06998068499678929
P01,session_01,014,lean_left,0.5280539989471436,0.4828475313341641,0.04604354277042543,-0.7853736894339687,0.0002963582531925316,-0.00404976654518829,0.12971243712772407,-1.936619001750729,0.06300376483545857,2.016779845551439
P01,session_01,014,lean_left,0.5605158805847168,0.482529749809775,0.05094141221096671,-0.7886091526555912,0.000374003806583602,-0.0006952622988542,0.024320018626747486,-1.9221329475258364,0.034684799885861185,1.06875454293756
P01,session_01,014,lean_left,0.5924451351165771,0.4829859631822762,0.05344822379477093,-0.7880779392907156,0.0017280912995701388,-4.473563494209636e-05,0.05414063906464666,-1.9246186461302117,-0.012466494815395007,0.39417698990193856
P01,session_01,014,lean_left,0.6409494876861572,0.48163921074052435,0.05551895145522744,-0.7886498583569467,0.0025532867830986776,-0.0031042383514563406,0.08286677151324165,-1.9286882921992645,0.00410054862525586,0.11838023846744787
P01,session_01,014,lean_left,0.6724414825439453,0.4799867532810852,0.06325183526696097,-0.79227140506419,0.001910195316828918,0.0005435348546569266,0.0630642873537624,-1.9343990406357752,-0.007003304416417493,0.23115273574504136
P01,session_01,014,lean_left,0.7041914463043213,0.47870338030312554,0.07628998247356637,-0.7919490084519505,0.004091922731641635,-0.0007269673305852902,0.130897700586395,-1.9463329429512455,-0.009345113050626545,0.32212896156045584
P01,session_01,014,lean_left,0.736649751663208,0.48535955820006715,0.08443881341095906,-0.7837467141517187,0.012486917959792353,0.004729102841134076,0.4113719232619423,-1.9933940919662525,-0.005606883225790029,0.4461685167321962
P01,session_01,014,lean_left,0.768988847732544,0.48551597592155543,0.09685463688126549,-0.7830882302884082,0.004879194752462422,-0.00038861440692732985,0.15135383835936697,-2.007291041097968,0.02582254035908902,0.8127108848895553
P01,session_01,014,lean_left,0.8005843162536621,0.4849965278721843,0.10696501842411937,-0.7763130421838672,0.011028781681408669,-0.001428739708460179,0.35197897806289496,-1.9955925411207873,-0.007939241901106096,0.43246938258528056
P01,session_01,014,lean_left,0.8320508003234863,0.49264084944640874,0.10227356117707598,-0.7747090788342111,0.01987942265979689,0.011116143031703473,0.723827460579198,-1.9615465910424792,-0.01856677127683488,0.9338544631120179
P01,session_01,014,lean_left,0.8649775981903076,0.488964064279065,0.11362659609737544,-0.781336575305024,0.013550966051185111,0.0007715650835447042,0.41221481734968,-1.9511236533905367,0.035352113768268884,1.1500704995134368
P01,session_01,014,lean_left,0.8960282802581787,0.4887334696858596,0.1235807366350775,-0.7886935049262441,0.014032139689172019,0.004317717472187676,0.4728206658616551,-1.9745348180316404,0.019460187476050748,0.7850742252330306
P01,session_01,014,lean_left,0.9284255504608154,0.4897145053934353,0.12838289190027255,-0.7852836963503733,0.014012001576562802,0.0008229627695528869,0.4332509528824498,-1.9799460628714376,-0.006078836436079181,0.47213661970152393
P01,session_01,014,lean_left,0.960423469543457,0.4926158601981435,0.12783223822834594,-0.7793820483015295,0.028390274998497944,0.0007695962995210539,0.8875797210197944,-1.9928255447456702,-0.054043374069354146,1.9079836076941319
P01,session_01,014,lean_left,0.9925565719604492,0.48474074520823607,0.13436437608635818,-0.7933614529362717,0.02612279530922065,0.0037370581737161,0.8212325093963905,-2.0278587563742434,0.000656124717522674,0.8214863167768376
P01,session_01,014,lean_left,1.0277557373046875,0.48576449991734566,0.12129425486637951,-0.8003581384108187,0.02976802697138913,0.010074019286170577,0.8928178350359477,-1.9746590725923239,-0.1131416994480277,3.3360208155668496
P01,session_01,014,lean_left,1.0739498138427734,0.48469392373180314,0.14951991676921994,-0.8098890938332085,0.02123274538118015,0.009128651251129487,0.5003225800596403,-1.9711483150191356,0.02751609075788794,0.7779053915910684
P01,session_01,014,lean_left,1.1100914478302002,0.4775964440077241,0.15266406349958503,-0.8136714227825441,0.030139632525548722,0.002152260374571329,0.8360546424291346,-1.999501680505566,-0.0031585018482934582,0.8406097701375775
P01,session_01,014,lean_left,1.144075632095337,0.4698630044577792,0.15165308815805714,-0.8226108287061764,0.023778658339159795,0.0022057611548934393,0.7027017234139536,-1.9931277711910038,0.12151805613425654,3.644117222170384
P01,session_01,014,lean_left,1.1785383224487305,0.46718048129285406,0.16561667682644518,-0.8110270295380472,0.015280292896436568,-0.007074200814292503,0.48859791413797676,-2.0011435088836795,0.025570593364933173,0.8884035087038678
P01,session_01,014,lean_left,1.2148404121398926,0.46042873392457395,0.185019705652033,-0.7833999180826785,0.016605990573956925,-0.035507730071828614,1.0797987685301695,-1.984694168741184,-0.05760538146544551,1.9193766595122195
P01,session_01,014,lean_left,1.2435436248779297,0.4677680114859077,0.21052677608105072,-0.7700069287462067,0.01445664389179487,0.005061007215240681,0.5336312072727392,-1.9578224423917292,-0.07882858321407955,2.7976968671793565
P01,session_01,014,lean_left,1.2722244262695312,0.46831172860367315,0.23866595007548244,-0.7721727709729476,0.007117886560310195,0.00642092550882591,0.33423272692085687,-1.8692613130715865,0.013819772902071014,0.5864201090005107
P01,session_01,014,lean_left,1.3059358596801758,0.4723730414743366,0.24681810035554536,-0.7609399929572821,0.0019290912699912676,0.0021106346163324075,0.08481990468197946,-1.7543217775047266,0.02693983387466882,0.803619273107931
P01,session_01,014,lean_left,1.3358993530273438,0.4769986073640917,0.2680725163377099,-0.7645778765994121,-0.00046046909279477514,0.01735237477341635,0.5793210787192669,-1.6516084489949685,-0.12300938231131403,4.145982434775147
P01,session_01,014,lean_left,1.3680052757263184,0.48213618778310724,0.2638320065819231,-0.7597056767104897,-0.002473172207578197,0.01156615432501454,0.3683935945786361,-1.7367172733775909,-0.029083764640430103,0.9779124411226565
P01,session_01,014,lean_left,1.397202730178833,0.48784912147380854,0.26963337019579836,-0.7592750462038074,0.0008422676229876317,0.009447325719658478,0.324850141284777,-1.811384598618071,-0.0622588649161316,2.1569414367201887
P01,session_01,014,lean_left,1.4245550632476807,0.49075680073716627,0.2754839011974384,-0.7569188237861468,-0.0013035716497730007,0.007424941530923109,0.27560738084883146,-1.7976526323099764,0.01865514510098956,0.7356126792285657
P01,session_01,014,lean_left,1.4726309776306152,0.49114257878387335,0.2756132689093953,-0.7211997329472308,-0.0009217227270134537,-0.0006759097732852444,0.02377469688212744,-1.7554161399107873,-0.045114777732237446,0.9387081850041507
P01,session_01,014,lean_left,1.505462884902954,0.4825950325641833,0.27489995147342666,-0.7302426568408346,0.01300749520386446,0.002987920449045392,0.4065026681241192,-1.8425270755378635,0.06910662177388421,2.1437553241793434
P01,session_01,014,lean_left,1.5366137027740479,0.48994333072376267,0.28104854574742694,-0.724485675498344,0.005771187735121116,0.00451168107656933,0.23516000676210544,-1.7718276892314402,-0.07623108393172306,2.4584344428692266
P01,session_01,014,lean_left,1.568387508392334,0.4881854552779546,0.3053352630970596,-0.7160691337805098,0.008047965629737329,-0.002606285246604586,0.2662400814358548,-1.7705710884413255,0.08378630477663127,2.6503679317698086
P01,session_01,014,lean_left,1.601344347000122,0.48638982249059043,0.31410840659750333,-0.7132447283926509,0.017843686732217652,-0.0036870116610876885,0.5528632827659834,-1.770546883021737,0.03039811645765658,1.0753643096981105
P01,session_01,014,lean_left,1.6325020790100098,0.4908759722482231,0.2985956081061041,-0.7039705933036209,0.020736212976756086,-0.0033601957075122565,0.6742050405861267,-1.8109786786718325,-0.16339372062051366,5.287244543628586
P01,session_01,014,lean_left,1.6648945808410645,0.4934743100383735,0.30923847292792833,-0.6910055033392847,-0.0026936723092916724,-0.009468572964916232,0.3039059705262912,-1.7574570189350687,0.17493095396704103,5.408897719487128
P01,session_01,014,lean_left,1.6965265274047852,0.4914555226561135,0.30450757563437425,-0.68997631777242,0.0017570407701502228,-0.004345408117738862,0.1481790401788137,-1.7911321638531863,0.031063409897344452,0.9931430322081068
P01,session_01,014,lean_left,1.72890043258667,0.4891042412337055,0.30564563566501424,-0.6927320070360563,1.212555863386504e-05,-0.0010605293870473418,0.032760913383392126,-1.8010618390632525,-0.022311454413499802,0.6899584219701108
P01,session_01,014,lean_left,1.7608909606933594,0.4935789971758615,0.29533459271887164,-0.6998850950730463,0.006621939987888886,0.012634403794857104,0.44590011638671717,-1.8319479748635947,-0.03418413266199176,1.1578729191253585
P01,session_01,014,lean_left,1.7925360202789307,0.49330632601452773,0.30314046650992027,-0.6988565249883144,-0.0018547826219420544,-0.0009034826999053279,0.06519591409648194,-1.7840966849477964,-0.13362004679540676,4.222964823568928
P01,session_01,014,lean_left,1.8245158195495605,0.49376133433030656,0.304272644425402,-0.6975242590394526,0.0003131359987048569,-0.00022169400987720497,0.011997249585360758,-1.8106780395225277,0.010964316964674273,0.34306118095064214
P01,session_01,014,lean_left,1.856628656387329,0.49705415229258143,0.2977157883780631,-0.6925386096343238,0.00312326688819939,0.0017921415846937046,0.11213310295365014,-1.7719454261374437,-0.1237126607998973,3.8540679639816906
P01,session_01,014,lean_left,1.9042384624481201,0.4993662541806101,0.30407847302866414,-0.6894628055967451,-0.005352008960775939,-0.0003915026961204549,0.11271436768550318,-1.7240469351603238,0.10782133451879936,2.2674907227732546
P01,session_01,014,lean_left,1.937241554260254,0.49829542058500653,0.3034762254408384,-0.6895785491779207,0.0004150413743851182,-0.0016148306230129247,0.05051994528273996,-1.759666994506993,0.09587937207056055,2.9056025592016854
P01,session_01,014,lean_left,1.968376636505127,0.49408219103633494,0.3090116408776272,-0.6948164590501007,-0.003893713335217589,-0.0013265255980497302,0.13211703177802595,-1.686201716296104,0.10710189256376375,3.442446560998414
P01,session_01,014,lean_left,2.0012099742889404,0.4967138205817251,0.31592117713796064,-0.6920392705087619,-0.012999468918419726,0.0007363674766202823,0.3965575606087359,-1.7182502077699517,-0.016147465380537764,0.6317642229164718
P01,session_01,014,lean_left,2.0326809883117676,0.49568598341721737,0.3141953439100389,-0.6950300118757291,-0.006001126126538971,-0.0036738999542976687,0.22358381215069367,-1.7938282182524685,-0.061603599224666974,1.9701986391051254
P01,session_01,014,lean_left,2.064472198486328,0.4930792307797841,0.3047938334917599,-0.6924404041791237,0.00146751341854107,-0.007561441462650825,0.24228494386634516,-1.7397120443433132,-0.00290592437781412,0.25895395099468765
P01,session_01,014,lean_left,2.096498966217041,0.4931581551920617,0.28676711534160915,-0.6935327794772511,0.00035669735163329844,-0.0015278309943232615,0.04898767841932957,-1.7379547113738778,-0.01358649787925125,0.4270422879614592
P01,session_01,014,lean_left,2.1284635066986084,0.4895666143471032,0.2825583405671192,-0.6962548679751247,-0.004791159598682382,-0.0011102974387950952,0.15386195681898385,-1.7745534724917396,0.01983888887074765,0.639440133377251
P01,session_01,014,lean_left,2.1608965396881104,0.4889885240355853,0.2791950740147773,-0.7066667028591818,0.0006142530783862094,-0.0004755684646175117,0.023951960872829112,-1.8169127016227589,0.004960892773865386,0.1548220101063476
P01,session_01,014,lean_left,2.192164659500122,0.4905501449744695,0.26915465437248687,-0.7067579024277867,-0.0029920174120996214,0.0008701024056547499,0.0996531414164485,-1.8257631801189116,-0.035088601851499396,1.1266006287948032
P01,session_01,014,lean_left,2.224144458770752,0.4955873745664817,0.2712664943302282,-0.7034250089896338,-0.005461793560076493,0.003121024891472282,0.19670626213884798,-1.8033069845802714,-0.00315364832121455,0.22004096815007
P01,session_01,014,lean_left,2.256120443344116,0.4963272303813826,0.27152317110746294,-0.7146706201046574,-0.001478265406270146,0.004866524894673891,0.15905975057686247,-1.8170476118086614,-0.0397567468871487,1.253464426876842
P01,session_01,014,lean_left,2.2882609367370605,0.506530150385433,0.27535506727223485,-0.7070330446985323,-0.017728825789815304,-5.701230296301678e-05,0.5516068855204239,-1.7779885925978267,0.007544686928331855,0.5994776272601637
P01,session_01,014,lean_left,2.3363475799560547,0.5101011062377759,0.27572156736565206,-0.7105600822553944,-0.010440342594973924,0.006332906742822119,0.25393570532190374,-1.784023822983849,0.02575514503926871,0.5927472834538781
P01,session_01,014,lean_left,2.3696370124816895,0.5061411287285932,0.28165295743765095,-0.7184989221735797,-0.0031412074705972266,0.0004076951437057659,0.09515194385892647,-1.7459672890755356,0.11448057849122266,3.4402626546625443
P01,session_01,014,lean_left,2.4009270668029785,0.5097690931409353,0.282780502869409,-0.7132283061266644,-0.008717649351044033,-0.00016661782745908704,0.2786585595060736,-1.7396441963164717,-0.012649186992726892,0.49099223189118674
P01,session_01,014,lean_left,2.4325168132781982,0.5118414902819367,0.2785809739502618,-0.7126274433753715,-0.0018052874242795681,0.00014981469255511461,0.05734433693301491,-1.8328243313176018,-0.05787735179047946,1.833053446572173
P01,session_01,014,lean_left,2.464427947998047,0.5070402870964188,0.26027368366282283,-0.7226667631884726,-0.006475230335175532,-0.002515656902724187,0.2176900260207307,-1.6995436540257765,0.15663097035180382,4.913173514203361
P01,session_01,014,lean_left,2.4964168071746826,0.5050890269324252,0.24883630040977797,-0.7146460688263372,-0.0006913215129144907,0.0013634666940151112,0.04778895400125036,-1.6893005984792622,-0.19725412148004023,6.166523290138568
P01,session_01,014,lean_left,2.5283215045928955,0.5044832906015118,0.23354659016638923,-0.7166649716156376,-7.464119236130789e-05,-0.0013674668150214127,0.042924788554491465,-1.676205146494271,-0.009320992428767758,0.2952876604091911
P01,session_01,014,lean_left,2.5604515075683594,0.505631743960622,0.23827965856343,-0.7239766216100181,-0.006799996192755212,0.0019184040572228192,0.21990114452927856,-1.692533374982951,0.005580364388832293,0.28021693586630336
P01,session_01,014,lean_left,2.5933594703674316,0.502726892470892,0.24295836525266404,-0.7258376089663932,-0.002770957899944661,-0.004878972606968936,0.1705038420665929,-1.709965307917975,0.008065225914049763,0.29855968830058355
P01,session_01,014,lean_left,2.6251578330993652,0.5019176555121598,0.24557980660753276,-0.7224945711406255,-0.00027705268928842735,-0.007453406114082387,0.2345577853134744,-1.5827409744353065,0.13680560162330097,4.308673679000562
P01,session_01,014,lean_left,2.656346559524536,0.5019496479562884,0.23983256900773792,-0.7145239901220399,-0.0013585166188068319,-0.004897333367670238,0.16295206449387611,-1.7165236576068097,-0.08740556161051918,2.8072064251825184
P01,session_01,014,lean_left,2.6889796257019043,0.5022446761832214,0.23691904744569198,-0.7075371816288869,0.0003759671801469773,-0.007117504943855687,0.21841122205764107,-1.6824231950083572,-0.004815803723162635,0.2635937261184632
P01,session_01,014,lean_left,2.720736503601074,0.5025841043479284,0.23745751365583437,-0.7090682388672102,-0.0005850951362278231,-0.003715861114480623,0.11845129387606285,-1.73006239438827,-0.20087913519654443,6.326640573160567
P01,session_01,014,lean_left,2.7688698768615723,0.5008087757901575,0.24735143028818213,-0.7025334619462965,-0.010670538115850352,-0.007967577920720108,0.2766688958086527,-1.6729367864721065,0.06165003422592354,1.3103577421126347
P01,session_01,014,lean_left,2.8013908863067627,0.49803317380589546,0.23963797596370986,-0.7021094099947696,0.003521825400508405,-0.004209267718805217,0.1687609794153867,-1.726950727936995,-0.0023742132155940374,0.18387515919547331
P01,session_01,014,lean_left,2.83382248878479,0.49968145712376655,0.23454594315544716,-0.7009961375556711,0.002505706686333435,0.0012072863644854183,0.08576158681001417,-1.7269676767390956,-0.007142504623009152,0.2363420469180933
P01,session_01,014,lean_left,2.86462664604187,0.5023103195317636,0.22244730948677793,-0.7012772538470434,-0.0025812327308101083,0.000411813000150622,0.08485467921892571,-1.7560573145026788,-0.08854305820988097,2.8756388677547724
P01,session_01,014,lean_left,2.8964600563049316,0.5010112439624316,0.22121588975686565,-0.7025331166542864,0.0011535202906255003,-0.0006379100452077076,0.04140797811582574,-1.7034458017062337,0.05380893769064157,1.690836145655543
P01,session_01,014,lean_left,2.928786039352417,0.5051899477406571,0.2124030242177169,-0.7051708987936801,-0.005026351349460236,0.00166293424788811,0.16377831000853046,-1.6866528733274175,0.00333235764995933,0.19352019767697407
P01,session_01,014,lean_left,2.9606142044067383,0.5054752792760704,0.21058631575375736,-0.705104664051337,0.0005999374131417586,-0.00018831508010169298,0.019756037827447344,-1.6687675249755867,-0.008567923431552294,0.2699171044192713
P01,session_01,014,lean_left,2.9927561283111572,0.5065619324929997,0.21106639483211517,-0.7024763471365749,-0.0013523540550971526,-0.0026049281316223275,0.09131528378420979,-1.6806076517382331,0.02011778518436784,0.632530891102802
P01,session_01,014,lean_left,3.024869680404663,0.5068709263861739,0.2093410147610701,-0.7003649378435083,0.0009298399313617913,-0.001661064712820637,0.059277525503589425,-1.8385099454447178,-0.17430566685754204,5.4281152337339345
P01,session_01,014,lean_left,3.061004877090454,0.5111712815802424,0.20856407808594057,-0.7002812253303273,-0.0006146782815382957,0.005889787475819189,0.16387832675657263,-1.7587213120900052,-0.04795493390880852,1.337177709787638
P01,session_01,014,lean_left,3.09049129486084,0.5117858163180912,0.20819315949066367,-0.7017058103572968,0.00039324083760660533,0.001579834728900815,0.0552132372171583,-1.862439792851315,0.1158522563265683,3.9293920296514044
P01,session_01,014,lean_left,3.120699167251587,0.5104905872368449,0.2132195533925561,-0.7004813886404857,-0.0013484558965856336,-0.0020418907887686864,0.08100430724338603,-1.7809524881672532,0.023085403821384538,0.7684992203235679
P01,session_01,014,lean_left,3.168649673461914,0.5111522888267754,0.21380943918598333,-0.6957354387076178,-0.0007187449557891312,0.004265126728926572,0.09020265638935898,-1.7871413311496709,-0.08951268045219059,1.868950407690412
P01,session_01,014,lean_left,3.200448989868164,0.5113324361011159,0.21684532264050327,-0.6979653981216244,-0.0006591006924790645,-0.00021763116113691705,0.02182756387649035,-1.6108824829905173,0.20957956586234303,6.590730208507147
P01,session_01,014,lean_left,3.233135223388672,0.5080719854914889,0.21373185733481131,-0.698746378581486,0.0028873654897402104,-0.002058943118303493,0.1084947103992476,-1.6089095133042788,-0.019399384233257395,0.603338339700345
P01,session_01,014,lean_left,3.2648231983184814,0.5085698891986251,0.2118125062723307,-0.6983680630380159,0.000553684457260826,0.00034902308593379687,0.020654844446170193,-1.8842318945445822,-0.1649178617226799,5.204471439450174
P01,session_01,014,lean_left,3.296266555786133,0.5087879288539198,0.21062166425919246,-0.7013767516015148,0.000155019098775987,0.0014445800166307922,0.04620606512685317,-1.83793853426291,-0.052136030329356334,1.6587373043351756
P01,session_01,014,lean_left,3.328558921813965,0.5091112498319222,0.21085525970951194,-0.7015469721717812,0.00469477183512139,-0.002419782711434628,0.16355841696106238,-1.6954917018197027,0.1525450057825578,4.726702723843728
P01,session_01,014,lean_left,3.3605878353118896,0.5026663881544965,0.2070922929433873,-0.7105316723774968,0.007010684021098067,-0.0004949401693753471,0.21943089627578014,-1.768719564772305,0.09212189515020244,2.8845686629562994
P01,session_01,014,lean_left,3.3930952548980713,0.5017055835385719,0.20795460233897067,-0.7045194762991059,-0.001006507735025609,-0.008673347550686035,0.26860184484349564,-1.7409828156486717,-0.03483423237931081,1.1047289914257457
P01,session_01,014,lean_left,3.424638509750366,0.5016560262204386,0.21466967143089175,-0.698738763909775,-0.001288646088721808,-0.006022711745546788,0.19525667988964,-1.752699120896485,-0.259620824139078,8.23294460189474
P01,session_01,014,lean_left,3.4568684101104736,0.500477909018168,0.22305527885018545,-0.6948884601903084,-0.005068911022957638,0.000312327833270634,0.15757182313042853,-1.7143681913952458,0.06587104166974439,2.0498519339011634
P01,session_01,014,lean_left,3.4882404804229736,0.4997311114027874,0.22051182668330405,-0.7163661924188097,0.0026841591339416106,0.006736563444017116,0.2311489248101644,-1.7430639641013577,0.05845406032541441,1.8775346507155317
P01,session_01,014,lean_left,3.520507574081421,0.49372771919253233,0.2124752485728654,-0.725049855537434,0.01122489108020825,1.9134708928941792e-05,0.34787475773845095,-1.5122755936270091,0.33220791305025893,10.301439000347047
P01,session_01,014,lean_left,3.5530316829681396,0.4995614138481394,0.21324841811113857,-0.7236832434604527,-0.008582819052673918,0.004842475911458977,0.30299559211401544,-1.725559187392682,-0.28638494531422637,8.81052416478133
P01,session_01,014,lean_left,3.6007509231567383,0.4980580325543574,0.22472703914135453,-0.7194323763393478,0.0013896556021437078,-0.003963306872545147,0.08801217861395604,-1.6214759044630214,0.14912711761980676,3.126333234564877
P01,session_01,014,lean_left,3.6322386264801025,0.500668544901019,0.2213256109516883,-0.7172720248528676,0.00235278730148491,0.0011560360821266619,0.08325330051761144,-1.598635576757737,0.03503088144617035,1.1156364574799735
P01,session_01,014,lean_left,3.6695475578308105,0.49710500899759336,0.2219649928984735,-0.7221988580987091,0.003941318920124092,-0.00015419593806893916,0.1057209070950204,-1.486873331452496,0.25060272174715226,6.7177952157296685
P01,session_01,014,lean_left,3.7021403312683105,0.4980367414960039,0.21817960170937403,-0.71482478467525,-0.0003352513926493166,-0.0012285071113057509,0.03907092194819694,-1.6849360398621054,-0.44579438337596083,13.677762128125469
P01,session_01,014,lean_left,3.7328059673309326,0.4988016374314597,0.21664245572414145,-0.7123850148210805,0.0009691996503889359,0.00013407416178977112,0.031906374662086574,-1.799288515240082,-0.01775640199114986,0.5799109683941781
P01,session_01,014,lean_left,3.770167112350464,0.5009803475227316,0.2197226418705896,-0.7090505230429286,-0.00672916436846528,-0.0005270637414434695,0.1806629324081718,-1.7681930233785028,0.04396110173284999,1.1904416299812597
P01,session_01,014,lean_left,3.800243854522705,0.5046534653526479,0.22531021090106032,-0.700954608471855,-0.012582676747779435,0.0015882848640640169,0.4216721163426667,-1.7277780860856609,0.058691953475357925,1.996445624195086
P01,session_01,014,lean_left,3.8317158222198486,0.5032924554924139,0.22815660019551554,-0.7043553770510845,-0.0003969458829468323,-0.002046460761489151,0.06623680298216497,-1.58029236624205,0.10613211383180512,3.372924925570774
P01,session_01,014,lean_left,3.8596694469451904,0.5066082953984887,0.23428833292018836,-0.6971199098388486,-0.005559989292980372,-0.0005282678105991042,0.19979623233938626,-1.6729372096390709,-0.024708667952065888,0.9062156342297316
P01,session_01,014,lean_left,3.8885419368743896,0.5043367587415738,0.23201665413569625,-0.6951390575570187,0.0029501439628494127,-0.001894492993399076,0.12143252945433214,-1.7412989480262326,0.08745986587056258,3.0316094211876967
P01,session_01,014,lean_left,3.9205901622772217,0.5055888715576734,0.22946194869714515,-0.6923834888713963,0.008207018744805367,-0.0011250388548686003,0.25847831902577906,-1.74460360555912,-0.03920733294165556,1.2503931471644543
P01,session_01,014,lean_left,3.9521172046661377,0.5057732294858809,0.22876655633553117,-0.6948176447881502,-0.001616057248889542,0.00146373799021604,0.06915986231329914,-1.8249920145186171,-0.12220055589728518,3.876672133304103
P01,session_01,014,lean_left,3.9846580028533936,0.5049169625723885,0.22712517096822926,-0.6909763015797246,-0.00037034737527714837,-0.002615126433824103,0.08116641921253581,-1.7349392479970578,0.14272105929500714,4.386662423402466
P01,session_01,015,lean_left,0.0007369518280029297,0.5144024160759266,0.09555921474203259,-0.7720111093231327,0.0,0.0,0.0,-1.8814842243013892,0.0,0.0
P01,session_01,015,lean_left,0.032738685607910156,0.508989543563847,0.09135041531892583,-0.7826419849521881,0.00519364441313038,1.253011397112677e-05,0.16229306711370375,-1.8599286923804383,-0.0031612189406595064,0.1899922875083787
P01,session_01,015,lean_left,0.06480836868286133,0.5042732500327083,0.0874764360167341,-0.794546590038083,0.00430803218126075,-0.0006652245400170247,0.13592556912930615,-1.926881684212023,0.05099927742763693,1.596062916032249
P01,session_01,015,lean_left,0.09678864479064941,0.5023191745612474,0.08877036071594044,-0.7969364840025415,-0.00018068785232218805,-0.0007820808633429923,0.02509928656333755,-1.9775843728878049,0.14610934125138775,4.568801895050067
P01,session_01,015,lean_left,0.12842512130737305,0.501551221581958,0.08786806082021453,-0.7981687801111812,0.0006074239828332909,-0.0004300841073854106,0.023525657975813165,-1.9756527878616528,-0.04640689518698002,1.467068022959822
P01,session_01,015,lean_left,0.16073822975158691,0.5009194647320678,0.08862139834551412,-0.7992608018139565,0.00033950957125682634,-3.0164085275950402e-05,0.010548255295925643,-1.9829518935986319,0.011592974198201092,0.358925040704212
P01,session_01,015,lean_left,0.19290566444396973,0.49732488539900094,0.08370917432316871,-0.8010208723707698,0.001997758310048541,-0.0014512699138434365,0.0767625862664275,-2.0202050235435696,-0.01838506935201777,0.5766747756844013
P01,session_01,015,lean_left,0.22528815269470215,0.4983057415778775,0.0842462114649594,-0.8050256736368331,-0.0017169779532500871,0.001829385778916128,0.0774775922473448,-2.011819284135355,-0.07491579376530112,2.3147632454238627
P01,session_01,015,lean_left,0.2726421356201172,0.49855968362990527,0.0806828631106382,-0.8069737692736532,-0.00044109330160368526,0.00111238721365266,0.025270290608719742,-2.004184378517712,-0.08922918779920437,1.8844710841592671
P01,session_01,015,lean_left,0.30626702308654785,0.49879339076161816,0.08009432470463344,-0.80750265304346,-0.00045388200046605,0.0013765533349223097,0.04310649117218181,-1.9813077677030875,-0.024000089987916064,0.7150602043144034
P01,session_01,015,lean_left,0.3371877670288086,0.4979390852709051,0.08018281268262419,-0.8087796207708438,4.66541209324222e-05,-7.122309674096526e-06,0.001526310063572489,-1.9469526871937597,0.043261597250892986,1.3991132643605135
P01,session_01,015,lean_left,0.3684823513031006,0.4980367999295802,0.08104513719648276,-0.8100185521453671,-0.0007991877642478294,0.0013593163305494886,0.05038717120171454,-1.9658152603404253,0.03727112414777752,1.1920422093473464
P01,session_01,015,lean_left,0.40054869651794434,0.4980328196032336,0.0804829590706603,-0.8084427944097747,-0.00013251585102389257,0.0001031044530657787,0.0052360720677993985,-1.9761598473760207,-0.0022490294625793538,0.07033193538347235
P01,session_01,015,lean_left,0.4326963424682617,0.49798511822825475,0.08080423055067877,-0.8081681013978012,-1.1580164087103935e-05,-0.00014895621918760565,0.004647484119663766,-1.9847883579046257,0.00911714996220032,0.28364049030453875
P01,session_01,015,lean_left,0.4644339084625244,0.4984025107893452,0.08168781992158845,-0.8090902290698408,-0.0005526616714511191,0.0006951847002748942,0.027982524889546213,-1.9748784362638105,-0.012630045793227521,0.3989351647361256
P01,session_01,015,lean_left,0.4964416027069092,0.4978858317387181,0.08229631645967635,-0.8145494404607901,-2.4511745946138324e-05,-0.0008849967370296828,0.02766010309859628,-1.9589940595977,-0.0024936137347257056,0.08267124487387248
P01,session_01,015,lean_left,0.5287511348724365,0.49682468883086084,0.0863223241487015,-0.8137047165417406,0.0012117089302629096,-0.0013577738433911365,0.05632492432457925,-1.9320778074021694,-0.0049780841932999175,0.16404735962712577
P01,session_01,015,lean_left,0.5609023571014404,0.4990925909222872,0.08932400950024838,-0.8090364465135284,0.002622983667106646,-0.0012987580335234894,0.09103580269287503,-1.9902767624364828,-0.09090422482071499,2.828860812063268
P01,session_01,015,lean_left,0.5928397178649902,0.4981231234426354,0.09679711119329537,-0.8093458772712745,0.0032649109373157166,-0.002595032975602787,0.1305866274852985,-1.9821258415783434,0.007036874589811809,0.2561245307213753
P01,session_01,015,lean_left,0.6247696876525879,0.49376372416182085,0.10594761585519596,-0.8113023534623652,0.004465968904162884,-0.004965970071884872,0.2091687746031624,-1.9379109720332102,0.2947289596878555,9.232850027963021
P01,session_01,015,lean_left,0.6567826271057129,0.4896298571448808,0.11153548124088314,-0.8158599190411485,0.007722293258132896,-0.002151771763252694,0.25041371067605034,-1.9609705601107146,0.014333032546461517,0.5129968805341714
P01,session_01,015,lean_left,0.7050831317901611,0.49058458563984564,0.12552724371123947,-0.8114692310117495,0.012585680481789832,-0.002141084092938546,0.26431406679012726,-1.9586303164950827,0.04864607452662931,1.0412599457593417
P01,session_01,015,lean_left,0.7390568256378174,0.4917947826833684,0.13779332955472423,-0.8093484008349949,0.007853461871645767,0.0016458716207466146,0.236184902722065,-1.8660450062577714,-0.09719768787224041,2.870701556332672
P01,session_01,015,lean_left,0.7693378925323486,0.49156795435516715,0.13886207911407283,-0.8079990865796646,0.016789968478298146,0.0008201629371662565,0.5551319714394585,-1.9174336068758835,0.03439224868882738,1.2641752639875845
P01,session_01,015,lean_left,0.8010859489440918,0.495747954632759,0.13954397632095933,-0.8010986280699117,0.01263746920246746,0.001364630376945946,0.40036888762304834,-1.9619051367587452,0.0891517233370081,2.8364981826313276
P01,session_01,015,lean_left,0.8328626155853271,0.498538187326602,0.1337824504685602,-0.800498466795675,0.015439529027772202,0.0038487184507444774,0.5007447285971541,-1.9209585237651632,-0.291591743273728,9.189937329349084
P01,session_01,015,lean_left,0.8647336959838867,0.5080977378708069,0.148839537257962,-0.7853081230800257,0.01432946148209384,0.004148412590902117,0.46806911069186063,-1.9459288098612133,-0.17689663363236727,5.570082228780236
P01,session_01,015,lean_left,0.8966970443725586,0.5101062815620885,0.1445027643395718,-0.7875800318781452,0.013838278878460562,0.006109079525400937,0.47325324180177464,-1.9240994221479952,0.02940280432830755,1.0344895033889572
P01,session_01,015,lean_left,0.9284968376159668,0.5063734651349399,0.15586707465427282,-0.7903391509002986,0.012829765791629772,-0.0002813241822914669,0.4035513591294199,-1.8939407241303903,0.01566381265605909,0.6367768399987862
P01,session_01,015,lean_left,0.9610743522644043,0.5036616141857155,0.17644482207503573,-0.7930538487604042,0.011559916113920203,0.0010203502367046044,0.3562229993819049,-1.91418231030529,0.16282893928722675,5.010878144085422
P01,session_01,015,lean_left,0.9927680492401123,0.5097542441927805,0.18289774134571402,-0.7886688801924864,0.011750026837893765,0.010286173505419879,0.49272539768408563,-1.8986276818833414,-0.0545428530307938,1.790084404602048
P01,session_01,015,lean_left,1.024548053741455,0.5086332034125953,0.19603711544819627,-0.792930959814386,0.00878422651377275,0.0040743783102812885,0.3046928353800668,-1.843107813936647,0.012761399111746105,0.5040670803402625
P01,session_01,015,lean_left,1.0567848682403564,0.5099465275331087,0.20349569880304108,-0.7797290893021706,0.008753889130771818,0.003163526813237482,0.2887375612631246,-1.8933968920996462,-0.05404157167878934,1.701077019666052
P01,session_01,015,lean_left,1.0891318321228027,0.5110606674800676,0.21735699993485139,-0.7734019704033419,0.009654339688369228,0.005068767426446287,0.3370970790630379,-1.9123330936619662,-0.032257563358483385,1.052670166869362
P01,session_01,015,lean_left,1.1367709636688232,0.5113217990282309,0.2382574860143597,-0.7678816568146531,0.015432637598572427,0.006562817593362238,0.352024020177773,-1.8870490260410282,0.04320182072954083,0.9727837765265136
P01,session_01,015,lean_left,1.1688721179962158,0.5028323893163201,0.24943381583810634,-0.7771201201702436,0.00967490699510418,-0.003252499402222725,0.317963229833933,-1.9005461979996119,-0.02597945529046944,0.8695209350180326
P01,session_01,015,lean_left,1.2008452415466309,0.5129216164423841,0.24618690590526365,-0.7671231428005479,0.004642958501527402,0.011758841914935916,0.39540357158841455,-1.8895100914164746,-0.020827191959212996,0.7620117061847871
P01,session_01,015,lean_left,1.232677936553955,0.5094789008672264,0.24500626442254106,-0.7705853164860745,0.005093366401798973,-7.604440348374819e-06,0.16000442555591662,-1.8816226557784845,0.009427224699880263,0.3366091488340039
P01,session_01,015,lean_left,1.2649428844451904,0.5161834141628621,0.26076400608855393,-0.7521467973152655,0.0065638808505832725,0.005394151186653771,0.26331868590777485,-1.8422756070474522,-0.011374148715849134,0.4400107598847211
P01,session_01,015,lean_left,1.2970664501190186,0.5118910424897022,0.2742439763386921,-0.7557832955673134,0.006994353107089942,-0.0008266664982546527,0.21924825667037073,-1.8060140894272825,0.019011000657833618,0.6311157990795023
P01,session_01,015,lean_left,1.3288650512695312,0.5131833912843452,0.2773996099178442,-0.754849776171281,0.010117147355711675,0.0023538905464521097,0.3266612487640911,-1.7976367322498,0.06944151332339138,2.2080880122326096
P01,session_01,015,lean_left,1.360813856124878,0.5156058954395419,0.2665318493865993,-0.7529119230717191,0.006017676705306726,0.001591943712168338,0.19483314577501287,-1.7708464644550093,-0.043785821659217246,1.3842791929010383
P01,session_01,015,lean_left,1.39284348487854,0.5205012991845449,0.27970176991588513,-0.744478763560618,0.002227209882499728,0.0029707774015321517,0.11592229010804321,-1.753633896803937,-0.014637398439573776,0.4714689046689437
P01,session_01,015,lean_left,1.4251890182495117,0.5202932735904454,0.2880051645005348,-0.743598750048148,0.004059910082595104,-0.000639357722608782,0.12706375826604588,-1.7505851010822606,0.028842983733295028,0.9007219839783734
P01,session_01,015,lean_left,1.456709623336792,0.520574208652153,0.2882661673357287,-0.7394541774271599,0.005280069869258151,0.0008672069649736796,0.16975599533758376,-1.7599345348105002,-0.0029825553512806153,0.19434633216456584
P01,session_01,015,lean_left,1.4889156818389893,0.5245097015144377,0.276204888958844,-0.7355705543170871,0.0027844627192849004,0.0005388182952317334,0.08806158860227829,-1.7460317934635694,-0.02449040801933694,0.7655106145710301
P01,session_01,015,lean_left,1.536695957183838,0.5246796138273018,0.2772458392682073,-0.7344808433887321,0.0016143409849719878,0.0002615685667568349,0.034227396449579554,-1.780552785283653,-0.027531440674709633,0.5772250100430701
P01,session_01,015,lean_left,1.5688865184783936,0.528188204769606,0.27139059522654807,-0.7347773763010298,0.003059799757299178,0.0050067552686559325,0.18228032359545226,-1.768745210461547,-0.009584803414629183,0.3491165406041803
P01,session_01,015,lean_left,1.6008250713348389,0.5200844435902242,0.26790573623862834,-0.7418486936644917,0.008151817905036919,-0.004054864479776059,0.2850666907635754,-1.776550780138055,0.013102641141964255,0.49956403284401973
P01,session_01,015,lean_left,1.6324381828308105,0.523067181098979,0.2675957809255141,-0.7393431569601242,0.002868689117037399,0.0019431125473682387,0.10960111943957791,-1.810123603420481,-0.050796434111083914,1.6105490077411149
P01,session_01,015,lean_left,1.6646220684051514,0.5239346511368391,0.2656327327117283,-0.7380545346701449,0.00024163369463773974,-0.00011649383394964477,0.008334892975930904,-1.7881546121329739,-0.029657350638510493,0.9215345889677573
P01,session_01,015,lean_left,1.696753978729248,0.523863014202948,0.2663611753739038,-0.7379143639072164,0.0024140504557734173,0.0006736858532608005,0.07800004752104786,-1.7760168179113434,0.03247712521132008,1.0137488788399815
P01,session_01,015,lean_left,1.7284414768218994,0.5226392162623769,0.26582931362938367,-0.7385289893101661,0.0014230025838925444,-0.0007154643726748048,0.05026403593608475,-1.7553912966415628,0.004716180112442423,0.15709252447670702
P01,session_01,015,lean_left,1.7607603073120117,0.5235366281462327,0.2647496347439853,-0.7377555099033156,0.00048705029722943935,0.0002033930238430092,0.016331443162949637,-1.816661347441015,-0.09539559755734703,2.95174844711115
P01,session_01,015,lean_left,1.792938470840454,0.521212483920987,0.26292546353758306,-0.7398493481533829,0.0024244683535120915,-0.0010351084420039242,0.08192480363355151,-1.732544646299043,0.1294752383636805,4.024532743515335
P01,session_01,015,lean_left,1.825364351272583,0.5210315097212425,0.26473154729770026,-0.7340369154489051,-0.0001321861840463579,0.00011559856250873618,0.005415502428550135,-1.7897455922503147,-0.026914359723258032,0.8300447733883811
P01,session_01,015,lean_left,1.8565378189086914,0.5195795538761822,0.27974563746155995,-0.7354388699619593,0.0010880340636092666,-0.00041355504236505945,0.03733875523012983,-1.7670188559457716,0.05692111950235555,1.8263293646289585
P01,session_01,015,lean_left,1.8889756202697754,0.5206042428556514,0.28138816057382476,-0.7348216194773117,-0.00036997856286215605,0.0007820899158011413,0.026672187870175442,-1.8034771917752583,-0.04980447847759159,1.5356155687115454
P01,session_01,015,lean_left,1.9212901592254639,0.5210033559417349,0.28697392331936833,-0.7322279909412469,0.0002482271496459743,-0.0016836201625832377,0.052664240870923126,-1.7752392905303314,0.029868827704122546,0.9258145485977871
P01,session_01,015,lean_left,1.968902826309204,0.5226158715777568,0.2853538740603872,-0.7325545352224782,0.0008186550839072592,0.002003583614731231,0.04545808390513655,-1.7781753828230293,0.0061480392333345905,0.13689409674214448
P01,session_01,015,lean_left,2.0005879402160645,0.5233432605636992,0.28541479677887616,-0.7274742344643472,0.00018026266625968508,-0.00015563350715138818,0.007516213749162653,-1.7873895272295777,-0.09179261973947571,2.897036411059484
P01,session_01,015,lean_left,2.033029317855835,0.5250028792090897,0.2846399659695324,-0.7257017572601353,-0.0016258071110593815,0.00016252110678804523,0.050365000320767205,-1.773418396407571,-0.004446964625957136,0.14603670588943327
P01,session_01,015,lean_left,2.0648720264434814,0.5237450791942575,0.2909225629811597,-0.7248056632620242,0.0012718242789261922,-0.002538185932879143,0.0891570095575523,-1.761314340829196,0.04777412643394619,1.502962804136832
P01,session_01,015,lean_left,2.0967721939086914,0.5222813782114931,0.28918809900985903,-0.7274112685798361,0.0021373358022783607,0.0004685345473417863,0.06859173921077671,-1.764706984310822,-0.002008861130089829,0.09311537111491738
P01,session_01,015,lean_left,2.128756523132324,0.5212930268799818,0.2863079320935635,-0.7284409318813266,0.0009560824963142465,-0.0004348921905978098,0.03283936810553487,-1.7723152810762532,-0.007979902950969304,0.2516460881923098
P01,session_01,015,lean_left,2.160802125930786,0.5217313366404986,0.2857897331062888,-0.729912487996072,0.0002298016901528617,0.0019145571088375504,0.0601735968361392,-1.7902540444229462,-0.006639800810757765,0.21575931009120725
P01,session_01,015,lean_left,2.1930131912231445,0.5220230501324372,0.28248299801122734,-0.7247890219979602,0.0018612498322385263,-0.004381033399059943,0.14777564610965704,-1.8008217262962678,-0.0009935381519675809,0.15096036673732854
P01,session_01,015,lean_left,2.224656820297241,0.5220599588653461,0.2827878749191753,-0.7272548172240256,-0.0005937230939275545,0.002298625460322764,0.07502506458019736,-1.8532107474619857,-0.007774030542199731,0.2568748449512913
P01,session_01,015,lean_left,2.257490873336792,0.5207733859872721,0.2838854619234754,-0.7277101014088578,0.0010416753003489358,-0.0027177124028881176,0.08864292522825445,-1.7740019933793896,0.07148656626703649,2.17901185938511
P01,session_01,015,lean_left,2.2890779972076416,0.5216892966227183,0.2827353261766456,-0.7340644266060341,0.0005770069641559287,0.005553788431095019,0.17677082188063056,-1.849056248825512,-0.07142169980084666,2.268001072925077
P01,session_01,015,lean_left,2.3210556507110596,0.5217974348790482,0.28245952425123105,-0.733990316477926,8.173118625368009e-05,4.59202472033255e-05,0.0029316669993632947,-1.7725491284655275,0.023928304037567193,0.7482877904069268
P01,session_01,015,lean_left,2.3530261516571045,0.5228178902940457,0.2827734046696467,-0.7324615223687111,-0.0010048534084302666,-9.240227904841514e-05,0.03156325069048902,-1.7788257283585573,-0.02883481236597505,0.902471435851027
P01,session_01,015,lean_left,2.4006199836730957,0.52181728855714,0.28635382035101714,-0.7337311985616431,-0.0006047363656245688,-0.0004875699441221084,0.016321608762550507,-1.7957214463469386,0.07198264599256052,1.5125245083512744
P01,session_01,015,lean_left,2.4328644275665283,0.5221569996429107,0.2820344624909272,-0.73360490984548,0.0003999844403805731,0.0004010688730813766,0.017566770602410617,-1.7853942743287115,-0.0423370516950427,1.3131205123658165
P01,session_01,015,lean_left,2.4651312828063965,0.5206810473387263,0.27583010421687637,-0.7329216461774387,0.0011963146025939302,-0.0010545953089705355,0.04942487289009156,-1.7524760298602695,0.14287474086910362,4.428186140945632
P01,session_01,015,lean_left,2.4967703819274902,0.5206355078662123,0.27817749139384124,-0.7312572686070168,-0.00014279067038817797,-0.00026194031176440265,0.009429214947100568,-1.7567084250680662,-0.058272303025515504,1.8418054973660953
P01,session_01,015,lean_left,2.52880597114563,0.5223706381250951,0.2794210633031463,-0.7290405816654622,-0.0021723713906073743,0.00017840179999551592,0.06803947065249362,-1.7598240173132027,-0.08816509127379935,2.7529392535259514
P01,session_01,015,lean_left,2.5609543323516846,0.5227297771785216,0.2814384224165234,-0.7289290385941299,-0.000315366664545756,0.00038078892750630105,0.015379485739673791,-1.7838144823780948,0.04080008830616417,1.2692119426138946
P01,session_01,015,lean_left,2.5927493572235107,0.5227245362915433,0.2815205498362713,-0.728751908438973,-8.723055852067818e-06,-0.0001927624302996163,0.006068864605436502,-1.7545634074593743,0.048054259940458185,1.5113888900254242
P01,session_01,015,lean_left,2.6247689723968506,0.5241839949169204,0.279199404012133,-0.7297294719642692,-0.0013912628715489182,0.0025312848354999257,0.09020807429014874,-1.7549075057258816,-0.0056213660639227,0.1973799302086938
P01,session_01,015,lean_left,2.6565001010894775,0.5246994402076273,0.27749865425867626,-0.7297348668845817,0.00033775433419235815,-1.635806747622957e-05,0.0106567349427781,-1.7834824108993848,-0.09813423354544923,3.0926985639915148
P01,session_01,015,lean_left,2.6895499229431152,0.5274865337441389,0.27895383620187836,-0.728701769218891,-0.0041589567014538205,-0.0005838014385812317,0.1270727434895843,-1.7729271984611639,0.00046713154884250684,0.12785639086204395
P01,session_01,015,lean_left,2.720608949661255,0.5287573458756898,0.27998150315335785,-0.7275000633596015,-0.0019286273286156978,3.178870224265748e-05,0.062103983740859126,-1.7872222193317464,-0.014234772321357236,0.46250210911902945
P01,session_01,015,lean_left,2.7530393600463867,0.5276355016571076,0.27969390978607506,-0.7319797227507077,0.000731621508930771,-0.002867913388092326,0.09126505035359438,-1.7693857540544111,0.03711517665772124,1.1480891813880854
P01,session_01,015,lean_left,2.784742832183838,0.5296895531512326,0.27799436677928097,-0.7334663295352232,-0.0013981824034274878,0.0032515948354713735,0.11164268760012792,-1.798708872542852,-0.04653940756649154,1.4721985838324407
P01,session_01,015,lean_left,2.8327865600585938,0.5267680251798905,0.2800903783360834,-0.7308920095404453,0.00136868175124508,-0.003489029579996862,0.07800980177146158,-1.6789539044342334,0.19637182924792748,4.088100570807517
P01,session_01,015,lean_left,2.864759683609009,0.5270033524454357,0.27999208388890695,-0.7313301448526285,-0.0012482682703482486,0.0001398494770911373,0.0392854280359291,-1.7524457672528395,-0.09145782568218606,2.8607292806662685
P01,session_01,015,lean_left,2.896928071975708,0.5272107007535093,0.2815015571464188,-0.729748358982709,-0.00018004262180025137,-0.0005833720116102336,0.018978971663140155,-1.7558818079353735,0.0030618551365182464,0.09705583838005269
P01,session_01,015,lean_left,2.9284799098968506,0.5294661788837515,0.28015522227917883,-0.7283897312032607,-0.0020108987333360396,0.0006375684021916369,0.06685985845905625,-1.8451758661834428,-0.06001754966611391,1.9033633662906748
P01,session_01,015,lean_left,2.9606306552886963,0.5291442368156876,0.2806255876371231,-0.727923189573191,-0.0005383794812135685,-0.0006146954344559982,0.025415613590869253,-1.7952388553713254,0.00841407321235889,0.26293816029135175
P01,session_01,015,lean_left,2.993093252182007,0.5328564846029092,0.27546454442703294,-0.7306152467231244,-0.0004863337536660049,0.006185172041190249,0.19112033960550998,-1.801623907802299,-0.01959865462505136,0.6332592726201208
P01,session_01,015,lean_left,3.0251283645629883,0.5310841228846686,0.26811191825007397,-0.7321228101066921,0.0016234081351026598,-0.0009421317057065816,0.058591436438223746,-1.783368507433816,-0.0210566913211513,0.6599066122834549
P01,session_01,015,lean_left,3.057468891143799,0.5312575427951034,0.2693460032568164,-0.7354792905949631,-0.0002962519152224441,0.00015611987882296194,0.010354532718241912,-1.7547914209062747,-0.03274843056409436,1.012665720190442
P01,session_01,015,lean_left,3.0885169506073,0.5310407244703929,0.2682595393846434,-0.7337330853458865,-3.3279513908332336e-05,-0.0004965550405749149,0.016028988909730243,-1.7521598411638708,-0.004930194429758846,0.15959931069407662
P01,session_01,015,lean_left,3.121326208114624,0.5314109525510419,0.26954475724448423,-0.7375058551787823,-0.0006532092504761465,0.0030058561414054953,0.09375441036944537,-1.790505413087496,0.07348257764605162,2.2416517978643844
P01,session_01,015,lean_left,3.1531379222869873,0.5298133080027146,0.26400484662898893,-0.7416227392376202,0.0011813753360517135,-0.0016775057266800399,0.06449664394592461,-1.7494357457245804,-0.07703729328684199,2.4225230471028834
P01,session_01,015,lean_left,3.1847541332244873,0.5311014570891038,0.2618352417848697,-0.7407552565645856,0.0010132537355557086,0.0006520467634245629,0.03811103751789433,-1.752248129173972,-0.004796247247004102,0.15641609314645882
P01,session_01,015,lean_left,3.2326159477233887,0.530444694956149,0.2631914105548374,-0.7411140583854346,-0.0003522715245296158,-0.0014632471427191889,0.03144581912472853,-1.7377030954288213,0.1402423559245043,2.9303199875523767
P01,session_01,015,lean_left,3.2646172046661377,0.532323423429607,0.26485826296130993,-0.7359556459556299,-0.002569420439946039,-0.0014887069021038495,0.09279448969035545,-1.7920687095341004,-0.01667308621623484,0.5292124930032749
P01,session_01,015,lean_left,3.2969138622283936,0.5337777260507929,0.2656838835715984,-0.7323999106191571,-0.0017368477543931952,-0.0009127551462266927,0.06075183026004547,-1.7825316854570334,-0.022202037521858137,0.690119937492381
P01,session_01,015,lean_left,3.329233169555664,0.5337911445676004,0.2694359161515147,-0.7337143073203182,-0.000583019697311775,5.560810328202326e-05,0.01812123084007821,-1.7699403255377277,-0.01614656092908403,0.4999234315880567
P01,session_01,015,lean_left,3.3607218265533447,0.5343499217076095,0.2669334200380285,-0.7345476826982973,-7.186356886481895e-05,0.000712054469303177,0.022727919784981503,-1.7845231694548915,0.02367259021096475,0.7521249910402417
P01,session_01,015,lean_left,3.392742156982422,0.5354429709782764,0.2595579247919606,-0.7346924107104512,-0.00024904704842815625,0.00038966999352900254,0.01444262775140942,-1.7981551723853084,-0.04789086521456313,1.495709050472895
P01,session_01,015,lean_left,3.4249870777130127,0.5355148174419626,0.25698015179065425,-0.7344291684639992,4.3074433753788896e-05,-0.00017201947639917503,0.005499486382516674,-1.8038992965131087,0.010301495699800677,0.31952387048016156
P01,session_01,015,lean_left,3.456430673599243,0.5354269314481833,0.26162748974647926,-0.7338674839268362,9.863104033291763e-05,0.0003018488328021514,0.010099175867382557,-1.7721049035569747,-0.041245808977143694,1.3117784475158873
P01,session_01,015,lean_left,3.4890427589416504,0.535582281272662,0.26243994267175796,-0.7357820842466852,-0.0008277985745664354,0.0018238667615745675,0.06141689313681881,-1.7765058212613685,0.026464124752235106,0.8138029833745795
P01,session_01,015,lean_left,3.5211997032165527,0.5355548945010851,0.2589263930232506,-0.738660684884192,3.642132711888989e-05,0.0016340905589705141,0.05082872246375196,-1.742146264886798,0.038324139738451876,1.1928676621138337
P01,session_01,015,lean_left,3.553631544113159,0.5360358411164625,0.25655301215965615,-0.737695875567034,0.0003341417565978276,-0.00031195830220805506,0.01409512771492853,-1.744972455564566,0.003796178380968614,0.11789657249984649
P01,session_01,015,lean_left,3.5847790241241455,0.5374592117689923,0.25506200260721984,-0.7336846140807555,0.000825878094416434,-0.0032644198533899483,0.1081073218508476,-1.809987117816742,-0.041491086304260995,1.3364644575438986
P01,session_01,015,lean_left,3.616849660873413,0.5379114497182681,0.254719443274052,-0.7374463992526358,-0.0002957176238349952,-0.000609718491860257,0.021129829006817997,-1.8066394387453766,0.003311289436053253,0.10538978912830357
P01,session_01,015,lean_left,3.66461443901062,0.5374234693892268,0.25537733665610407,-0.7371526521110366,-0.0012334650320032993,-0.0019965685839251355,0.049133561386759964,-1.8322603168438278,0.025955058866565493,0.5456100714715009
P01,session_01,015,lean_left,3.6963753700256348,0.5423368479184342,0.24821512971760157,-0.7331616689280014,-0.00611801811845889,0.0023749018232763095,0.20663112770980283,-1.8088755874014633,-0.006353843264800467,0.28760614535301676
P01,session_01,015,lean_left,3.7286999225616455,0.5364636498229026,0.24553463937537545,-0.7353927730061358,-0.0004953687147653109,-0.004914022096364287,0.15279182411887252,-1.7613423240621253,0.12274566779169359,3.8003617058091326
P01,session_01,015,lean_left,3.761202335357666,0.5378213234826097,0.24707567264061853,-0.7355396990583074,-0.003582537102418151,0.0019904923359235654,0.12609431296033535,-1.7486515345553142,-0.07366556071527598,2.2699692818441584
P01,session_01,015,lean_left,3.79280686378479,0.5345758606879804,0.2497097492021966,-0.7353611348139871,-0.0010517695532354621,-0.0035255409083566943,0.11641002164717307,-1.747198539319609,0.0017202893559293583,0.12850722568028705
P01,session_01,015,lean_left,3.824545383453369,0.5352170190337187,0.2493859442551046,-0.7341752415672049,-0.0004954088768739633,0.0007291648019180116,0.027775055481700964,-1.7453960510342603,-0.04532002855681297,1.4281888952504669
P01,session_01,015,lean_left,3.857028007507324,0.5354391947681261,0.24801375923577842,-0.734024890441238,-0.0001818955177630676,0.0002902090665901574,0.010544145250665814,-1.747309466443836,-0.007471241506993367,0.2302488851442486
P01,session_01,015,lean_left,3.8889992237091064,0.5362098499163837,0.24819476183599248,-0.735868794778619,0.0007734455426580483,0.000976588935760604,0.03896537495432111,-1.7635311476017055,0.024239119686625902,0.7591550984148353
P01,session_01,015,lean_left,3.9212374687194824,0.5369339104227763,0.24182158048745764,-0.7386052702689871,0.0010190929080423166,0.0023390764592859294,0.07914316243552537,-1.7497736423665597,-0.01510594804213495,0.47520903180407276
P01,session_01,015,lean_left,3.9527809619903564,0.5381119280137564,0.25858274986854723,-0.7366659538081196,0.0009292735234264426,-0.0007966863123242969,0.03880463186069119,-1.7579744135262063,0.006369170614523378,0.20561204688049603
P01,session_01,015,lean_left,3.9852261543273926,0.5372730455695099,0.26119360118048673,-0.7384237765448947,0.0019422404042954216,-0.0023678864007357797,0.09439134406414255,-1.7777299323615068,0.018416934289324692,0.5754267840081199
P01,session_01,016,lean_right,0.0019176006317138672,0.5126224967888775,0.05187440384365776,-0.751603793823456,0.0,0.0,0.0,-1.8869950925359196,0.0,0.0
P01,session_01,016,lean_right,0.0327448844909668,0.5099863973363226,0.04772793922043052,-0.7753895726153586,0.0003369505378672426,0.006843029480446428,0.2222485836217734,-1.8820426347248356,0.05600987489128713,1.8304355891074429
P01,session_01,016,lean_right,0.06526017189025879,0.5071156301372762,0.04604325707154676,-0.7937813419403967,0.0008450881228390615,0.002212215035328984,0.07283147218656301,-1.8915670335585395,0.013194393772133054,0.41227457996797123
P01,session_01,016,lean_right,0.09682798385620117,0.5051704610278109,0.0428972940257379,-0.8023604143203448,-0.0015635040249046006,-0.0006854580988724291,0.054079158150647046,-1.9038448554959442,-0.000825157279363858,0.0600650730878603
P01,session_01,016,lean_right,0.1446218490600586,0.5030127463161229,0.04188586570681047,-0.8101676315621815,-2.86166142283211e-05,0.0005620824413749115,0.011775788144332184,-1.905236556983447,-0.012570840197902517,0.2632855212719574
P01,session_01,016,lean_right,0.17677807807922363,0.5020217460632795,0.04274037808878119,-0.8207510380279304,-0.0009682070165160714,0.0016275399960026127,0.058892349007065484,-1.9211911378269726,-0.01827776806861849,0.571447976738637
P01,session_01,016,lean_right,0.20914959907531738,0.4999506297648128,0.0411695063710671,-0.8241028905374868,-0.0015940750079772082,-0.001924943258889741,0.07720663596392878,-1.9030961185919404,0.0154513178170719,0.4835159567004399
P01,session_01,016,lean_right,0.24050331115722656,0.4998270216813404,0.0391766064427626,-0.8290683668665098,-0.0001352003054712436,0.0014956999615197996,0.0478985736744552,-1.9114529153362894,0.004210140493638152,0.14256606786259443
P01,session_01,016,lean_right,0.27288198471069336,0.4988748518574839,0.03762716441957003,-0.8343586404030032,0.0007424670985445558,-0.000493325284610447,0.027531043214214995,-1.9182887381703546,0.00044553402429458884,0.030778221115628456
P01,session_01,016,lean_right,0.30492305755615234,0.4984110111434939,0.03543258793396649,-0.8359566460589086,7.160411841100033e-05,0.00017543756444081415,0.005913891770698165,-1.9207970992935957,-0.0007203165030798458,0.023245883137165954
P01,session_01,016,lean_right,0.3367342948913574,0.49660024768341204,0.0349216310051968,-0.8380909381550574,0.0006809641229755563,-0.000848519585331047,0.034201080441587914,-1.9114554608997807,-4.674989440362725e-05,0.03423263993286144
P01,session_01,016,lean_right,0.36871981620788574,0.49759233978790013,0.03320752133751459,-0.8397563073735087,0.000991050281761564,0.0012788962752435292,0.05058376799488381,-1.9498084774930158,-0.005865625753569757,0.19023229949194376
P01,session_01,016,lean_right,0.4005544185638428,0.4969717298811447,0.03275911302479723,-0.8407321199454457,0.0003541101095256036,-3.388183097069704e-05,0.011174235722060877,-1.9460229310935124,-0.01907705998432672,0.5993596553388454
P01,session_01,016,lean_right,0.4339470863342285,0.4962416370615361,0.030605053613156036,-0.8426664136037454,-0.0006642201318690166,-0.00033577348619165203,0.02228831289432588,-1.9223365395659409,0.005152450451498228,0.1559003078895025
P01,session_01,016,lean_right,0.4649827480316162,0.4961571104283557,0.02941981354927022,-0.8430101133904616,7.868685444047128e-06,-3.982395762903241e-05,0.0013079756199322176,-1.9322994494443035,-0.00569110183028346,0.18337764663753534
P01,session_01,016,lean_right,0.49645256996154785,0.4939485340253654,0.027855706138924463,-0.8463700053020108,-0.0020463175745535638,-0.0005918851104602683,0.06769018342990833,-1.9401498873249337,0.015953536117229106,0.5114463415228024
P01,session_01,016,lean_right,0.5290980339050293,0.4921634794128726,0.02829947149449785,-0.8455482670314513,-0.0018261786503141492,-0.0016374327502866538,0.07513377340102138,-1.9106492831451742,0.07259075273425117,2.224878151908838
P01,session_01,016,lean_right,0.5771856307983398,0.49631683968271884,0.02746545405891308,-0.8377211031602354,-0.0053869637969876216,0.0006526505170345098,0.11284313695539493,-1.8604059688865493,-0.05979660416816031,1.2486028756007221
P01,session_01,016,lean_right,0.6086418628692627,0.49697238307288905,0.024608071635258355,-0.8348780412721503,-0.0005856151955114851,0.001088175038426236,0.039284640447000994,-1.902557837162402,-0.016117235986036996,0.5138740186643393
P01,session_01,016,lean_right,0.6415271759033203,0.4968574936258961,0.01755608329124795,-0.8354471167900687,-0.0015905928665975828,0.0008565976592457983,0.054935887364094944,-1.900095948489006,-0.0033631999896885046,0.11609144222032557
P01,session_01,016,lean_right,0.6728818416595459,0.49566567325051364,0.013511211564427628,-0.8375701153420126,-0.006636000425197775,0.0011292236823517527,0.21468551949340545,-1.8973047537599224,-0.0004911681093196032,0.21525627000753472
P01,session_01,016,lean_right,0.7047936916351318,0.4963126845186076,0.00928676198953966,-0.8341824934971223,-0.005854238282309788,0.0015037088120295374,0.18940530957792076,-1.9092953232884415,0.01384547604776442,0.47340715181692145
P01,session_01,016,lean_right,0.7367093563079834,0.49219001885678065,0.0019548406921382944,-0.8353955946035031,-0.0074470683859357515,-0.004362477577366467,0.2704239828927217,-1.8884345095053297,0.05996603779516863,1.8982514273418074
P01,session_01,016,lean_right,0.7690091133117676,0.4939063490576417,-0.0116487930429076,-0.8257017980690481,-0.0025736831673204845,0.0008232793270091364,0.08365863452202828,-1.8943454270289712,-0.04452949169077209,1.3811683736052829
P01,session_01,016,lean_right,0.8013148307800293,0.4972755337002135,-0.020727267483705656,-0.8226461769178796,-0.00594910111696593,0.0040931215677694885,0.22352639400713326,-1.8817265945531845,-0.02993045328616553,0.9530586340458815
P01,session_01,016,lean_right,0.8333330154418945,0.49561084132991795,-0.0309436769781209,-0.8236681415822334,-0.007576305021250595,-0.001712152871934411,0.24259210955317367,-1.8559563048161236,0.01463580121105244,0.5174935684999854
P01,session_01,016,lean_right,0.8660807609558105,0.4988992810416612,-0.03908443716647435,-0.8202989650675871,-0.005420458269278704,0.0022552188785549803,0.1792762377365158,-1.8582152617833418,-0.007305910378086768,0.28620282704772104
P01,session_01,016,lean_right,0.897024393081665,0.5022582569152759,-0.048582267855353835,-0.8181747314820789,-0.009051627943754536,0.0038497618503857455,0.317877735772435,-1.8472854386340096,0.0017264888360010611,0.3227371946788272
P01,session_01,016,lean_right,0.928856372833252,0.5012969830134493,-0.06375283043918539,-0.8158498762962549,-0.008145184838632497,-0.002198714790902606,0.26503938082969253,-1.8215102691791762,-0.028554607448113653,0.9353765867367562
P01,session_01,016,lean_right,0.9609127044677734,0.5041194702677453,-0.0709395572161864,-0.8069088947642806,-0.006023105815322104,-0.0027226600806279674,0.20619616682232586,-1.8832248419333577,-0.012847964231088818,0.45072404060483406
P01,session_01,016,lean_right,1.0087056159973145,0.5068280694536208,-0.08502499779291026,-0.7936556913527779,-0.0068829085299233275,0.002863757539100458,0.15598338680198626,-1.9191312207445035,-0.09309631689619792,1.9541459395961296
P01,session_01,016,lean_right,1.041081428527832,0.5055398382887011,-0.09476623072540317,-0.7890137016023087,-0.013212014425197862,0.002064952491439532,0.41303705243545474,-1.9342351861153408,-0.0039168543290003825,0.43039049745167846
P01,session_01,016,lean_right,1.0732421875,0.5033553723406385,-0.10217060775460021,-0.78755119388904,-0.012218599737932188,-0.0012847396273600686,0.3820170055777898,-1.9145871521582638,-0.0016980659252816613,0.3856484925765454
P01,session_01,016,lean_right,1.1045417785644531,0.5030782028441878,-0.111362393125604,-0.7842661872730711,-0.00847286642177038,-0.0007277626588926795,0.27169888404000325,-1.901469069864534,0.0040502346754979655,0.30094052979658836
P01,session_01,016,lean_right,1.136831521987915,0.5062731572206354,-0.11719879888156408,-0.7734651327963454,-0.014925453545950635,0.0012158202697821604,0.4637662039863683,-1.932488100253487,-0.02315338801062887,0.8539560968431598
P01,session_01,016,lean_right,1.1689367294311523,0.4924393710365225,-0.11553325855460526,-0.7796414660648832,-0.028378723408111223,-0.0070402660048549765,0.9107235547787877,-1.8656908864524213,0.13955250013177242,4.441107242122376
P01,session_01,016,lean_right,1.2008006572723389,0.4955370253167345,-0.12090674622357765,-0.7729550007578739,-0.01159455264681102,-0.0012761417339911356,0.36607444838889025,-1.8790531190349735,-0.0006601127137134976,0.3666601694825832
P01,session_01,016,lean_right,1.2332007884979248,0.49156817945170855,-0.12283130228289892,-0.7759832757042152,-0.018346969207006927,-0.0069484041264451304,0.605511571101417,-1.8381315029949912,-0.06542039283035592,2.107977606314738
P01,session_01,016,lean_right,1.265059232711792,0.49563321008147376,-0.12781270001706305,-0.7634159108974584,-0.00952785133705103,-0.0013991000264145024,0.30227551466549746,-1.8093800360514496,-0.042872542497573496,1.379250719595987
P01,session_01,016,lean_right,1.2976481914520264,0.4973347375211155,-0.14285139116164514,-0.7612070913298832,-0.0034426528906619947,0.0009436842785217661,0.1095355553758956,-1.777322194355843,0.02380052288384036,0.738493240768834
P01,session_01,016,lean_right,1.3289721012115479,0.4986719709116703,-0.16879380732942967,-0.7537570814247445,-0.005891698092268293,-0.005465301318319126,0.2565538402464384,-1.820223119189528,-0.06213437235531062,2.0001305932268743
P01,session_01,016,lean_right,1.3607525825500488,0.49139440643291404,-0.1669962335655683,-0.7536169449673589,-0.011371028450999719,-0.006751024575850183,0.41610736788337466,-1.7600016408647372,0.18960509124981695,5.980579397311498
P01,session_01,016,lean_right,1.3929293155670166,0.48183321452764594,-0.17095281245031996,-0.7588323420935278,-0.017936399685393845,-0.011385644528849305,0.6602577297067304,-1.7928357076741654,-0.00809042020712344,0.7065131412671651
P01,session_01,016,lean_right,1.4406659603118896,0.48896951736838373,-0.1780217706512938,-0.7469964934561609,-0.0021974335659768218,0.0019161223306247471,0.061075028662954826,-1.7864706722952963,-0.010831960580220137,0.234986538843396
P01,session_01,016,lean_right,1.4727940559387207,0.4823368087606933,-0.1777444195252065,-0.7516692328560672,-0.013201782751657249,-0.005647674463921779,0.44693231164105984,-1.7991133653927238,-0.03445727100998389,1.16189383925174
P01,session_01,016,lean_right,1.5051829814910889,0.4865291079674557,-0.19871505012182056,-0.7445431076468292,-0.0005791503591063874,-5.635456573445901e-05,0.017965576093218333,-1.7622311599520077,-0.011337803566220096,0.35051257491018056
P01,session_01,016,lean_right,1.5372018814086914,0.48621475500385364,-0.19597328494128852,-0.734385702695739,-0.00618425394136856,-0.009195043022979198,0.34608425050406605,-1.8088366609582698,-0.08406862328322785,2.648304516483596
P01,session_01,016,lean_right,1.5690288543701172,0.4855225383446321,-0.1946236712580959,-0.7231425867764136,-0.0080849241451876,-0.008585371220734914,0.37053443154234655,-1.7898755747722723,-0.033160557459113484,1.1058271215154851
P01,session_01,016,lean_right,1.600926399230957,0.4907039660245182,-0.19258283329317838,-0.7183935384874871,-0.005821138488964468,0.0026697976387972367,0.2007733266993283,-1.7806860922012122,-0.01843538420962871,0.6118360172929546
P01,session_01,016,lean_right,1.6327292919158936,0.4910802801134256,-0.1942730196595781,-0.7164697423150856,-0.008874208710361048,-0.0014656582989220955,0.2828179203008968,-1.785017905166071,0.011382261931706038,0.4561562621374132
P01,session_01,016,lean_right,1.665024757385254,0.49795043944373124,-0.18816404866623498,-0.7082494268708285,-0.007202510829247087,0.0023711962419334805,0.2347943231905564,-1.7840729941765172,-0.025197678250369324,0.8147864421672332
P01,session_01,016,lean_right,1.6974680423736572,0.4908170379709535,-0.19118435431979952,-0.7119219209520995,-0.005460396827664064,-0.0037387622204112423,0.20397824755222257,-1.8105426327350327,-0.026905438171338305,0.8540239816803877
P01,session_01,016,lean_right,1.729248285293579,0.49579239754337806,-0.20739130821358534,-0.7016759042585682,-0.0030384198059019876,0.001398831139243879,0.10525265451326771,-1.7745629177852291,-0.0032617152368893195,0.14700932483474605
P01,session_01,016,lean_right,1.7607016563415527,0.49676886629839934,-0.20847869045344683,-0.6983073163285215,-0.0008552206783075517,-0.003595220427878009,0.11749263737032291,-1.821717052394736,-0.016518168505057322,0.538146285461116
P01,session_01,016,lean_right,1.7927522659301758,0.49830138245159866,-0.2191920639935372,-0.6929719287115844,-0.00015259966809261384,0.0008788161955527603,0.02782994441706471,-1.7685540178308696,0.06899382963523205,2.152832537228777
P01,session_01,016,lean_right,1.8406586647033691,0.49802406145440775,-0.22060728627517315,-0.6926530559968795,-0.0006595090889295487,-0.0013977092632363188,0.032260644933833155,-1.9128801114693603,-0.13566438864840266,2.832047387626421
P01,session_01,016,lean_right,1.872570276260376,0.4983964691397787,-0.2183201963901517,-0.6909151722632088,-0.0026501322907856186,0.0005210659652838412,0.0846360342208882,-1.8792821671336146,0.022981855378398565,0.7251284371943318
P01,session_01,016,lean_right,1.90464186668396,0.4951957631495756,-0.21158936219093322,-0.6937914230310761,-0.006198884938252604,0.0001366753901769809,0.19332971670479485,-1.8561113796849835,0.005130653319232847,0.25093502422548275
P01,session_01,016,lean_right,1.937326431274414,0.4926163001596553,-0.20796749982628593,-0.690992621613419,-0.004481997557484055,-0.0034731926810442006,0.17348304425234312,-1.8457749818135818,0.10739745789285225,3.2904534329723
P01,session_01,016,lean_right,1.968735694885254,0.4941735388884928,-0.2049608277248521,-0.6937680329842945,-0.001243598941657083,0.0022515768627499734,0.08189256617406045,-1.8318648433127052,-0.008801503512981977,0.29194114954632217
P01,session_01,016,lean_right,2.0007712841033936,0.492416284432357,-0.2032401844592432,-0.6943191587732149,-0.002408921218034972,-0.0016336870116682078,0.09085650362806426,-1.8240011083760512,0.031141307560617924,0.9763214915064085
P01,session_01,016,lean_right,2.033191680908203,0.4938364344916466,-0.20254262330720108,-0.6921939280938224,-0.001304796421122022,-0.0007338386050989218,0.046174674475828265,-1.8920496182296136,-0.08314095687780242,2.564880173287514
P01,session_01,016,lean_right,2.0650980472564697,0.4945643995962105,-0.20090505591644509,-0.6917987541009304,-0.002148726762353853,-0.00015619324741525156,0.06752245575427443,-1.8799552432926216,0.0067944062625634434,0.22339708524163965
P01,session_01,016,lean_right,2.096892833709717,0.4958437602038066,-0.20132145846317345,-0.6904110856887772,-0.0010050934913921074,-0.0002702287539123286,0.0327345014824986,-1.8718735565782765,-0.0007194479947354478,0.039794065654432983
P01,session_01,016,lean_right,2.1291005611419678,0.4966563550920778,-0.19884232802192786,-0.6916842997931588,-0.0016907568546086877,0.0022393609943442807,0.08712062383582822,-1.7572447360544752,0.15640633516903674,4.856955622165227
P01,session_01,016,lean_right,2.1612446308135986,0.4976089983023048,-0.1992853675329003,-0.6902993812947578,8.920770996489144e-05,-0.0006462243642303986,0.020294649353355218,-1.8156494020355176,-0.04767464847894111,1.4832941804569868
P01,session_01,016,lean_right,2.1928067207336426,0.49814244774415073,-0.19835324175320576,-0.6939369722886323,-0.000531277899688762,0.000896446389339986,0.03301593734205043,-1.8334472858385118,-0.07977481444196806,2.527767337750796
P01,session_01,016,lean_right,2.224558115005493,0.49728700185250935,-0.19731779113720607,-0.693655168326367,-0.001060293424721537,-0.005505573120936762,0.176582549477583,-1.7898785000864985,0.0886736055764631,2.798323825325464
P01,session_01,016,lean_right,2.2727465629577637,0.4974917884971209,-0.19695947629725277,-0.6994237680441145,-8.012314396978869e-05,7.595973574107818e-05,0.002291140816290114,-1.8023325930211838,-0.00988674667721415,0.20518119050866584
P01,session_01,016,lean_right,2.304792642593384,0.4980382573758669,-0.19541771125849416,-0.7035490410226232,0.00048819993966149074,0.0034882793752070776,0.10991286928834823,-1.8047676754035449,-0.004803789269613918,0.18588064810680593
P01,session_01,016,lean_right,2.3367342948913574,0.4961403862415962,-0.1955035692189081,-0.6958462634449921,-0.00018929031183221,-0.01426244308465036,0.44655483133000684,-1.8338943977409052,-0.0018804990090342455,0.45041896114422886
P01,session_01,016,lean_right,2.3687896728515625,0.49592072478021815,-0.195121589702722,-0.6983588214655871,-2.651688888259003e-05,0.001115422038639668,0.03480655221216098,-1.8390599135720864,-0.026370677912275375,0.8233960204880642
P01,session_01,016,lean_right,2.4012677669525146,0.4952399270484956,-0.19453714930322286,-0.6994236123195917,0.0006115693329707887,9.465927635364943e-05,0.01905443401064273,-1.7695915637677087,0.045692989518852554,1.4070154471672824
P01,session_01,016,lean_right,2.4329464435577393,0.49290514745927516,-0.19400113143300834,-0.6938184511849572,0.0011404605091971595,-0.009253980957423046,0.29433020244609376,-1.717631204166863,0.0759996631497066,2.417066950362712
P01,session_01,016,lean_right,2.4650251865386963,0.4926332643223377,-0.19334781135132273,-0.6965352416035036,-6.0329596382437234e-05,-0.0012910442881901157,0.0402900169814448,-1.7607537379947962,-0.016804628340646575,0.5254026538147832
P01,session_01,016,lean_right,2.498157024383545,0.4930257228062263,-0.19103963349633635,-0.6973372945867776,2.777576605780508e-05,0.0015255212361280236,0.04605159799697067,-1.772989952738325,-0.01374117620796175,0.4172912227305977
P01,session_01,016,lean_right,2.528897523880005,0.49361134272085067,-0.19537789964197858,-0.6972577323061943,0.003865337597522851,-0.0001605400208027563,0.125849289977411,-1.8720742086380553,-0.07943023937868332,2.586958480000369
P01,session_01,016,lean_right,2.560828447341919,0.4928674391218589,-0.1910516141230764,-0.6983297818053554,0.0006112328629230748,-0.00046976980877967727,0.0241427908217491,-1.8426588628513723,-0.02018691992422274,0.6326667704400663
P01,session_01,016,lean_right,2.5932846069335938,0.49258900899672475,-0.18963864409015768,-0.7010229524847895,0.00019431535657612865,-0.0002744343293934209,0.010360522834930275,-1.716325001319482,0.11326841335666792,3.4899049646189484
P01,session_01,016,lean_right,2.624547004699707,0.49000024732759523,-0.1922031388549333,-0.7015654127058238,0.0032630941648743093,-0.002728979037268731,0.13606872978412882,-1.718106789341997,-0.02403720304167799,0.7808325989545769
P01,session_01,016,lean_right,2.656944513320923,0.48915674586644403,-0.19276642734811414,-0.6996796066625034,0.0001903020959326242,-0.0031081355607500637,0.09611714188442833,-1.6730503656029483,0.05344640609174052,1.6525049596547972
P01,session_01,016,lean_right,2.7048282623291016,0.4878575336711142,-0.18626738084728928,-0.699747723740746,-0.0012547814899936246,-0.0007392279063514935,0.030414135822432006,-1.6933438243826382,0.06020800848498316,1.2577465329816246
P01,session_01,016,lean_right,2.737096071243286,0.4885684325959595,-0.1863125089290202,-0.7019723278769712,0.00033232407485981897,0.0033031719856340047,0.10288417977634362,-1.6929461883041996,-0.03430221285031587,1.0680145563267667
P01,session_01,016,lean_right,2.7690560817718506,0.4879161121357219,-0.18308658909452552,-0.6975445746881703,0.0005766030601210933,-2.5104222215017938e-05,0.018058482689978644,-1.6941347368174213,-0.022094952833345703,0.6915670280665376
P01,session_01,016,lean_right,2.8015389442443848,0.4889742625865567,-0.18140293705649432,-0.6979614778119583,0.0014985140434776245,0.0019240880092142082,0.07507904456807786,-1.6841858241517615,-0.0018722816546311654,0.09465265001753366
P01,session_01,016,lean_right,2.832568645477295,0.48848628868136523,-0.1821826685282634,-0.6975197201338926,0.0013173941885559646,-0.0008548046253277122,0.05061021384863019,-1.851129169424725,-0.07295276416971415,2.351607078275531
P01,session_01,016,lean_right,2.8655269145965576,0.4877362819440074,-0.1835253883315907,-0.6996471443574576,0.0010559728771268244,2.8779679437946633e-05,0.03205159178256362,-1.72171120435763,0.10466423950670059,3.17582121444768
P01,session_01,016,lean_right,2.8975110054016113,0.486868727643719,-0.18344259741437258,-0.700607376538029,-0.00044146263018425645,-0.00393937451859928,0.12393766110593232,-1.7185814543989273,-0.014940988087704414,0.48329966701864424
P01,session_01,016,lean_right,2.9291257858276367,0.4870045400899927,-0.18404673332396393,-0.7027259687272728,-7.572901465755922e-06,0.0011577512956011014,0.03662135390703715,-1.7335910513473802,-0.0034353740806836847,0.11466860657867604
P01,session_01,016,lean_right,2.9607431888580322,0.486947532773988,-0.18636942612681698,-0.7031966885607893,5.2389192360294335e-05,-0.0017094422100646974,0.054091881123967,-1.8108308426730582,-0.05888373854780017,1.8631691477293495
P01,session_01,016,lean_right,2.992928981781006,0.4876785592121244,-0.18762040634427798,-0.7040265192276813,0.0007424477833384018,0.004425017510672155,0.13940531808507448,-1.7403093373776686,0.017714003256228645,0.5677480489767577
P01,session_01,016,lean_right,3.0252773761749268,0.48794313990197324,-0.1961257210941648,-0.7072352691284761,-1.342176948324704e-05,-0.0011266346297518766,0.03483061820578442,-1.82043035585936,-0.22416303407655164,6.929737004609118
P01,session_01,016,lean_right,3.0564706325531006,0.4876122658082367,-0.19609618203192702,-0.7074122653302327,-0.000397502006861328,0.0005495810948602055,0.02174405275740083,-1.8205447673658979,0.03002972954636892,0.9629449413193775
P01,session_01,016,lean_right,3.088876962661743,0.48552319405512284,-0.192838546349987,-0.7119701708942534,-0.003178199860115648,0.0027775910746964064,0.13024913338922464,-1.8389110120123529,0.09881996421220113,3.0521835197782408
P01,session_01,016,lean_right,3.1366894245147705,0.48590787219027387,-0.1952888357087715,-0.7080390840044967,0.0004269102783712945,-0.0031466424713110976,0.06641511677584422,-1.8731301336316444,-0.0022690246028799713,0.081627887124092
P01,session_01,016,lean_right,3.1690990924835205,0.48373831784490245,-0.19694047370424764,-0.7098766730548356,-0.002836079049737455,-0.0001816830411799052,0.08768656699136154,-1.7886279547760187,0.029406469119940347,0.9115635719871304
P01,session_01,016,lean_right,3.2009851932525635,0.4840163676611312,-0.19209597964383765,-0.7113929066793905,-0.005096856028584997,0.0012206224385934458,0.16436562761832735,-1.7860797855145205,-0.009560618841188464,0.3419327765240796
P01,session_01,016,lean_right,3.2329516410827637,0.48655978137643235,-0.19071181137976745,-0.7098858683932274,-0.002352302601583432,0.0027126887680120567,0.1123222777523462,-1.8350089993137975,-0.03380650401452309,1.063510183522266
P01,session_01,016,lean_right,3.265387773513794,0.4859249399033992,-0.18957891785898373,-0.7095740491731237,-0.0030902453097088065,-0.0014183435566712318,0.1048273345578977,-1.7782312761209735,0.07562826673618825,2.3339608522133664
P01,session_01,016,lean_right,3.297086238861084,0.4877082143176249,-0.18821999039770412,-0.7102791239391097,-0.0008270662069967973,0.0028110993347105536,0.09244113032213885,-1.790384723807712,0.012649610918413197,0.4096276155333616
P01,session_01,016,lean_right,3.328481435775757,0.48634621190660154,-0.18428055856780845,-0.7113817982696897,-0.004562683162238665,-0.000826149974224677,0.14769374157974313,-1.7564779994454718,0.09629071471200874,3.070606454081829
P01,session_01,016,lean_right,3.3608784675598145,0.4905283632321013,-0.18137334226637059,-0.7060189661008067,-0.003980946910520166,0.0031538815559491538,0.15676956840230982,-1.9546123680885377,-0.24981377499043347,7.712601561597709
P01,session_01,016,lean_right,3.392850399017334,0.4928498234060018,-0.18274666976330411,-0.7058660061891898,-0.0016049026505577766,0.0025342716420928726,0.09382315658168001,-1.9266302193681248,-0.014122865165768522,0.4515811352141086
P01,session_01,016,lean_right,3.4247934818267822,0.49844426623221677,-0.18229117516927784,-0.7036583546762658,-0.0022434809004116952,0.004657514719916045,0.161840536803717,-1.9284285527540035,-0.04938871730038501,1.5545946157703576
P01,session_01,016,lean_right,3.4572885036468506,0.49839169453417026,-0.1810464149920574,-0.7056191136421084,-0.001570866885846708,0.0018186058088791753,0.07395325195969768,-1.7429830690953485,0.1877502852625453,5.778290133470895
P01,session_01,016,lean_right,3.4890451431274414,0.49882891142007446,-0.1804079215255183,-0.7045016611943418,-0.00047712019319527525,0.00010419454256606061,0.015378352736595161,-1.9021496399395152,-0.08077825299419031,2.5437115062147106
P01,session_01,016,lean_right,3.536769151687622,0.49894171235475016,-0.18384582755636747,-0.712273060555238,7.384253538936965e-05,-0.0019439476758317778,0.040762494922013344,-1.8519147598216534,-0.035721449689939615,0.7496097314780015
P01,session_01,016,lean_right,3.56886887550354,0.500804117818027,-0.18516020832806632,-0.7097996703636379,0.0020074745946714037,0.00020078316483136644,0.06285071371952643,-1.8127849668078018,0.02004290866361244,0.6275503094858453
P01,session_01,016,lean_right,3.601019859313965,0.497309248892902,-0.18270254709515774,-0.7113467512974969,-0.0033766098443846104,-0.0034185438625779475,0.1494508157520247,-1.8006484191818972,0.0555292096694027,1.7335927358171421
P01,session_01,016,lean_right,3.632638454437256,0.4978988970200346,-0.18254928080596428,-0.7102726194349681,3.486622062176207e-06,-0.0002088381866941251,0.006605837134812366,-1.8472428951890525,0.007301196094801572,0.23100909502259545
P01,session_01,016,lean_right,3.665192127227783,0.4976335882880576,-0.18296491043099838,-0.7047920840585586,0.0003549566768584402,-0.006018393164199778,0.1851972755303439,-1.8474335597165803,-0.00531812179208813,0.24695356674285635
P01,session_01,016,lean_right,3.697831630706787,0.4980198555697981,-0.1852283362305132,-0.7058490192482597,0.0015893339822549853,0.0006129578666454992,0.05218944763440107,-1.8196745483584695,0.014051893032311124,0.4336697679158274
P01,session_01,016,lean_right,3.729137659072876,0.49521600970097107,-0.18660684776499656,-0.6965719201968495,0.0002789815218053675,-0.013403389858489231,0.42823359076547396,-1.873706279481369,-0.07465077921413932,2.4226970666487913
P01,session_01,016,lean_right,3.7605338096618652,0.495590968595034,-0.18675292749883177,-0.7028263761041833,0.0015166026385598813,0.0059197414885992575,0.19463935543056382,-1.8724803030786392,0.0062833172044094495,0.27917121414979695
P01,session_01,016,lean_right,3.7927772998809814,0.49419490600112853,-0.1872060137316432,-0.7053758976026927,-0.00037557826188953583,-0.008277436131496096,0.25698063050738473,-1.8866833263930327,0.016403989666452755,0.5699729861935173
P01,session_01,016,lean_right,3.8249094486236572,0.4950011253648665,-0.18953151733612625,-0.704964747322994,0.0014872077644219907,0.0009409685609380426,0.05477034433367615,-1.8539722514991177,0.0013472425291516143,0.06897653898363024
P01,session_01,016,lean_right,3.8566911220550537,0.4954493452331947,-0.18990361772597578,-0.7034037097315812,0.000546572126860589,-0.0027593576377566496,0.0885091590880959,-1.9869101958860718,-0.18104479125062942,5.6972029325766425
P01,session_01,016,lean_right,3.889234781265259,0.49607920183442605,-0.189302393935315,-0.7052470692424677,0.0005967172512005077,0.001523400473780421,0.050273976738666286,-1.8468040122331808,0.10506891505694468,3.2289439859745452
P01,session_01,016,lean_right,3.9212160110473633,0.4958710885989555,-0.18937112968237155,-0.7038672612208242,5.5578351433815157e-05,-0.000667000318153534,0.020928271778383023,-1.8886090569147693,0.030052877913992894,0.9399366554753494
P01,session_01,016,lean_right,3.9686529636383057,0.4963381217083445,-0.18538848156550616,-0.7070350038417763,0.0007789709514663461,0.00408133763806837,0.08759016592927528,-1.7753089186194382,0.043337222448784206,0.9177644821155543
P01,session_01,017,lean_right,0.0002446174621582031,0.49456506246855925,0.02247516581560011,-0.7998470726412953,0.0,0.0,0.0,-1.844367586691682,0.0,0.0
P01,session_01,017,lean_right,0.031270503997802734,0.4944208918867773,0.01704709415854905,-0.809378307936405,0.005736252564168151,0.007318560020579902,0.29970795408573625,-1.9281581364562315,0.01889739418467211,0.6788292010259572
P01,session_01,017,lean_right,0.06307172775268555,0.49775995369017223,0.011893657966942592,-0.8096568361934017,0.005024831523397644,0.003977654837735151,0.20152181245703812,-2.0227175050935493,-0.04531257455724923,1.4390491337582978
P01,session_01,017,lean_right,0.11106491088867188,0.4990760930325188,0.010624759197439639,-0.8164041332120778,0.0017185973247209505,0.008718388096221639,0.1851546617030608,-2.0265730107752797,0.060946608566480896,1.283328373620698
P01,session_01,017,lean_right,0.14316344261169434,0.5000205740676542,0.006352163241909452,-0.816271214856195,0.006893261744308444,0.0012704207279434392,0.21836988787688105,-1.9919809003881537,0.0071325943473136925,0.3115484067775781
P01,session_01,017,lean_right,0.17557311058044434,0.4998690092276178,0.011004291021288968,-0.8177459988673019,0.00011059559006187815,0.0011168664089645085,0.03462944489552595,-1.98108023306613,-0.015919653891831562,0.4924199384832873
P01,session_01,017,lean_right,0.20719146728515625,0.5004516967504363,0.00974632981151045,-0.8204831127441451,0.0009307201866268504,0.003714364975396797,0.121106758287615,-1.9699246572833713,-0.0027309422892392815,0.1487513964325986
P01,session_01,017,lean_right,0.23920083045959473,0.49951402153393976,0.009734555410164755,-0.8215855583558309,-0.00020869989473373568,-0.0001322123975786044,0.007718184555084762,-1.9640561840912405,-0.005523149043792485,0.17272045376911993
P01,session_01,017,lean_right,0.27093076705932617,0.501185378378438,0.008766877656407145,-0.8275046498952295,0.0006917706151344685,0.00011690557694196631,0.022110957775624544,-1.978382434591809,-0.028381801986206115,0.8947535038300304
P01,session_01,017,lean_right,0.30315113067626953,0.5011048705803759,0.008688145978234215,-0.8276277841884241,5.9324541282736965e-05,0.0001250127175702387,0.0042946375560559144,-1.9810918496908412,0.02290340632422835,0.7108493436008536
P01,session_01,017,lean_right,0.33489131927490234,0.5009859991891851,0.00845451863237989,-0.8287992163907235,0.00022462418015287082,0.001023777049902253,0.03302215760228945,-1.932823046446914,0.010436517688082576,0.33046485952413546
P01,session_01,017,lean_right,0.36713075637817383,0.49990827174892966,0.008152013480399758,-0.831350970644324,-0.0005507287432039151,0.00048777468899052106,0.02281928297700519,-1.9303554547143524,0.00716486887178945,0.22340772478249382
P01,session_01,017,lean_right,0.3998427391052246,0.49783522903807076,0.010080888997787139,-0.8345257639129012,-0.002474171999967591,-0.00016282961141814294,0.07579865406137828,-1.9524274924064602,0.012079861933255751,0.37697841356544803
P01,session_01,017,lean_right,0.4310731887817383,0.49551456269948463,0.009959005900540115,-0.8371436232356543,-0.002340120246526206,-0.0001586603752479826,0.0751027506199976,-1.939386329799626,0.003918965398396862,0.14624297654844298
P01,session_01,017,lean_right,0.4633777141571045,0.49633666487557204,0.009738328837060797,-0.8376764737464543,-0.0005129907970492272,0.0018891223101495625,0.060596304078129444,-1.9488770465540655,-0.005468409242613185,0.17979592301110975
P01,session_01,017,lean_right,0.49477410316467285,0.4942054273591496,0.007229968835270022,-0.8414142848943162,-0.0026101771668556764,-6.633386201694031e-05,0.08316306437532642,-1.9559495327860557,0.00120561794215789,0.09160047472510562
P01,session_01,017,lean_right,0.5429234504699707,0.49517976140966463,-0.002016734322998911,-0.8451428843215368,-0.0006295335885454238,0.005444622952940896,0.11383117904328344,-1.9512334896731298,-0.0009387031912564986,0.11548860545390793
P01,session_01,017,lean_right,0.5748066902160645,0.49427765727967443,-0.005138434807072579,-0.8465293687564859,-0.0036014626441676113,-0.0008335139139303387,0.11594360526583715,-1.9559370514394516,-0.0020638573869269767,0.13278974718982967
P01,session_01,017,lean_right,0.6076755523681641,0.49702741908103737,-0.008037578722172782,-0.8419903436537612,-0.00360879018984703,0.00012957598757606784,0.10986433541348145,-1.9086577747406344,-0.04230083365630549,1.291638560129061
P01,session_01,017,lean_right,0.6391322612762451,0.4977235846893347,-0.01957279712355847,-0.8401599902973602,-0.004847932075520676,-0.000498118890825689,0.15492578849469152,-1.8900650677150348,-0.015890256077264908,0.5283704164697413
P01,session_01,017,lean_right,0.6714658737182617,0.4958692420587043,-0.031802144272716416,-0.8421180228997797,-0.0064397503807665695,-0.00017345198111865608,0.19923804978693238,-1.8975699923917804,0.0351332817569479,1.1047022356126217
P01,session_01,017,lean_right,0.7034327983856201,0.49686502955837164,-0.03927414607785643,-0.8389740278653787,-0.005928134514686032,-0.0013534049738893057,0.19021738303040908,-1.870726750711033,0.00748730334972262,0.30173135645811805
P01,session_01,017,lean_right,0.7356460094451904,0.49556035105738927,-0.04613193991235485,-0.8375671682405784,-0.007718327550420271,0.0005945906705781238,0.24031122392794316,-1.8615005942989027,-0.03455944761064392,1.0994196547329012
P01,session_01,017,lean_right,0.7675571441650391,0.4945888127197846,-0.057660271889339365,-0.8373269366532214,-0.006605090605071693,-0.0018757328709175162,0.21516831375334755,-1.885445056472288,-0.01693395896797037,0.5726231859119567
P01,session_01,017,lean_right,0.798905611038208,0.4946930519120525,-0.06734145296884704,-0.8281469630329094,-0.012547333485493846,-0.004759522432783367,0.4280818774792863,-1.8915972593366404,0.008453447771861704,0.5059357240394403
P01,session_01,017,lean_right,0.831714391708374,0.48883263974633684,-0.07165934385080444,-0.8320869193008643,-0.014623562081675274,-0.004479499647511666,0.46616371682607644,-1.8895213555205501,0.019234687993072312,0.7490106697939267
P01,session_01,017,lean_right,0.8633036613464355,0.49085761858905247,-0.08197258520694198,-0.8232802482778289,-0.012329673290715838,-0.004691068346013945,0.4176078839868888,-1.8429005648533774,0.04095298294604539,1.362021647066192
P01,session_01,017,lean_right,0.8947606086730957,0.4884573431185768,-0.08368620440315856,-0.8286397590616639,-0.0120221536038833,0.0019612677885772,0.38723025028081326,-1.8414397568657097,0.028059613283366532,0.9724259299966487
P01,session_01,017,lean_right,0.927199125289917,0.48681939965545434,-0.0884897803706365,-0.8295255444543388,-0.010947585824022867,-0.001883079099342209,0.34244347076150256,-1.8360431688201657,0.003113630886594411,0.3556413480985648
P01,session_01,017,lean_right,0.9750063419342041,0.4937611431084189,-0.09918924603728294,-0.8140677210367576,-0.016582392428935274,-0.0006827671143324142,0.34715350200276246,-1.8091788199473247,-0.10407022814639508,2.204379870372135
P01,session_01,017,lean_right,1.0072519779205322,0.4926755698947046,-0.10404178784099063,-0.803072257840669,-0.016451522278053677,-0.0013263205253149913,0.5118490956427578,-1.8257461380305287,0.012469868863042001,0.6415122241937596
P01,session_01,017,lean_right,1.0395846366882324,0.49279631695847276,-0.10918925612261796,-0.7940897219443667,-0.01657594216032938,-0.003871730400419011,0.5264679266561458,-1.8112095843061162,0.12361258730002432,3.859227949212396
P01,session_01,017,lean_right,1.0714092254638672,0.49420340503470855,-0.1150170404509185,-0.7901807006175521,-0.007226757093971834,0.0036514528319986023,0.2544214811471697,-1.8512689469741666,0.02197827737648915,0.7359810055806063
P01,session_01,017,lean_right,1.1029889583587646,0.49481296176161954,-0.12093049138185663,-0.7834906624729225,-0.008260200764487528,-0.005747999460127144,0.31866388116548033,-1.9173681934455817,-0.09815949052378711,3.1245985761456594
P01,session_01,017,lean_right,1.1348543167114258,0.4943939837898175,-0.13659380124737597,-0.7768240451589964,-0.014402385657431177,-0.004905386930541857,0.4774729240265693,-1.8970583297374284,-0.032756068444441386,1.1334312182678419
P01,session_01,017,lean_right,1.1669774055480957,0.49352551666445904,-0.14463939143535098,-0.7753788955531881,-0.013384551515496126,-0.0020961996535377283,0.42174348947768997,-1.891235796105657,-0.002288591325135435,0.42771876330354763
P01,session_01,017,lean_right,1.199326992034912,0.4886466044427666,-0.15125867800398085,-0.7783882772888555,-0.01382890123859007,-0.0006424636151723281,0.42794417170206245,-1.8769761145194104,-0.015680771809616155,0.646605050185344
P01,session_01,017,lean_right,1.2311162948608398,0.4922910206750893,-0.15721129852646726,-0.7641414881724933,-0.011017465136180762,-0.009763813602339537,0.4630896555669601,-1.890295053737704,0.029695955839451043,1.042634640781624
P01,session_01,017,lean_right,1.2631237506866455,0.4947396093950888,-0.16949435171598531,-0.7538666465081263,-0.002217917642240525,-0.0032447414052333276,0.12279424800848554,-1.828909320912129,-0.03448564054797005,1.0844000921499362
P01,session_01,017,lean_right,1.2952024936676025,0.49595986619476823,-0.17154943918840762,-0.7467712517365123,-0.0029583602137976646,0.0015505672521294064,0.10412137809736499,-1.750129055178443,0.05090618528196033,1.5903255080107235
P01,session_01,017,lean_right,1.3271348476409912,0.4936948741632772,-0.18101739465716365,-0.743023919656996,-0.009789292263797395,-0.006408622242649649,0.366413841578303,-1.7587578569963922,-0.003275271205782071,0.38049903190748463
P01,session_01,017,lean_right,1.374974250793457,0.4955109291279497,-0.18871650287744274,-0.7300719884945266,-0.006547013822804483,0.0005892369577924249,0.13740715457242633,-1.7561572098968208,-0.046208819892531505,0.9756400124595063
P01,session_01,017,lean_right,1.407203197479248,0.49538260438296666,-0.19265963402674374,-0.7274089720933378,-0.012816877437060552,-0.0002218708610140278,0.3977417507066549,-1.7649167036142777,-0.021565691274012894,0.7784262435011357
P01,session_01,017,lean_right,1.4388494491577148,0.4910875184472233,-0.1893995585871313,-0.7309888357876725,-0.01794514380017938,-0.0019955501418020736,0.5705496639662831,-1.5880989529532525,0.0903378624878159,2.911074253921519
P01,session_01,017,lean_right,1.4714171886444092,0.4946861220540238,-0.18881450811304973,-0.7237162961669142,-0.007038014063771137,-0.0004815375896452461,0.21660908089007827,-1.6669890327977288,0.01811124746181426,0.5968064086483733
P01,session_01,017,lean_right,1.5032281875610352,0.4998860737633425,-0.1953794737462472,-0.7138110224559756,-0.011588449747345908,-0.003919361988501852,0.3845618762025392,-1.6805412921836576,0.0005444336666463685,0.38494252479191654
P01,session_01,017,lean_right,1.5352706909179688,0.49943453784259656,-0.199997064268587,-0.709852610477081,-0.0077414742043783215,-0.003306313347872323,0.2627124564147996,-1.6550227407679308,0.04718346881177484,1.4957791301754924
P01,session_01,017,lean_right,1.567460298538208,0.49923116020121444,-0.21052980388691755,-0.7058401854590645,-0.0020211721757005413,-0.0026495070419882485,0.10352472326848097,-1.4966914128808646,0.28169791328351634,8.751819121010561
P01,session_01,017,lean_right,1.599471092224121,0.5001082005992091,-0.21662323329443378,-0.6983889593068313,-0.01198851909440186,0.002182607400686272,0.3806709803316849,-1.6068822168063894,-0.05923536059429006,1.8892299378877873
P01,session_01,017,lean_right,1.6311707496643066,0.48852829527631036,-0.2108394396405736,-0.6856827427758696,-0.008515749145792399,-0.01872209496272024,0.6488338369636143,-1.5686418640049609,-0.017397234268441107,0.8498133878253172
P01,session_01,017,lean_right,1.663137674331665,0.4900681062479605,-0.21479253816454952,-0.6774896113063755,-0.0037227277594615842,0.0012964032969316143,0.1233149567868123,-1.6255106412051639,-0.021175712216568148,0.6738058896514855
P01,session_01,017,lean_right,1.6957166194915771,0.4960197975101729,-0.21115906646264893,-0.6696045390049361,-0.003669895358489779,1.4540068872300105e-05,0.11264711439021555,-1.578822293198265,-0.039650497441580876,1.2222609823418795
P01,session_01,017,lean_right,1.7273597717285156,0.4883128360788131,-0.2171166847683531,-0.6772246241147077,-0.010682406812731979,-0.0020799435770079357,0.3439294958786058,-1.5636121399588823,-0.03562361109687932,1.17715562741412
P01,session_01,017,lean_right,1.7591891288757324,0.4847005203496353,-0.21414306026639124,-0.679809181579228,-0.00673208499962841,0.0004998201332955459,0.2120876620853502,-1.5412708551481507,-0.12104485846020539,3.8088407194983303
P01,session_01,017,lean_right,1.8070590496063232,0.4812525062238958,-0.22553047013179464,-0.6742433015132246,0.002136629607479641,-0.0027215493890541736,0.07228046818160414,-1.5136096826228789,0.1882488801402314,3.933172918546924
P01,session_01,017,lean_right,1.8391199111938477,0.47745819979355664,-0.22977991005564508,-0.6724355823811561,-0.002350407535476586,-0.006581116131852554,0.21796795664163562,-1.5435015897995448,-0.009455747158896112,0.366734809325033
P01,session_01,017,lean_right,1.8713643550872803,0.4771253929904003,-0.23822474977079672,-0.673341296431722,-0.0023724955799707516,0.006682772949796211,0.2199267767241241,-1.520010883237268,-0.061212436286382135,1.9110838189267512
P01,session_01,017,lean_right,1.9037635326385498,0.47441373419325494,-0.23612453739814626,-0.6761711217221456,-0.0065965411502882255,-0.001148524633547551,0.20666510914583988,-1.5586197615542767,0.010209104363796807,0.3768300411369803
P01,session_01,017,lean_right,1.9349591732025146,0.47247687729040994,-0.23970909742769,-0.6814198956184556,0.0049884433078040075,0.004158526278881367,0.20818460316711157,-1.5348659530206632,0.06722897202257659,2.1651080356387973
P01,session_01,017,lean_right,1.9673280715942383,0.4710261572341687,-0.238645152255064,-0.684770491409835,-0.0012475312295802134,-0.002276366053979988,0.0801942582198652,-1.556403536858128,0.001005218902735201,0.08599731029793624
P01,session_01,017,lean_right,1.9997856616973877,0.4679947083500344,-0.24647510132615044,-0.6834676986174184,0.005245992418381298,0.0019049503252902581,0.1719521777684997,-1.535737405152952,0.12506307101067565,3.856957430401796
P01,session_01,017,lean_right,2.031090497970581,0.46947504769986165,-0.24464768239749385,-0.6771057757679185,-0.001611275671458014,-0.00495449474708159,0.1664252839251992,-1.5854975777382903,-0.05655914924192352,1.814371307806409
P01,session_01,017,lean_right,2.0631296634674072,0.4709519704631844,-0.24844462573589357,-0.6749758923972089,0.00010741162610077401,0.0039129187647486624,0.12217524016406393,-1.5609463769130953,-0.025806127666041886,0.8146690330528272
P01,session_01,017,lean_right,2.0950767993927,0.47325431680698904,-0.24869571881518984,-0.6752132044927518,0.0023639260425321437,0.002632971020230801,0.11075977780016562,-1.6721407883354995,-0.15730747105557635,4.925238470133437
P01,session_01,017,lean_right,2.127103328704834,0.4730875561442246,-0.24757107624513416,-0.6758672346707143,-0.00023055515460528126,-0.00012573874479104925,0.008199877462266473,-1.5259507288645664,0.04808332124735413,1.5013814929308016
P01,session_01,017,lean_right,2.159153461456299,0.4719190516518457,-0.2465833981707413,-0.6728401219494945,-0.00227160120845907,-0.0006379548774449664,0.07361849916649887,-1.5391323875958747,0.09188147964211611,2.8677500554037825
P01,session_01,017,lean_right,2.19124698638916,0.47457609476090357,-0.24958443101258063,-0.6682826082750918,0.006732086226692103,-0.00024522530782462333,0.20990374510917262,-1.5430810344586186,-0.0027218439224180923,0.22638965615632886
P01,session_01,017,lean_right,2.2389280796051025,0.4736060686787232,-0.24718909169606235,-0.6669954308062223,3.839296653761287e-05,-0.004178627236927159,0.08764068370603657,-1.5262186951669607,0.08400557272334724,1.7639999167785354
P01,session_01,017,lean_right,2.271432399749756,0.47344280601447414,-0.24370785106876922,-0.6648683470319234,-0.0035250932795035748,-1.0386435555680176e-05,0.10845046336080509,-1.5815857244560942,-0.17050891929982362,5.246851919057831
P01,session_01,017,lean_right,2.3028573989868164,0.4757688943176367,-0.2398665790390093,-0.6713018003069824,0.0018691797328070161,0.0037272251462676393,0.13268598826402114,-1.608528605525486,-0.06094904486098641,1.9440416075812266
P01,session_01,017,lean_right,2.3358447551727295,0.4753056119944731,-0.22856502305103343,-0.6708219154785164,-0.00011649134432412986,-0.001024979616856113,0.03127192518923718,-1.5887353041514898,0.009954190466984807,0.30337381983490164
P01,session_01,017,lean_right,2.367497205734253,0.4795956358873414,-0.2447527899588437,-0.6720236289289989,0.017772957818620944,0.006681410892154378,0.5998696768302214,-1.5822342648979908,0.005492414175136476,0.6244627348127255
P01,session_01,017,lean_right,2.399291753768921,0.4795010186034486,-0.24392062936011302,-0.6715826276075608,-0.00011846320292788369,-0.0005133198284267531,0.01656925263453958,-1.5794330591140027,0.059554236556490975,1.8731691519384317
P01,session_01,017,lean_right,2.431288242340088,0.48174098212893496,-0.24819410279925236,-0.6678786184410939,0.0028783055708554847,0.001714183724605002,0.10470164209214633,-1.5759002779418747,0.02451671230778986,0.7733517311009459
P01,session_01,017,lean_right,2.462745189666748,0.48212040059711303,-0.2468890823277492,-0.669588246355989,-0.0010550524570063816,-0.003673547961593066,0.12150108255775688,-1.6219063505767286,-0.17675509554665475,5.620266068715638
P01,session_01,017,lean_right,2.4952285289764404,0.4819953352823115,-0.24735348484639808,-0.6714889309934652,0.0008880961613131483,0.0021089366174138068,0.07044542137861841,-1.6104355805964772,0.0024549436923243166,0.10331606517550122
P01,session_01,017,lean_right,2.5271804332733154,0.4825040992386098,-0.24688336773731326,-0.6700814592954367,-0.00012276753944539932,0.0015345131752626882,0.04817917231628542,-1.551606684780392,0.15041166088331218,4.707686183634376
P01,session_01,017,lean_right,2.559278964996338,0.48006271418805474,-0.24313509845113668,-0.6773237561951273,-0.0014770088017506155,-0.009739616547118803,0.30689795780597123,-1.5443172760923458,-0.017984221074913532,0.6388285999655006
P01,session_01,017,lean_right,2.5913054943084717,0.4847381152360689,-0.24212158635086597,-0.6749551380460992,0.004517322071504356,0.0045024589707685775,0.19914605597267904,-1.585543204437777,-0.15412660427162128,4.8165853487208965
P01,session_01,017,lean_right,2.6233270168304443,0.4842833429649755,-0.24170551701557563,-0.6789544089603039,-0.0004422655528651115,-0.0032107368358693885,0.10121485683129361,-1.5872997923889876,0.010152799848334141,0.33282517659751554
P01,session_01,017,lean_right,2.67098069190979,0.48553614664875105,-0.24235146094149426,-0.6729638647350354,0.00030479889791554135,0.0008879264677533547,0.01970014278449488,-1.5622460070307678,0.020271436142694797,0.4258467440022076
P01,session_01,017,lean_right,2.703458309173584,0.4844064629048818,-0.24415847483227546,-0.6715749312972463,0.0008453696790144518,-0.0017217317601797178,0.05905835327870509,-1.467446898620571,0.15018954996311892,4.624778847957949
P01,session_01,017,lean_right,2.735353708267212,0.481807514240462,-0.24475492295506926,-0.6736262695355439,0.0004182651744302577,-0.00038659528840418676,0.01785720572972755,-1.5017234597024334,-0.00017523591232784975,0.01868327392716461
P01,session_01,017,lean_right,2.7681539058685303,0.4812369464757658,-0.24433633848869876,-0.6739946595774933,-0.00038996428983610436,-0.003808607880724221,0.11672247051587573,-1.5083545935450524,0.0008688889897642469,0.11969074404910675
P01,session_01,017,lean_right,2.799332618713379,0.4832905305582878,-0.24361998208066138,-0.6742739517704864,-0.0008429280005087337,0.002768901510042936,0.0928314152264646,-1.6165385909895869,-0.06480359244329921,2.0805283711911313
P01,session_01,017,lean_right,2.831223487854004,0.4869050066634871,-0.2443924753188824,-0.6722941231059748,0.0034112872344756254,0.0013719699883510872,0.11529457050101942,-1.6163802444989508,-0.16070897766581363,5.040660150137055
P01,session_01,017,lean_right,2.8630521297454834,0.4873834650833441,-0.24341976552664707,-0.6712788726669631,0.00037153273305378065,-0.0003025582559496555,0.015053832946292046,-1.5639900312822577,0.06510744261250995,2.0456168340921606
P01,session_01,017,lean_right,2.895171642303467,0.4881439358173746,-0.2433887199940308,-0.6712556036250809,0.0003969240617295941,0.0016441391217054807,0.05265873384992589,-1.566161565458905,0.01598526929435664,0.5004590524167428
P01,session_01,017,lean_right,2.926928758621216,0.4860352927730217,-0.23931636453608926,-0.6744676580566339,-0.0002462115447928526,-0.009029202706329226,0.284426296286456,-1.5764893864668763,0.015515458568179622,0.5653276937892673
P01,session_01,017,lean_right,2.959286689758301,0.48923435413203437,-0.239928665044241,-0.6744117874628283,0.002484126615913674,0.007141943021513963,0.23368703958175246,-1.6429092612383949,-0.27953078387197994,8.641870191433165
P01,session_01,017,lean_right,2.991647958755493,0.48251767747230784,-0.23502768269211013,-0.6755651145065936,-0.005580527477810141,-0.011093592998996262,0.38373450782792073,-1.5359389934021739,0.2417985377147156,7.4816969971959155
P01,session_01,017,lean_right,3.023146629333496,0.4842286349122195,-0.233552657293491,-0.6721053487735509,0.0014343750553143975,0.0007107328937610101,0.05082131548498517,-1.5383988891479512,0.008648624734151232,0.27923484183314806
P01,session_01,017,lean_right,3.0710153579711914,0.4842843437149251,-0.23044970786867447,-0.6800703060746623,-0.0003452331894780146,0.0012503472270613727,0.027097712527102004,-1.647046869651154,-0.030333935732098288,0.6342691311760776
P01,session_01,017,lean_right,3.103170871734619,0.4848089595332451,-0.23324824058819604,-0.680075629332749,0.0034948386362271106,0.004452930554745317,0.17603850014099345,-1.608814339608285,-0.014453736293313556,0.4827371236866293
P01,session_01,017,lean_right,3.1352787017822266,0.4839007415131433,-0.23260384438202267,-0.6848704225948985,-0.0004805840376367082,-0.004279234947371128,0.13411484464746473,-1.6011324593327778,0.005873308781498052,0.22682187841566404
P01,session_01,017,lean_right,3.167278289794922,0.48576217735285543,-0.2344272896262237,-0.6794696586665829,0.002400261513005485,0.001147214938314791,0.08313639304775171,-1.5990928347074052,-0.04244081755032113,1.3288957010103153
P01,session_01,017,lean_right,3.198937177658081,0.4852046039051215,-0.23261674289228032,-0.6762825380665143,-0.0014104374185255415,-0.00579659497881422,0.18843753144076783,-1.6179812915119764,-0.010396010332819778,0.3786017982578994
P01,session_01,017,lean_right,3.2319605350494385,0.48658723074360444,-0.23118475923577184,-0.682206413410137,0.0008657737539839924,0.010556215506594371,0.3207323631474133,-1.6084666887572268,0.008811147580803194,0.4172047745530751
P01,session_01,017,lean_right,3.2633841037750244,0.484825506661147,-0.23166432210883733,-0.6778634643704857,-0.00045762261113989415,-0.008383859537687798,0.2671987928707296,-1.567590530480714,0.1296813824569964,4.135523678591233
P01,session_01,017,lean_right,3.295116901397705,0.48509311648965864,-0.23170298219771543,-0.6776220890349849,5.142217646585128e-05,0.001215578474974114,0.03834095090354706,-1.5768682908077942,0.01030129955534454,0.3268826091107297
P01,session_01,017,lean_right,3.3267834186553955,0.4789540978868985,-0.22861246328112764,-0.6721043504674521,-0.005886654996911226,-0.01709522996937408,0.5709615853388532,-1.5961617069054697,0.0231499746621356,0.927598488221064
P01,session_01,017,lean_right,3.359156847000122,0.4780809143083678,-0.22623011679445226,-0.6746268400476761,0.0007270021646001415,1.2779167514595354e-05,0.022460224589549153,-1.6014839638436371,-0.03593875929519275,1.1103585837421286
P01,session_01,017,lean_right,3.391103744506836,0.4804272194458009,-0.2237708212554878,-0.6764351223238698,0.0032652211505426404,0.004841238281182143,0.18278635446427827,-1.6124571522111335,-0.09257525974593311,2.9035447764315947
P01,session_01,017,lean_right,3.423586368560791,0.48436317678538826,-0.225726930597996,-0.6739858433204604,0.00381973576517106,0.0038569376625020046,0.16711370264546208,-1.5590370241668536,0.0717603295140221,2.2155028911680397
P01,session_01,017,lean_right,3.4551525115966797,0.4841697713668488,-0.22603066640101233,-0.6729908873947291,-0.0003956886933237369,0.0004525410034909466,0.019043653130430476,-1.5585407519354162,0.006820369062950333,0.21690357460619075
P01,session_01,017,lean_right,3.503009080886841,0.49161981028172813,-0.22295356522428653,-0.6643144030449726,0.007700621004000141,0.0020039981157957184,0.16626992710292682,-1.4883658785405407,0.03857732745308883,0.8230722016241778
P01,session_01,017,lean_right,3.535207986831665,0.49164612674862945,-0.22357878846731385,-0.6679153440837405,-0.00045735089710129503,-0.0005074284676200654,0.021215640366968793,-1.5026959422876631,-0.0015891464230232508,0.05372081231152007
P01,session_01,017,lean_right,3.567452907562256,0.4919739317257316,-0.221885011398515,-0.672401097330008,0.0025662249600935582,0.0047356097598213985,0.1670412979037079,-1.5171741495250213,0.03709165208560693,1.16237502557996
P01,session_01,017,lean_right,3.599799871444702,0.4918347250351881,-0.2208116794142326,-0.6750299023441978,0.0005766520984717165,-0.0008376539591791217,0.031438876735979185,-1.5031709689567405,0.011503896168337314,0.3570275827739867
P01,session_01,017,lean_right,3.631166458129883,0.4923268446076447,-0.21810159155456887,-0.675265400562661,0.0004652159447298986,0.0009396632653514479,0.03342790875797637,-1.4996367411974214,-0.05403054695728965,1.7228753753474095
P01,session_01,017,lean_right,3.663682460784912,0.49060691669082684,-0.21801847033858837,-0.6811935480281524,0.002857225484512313,5.606839738294521e-05,0.08788828034550412,-1.5160320604292838,-0.0005387851035623321,0.08943662317289595
P01,session_01,017,lean_right,3.6953608989715576,0.4905796555111256,-0.21748404009816139,-0.6808607098648668,-0.000641739378276922,-0.00035125188358273943,0.02309389881333259,-1.537670425775149,0.02268162565096325,0.7163680452840794
P01,session_01,017,lean_right,3.726907968521118,0.49339369998080435,-0.21381675589930468,-0.6836258037505056,0.0015898449392775982,0.006750487380632612,0.21983587028037288,-1.5477163361398292,-0.002305692695766818,0.23166694874898514
P01,session_01,017,lean_right,3.7588300704956055,0.4936520028403293,-0.214142823689553,-0.6856520923162536,-0.00046115986328255877,0.001919560008238552,0.061843611354899734,-1.5414888818901584,0.010788891976736303,0.34358717542117523
P01,session_01,017,lean_right,3.7911829948425293,0.49497328671453916,-0.21482908134858553,-0.6857258894105073,0.001724036976485997,-2.769658215160636e-05,0.053295319330739874,-1.575415942566234,0.0025874026626108264,0.0961055702742234
P01,session_01,017,lean_right,3.8231887817382812,0.49414647605336964,-0.21999452967852862,-0.6869514152721015,0.0036944679392724765,0.0004684332464211065,0.11635541440277401,-1.5516587729917917,-0.0261917330057626,0.8265742189208904
P01,session_01,017,lean_right,3.8556222915649414,0.4960669740775659,-0.2229776808665744,-0.6846760515704544,0.0055233189398517036,0.00028644816238525213,0.1705255401506173,-1.5636113281223465,0.01742263273581641,0.5635967617276361
P01,session_01,017,lean_right,3.886924982070923,0.49556580972348224,-0.22007514612017975,-0.6868075642477894,-0.0007918517011460943,0.0034132508308074103,0.11193604287482162,-1.5675043076137198,-0.08036597917891698,2.569821487149053
P01,session_01,017,lean_right,3.934986114501953,0.5003402978095425,-0.22270883615130083,-0.6836669772159394,0.0045203348730541906,6.939218314748116e-05,0.09406493847973185,-1.5805211555745218,-0.023164391362901892,0.4910709334532221
P01,session_01,017,lean_right,3.9675707817077637,0.4999610420615876,-0.22191953484815297,-0.6808487184805495,-0.000920419584695198,-0.0008875227081708001,0.039239924131403106,-1.5843386093165026,0.19628838243662827,6.02407707922572
P01,session_01,017,lean_right,3.9991562366485596,0.5010056727364993,-0.22073081063738084,-0.6871177770811134,-5.84960617669765e-05,0.004417653516842008,0.13987580023720528,-1.5695189495291009,-0.022472867850999806,0.7251132529818773
P01,session_01,018,lean_right,0.00020074844360351562,0.5064941466359084,0.004021094662554426,-0.7976609924850481,0.0,0.0,0.0,-1.8009154318321536,0.0,0.0
P01,session_01,018,lean_right,0.03162050247192383,0.5075893677354029,-0.002790195195394501,-0.8029738750016951,0.005304187648958921,0.0042688200132854105,0.21669852851157076,-1.8759535808728602,-0.009324693808625821,0.3674717298307709
P01,session_01,018,lean_right,0.06397676467895508,0.5089130017276273,-0.006284401979192175,-0.8034470393177316,0.003482724377298607,0.0024742498598541067,0.13203477663500124,-1.8775164380732114,0.004389596009442241,0.18930937048980487
P01,session_01,018,lean_right,0.09576749801635742,0.5088528042237085,-0.005469810270575586,-0.8041392433941151,3.3076090823804376e-05,0.00015415010367109892,0.004959267559077681,-1.8900436748029776,0.01520305397456213,0.4782485282059874
P01,session_01,018,lean_right,0.12813925743103027,0.5082437038788638,-0.008565231989982929,-0.8063142394748942,0.002748590978972135,0.0005314935493749933,0.08647990564944256,-1.8859550764153035,0.00011874166344708311,0.08655766153083412
P01,session_01,018,lean_right,0.1754136085510254,0.5083457362215718,-0.00573594723725585,-0.8077238142335876,-1.574110490347146e-05,0.0018402143084359985,0.03892769732283437,-1.8997632014162762,0.02616796002805083,0.5549011080137279
P01,session_01,018,lean_right,0.20767688751220703,0.5082654794676124,-0.006735295638126712,-0.809389772001955,-0.00014823015538062835,0.0014852919564662566,0.046265298024705144,-1.901655540234815,0.011203631518608703,0.35032487149534486
P01,session_01,018,lean_right,0.2392425537109375,0.5082803037269065,-0.00899335903739073,-0.807733981199153,-8.274671900769266e-05,-0.0015595960877843168,0.04947748167892855,-1.864902222738267,-0.0031312707046142205,0.11085300412695624
P01,session_01,018,lean_right,0.27245306968688965,0.5082728929219783,-0.010771419859903444,-0.8128636111726648,8.10621838676598e-06,0.00020422393230456356,0.006154217789387223,-1.863120979405665,-0.011687876954913587,0.3519868181127373
P01,session_01,018,lean_right,0.30369043350219727,0.5076319987976858,-0.010489964627806455,-0.8121503907716049,-0.000557129159604745,0.0007132497863524377,0.028973362557546234,-1.8720111583685688,0.006598778725510548,0.21322399302550252
P01,session_01,018,lean_right,0.33611083030700684,0.5068517384854359,-0.00995188945421667,-0.8115545853846311,-0.0008739720824748337,0.0009177919593204729,0.039091049630155694,-1.8709063555106022,-0.004356116170559116,0.13993443194896732
P01,session_01,018,lean_right,0.36737799644470215,0.508644783632684,-0.011522642834330547,-0.8120648676448636,-0.0022189672227156117,0.0033781585005417314,0.12926510074128753,-1.8819430040528085,-0.01890493806630347,0.6182895193554034
P01,session_01,018,lean_right,0.39958930015563965,0.5089350511805154,-0.026189014711589687,-0.8141645704681016,-5.8602122334284845e-05,0.004711651626419079,0.14628454943953648,-1.8738006217874672,0.0009539131379720212,0.14925204305651163
P01,session_01,018,lean_right,0.4317042827606201,0.5093881110493995,-0.030148291836308024,-0.814093364692166,-0.0025843323704537982,0.0009875833200502608,0.08614681433237116,-1.8633842605317283,-0.0063142730933900704,0.2146591666644772
P01,session_01,018,lean_right,0.46346116065979004,0.5092300310291896,-0.03149209219137111,-0.812099219014008,-0.011265251425431076,-0.0020438435310698015,0.3605252569755754,-1.831181152246368,0.011095501742933353,0.5020468989085578
P01,session_01,018,lean_right,0.4958019256591797,0.5079712873328776,-0.03667600130385665,-0.8126874475350407,-0.006483427556922614,0.0003413966857940845,0.20075003690065638,-1.8226858693922723,-0.022373539461690004,0.7203445690999353
P01,session_01,018,lean_right,0.5273115634918213,0.5070305927186792,-0.04331369533865721,-0.810825652518817,-0.015112612878841416,-0.0009000110978581177,0.48046850641375505,-1.8181657775916107,0.012532384158164744,0.6237311518820569
P01,session_01,018,lean_right,0.5593187808990479,0.5068469819672855,-0.0578081326838634,-0.8118726625204495,-0.005254642004575433,0.0011935699800356594,0.16835247909703774,-1.8324032191856257,-0.02476785597371795,0.791922627875153
P01,session_01,018,lean_right,0.6074535846710205,0.5120877441897617,-0.05833721621845659,-0.8057576303363679,-0.019487219141082406,0.0026949021064117287,0.408699633626168,-1.8239320469732172,0.09048477479620669,1.923735752488316
P01,session_01,018,lean_right,0.6397061347961426,0.5114309369794552,-0.074416366973352,-0.8109926460993166,-0.0010676674235084228,0.004614360473634864,0.14684941703273502,-1.821889671834567,-0.0069692658288811465,0.2612606435925962
P01,session_01,018,lean_right,0.6717286109924316,0.5128388469780575,-0.08881853263315743,-0.8103989921573366,-0.01167094146455308,0.0019247424909780483,0.3693839455114799,-1.8085111384110184,-0.005993311413364302,0.414093210226938
P01,session_01,018,lean_right,0.7046959400177002,0.5124694182993751,-0.08941118306811452,-0.8103505892026053,-0.01960272413152692,0.00010979539980100577,0.5946199523056621,-1.7941102184354139,0.01661428874753641,0.7794554636703005
P01,session_01,018,lean_right,0.735419750213623,0.5062960022844429,-0.0935423733166276,-0.8138647629421015,-0.011834935307464045,-0.0013029421584905643,0.3875314142993359,-1.7785196075775054,0.05962921999102992,1.979126570948263
P01,session_01,018,lean_right,0.7675695419311523,0.5000206669736839,-0.09708104594627388,-0.8133854235875035,-0.018066926071330147,-0.0067444636181894346,0.5998406088377083,-1.7933077751060702,-0.027823490219367537,1.0529876579842954
P01,session_01,018,lean_right,0.799548864364624,0.5065512131245687,-0.09564781095938661,-0.802331077403416,-0.01743624365004949,-5.2597398889354976e-05,0.5452374113814491,-1.8708482360149143,-0.0681716710852095,2.200365567857894
P01,session_01,018,lean_right,0.8315551280975342,0.5055639516679205,-0.11223303537141878,-0.797106033530501,-0.00656524597648367,-0.0056676198461378165,0.27098440520224415,-1.9036783762381886,0.03889150271703278,1.2449711140977175
P01,session_01,018,lean_right,0.8636212348937988,0.5090203970509873,-0.1321192326435081,-0.7917918536296036,-0.013415557476223347,0.0003443230545916218,0.41850965954599395,-1.8537315196339614,-0.025707190871938606,0.9043577153055661
P01,session_01,018,lean_right,0.8956432342529297,0.4979887850313374,-0.13858155612301376,-0.8037933190779645,-0.019087710230499377,-0.005407807040774713,0.6195421481468544,-1.7782300213448472,0.004548367702632269,0.6356158477602448
P01,session_01,018,lean_right,0.9279770851135254,0.4972565720066347,-0.13802970706523138,-0.7945892364443892,-0.01023193551968387,-0.0018113699048532587,0.3213670087621438,-1.7946759702780102,0.03774215715391794,1.2106953506049694
P01,session_01,018,lean_right,0.9598531723022461,0.4996822402549652,-0.15534049444427947,-0.7811680440441091,-0.009894176969898088,-0.00389799841790727,0.33361488899526154,-1.7722688537604212,-0.08910537144821107,2.8152046422949906
P01,session_01,018,lean_right,0.9918298721313477,0.49612268739235377,-0.17279830492204473,-0.7783827418329318,-0.009578446488354674,-0.002311751919260733,0.30814524877326915,-1.7517572287421628,0.04337514343863727,1.3910211005970208
P01,session_01,018,lean_right,1.0394880771636963,0.5007796683215516,-0.1861505838381498,-0.767282954407213,-0.0073295235593580955,-0.005952672373502057,0.1981244856046274,-1.836301321947627,-0.04588149066498015,0.982894930414961
P01,session_01,018,lean_right,1.071786642074585,0.5004258785637591,-0.19998471115932961,-0.76187787525867,-0.006391743496727744,-0.0029511944709191846,0.21797147227950586,-1.7321166906492769,0.04449582991294947,1.3947783027126686
P01,session_01,018,lean_right,1.1042029857635498,0.49637615057175544,-0.19164138231389036,-0.7541441362003175,-0.011391020111122224,-0.007561231679273892,0.42176704663699827,-1.734679727498988,0.018532963881106475,0.7104557592225647
P01,session_01,018,lean_right,1.1370251178741455,0.4891425671559957,-0.18697384749443052,-0.7561432920356521,-0.011713757970451271,-0.005590114749099338,0.39544269177248836,-1.6933470193083258,0.032420533075934545,1.063979980534527
P01,session_01,018,lean_right,1.167696475982666,0.48682268234368503,-0.19573316693267406,-0.7476282948203808,-0.008560085611147157,-0.008311326172824797,0.389000915356884,-1.710004396054173,0.003081041902627309,0.4017618644693883
P01,session_01,018,lean_right,1.199627161026001,0.4845105179235333,-0.20062135752747504,-0.7409120316562092,-0.011778151116760066,-0.0025225319077846614,0.37723113250064527,-1.7142850664659206,-0.016090013753573155,0.6294624732961053
P01,session_01,018,lean_right,1.2317063808441162,0.4890275319630967,-0.21016401786298186,-0.7246063283755249,-0.006520231716201063,-0.009270499072756344,0.35330735682611664,-1.8891823643258725,-0.091172664743568,2.8639857112789677
P01,session_01,018,lean_right,1.2638161182403564,0.48886852588330887,-0.20633108366523709,-0.724647296842296,-0.005730023853707409,0.0030435805717695867,0.20206287593054245,-1.8596958237208578,-0.005206140704825596,0.2590703595265594
P01,session_01,018,lean_right,1.2957098484039307,0.48793518107397704,-0.20826963546542554,-0.7161456291368804,-0.009587246918537002,-0.006928677784406789,0.3708834884946536,-1.8372092249880514,0.1634505011672035,5.138250264112754
P01,session_01,018,lean_right,1.3273615837097168,0.4859588103419027,-0.2246510399473144,-0.7057992937440656,-0.006713220140564555,0.0016845258773460058,0.21867174965451183,-1.8011377147488659,-0.0476448900042227,1.521085464569784
P01,session_01,018,lean_right,1.3600578308105469,0.48363205959032435,-0.2133739802384195,-0.7076367184880744,-0.015373013587858628,-0.004186098345415439,0.4872964126693461,-1.6608310985285875,0.08480531057493977,2.6391106041538372
P01,session_01,018,lean_right,1.391942024230957,0.4884633866018517,-0.2157780166480244,-0.6965820218374656,-0.007042142456984584,-0.0032433580474248167,0.24316555365975337,-1.7462465717256161,-0.1634452274225372,5.131979023647375
P01,session_01,018,lean_right,1.4394781589508057,0.47974124441814825,-0.20384563404042258,-0.7024789353648219,-0.022436192564759386,-0.0027736699893336726,0.47557484016847573,-1.666654587790754,0.13216386232933286,2.8206629955360154
P01,session_01,018,lean_right,1.4718358516693115,0.47552044710716274,-0.19969177692694365,-0.7054270512675251,-0.005984031778608632,-0.0019091468097677516,0.19411768345705896,-1.552890469957771,0.13183240954190817,4.078843347630521
P01,session_01,018,lean_right,1.5037376880645752,0.48165234791316724,-0.20458739803603948,-0.7003944747099511,0.0005868550790020325,0.0038548851575629316,0.12222806523138284,-1.6134040788166917,-0.03885773243960508,1.2241579314062019
P01,session_01,018,lean_right,1.535797119140625,0.4819728711424829,-0.21491893868058343,-0.6966057355230026,-0.0008501637339616726,-0.008611006270690136,0.2699010085587283,-1.5928160927839987,0.034608534505302345,1.112740897437715
P01,session_01,018,lean_right,1.569150447845459,0.48596575169394285,-0.2168487772045387,-0.6924698857027592,-0.0039374264069883605,0.00789633223589052,0.264548410993945,-1.6428221095214015,-0.19233732254642769,5.772725436305664
P01,session_01,018,lean_right,1.5999855995178223,0.4875203386449823,-0.2171963315131519,-0.6906865584421046,-0.002023722508453356,0.0014816179561209484,0.0813394973837251,-1.56285692029544,0.024883198030160012,0.811064019335792
P01,session_01,018,lean_right,1.6313397884368896,0.486738085266026,-0.2234649823235725,-0.6939435674509622,-0.0006676373457355834,-0.0054948439396871294,0.17653957376153348,-1.545115239993347,0.19013563392282642,6.0666914047859315
P01,session_01,018,lean_right,1.6635727882385254,0.4859307311478884,-0.22544750169227168,-0.6932850106260569,-0.0003755873226439369,0.0011425238787612507,0.03731191007316851,-1.5248374281930723,0.002931470092706547,0.09830257860208207
P01,session_01,018,lean_right,1.6952381134033203,0.48648039930672926,-0.22433883763040657,-0.695789375739171,-0.0007101845693111274,-0.0010347611705793926,0.03963411100869422,-1.5707124444754141,-0.05056074278826779,1.5972145041688024
P01,session_01,018,lean_right,1.7276208400726318,0.4875484519925303,-0.23277868388759532,-0.6918585111483727,0.000526287272841943,0.003095527022734555,0.09696363193090286,-1.5755462346858544,-0.0068043401697379,0.23141611831326347
P01,session_01,018,lean_right,1.7598693370819092,0.48771340186958934,-0.23208749564876785,-0.6951613452252479,0.00043251746280043946,0.0010225514839738708,0.03442834973209114,-1.6406614911595885,-0.09249526295336254,2.8684104620058415
P01,session_01,018,lean_right,1.7918386459350586,0.4876062861365447,-0.2344232085350923,-0.6945874656436617,0.0007907812277970138,-0.0008089796016556548,0.035386280193416865,-1.5648734618919815,0.08081657936021609,2.5281903080207218
P01,session_01,018,lean_right,1.8237488269805908,0.4879047993740659,-0.2394498523941477,-0.6901098133604859,-5.487476534232449e-05,0.00172801682096492,0.054179821114062054,-1.5689847269878927,0.06418922801596716,2.0122890196604346
P01,session_01,018,lean_right,1.8715906143188477,0.48450009399241695,-0.24036988489316066,-0.6924536585006064,-0.0026039889468606526,-0.0025540800621624907,0.07624038541303299,-1.582722361754081,0.07563016002963693,1.5826763178874577
P01,session_01,018,lean_right,1.9038774967193604,0.4867175491854487,-0.24373283788163508,-0.6906370911574469,-0.0008772294576225273,0.005726284971723807,0.17942544423752216,-1.5824712114630457,-0.14567810657170516,4.5155566363240975
P01,session_01,018,lean_right,1.9360723495483398,0.48714751159877395,-0.24077611342823996,-0.6918061923374667,-0.0009661180427509081,-0.0018150052695463052,0.06386485771893885,-1.6253126868201653,-0.023967790615626535,0.74719468430607
P01,session_01,018,lean_right,1.967315435409546,0.49148338820658,-0.24052913656861707,-0.6950044313608854,0.0021141263265041644,0.00964906295590501,0.31616443289642976,-1.61778825309415,-0.0612325628914187,1.9852134575638862
P01,session_01,018,lean_right,1.9996607303619385,0.4916873419024929,-0.24073413822836695,-0.7004543116193905,0.0005122803797746635,-0.00013565042623547749,0.016383713886279783,-1.6620626662352274,-0.015710992362445855,0.4860035219596487
P01,session_01,018,lean_right,2.0316696166992188,0.4914066545024501,-0.23708871329148165,-0.7046613972660293,0.00015639336210268213,9.764161434234348e-06,0.004895448990458773,-1.5213821939069787,0.11294818065329713,3.5286541418513564
P01,session_01,018,lean_right,2.063277006149292,0.4869473890428258,-0.238778449668286,-0.7024278886494478,-0.00022844540520287676,-0.007916829413621278,0.2505782615410955,-1.5196695415528565,0.10210234308692388,3.2400355732516797
P01,session_01,018,lean_right,2.0955755710601807,0.48435111049474944,-0.23831913771659555,-0.707418076636209,0.003963950526200791,0.0019519907252024255,0.13680184644555643,-1.5778714653655486,-0.08399193227401204,2.6040807920178994
P01,session_01,018,lean_right,2.127699613571167,0.48430395488486844,-0.23625942745614206,-0.7095035657750535,-0.00031072805699561566,0.0007992963129648583,0.026695585584873283,-1.5782734601509643,0.020227999600627943,0.6302497533451463
P01,session_01,018,lean_right,2.1596810817718506,0.4826523585276741,-0.23616144205924844,-0.7078454456797705,-0.0013826691039119893,-0.00455044321146786,0.14870708223127127,-1.5751402553744875,0.08415346824441917,2.6355184145529393
P01,session_01,018,lean_right,2.191807985305786,0.4821049977908918,-0.23676477244454877,-0.7098026706558146,0.0006833568918480148,4.3951942657192864e-05,0.021314499739154922,-1.5749057907575843,0.0064300579400064116,0.20127732998824277
P01,session_01,018,lean_right,2.2237632274627686,0.4837073426509266,-0.23857869461049833,-0.706635731331848,-0.0007796882659849464,0.0013824568096699047,0.049668454281924,-1.6870375893001763,-0.20331701976182034,6.362749926142351
P01,session_01,018,lean_right,2.255962371826172,0.4830322657828375,-0.2408229737422086,-0.706253113953485,0.001917941323571549,-0.001547519499379027,0.07653649872298107,-1.7149390890495968,0.05117275313229464,1.5911000456508269
P01,session_01,018,lean_right,2.3035049438476562,0.4775972296396365,-0.24227514509711073,-0.7024596645974509,0.0032301012659572393,-0.010885461234446924,0.2388300464792063,-1.5401895541902375,0.15909353224299402,3.3548502464551886
P01,session_01,018,lean_right,2.335750102996826,0.48102144532972374,-0.23983714279314577,-0.7016005819740572,0.0016226672055336371,0.0056664637922491335,0.1827940322141973,-1.6336860145357466,-0.12851932560027185,3.989883133025712
P01,session_01,018,lean_right,2.367290735244751,0.4804116190705116,-0.23736348344892044,-0.7026506115879926,-0.0012086506651812251,-0.0027599360015352938,0.09552711980673986,-1.618369740316403,0.06138494070899542,1.9485608163410395
P01,session_01,018,lean_right,2.3998403549194336,0.48173825125695535,-0.23227038109970563,-0.6980267581746424,0.0013342161640020824,0.0010540412091351891,0.05223821343497294,-1.6124616691535683,-0.047056586540757527,1.4466312284774618
P01,session_01,018,lean_right,2.431269645690918,0.48245510690891535,-0.23236006148781338,-0.6979575661720632,0.0026481286874633727,-0.006612839558665687,0.22664712000310763,-1.614977488307578,0.0014148926698355712,0.2310747989398872
P01,session_01,018,lean_right,2.464155673980713,0.48199965097671493,-0.22748827836439872,-0.7001415822239319,-0.0004257654368541937,0.0017949420028866168,0.056095171851825616,-1.5968645262844663,-0.05008858928303241,1.5241289726624667
P01,session_01,018,lean_right,2.4952967166900635,0.4813240029658858,-0.22901668625196697,-0.7161906234553723,0.0016665218287529873,-0.0023513125996189777,0.09254691001431085,-1.6228649968803197,0.011928971949606121,0.39408370161531586
P01,session_01,018,lean_right,2.5273046493530273,0.4835741088518369,-0.22272398310523855,-0.7145829543796202,0.0030514041377105094,0.0029696683099580123,0.13302744271190348,-1.6172442238012081,-0.05704276397008731,1.7871025805038303
P01,session_01,018,lean_right,2.559880018234253,0.48658610752059334,-0.21965329921202556,-0.7133780895850493,0.002060521026271405,0.0032926197942720883,0.11923765521353973,-1.6333385345152753,-0.006828515799464185,0.24116182280295
P01,session_01,018,lean_right,2.591592311859131,0.48433806379661554,-0.2188889771221123,-0.7101083625893323,0.0010006729376605733,-0.007709352725005541,0.24514231485511065,-1.5842338966389158,0.039152916021021236,1.258730875709334
P01,session_01,018,lean_right,2.6233158111572266,0.49338880290386283,-0.2157279250839687,-0.7024302838026927,0.010054555653658025,0.004155265278879487,0.3429430268882267,-1.5603750190280568,0.005085657636865601,0.37856288409062167
P01,session_01,018,lean_right,2.656590700149536,0.5012694268542025,-0.2112088772425682,-0.695746585477169,0.008180256950692815,0.0021496674499666135,0.25418551139573,-1.6896599595522475,-0.1547697543053403,4.658188102134141
P01,session_01,018,lean_right,2.6879544258117676,0.5032058979114518,-0.20519882943583953,-0.7007387917165563,-0.0024421760460453883,-0.0009961629317970426,0.08409491953579483,-1.6327330768806698,0.03830992706584876,1.2243638839415205
P01,session_01,018,lean_right,2.7358555793762207,0.509500271460096,-0.1850279416746645,-0.6967013585300609,0.012080228946683185,0.004905828158821242,0.2721932273166938,-1.6418560941532216,-0.01634353809500518,0.43646513434072814
P01,session_01,018,lean_right,2.76780366897583,0.5092068417010523,-0.18664651237513052,-0.7046030016226371,0.009827808542738129,-0.0013909514481382174,0.3106837631143219,-1.6835126201789805,0.015610307592671268,0.5790239786489624
P01,session_01,018,lean_right,2.7996373176574707,0.5084428716837865,-0.17704220522910816,-0.6992086852466239,0.005945190941764465,-0.006175957758991727,0.2692905138332808,-1.677699965644379,-0.0314322927368393,1.0234551821451656
P01,session_01,018,lean_right,2.832066774368286,0.5091577450362565,-0.178957158004668,-0.7072042936299938,0.008172013153371937,0.0004073868380487641,0.252306455236379,-1.6629503218832464,0.010759519534046245,0.4168189509006835
P01,session_01,018,lean_right,2.86385178565979,0.5144477948440136,-0.1691079118715801,-0.7064530467120613,0.008750085096762724,-0.0006220019576013702,0.27598432292270964,-1.8299385067993772,-0.04786165161094914,1.5308756625305653
P01,session_01,018,lean_right,2.8962159156799316,0.5128669046056057,-0.13961035847051959,-0.7081602633755845,0.007196855110831062,-8.460709982807904e-05,0.22238671068318733,-1.8023066582298288,-0.09511895088899927,2.9474255205062767
P01,session_01,018,lean_right,2.9276137351989746,0.520723094355429,-0.1426901900430784,-0.7153466647230604,0.02011428754097497,0.00923853912816957,0.7049686735437751,-1.7520435230259845,0.01453455524890461,0.8433695035060434
P01,session_01,018,lean_right,2.959538221359253,0.5230520588590353,-0.14848080482136372,-0.7296633321581337,0.01086555464032879,0.005422571183113064,0.38038195639038486,-1.6940654804096733,0.00860460683366802,0.46619401002097954
P01,session_01,018,lean_right,2.9915430545806885,0.5329261569230469,-0.13420457000420763,-0.7383648099327033,0.012796558472316592,0.011680270501433823,0.5413470348175631,-1.7642252066718156,-0.03431242682275208,1.2010237488820041
P01,session_01,018,lean_right,3.023897647857666,0.5364326820383466,-0.12116419900315217,-0.7479168832467423,0.012767925422089673,0.006238550516427809,0.4392124281063945,-2.0045649162787056,-0.05647123793930817,1.799799460480434
P01,session_01,018,lean_right,3.0560054779052734,0.5325549328826096,-0.10219238088415152,-0.7599938166379439,0.010063318068586962,0.002177723468712676,0.3206773600296744,-1.8870659658813664,-0.07311230177937941,2.2995556636078667
P01,session_01,018,lean_right,3.0893115997314453,0.5293546802830478,-0.08117484631783478,-0.7658261562016351,0.0025746113244948725,-0.0021113380797648565,0.0999702219924435,-1.9999783108526277,0.010743322731351094,0.3376994777759116
P01,session_01,018,lean_right,3.136068344116211,0.529534211834484,-0.06625483698982226,-0.7700232341195736,0.015608204121781934,0.002066385975319459,0.3367299331829318,-1.9281464082101902,0.06009780483743744,1.3287053772031805
P01,session_01,018,lean_right,3.1681833267211914,0.5364447618538661,-0.05815423479171706,-0.768792203983896,0.013469842370472105,0.005334692797425472,0.4511219688174654,-2.0067599867823422,-0.13087627812002878,4.100133687183419
P01,session_01,018,lean_right,3.2000715732574463,0.5316528823275083,-0.03398502988214115,-0.7801086263745836,0.008267443974474271,0.004270176252197853,0.29180369012750157,-1.9520452331430407,0.20526096019980325,6.443495293435987
P01,session_01,018,lean_right,3.231565237045288,0.5369215188103597,-0.03943184897805469,-0.781505634580672,0.019891350946352068,0.004330571808408445,0.64639353831906,-1.9932086740381687,0.0028602755172916637,0.6527426749782368
P01,session_01,018,lean_right,3.2636818885803223,0.5403124570230325,-0.04122792588987188,-0.7828061675175696,0.010075371386998948,0.0041674302317748204,0.3394886068513759,-1.8918927783556536,0.02184904436669655,0.760305373774891
P01,session_01,018,lean_right,3.295645236968994,0.5465455351770584,-0.03765178357018301,-0.7859665933127903,0.01937217219000563,0.00890369035673918,0.6670245072075847,-1.8911375609909198,0.01003600246197155,0.7372300096678879
P01,session_01,018,lean_right,3.3276097774505615,0.5452174100429643,-0.022907343988602977,-0.7928733941988964,0.00807323615338144,0.005185230794072378,0.3001759470261806,-1.8968449209025806,-0.010953506930961856,0.45555789844537
P01,session_01,018,lean_right,3.359435796737671,0.5404276331246828,-0.011376402452787497,-0.7974695894202157,0.007966598834155682,-0.003098036752373214,0.268578331798354,-1.97470546749465,0.040690635675292484,1.3064388772029205
P01,session_01,018,lean_right,3.391785144805908,0.5413841415923145,-0.0142700138062636,-0.8042200151036148,0.013248109358531929,0.004593182154159741,0.433447960502408,-1.975606974731005,-0.03397767950908423,1.136258113444054
P01,session_01,018,lean_right,3.4237191677093506,0.5377324332351824,-0.016063283753760996,-0.8132689598572904,0.014609628338885936,0.002308889466089498,0.4631721579326952,-2.0152422047303773,0.08611733728571061,2.7362134786895367
P01,session_01,018,lean_right,3.455829381942749,0.532050224507787,-0.005837076870906778,-0.8203456449182963,0.009881253953324903,-0.0015771894321568044,0.3116246198633399,-2.011648126354132,-0.035924344488826566,1.161371644969475
P01,session_01,018,lean_right,3.4878768920898438,0.5271918017471477,0.009780848073261501,-0.8227704041436965,0.004474671782377318,-0.005040865356452893,0.21032527563494013,-1.9913755404158224,0.13831542439512537,4.3210709141574455
P01,session_01,018,lean_right,3.520127773284912,0.5296937671349904,0.025117740123970424,-0.8146651548727939,0.01227448718294292,-0.004467306478575128,0.4050169592201194,-2.147096194309965,-0.13962006578894096,4.348090478895145
P01,session_01,018,lean_right,3.567505359649658,0.5311666099759708,0.02223411522958227,-0.8158049138977662,0.015159714556943355,0.002005555307394719,0.32276447193643587,-2.170530620594308,-0.01004466483316959,0.38616890348601013
P01,session_01,018,lean_right,3.599499464035034,0.5353514873513678,0.03622344343539262,-0.8122524551314307,0.001238058014185983,0.003218931352837873,0.10779524625441439,-2.0682322842169962,-0.07709552966144645,2.412089122187239
P01,session_01,018,lean_right,3.631690740585327,0.5337216004370983,0.041622351329125125,-0.8150792353290375,0.007153021721850451,0.0011801510059703383,0.22520767315569745,-2.0554985178535254,0.021680996094022093,0.7101604857044718
P01,session_01,018,lean_right,3.663252353668213,0.5341257817427707,0.05215097483785083,-0.8169760264338889,0.003806238520310359,0.002658868224085808,0.14710766117103208,-1.9692181338795134,0.06050360573467272,1.9226359168817544
P01,session_01,018,lean_right,3.695655345916748,0.5277427190372986,0.05819954326891809,-0.8238797547456366,0.013603656085829323,-0.0029222208492223167,0.42940416376230295,-1.9775477212309807,0.03387951032377017,1.1303092464235485
P01,session_01,018,lean_right,3.7276883125305176,0.5276770380709237,0.07482504440229087,-0.8169758843429085,0.004787937028817037,0.0004899495866987258,0.15024958734481522,-1.962155922079925,0.03372615280649193,1.0635243741412677
P01,session_01,018,lean_right,3.759650945663452,0.5266544025078885,0.08053092865079887,-0.8129411410872374,0.0072527432343409024,-0.0014006097317430057,0.23110562624821757,-1.955060936637711,0.021727700473889527,0.7179949075113181
P01,session_01,018,lean_right,3.7915830612182617,0.5270627548675507,0.08183823324641794,-0.8121347678806339,0.006036117685544197,-0.0008939066748237076,0.19109129611117492,-1.9655580321975272,-0.010550886390161753,0.38169452389380837
P01,session_01,018,lean_right,3.823641300201416,0.522418223622407,0.08408702340539173,-0.8168116310773552,0.006980140427393045,-0.0015775740317684765,0.223224773531885,-1.9772482540004903,0.04084450067356048,1.2934792012321181
P01,session_01,018,lean_right,3.8558006286621094,0.5212905974648064,0.08181511066064759,-0.8170963723595807,0.007471524960295226,0.00025097746999132325,0.23245942768570793,-1.9895361369971178,-0.0045446931661709,0.272044432168662
P01,session_01,018,lean_right,3.888282060623169,0.5244231827143544,0.08614976686940891,-0.8081922860926403,0.003635364581776105,-0.0004973085321378244,0.11296368294611686,-1.9732069957920508,-0.10464920668343701,3.2237960564862607
P01,session_01,018,lean_right,3.9199671745300293,0.5228361988600726,0.08785823740918997,-0.8119048075749895,0.006357635593631121,0.0016590786890951488,0.2073701184816058,-1.967448012916943,-0.006589260215809989,0.29368357415960034
P01,session_01,018,lean_right,3.9527249336242676,0.5219274954108968,0.09389640932727403,-0.8089537286738632,0.00362808029406424,-0.0008515397975303164,0.11376456851564538,-1.9386434937239672,-0.059370276285928066,1.8159704620096795
P01,session_01,018,lean_right,3.9995009899139404,0.5219133859899092,0.08702700195045673,-0.8072656771717711,0.007329104758499215,-0.0016268944042072218,0.16049878882535765,-1.9838271335670634,-0.06587035114405468,1.4173234234945935
P01,session_01,019,lean_right,0.0011823177337646484,0.5285758217465312,0.05020378969844517,-0.7649217964627785,0.0,0.0,0.0,-1.932188809929944,0.0,0.0
P01,session_01,019,lean_right,0.033525943756103516,0.5261265417539336,0.05282763020306548,-0.7715591760778321,-0.0026074158837430415,-0.0011957146681569348,0.0886885801289466,-2.0085347802271336,-0.03668231007524793,1.1376057851104238
P01,session_01,019,lean_right,0.06530070304870605,0.5253820470572979,0.05144726539601902,-0.771729657220663,-0.0009365305597646134,-0.0007854150291036243,0.03846698295609701,-2.0438390270411526,-0.039261250009465856,1.2362098797974421
P01,session_01,019,lean_right,0.0976266860961914,0.5246447490562466,0.05222121815700495,-0.7809778875790082,-0.0009036502231200827,-0.0014979984934561038,0.05411907375057367,-2.0522965632759815,-0.038814015190801805,1.2019254416442842
P01,session_01,019,lean_right,0.14505767822265625,0.5235921626511728,0.05336201064724258,-0.7909049706412555,-0.001315624886708083,-0.0003801048279586648,0.028872127462941443,-2.0260709202937037,0.016926162474476196,0.3580247698011604
P01,session_01,019,lean_right,0.17703676223754883,0.5240627491342184,0.05376639224189306,-0.7928497034735706,-0.0006712396805235797,0.0014681004441391735,0.05047906726899035,-2.0457896662016766,-0.034169446411687766,1.0696853259894552
P01,session_01,019,lean_right,0.20925664901733398,0.5245525992616072,0.053575765193221714,-0.7964805186755136,-0.00017013175516731338,0.004590347356401097,0.1425672007195358,-2.061061304214968,0.005191447362969865,0.21514379710050469
P01,session_01,019,lean_right,0.24188852310180664,0.5246023209988422,0.05347726429603301,-0.7962679473724139,-0.00010109225706041216,0.0006869387875102579,0.021277891750523123,-2.0614364935103024,-0.017694354714441987,0.5426587681020039
P01,session_01,019,lean_right,0.2729051113128662,0.5245229448815475,0.05266527502704951,-0.7953566325839257,0.0006550826409443905,-1.7272659078632612e-05,0.021127736947565746,-2.045988229062792,0.0049996961698167,0.16257297639103388
P01,session_01,019,lean_right,0.30547118186950684,0.5259174603632649,0.04933365868139983,-0.7998986035516212,0.001354135962447518,0.0005436660741213156,0.04480729049828302,-2.049810368218636,0.005930402924225353,0.18753522818691656
P01,session_01,019,lean_right,0.33716678619384766,0.5262777212649381,0.05334358777827978,-0.7943508527417754,-0.0003707751591012202,0.0008192446318010467,0.02837118628771874,-2.0782395882267806,-0.01408753067655894,0.4453678110088093
P01,session_01,019,lean_right,0.3688826560974121,0.5259049019547725,0.05289636241980642,-0.7956127005958691,0.0005301494157616046,0.000819712065310025,0.030779863872765996,-2.0782927285366366,0.18582305834048496,5.859073804950737
P01,session_01,019,lean_right,0.40120720863342285,0.5232986913637295,0.0543098709388811,-0.7989484427253936,-0.0012171542650144128,-0.0002659036713153796,0.038542245944613605,-2.0435190619985497,0.12717263093417924,3.934431366171055
P01,session_01,019,lean_right,0.43323445320129395,0.5238344291321549,0.05390540441190039,-0.7914666513540394,-0.0007347684158041122,0.0003373164488813458,0.025244031176934034,-2.0369736454973872,-0.18897171228261253,5.900396501825202
P01,session_01,019,lean_right,0.46524834632873535,0.5240663885142232,0.05322830862911037,-0.7931771564833102,0.00018385248585123481,0.0003452991939649545,0.012219528207092623,-2.0315339431226507,-0.0058822274993000625,0.18414571541387925
P01,session_01,019,lean_right,0.4974358081817627,0.5241463606997389,0.05134686105297295,-0.7945838751878826,-5.6688203235572004e-05,0.0014587119899785353,0.04535346975968305,-2.0431462707300607,0.04379186443459767,1.3612812809313857
P01,session_01,019,lean_right,0.5296015739440918,0.5242615781290081,0.05038185219534114,-0.7965170521412508,-0.000677650336061241,0.002033050489180146,0.06662402851395893,-2.062849311080052,-0.03168151396877837,0.9871958506455758
P01,session_01,019,lean_right,0.5771362781524658,0.5224308645332416,0.05095931705053143,-0.7987277296536323,-0.0033833677541112053,0.0019260267321203274,0.08190159104398004,-2.0575814943144013,0.07532799335063742,1.58680973377093
P01,session_01,019,lean_right,0.6092994213104248,0.5191148583475198,0.04931356665647501,-0.8043870121491543,-0.0035082747875251046,0.0018399866949795588,0.12316917071584542,-2.029510663681412,0.03241413565883662,1.0153024198739928
P01,session_01,019,lean_right,0.641441822052002,0.5139948396445343,0.04775252604782746,-0.8115170366363046,-0.0050729976092170545,-0.0010870999071378347,0.16141197428261056,-1.961323051170343,0.05545705455658072,1.7328889156621947
P01,session_01,019,lean_right,0.6736316680908203,0.514798544561262,0.0489412626809398,-0.8163916012000588,-0.0073698868098797604,0.006133055093940939,0.297857662632148,-1.9841193340785586,0.026676656366714447,0.8806309165982782
P01,session_01,019,lean_right,0.704967737197876,0.5093070814816455,0.03683103003901458,-0.8194006813004222,-0.006919683546087762,-0.0014720141330135448,0.22576287017152188,-1.97440698009068,0.04568281990782618,1.4752124964735056
P01,session_01,019,lean_right,0.737302303314209,0.5102906365590602,0.02271213122505818,-0.8174540406316367,-0.010078106256671354,0.0006381072884339947,0.3123062568862269,-1.9972167093226671,0.10157577654505563,3.156885084262164
P01,session_01,019,lean_right,0.7693467140197754,0.5176855454672191,0.009781487995893344,-0.8135305546492295,-0.010206990344330076,0.006306098799270516,0.3744146576486642,-2.008226990946003,-0.036787293785989224,1.207523320204748
P01,session_01,019,lean_right,0.8012034893035889,0.5220709496711817,-0.012053658002334136,-0.8131875996311895,-0.010011520183349366,0.007881300498340108,0.39996153559029646,-1.8556668531513625,-0.15377912152252207,4.843744225775748
P01,session_01,019,lean_right,0.833251953125,0.5185135527092215,-0.015241722061305085,-0.8138855537503985,-0.015063573780015197,-0.0012001659176041793,0.47151429382688986,-1.8943007944266772,-0.0012871565366499112,0.4732217038817744
P01,session_01,019,lean_right,0.8651485443115234,0.5150060424849046,-0.019569986198900127,-0.8133668973673758,-0.017322194106828948,-0.0019789667245395043,0.5466060823002361,-1.906440527988077,-0.01700792796438515,0.7636116164602109
P01,session_01,019,lean_right,0.8976080417633057,0.5107203859250683,-0.024311454279195885,-0.8112869693579207,-0.017402706154486653,-0.0017756386722112014,0.5389195538754119,-1.921358071278135,-0.011028257270384537,0.6370771867148854
P01,session_01,019,lean_right,0.9294133186340332,0.5086074407833454,-0.044910405639073635,-0.8075201990362166,-0.006824623193492893,-0.005747791269335939,0.28053799291662235,-1.9502900273412846,0.014810705472794438,0.5436436531574934
P01,session_01,019,lean_right,0.9772233963012695,0.504467588607577,-0.04904225192163305,-0.804503735200445,-0.019018426369800844,-0.002177747460862566,0.4003905697950557,-1.972079792581541,0.04531133152159916,1.0288421279800957
P01,session_01,019,lean_right,1.0097813606262207,0.5052987616729027,-0.059491579491820004,-0.7992127195279225,-0.01784113943775279,-0.00012314941944344137,0.5479938572739713,-1.9059855700327808,0.07918625629427307,2.4931327991473338
P01,session_01,019,lean_right,1.0413756370544434,0.5091674297033089,-0.07817367671353193,-0.7859710513420427,-0.011287795599604692,-0.00662892404893767,0.414326265298427,-1.986925601660229,-0.2433038833270375,7.712022631014489
P01,session_01,019,lean_right,1.0731770992279053,0.5150092729997097,-0.08591600223741712,-0.7741210027843768,-0.01915273970889105,0.002094226461066656,0.6058493277107196,-1.9055872910266072,0.026502525559493607,1.0303234231040974
P01,session_01,019,lean_right,1.105297327041626,0.5166467594355331,-0.10015925980181677,-0.765773183952266,-0.01447780983065908,-0.005583593713025723,0.48309744572911706,-2.075038229768747,-0.13321436128158695,4.175408145668161
P01,session_01,019,lean_right,1.137538194656372,0.5095575580039204,-0.10523622675461397,-0.7685155434422867,-0.018287771369882105,-0.0011313075684783686,0.5683076002697716,-2.060630970167687,0.04443138390383709,1.490689108584957
P01,session_01,019,lean_right,1.1689207553863525,0.5070110897413238,-0.11522639568442344,-0.7575086190320582,-0.014878234194386828,-0.0024866466864310577,0.48066834594104463,-1.859697657691789,0.061712206013856366,2.0243428155284615
P01,session_01,019,lean_right,1.2012555599212646,0.5074766897421863,-0.13025982240991804,-0.7488229416388402,-0.0036224992042040876,-0.0014963508468226517,0.12121252841252304,-1.7561718520094727,0.036613555832386326,1.1387957519244993
P01,session_01,019,lean_right,1.233264684677124,0.50246922348426,-0.16096521829079444,-0.7403923857096778,-0.01304564618879611,-0.015478999163054607,0.6324205563665322,-1.7734449548044227,-0.02928665289177701,1.1122426829234953
P01,session_01,019,lean_right,1.2649867534637451,0.5061974017998825,-0.16991040590893206,-0.732727474207876,-0.008396046733019871,-5.4812533695922216e-05,0.26468089789327537,-1.6775614969738826,0.03433890429990765,1.1143815227362381
P01,session_01,019,lean_right,1.2974975109100342,0.5004592758029611,-0.18204943738520316,-0.7288314205063845,-0.013083911970344489,-0.010485197029612167,0.5157331502816492,-1.6527467936888747,0.03977882736240252,1.3278091429170644
P01,session_01,019,lean_right,1.3299970626831055,0.4970285322016413,-0.18065067024373535,-0.7294285500293869,-0.009534269455198712,-0.002606384272971245,0.3041305042729583,-1.614741041164015,0.058453569806495534,1.8241281745984606
P01,session_01,019,lean_right,1.3615615367889404,0.4917812100166806,-0.19521875284562484,-0.7264374262285748,-0.012982564598638889,-0.01115036077157722,0.5421812167100586,-1.6268568591389017,0.057974791781620634,1.9150626250194067
P01,session_01,019,lean_right,1.4090940952301025,0.4954626203506551,-0.19664973101725558,-0.7097071615085221,-0.005804289785530221,-0.0002506471170350564,0.12222567673260251,-1.6308133015308006,-0.011723482056137529,0.2752652242080718
P01,session_01,019,lean_right,1.4414403438568115,0.4932306748600291,-0.20570806907040734,-0.7017440647140589,-0.006452009981666659,-0.011413664192045765,0.4053351101389917,-1.6124131023222201,0.008101050833100323,0.47646690796428814
P01,session_01,019,lean_right,1.4733452796936035,0.4957937472092825,-0.2031340837049851,-0.6908610486438378,-0.007428591531254186,-0.003150201708196748,0.2529055991968948,-1.6273579439074828,-0.02885277480735998,0.9390337758261723
P01,session_01,019,lean_right,1.5056254863739014,0.4939543821775446,-0.20036419233609082,-0.6863091469636636,-0.008475222318177782,0.004076779144784997,0.29134759487727235,-1.6059731442416523,0.0031778001710200655,0.3075299789448988
P01,session_01,019,lean_right,1.5370221138000488,0.4934389094867308,-0.21928658306907295,-0.680135870269521,-0.001425335879227072,-0.007194875370589441,0.23361424175803674,-1.5844444183370876,0.022648824557361946,0.7582620215060888
P01,session_01,019,lean_right,1.5696558952331543,0.4905989014017603,-0.22025385519548768,-0.6870156571122148,-0.005002341037695678,0.01175110754527394,0.3913591408185394,-1.597894882051646,-0.0297452263678961,0.9919517268979559
P01,session_01,019,lean_right,1.6012849807739258,0.48442835478455454,-0.21963159012778966,-0.6866288176286836,-0.01013494187140211,-0.009506532026452384,0.4393337856185845,-1.5807636615033491,-0.04460575613105502,1.47712355219616
P01,session_01,019,lean_right,1.6330833435058594,0.4850263262820427,-0.22578979402170338,-0.6782673587143022,-0.0005084706849404401,-0.0026012021360404328,0.0833512405638527,-1.548783764460963,0.027167397756800517,0.8584208889972228
P01,session_01,019,lean_right,1.6653053760528564,0.47765683984538576,-0.2180132359025195,-0.6829971175071177,-0.010317288050340474,-0.0016347523655952689,0.3241880142238901,-1.527754731706442,0.05386487519138677,1.7028230903718558
P01,session_01,019,lean_right,1.6973674297332764,0.4808804627812854,-0.22657849480917786,-0.675222501920987,0.0010857311251330655,-0.0005450656570320972,0.037891203680599866,-1.539565433974355,0.04900013209009979,1.5287601510711766
P01,session_01,019,lean_right,1.7296111583709717,0.48041685514192234,-0.23594790244182867,-0.6726150032711906,0.0039888518913527545,-0.0011390117467856586,0.1286540804284488,-1.5724522111440018,-0.0036800606641558533,0.1719829159171643
P01,session_01,019,lean_right,1.7618577480316162,0.4853128780757677,-0.2355406234839429,-0.6686572646195265,-0.0010321843051841917,0.011491735855962693,0.3578052160867042,-1.5946442757067418,-0.03466336312674725,1.1329319688950523
P01,session_01,019,lean_right,1.7936146259307861,0.48307767215069525,-0.2264320904373983,-0.6762304030813266,-0.008937385263974078,-0.0008599949822455787,0.28273138903133493,-1.6060545101808497,0.001996928090409407,0.28963969506890347
P01,session_01,019,lean_right,1.8411707878112793,0.4845301929494782,-0.2376322777654964,-0.6682686375258331,0.0015810930558605664,6.587471274581601e-05,0.033275703954062916,-1.58616411708096,0.036215715093124615,0.7622623544205097
P01,session_01,019,lean_right,1.8733890056610107,0.4850304091212029,-0.23766802099994988,-0.6702397971786999,0.0008161484110086805,-0.000529096306653046,0.03018933144082686,-1.6583281329610216,-0.08648186966876273,2.684423436810121
P01,session_01,019,lean_right,1.9051570892333984,0.4812144693535531,-0.24175193212128795,-0.6723393136864819,-0.004136093628556091,-0.002846866091449673,0.15805633895866741,-1.554335377136207,0.21225294820534668,6.683196064390852
P01,session_01,019,lean_right,1.937027931213379,0.48371271817818806,-0.24293600470151094,-0.6758937246123335,-0.00012613438145269852,0.007576934959907882,0.23777171563260524,-1.6018209734968178,-0.05041502968024022,1.5996244994452968
P01,session_01,019,lean_right,1.9693527221679688,0.48434221785802806,-0.24231826392974176,-0.6760628398626278,0.00031159571684400827,-0.0006705091876874324,0.022873291670781327,-1.6550463109185987,-0.14017576964628667,4.336539091320576
P01,session_01,019,lean_right,2.001676559448242,0.4797207737934074,-0.2417361685426531,-0.6786533625907818,-0.004056414630967992,-0.0031544239987599493,0.1589715003032102,-1.5399311694826245,0.1569098253784456,4.856909215463568
P01,session_01,019,lean_right,2.033564567565918,0.4800350627037601,-0.24475793137303406,-0.6832062702377452,0.00341495699385738,0.009245122660508726,0.3090713479199129,-1.6122244424657026,-0.03280788046803205,1.074267742095362
P01,session_01,019,lean_right,2.0649209022521973,0.4815495320578355,-0.24362848985734234,-0.6854330389506502,-0.0015429238310998902,-0.0005383670530063453,0.05211553263323317,-1.614876906459366,-0.03135862759784224,1.0014301187736179
P01,session_01,019,lean_right,2.097468852996826,0.48133281221371155,-0.24900937690131708,-0.6784099040716659,0.0012606612725289325,-0.001009482528262059,0.04962002023695375,-1.5980626661394868,-0.021958195351552103,0.6764637293992873
P01,session_01,019,lean_right,2.1298296451568604,0.48141166446097006,-0.24873299927710069,-0.673908155945247,6.595321957838652e-05,-0.0016515311434116586,0.051075620090381114,-1.578877825788012,0.012912747397843325,0.40228004330998723
P01,session_01,019,lean_right,2.1618640422821045,0.48007374198533975,-0.250188994826664,-0.6684790014800868,-0.0034829761104592885,-0.006507454945761124,0.23040632187000754,-1.539214477762999,0.06866728835379138,2.1558960643358973
P01,session_01,019,lean_right,2.194628953933716,0.4839251588786532,-0.24889174200501502,-0.6747366126661957,0.0008924758773711144,0.014123250816985039,0.4319078141238504,-1.6973760956794133,-0.14148377321179106,4.339695365487888
P01,session_01,019,lean_right,2.2256898880004883,0.4821037651659554,-0.24976538805337192,-0.6822756628661477,0.001979233364252134,-0.0045771954469488564,0.16054864377418832,-1.586017262076569,0.23276136721852186,7.495421106307929
P01,session_01,019,lean_right,2.2736117839813232,0.48410914703806096,-0.24713167370514255,-0.6783358127983867,-0.0021102859066793917,-1.8468349071713927e-07,0.04403594372820118,-1.6244889737534707,-0.07434489323865656,1.552001146985009
P01,session_01,019,lean_right,2.3049542903900146,0.48395186518007877,-0.24381174739866235,-0.6848382868145069,0.0010996164757574914,-0.002097947321116756,0.07557333421171061,-1.6098971765739953,0.006720876591103121,0.2273608636289461
P01,session_01,019,lean_right,2.3368585109710693,0.48385915786009603,-0.24447274376555803,-0.679822115636092,0.0001542441940531905,-0.0009419412836799211,0.02991725151369841,-1.6361230302598389,-0.10187692742768052,3.193351750152751
P01,session_01,019,lean_right,2.3688676357269287,0.48183951422275667,-0.24202172558303542,-0.6842105888384787,0.001930304440904148,-0.00251956796599273,0.09915933300622531,-1.6210521207571158,-0.010096641652018344,0.33064894651087645
P01,session_01,019,lean_right,2.401859998703003,0.48424604230771573,-0.24553466326566653,-0.683375206873747,0.005390617970770021,0.004437920560249186,0.2116368378400934,-1.6177337461358992,-0.0009019545800961303,0.21339525038874813
P01,session_01,019,lean_right,2.433903455734253,0.4825385139510941,-0.24072145936077843,-0.6851011381480947,-0.0005064446391606985,-0.006688713167861524,0.20933630283192098,-1.6101700441273534,-0.011385029892185906,0.4123827678878589
P01,session_01,019,lean_right,2.4655561447143555,0.4810514761639306,-0.23728342050048493,-0.6816730787890484,-0.0004058195899477333,-0.005434098086050757,0.17215694901520678,-1.5607022862179012,0.05276556077615128,1.6758826498085477
P01,session_01,019,lean_right,2.4974591732025146,0.4798094981684061,-0.23577417316113863,-0.6776494071818024,0.00017233202714890582,-0.007529067941208062,0.2360603455055077,-1.5883916856573908,-0.009667022361997003,0.38411088861697484
P01,session_01,019,lean_right,2.5296006202697754,0.48263955268486813,-0.22905944719807206,-0.6736297467760111,0.0009255730982987587,6.069888541901713e-05,0.02885872782764903,-1.5844592525277426,-0.04448280460022519,1.3842710401535785
P01,session_01,019,lean_right,2.561237335205078,0.4868095017903833,-0.22903303485155774,-0.6679536747642232,0.004750134527634727,7.468801077067747e-05,0.15016482191016067,-1.572079165461939,0.004378309142866649,0.20421110924801786
P01,session_01,019,lean_right,2.593820571899414,0.491783048804054,-0.22432679937397887,-0.658260729473867,0.006828053150357816,-0.003745901690248386,0.23902086837834158,-1.5626019235083692,-0.03503881280620234,1.101606522262428
P01,session_01,019,lean_right,2.62614369392395,0.49268843626298175,-0.22483330588877296,-0.6635022502472488,0.0008580995904807093,8.891910320080662e-05,0.02668969703639171,-1.5801825322760656,0.027686868190925445,0.856981118447645
P01,session_01,019,lean_right,2.673091411590576,0.4944496391966251,-0.21938055063225306,-0.6707169286611879,0.002005020584943827,0.002096380486090778,0.061788901994774076,-1.6078557837942558,-0.03941365285759773,0.8417929978642039
P01,session_01,019,lean_right,2.7055463790893555,0.4939376719263163,-0.21708639109736608,-0.673225894465679,0.0002656829166970167,-0.0024100088549417063,0.07470687703394457,-1.5833161753625473,0.11474934695981581,3.536437361495961
P01,session_01,019,lean_right,2.7373058795928955,0.4995387489347795,-0.2169100714309266,-0.6687370571576623,0.008493271500567848,0.0029473075586958094,0.2830687274242267,-1.5734969401170553,-0.05262851908869062,1.6810986721314498
P01,session_01,019,lean_right,2.768914222717285,0.5026685839547399,-0.2166688211558906,-0.6719372181534328,0.004034548115075107,-0.0019513529750141184,0.14178753284378823,-1.580323865793221,-0.02122941958474669,0.686442753955359
P01,session_01,019,lean_right,2.8011157512664795,0.5026499480317578,-0.20850248515963477,-0.6727479655786909,0.000357343311650539,0.0011633964594668783,0.0377944689978314,-1.5794273772566223,-0.013924264265167016,0.43405859632103233
P01,session_01,019,lean_right,2.8333818912506104,0.5044997225164283,-0.2005942848259203,-0.6705802096389953,0.0015337275962666835,0.0023456714930741515,0.08685845953491614,-1.601823961431631,0.010977066792233932,0.3511169154924231
P01,session_01,019,lean_right,2.8659703731536865,0.5115834288070961,-0.19692860255855718,-0.6725347812306539,0.005560853084697827,0.006762480168914407,0.26866056201623517,-1.624893539863949,-0.05893903077579711,1.828430263019418
P01,session_01,019,lean_right,2.8976099491119385,0.5132038723690799,-0.19322723016641308,-0.6778959778659621,0.0011745464231026376,0.0006013264219928712,0.0417049672212215,-1.6651710607579986,-0.006087014539188098,0.19685455221950612
P01,session_01,019,lean_right,2.9296865463256836,0.5155789149388106,-0.17558561054707536,-0.676500500303081,0.004123341020618089,0.004774115735389715,0.19666232718475515,-1.6367803370419918,-0.00487813333111126,0.24860346082014256
P01,session_01,019,lean_right,2.9612724781036377,0.5137945669315779,-0.17703604130291853,-0.6780267090463236,0.0017220187861253225,-0.0010805051224138747,0.06436215903257159,-1.640437575152267,-0.005297160701458207,0.17963268264140156
P01,session_01,019,lean_right,2.993588924407959,0.518257209658846,-0.1641048450264722,-0.6760749530888032,0.008028393877628315,0.00314885261389738,0.2668556522566468,-1.6107537543366912,-0.021692856127023964,0.7223619900298623
P01,session_01,019,lean_right,3.025074005126953,0.5146988583822726,-0.16272302431498037,-0.681383293236919,0.006429400649628646,0.0011711927569269995,0.2075650873821862,-1.6215708871174872,0.013138470109063858,0.46606418077163825
P01,session_01,019,lean_right,3.0576086044311523,0.512328651603405,-0.16475391837703177,-0.6872704238432845,0.008524417070059324,0.0016176003008290924,0.2666864968294686,-1.632640004776811,-0.03329023513237847,1.0574083085986117
P01,session_01,019,lean_right,3.1050310134887695,0.5112976292108877,-0.1696728164120997,-0.6914464623091175,0.00552866098954716,-0.009370725952117492,0.22942952899967783,-1.6777150336156632,-0.02376322188442173,0.551122496316484
P01,session_01,019,lean_right,3.137333631515503,0.5106716864021515,-0.1657491782592276,-0.6921904562114807,0.008044833651419728,-3.0113277789872767e-05,0.24904761602624578,-1.695104360784305,-0.04835760555968983,1.517592851854407
P01,session_01,019,lean_right,3.1688880920410156,0.5128002656311077,-0.1723495365113894,-0.6980530195939522,0.00849957813213297,0.0012206857550293353,0.272125916332127,-1.6762774222151289,0.02597821998181836,0.8670904207579747
P01,session_01,019,lean_right,3.2016396522521973,0.5147778886818626,-0.16000011603369976,-0.6989145674666312,0.007175747025628642,0.003786643799723613,0.24773079068768805,-1.7258460902902337,-0.06650198010732362,2.0455544469034295
P01,session_01,019,lean_right,3.2332565784454346,0.5114595672456321,-0.16039325025768,-0.7105375888994256,0.007955824271425866,-0.0015972161071664706,0.2566527027196441,-1.7485566306714806,0.036770232734392644,1.1909748272659073
P01,session_01,019,lean_right,3.266014575958252,0.5134186423234426,-0.1611202690556378,-0.7189345468366627,0.009451546935887149,0.011426227384065566,0.4526742603190597,-1.7607531679165498,0.03925230830957377,1.2809058564448927
P01,session_01,019,lean_right,3.2982177734375,0.5107537451560364,-0.1477533314747155,-0.7249077746589551,0.0013361787123235605,-0.001248158205869704,0.056778888958171556,-1.7665426230829633,-0.002154328882189488,0.0877449830351885
P01,session_01,019,lean_right,3.3294975757598877,0.5144759975828942,-0.13501345463379458,-0.7224230556885968,0.003367457498039951,0.0029738833957807416,0.14362728654853518,-1.7579786315237091,-0.1164272626854378,3.724892788902293
P01,session_01,019,lean_right,3.361311912536621,0.5192268025284942,-0.13239351281967665,-0.7239905892702135,0.005184486931109915,0.008121804189701572,0.3028661882784265,-1.8286472211007196,-0.009527870841068837,0.4259323077560607
P01,session_01,019,lean_right,3.3935532569885254,0.5211919230606599,-0.13036207853341253,-0.7233763010611133,0.0039438655658593025,0.001854096851206482,0.13516658995854666,-1.8046161668411758,-0.015208797659105482,0.4907006735584314
P01,session_01,019,lean_right,3.4259839057922363,0.5222074237379929,-0.12155706253211755,-0.7225833878860177,0.003056791936974137,0.001188651754982237,0.10113170324748012,-1.9837156775826703,-0.02588142526845902,0.8044368272074184
P01,session_01,019,lean_right,3.4573121070861816,0.5241180698693376,-0.10605024777212949,-0.7287755699958204,0.0027077470194363925,0.00351935040133509,0.14174015385216915,-1.9330917844781041,-0.005827145392506724,0.23385349704632485
P01,session_01,019,lean_right,3.4898488521575928,0.5228230935918267,-0.08834433552465772,-0.7342748985819455,-0.00013455484820469021,0.003431447893338675,0.10554482240789304,-1.9038002729803531,0.01159349197293409,0.37162296667113953
P01,session_01,019,lean_right,3.537144660949707,0.5251052578780733,-0.09087037800558395,-0.740866000246439,0.006461096959817131,0.0014599075657259716,0.14005425934338192,-1.8850701865889672,0.005416351849609003,0.18091489562602736
P01,session_01,019,lean_right,3.5693445205688477,0.529293787486526,-0.0743301194860371,-0.7513307712280873,0.004885811114933443,0.014793679360345074,0.4838407812619198,-1.9061707488244446,0.01537486806680353,0.6797730487342921
P01,session_01,019,lean_right,3.601255178451538,0.5309025922347662,-0.0763178652996719,-0.751968650333815,0.006257530912362373,0.0024797162575764917,0.21093108989888307,-1.9042399832348824,-0.023488033612054558,0.7656830095833934
P01,session_01,019,lean_right,3.633467674255371,0.5372671919852984,-0.07450156360984084,-0.7532752608705349,0.005145513480045964,0.013376141201430157,0.44491101896791824,-1.926273775724478,-0.05919708386516869,1.8907955150739626
P01,session_01,019,lean_right,3.6653828620910645,0.541822706024841,-0.07332308535066445,-0.7520270087868314,0.0055897501680745075,0.002476162283955219,0.19155919120630088,-1.9517436414767926,-0.09590016244606682,3.0109438256464323
P01,session_01,019,lean_right,3.697516441345215,0.5398749257963674,-0.0737088886130305,-0.7527675457693168,0.0044944999664948216,0.00015854092458767946,0.1399562520569896,-1.9492914154709073,0.013289505315838137,0.43661016535944813
P01,session_01,019,lean_right,3.72928786277771,0.5385435164332724,-0.07609561666938694,-0.7505615028282407,0.0039050615569556795,-8.688182982605651e-05,0.12294155430315873,-1.9757250173941805,0.06988403621615735,2.203021071589083
P01,session_01,019,lean_right,3.761505603790283,0.5345982162934356,-0.07011297076180628,-0.7471676760588224,0.002222903328911361,-0.0024716052637474614,0.10317836527928455,-2.088333575980939,-0.07302446278202512,2.2689388457768622
P01,session_01,019,lean_right,3.793440341949463,0.5333679495542463,-0.06090953025394878,-0.7482475725805291,0.001221443410575162,0.00045471667315922544,0.040812562742818435,-2.126320538294111,-0.08193309413905929,2.565966234217546
P01,session_01,019,lean_right,3.825174570083618,0.5357159322320906,-0.06328207275515974,-0.7562681557658418,0.002700417881423335,0.009193384207004817,0.30193843668900305,-2.1124922356895643,-0.05344976845631341,1.7111437490090984
P01,session_01,019,lean_right,3.857408285140991,0.5302361163923682,-0.06319823108327824,-0.7534402541477541,9.821956061167158e-05,-0.009746527935077966,0.30238595841532,-2.142493430011101,0.033519427388831236,1.0829601270186324
P01,session_01,019,lean_right,3.8889946937561035,0.5290613063309209,-0.05951819917685381,-0.7451870196056983,-0.0003725421926579922,0.00010133868671531383,0.012222956090408871,-2.0598793201094803,0.012865450437067235,0.4074930523660864
P01,session_01,019,lean_right,3.9219048023223877,0.5309194351361959,-0.06168376368019788,-0.7519708969007619,0.00121258005458634,0.007100428264595939,0.21887572030781788,-2.1008690476988012,-0.02264410841066212,0.7220334279369405
P01,session_01,019,lean_right,3.969090461730957,0.5325751468798858,-0.0636292767685291,-0.7559791859474695,0.0011137361091231664,0.001984358752715911,0.048225270866846824,-2.1312610645281067,-0.09749283649288572,2.0667166750827364
P01,session_01,020,lean_right,0.0012748241424560547,0.4983863518010865,0.023699116098689348,-0.7816372984432395,0.0,0.0,0.0,-1.8492656695755565,0.0,0.0
P01,session_01,020,lean_right,0.03338146209716797,0.49107935754744375,0.01932377392214294,-0.7954997191720915,0.003918402433399819,0.002252169571234542,0.14076619735536688,-1.7757359672000153,0.17136096835706732,5.339100219670358
P01,session_01,020,lean_right,0.06554269790649414,0.48905357777582315,0.018985503558270212,-0.8088352672123099,7.830631654379378e-06,0.010915047383456515,0.3393852853503202,-1.8472037462326687,0.000674013240570141,0.3400317354054275
P01,session_01,020,lean_right,0.09815287590026855,0.48009954527023846,0.014759240138497278,-0.8217084744124649,0.0016322699633954999,-0.0003147838366373295,0.05097629219525557,-1.850079365860127,0.05609750896331913,1.7210005368223409
P01,session_01,020,lean_right,0.12954497337341309,0.47895845059640324,0.013169444702390848,-0.824420174570744,0.0008866182258053669,0.0068864270408139075,0.2211788465458748,-1.9047794785032297,0.015200254046535888,0.5323306357789304
P01,session_01,020,lean_right,0.17731618881225586,0.4769194138999783,0.010850315791239195,-0.8283994738547713,0.0023759338949900714,0.0011439276693893782,0.05520006289099511,-1.9188928920467092,0.048299355730768406,1.0125613605592592
P01,session_01,020,lean_right,0.20931410789489746,0.47706723098122344,0.014956533508676147,-0.8252502562429106,-6.559335136625993e-06,0.001829804623684876,0.05718548058101466,-1.9149392027059506,-0.04211368025091042,1.317379847693213
P01,session_01,020,lean_right,0.24100232124328613,0.4748209104467343,0.012686016272301323,-0.8291628263657027,0.0022295523903100548,6.653131956896171e-06,0.07035935704132933,-1.9258965122210754,0.028740714103645804,0.9097093381265858
P01,session_01,020,lean_right,0.2733423709869385,0.4758966039894306,0.01394744863531854,-0.827197760298598,-0.0010454997326974486,0.000350754357762109,0.034099158295753336,-1.9619128439509892,0.049959951512470936,1.5452085311550683
P01,session_01,020,lean_right,0.30538249015808105,0.4751207306110079,0.013752001837250373,-0.8281922311709055,-0.0005839143637245198,0.00018924370344364339,0.01915770814130353,-1.9679314097112228,-0.014376625237612257,0.44911577037192935
P01,session_01,020,lean_right,0.3379218578338623,0.47498759817586034,0.015459307443274287,-0.8287336867770415,-0.0010772722828988161,0.0010877190539231706,0.047047560754589664,-1.9462254420576117,0.015578708075462555,0.48107102470993884
P01,session_01,020,lean_right,0.36947154998779297,0.4747409763916927,0.015182869072789271,-0.8295701125686589,-0.0004089540167151209,-8.66308301583954e-05,0.013249861526573745,-1.9326334734555346,-0.02921951182104076,0.9262373081978108
P01,session_01,020,lean_right,0.40134501457214355,0.47515077768882524,0.013893385294587236,-0.8287490131673455,0.00019782462583350552,0.0015809662393022638,0.049988132186702686,-1.9137733060325341,-0.036779354979572146,1.1549999455816369
P01,session_01,020,lean_right,0.43311548233032227,0.47473775842544835,0.007614587705536294,-0.8300329989538084,-0.0016532162149541893,0.0003340959444080576,0.05308819780127703,-1.8720252035134937,-0.07238462968422263,2.278980522487126
P01,session_01,020,lean_right,0.46539998054504395,0.4731846587720515,0.007931252174102314,-0.8296591240264777,-0.0008956732193627232,-0.0030950828595684514,0.09980254771308818,-1.8747695721207083,-0.025793322893752534,0.8051478088100336
P01,session_01,020,lean_right,0.49739956855773926,0.47506717415522937,0.008783039489002185,-0.8281244990163024,-0.004497255979537292,0.0021615234140654345,0.1559313498228389,-1.9197441348728317,0.07034417484242453,2.2038071832827337
P01,session_01,020,lean_right,0.5305871963500977,0.47516797704966457,0.006067520767809438,-0.8302928371575616,-0.001236923634076254,0.006195876329867956,0.19037629642973647,-1.9262820327337875,-0.021190082698020724,0.6662709731080133
P01,session_01,020,lean_right,0.5609993934631348,0.47591072505860565,-1.0645683190443556e-06,-0.8222850313413597,-0.004139699151935629,-0.0014029131795029823,0.14372385048919845,-1.920569669348164,0.09017641991212315,2.9686211157470535
P01,session_01,020,lean_right,0.609241247177124,0.46775764100774714,-0.00952515086343154,-0.834029040928219,-0.014366587272075229,-0.002658368330713393,0.30285874366150944,-1.869666623329004,-0.08713508782975259,1.8314285831387793
P01,session_01,020,lean_right,0.6414515972137451,0.46752893825495595,-0.010484732361053056,-0.8357202630641278,-0.011018368081656382,0.003122771345235183,0.3555485095128967,-1.904297156428708,0.024683114202936174,0.8447755914680891
P01,session_01,020,lean_right,0.6734936237335205,0.46730684193448724,-0.0237373967481375,-0.8351950184633172,-0.005097283212159917,0.00682018681256912,0.265730114045346,-1.9014742949935342,-0.037105516464588255,1.1881236949679723
P01,session_01,020,lean_right,0.7053506374359131,0.46596536919676756,-0.04465173792912753,-0.8331892943220911,-0.009832331380590024,0.0004621622030510765,0.3089802231071023,-1.8435064102487546,0.024263355764595075,0.8219207632800338
P01,session_01,020,lean_right,0.7376129627227783,0.4707351041502479,-0.052169864355874514,-0.8224844043466948,-0.014396860688434215,-0.0015919976907475166,0.4489637455344944,-1.831238236426707,-0.009438122792587803,0.5358637410487307
P01,session_01,020,lean_right,0.7699482440948486,0.47444778949277666,-0.05872868803398892,-0.8141154888665143,-0.011140479738685725,-0.0021430510488583084,0.35084687893575683,-1.7928230395540945,-0.031747143287874924,1.0426154032862316
P01,session_01,020,lean_right,0.8010730743408203,0.48054348318695633,-0.08086722241881882,-0.8054573376233186,-0.006487077716836146,0.0020525461196597428,0.218605270832611,-1.7338845824965077,-0.04710371940532598,1.5290878339826548
P01,session_01,020,lean_right,0.8337397575378418,0.4774711687226331,-0.08293582091995161,-0.8086432521467396,-0.020980791095465894,-0.005319427202199046,0.6625903032679517,-1.7123968565066081,-0.0003067483922980289,0.66265683941257
P01,session_01,020,lean_right,0.8657352924346924,0.48125098476358263,-0.10937984180090687,-0.7948730354101684,-0.004127017159289702,-0.0036482922101215304,0.17216105755360728,-1.787753224493227,-0.03520456764475342,1.113683665796728
P01,session_01,020,lean_right,0.8974888324737549,0.4848868673300984,-0.1327370942015242,-0.79717630964981,-0.0013952431289130107,0.0042038454363077515,0.13949110146508034,-1.7868583409674457,-0.07009064237243602,2.2117363124244167
P01,session_01,020,lean_right,0.9297361373901367,0.49259861876450206,-0.13079571750153965,-0.7947150348502625,-0.010626575404325031,0.002632243358083258,0.3394928921917076,-1.7638072381417078,-0.03972849474171322,1.2779144316427695
P01,session_01,020,lean_right,0.962275505065918,0.49739723101366323,-0.1354603081627733,-0.7892951156463994,-0.0089783441192247,0.00012085166645073306,0.2759475084089102,-1.8632467150124112,-0.15546856877856843,4.785822887008784
P01,session_01,020,lean_right,0.9938011169433594,0.49821489249327594,-0.14925212824606765,-0.7857602643519155,-0.015979911029374457,-0.0033300796750980093,0.5177759598166702,-1.8952005643944216,0.06696451057379096,2.1863261196855865
P01,session_01,020,lean_right,1.0413143634796143,0.4945951729465043,-0.16351064265121026,-0.7870992478086093,-0.009629600337357744,-0.005579403504989568,0.2342334870595462,-1.8381000936118368,0.0845038456401149,1.7938903584520633
P01,session_01,020,lean_right,1.074178695678711,0.486456264606797,-0.17206775212379957,-0.782546342797278,-0.01731768627123174,-0.011955083352530444,0.6403123515091206,-1.6818287384258355,0.24501959872327664,7.482932918756125
P01,session_01,020,lean_right,1.105316400527954,0.48456249004502955,-0.17071044305258598,-0.7622901756244284,-0.017221906408881157,-0.021416403665385993,0.882593269339353,-1.8256090761393047,-0.16298857774908093,5.308330876359198
P01,session_01,020,lean_right,1.137068748474121,0.4892879243978334,-0.16896314680982483,-0.7449977525105913,-0.022960901962476646,-0.00563663352099667,0.7445951684781295,-1.8328795339737283,-0.1526038384028851,4.863402081255675
P01,session_01,020,lean_right,1.1694729328155518,0.48674667830184737,-0.16983456833088778,-0.733267589190656,-0.022534015769489005,-0.015449494657057281,0.8431497625272866,-1.7971955946963731,0.009511215116045291,0.8927790354084187
P01,session_01,020,lean_right,1.2022433280944824,0.47984128134367304,-0.16728323901372313,-0.7238796711191541,-0.01933060582013306,-0.017006606629065786,0.7856721227135904,-1.793692366107872,-0.0026470110580825166,0.7898133945239664
P01,session_01,020,lean_right,1.2330923080444336,0.47607417510002925,-0.1707685265246969,-0.7197501661522225,-0.022127828426076933,-0.008013760249984585,0.7628859928706617,-1.688277460983545,0.1404046603092249,4.61484861280604
P01,session_01,020,lean_right,1.265343427658081,0.48400014152056636,-0.1734212950047085,-0.6997266139156968,-0.0055498188713054885,0.001782658642899393,0.1807408911594279,-1.803575002671002,-0.04856250068090049,1.5165703298830029
P01,session_01,020,lean_right,1.2975196838378906,0.4843819584995625,-0.17530277121875107,-0.6929784096447316,-0.028981576927865804,-0.0023717847156859047,0.9037243325411476,-1.8040002260941845,0.0030919522971303913,0.9088188866242161
P01,session_01,020,lean_right,1.329634189605713,0.4859839626604841,-0.17040203397614723,-0.6877111599864331,-0.019282777216313187,-0.0022514373893161668,0.6045171670630995,-1.8195481789831738,-0.12276778889973716,3.870316455594947
P01,session_01,020,lean_right,1.3615400791168213,0.4895050464166922,-0.19151382238265208,-0.6729662751310714,-0.0024866798396120083,-0.001451196798956804,0.09023906539516006,-1.644778451968713,0.08060510550419814,2.5279505160859808
P01,session_01,020,lean_right,1.3939111232757568,0.4866121056981092,-0.18699101814514565,-0.664000966039135,-0.017693402572112087,-0.008279462244050418,0.6034633275079261,-1.7206236752524666,-0.05915093246169971,1.924348435121567
P01,session_01,020,lean_right,1.4413261413574219,0.48520569533467467,-0.20964323365028426,-0.6509284566495431,-0.0023228970008934845,-0.005479091428302917,0.125512110581837,-1.6882370921919871,0.0030233155271504213,0.14077992693160737
P01,session_01,020,lean_right,1.4734117984771729,0.48523148244108477,-0.21289899532084017,-0.6424342261858562,-0.009294157473415934,-0.0011829869913255171,0.29200405467187235,-1.6476326631337177,-0.039692680648720356,1.2710803747191515
P01,session_01,020,lean_right,1.5056567192077637,0.48425031274755914,-0.21285316480730448,-0.6399266231513805,-0.006444521113454129,-0.0005127780893426567,0.20049326096751433,-1.5620947504064189,0.17448536125845432,5.414964035584235
P01,session_01,020,lean_right,1.537438154220581,0.4870195347173276,-0.2240624352141628,-0.6332159373997821,-0.012499193885370841,-0.0028753498053539256,0.40355815463144,-1.601518133261171,0.09188960272545778,2.9193259320805582
P01,session_01,020,lean_right,1.5694363117218018,0.48593100163337344,-0.22223197118012925,-0.6512429094998938,-0.004765023848401176,0.018069518113235927,0.5840098747522026,-1.633113180246237,-0.013510464606534192,0.7206542912530322
P01,session_01,020,lean_right,1.6014142036437988,0.4824538911676072,-0.22704167494608607,-0.6543216518454561,-0.002935554496971266,0.00215338497098811,0.11384988990657435,-1.5974606887281213,0.12978212161056477,4.060091781406108
P01,session_01,020,lean_right,1.633514404296875,0.4821122166230775,-0.24375332958299933,-0.6585235799946967,-0.004405791741298387,0.004668912195145756,0.19998259540500943,-1.5792686833446092,0.0845846180126695,2.6425962205489233
P01,session_01,020,lean_right,1.6651225090026855,0.4770569708850904,-0.24332194267850607,-0.6664999439521985,-0.004487415763363784,0.0007635230306909156,0.14401079012523704,-1.538428064499141,0.0555129096253018,1.7621815533663017
P01,session_01,020,lean_right,1.6971166133880615,0.4771448684134333,-0.24455360774332888,-0.6567353237900401,-0.00995669979144799,-1.5052786210017976e-05,0.31120455975572514,-1.4940631397709985,-0.09734140287452776,3.058353978175882
P01,session_01,020,lean_right,1.7299394607543945,0.4795744114008494,-0.24081042441614423,-0.6466589581253411,-0.006272632976731958,-0.00043767505435375766,0.19157033598464837,-1.4981180864769992,-0.054643416712550456,1.6757840521528016
P01,session_01,020,lean_right,1.7616965770721436,0.4814687202145518,-0.25247907779902595,-0.6431206242941763,0.0018940946763203988,0.0018689715123613453,0.08379063431823817,-1.5666892941121553,0.00305408539510859,0.12755218779620406
P01,session_01,020,lean_right,1.7930290699005127,0.4865087248804357,-0.2498047733816809,-0.6380692047717437,-0.0023169971247256034,0.00301809720284095,0.12143674951913687,-1.5695614840290772,-0.00505907555848557,0.20203358288592504
P01,session_01,020,lean_right,1.8258371353149414,0.4898081647813453,-0.2526365875563942,-0.635196098722661,-0.005323980842825563,0.0009140727358642806,0.16465095778124983,-1.5567144233966141,-0.055870269789839104,1.7108843505590092
P01,session_01,020,lean_right,1.8733625411987305,0.4907126185043804,-0.249350255489654,-0.633838405850024,0.0016878691559688058,0.0016231432371988919,0.04927231199454108,-1.543081845819272,0.019599153962108443,0.41532626664947725
P01,session_01,020,lean_right,1.9054882526397705,0.49220696083830895,-0.2502960890700742,-0.6341835433602998,1.1413365143216667e-05,0.003324104755239231,0.10347239640949821,-1.5868844997215963,0.05471473399705964,1.7062849354984397
P01,session_01,020,lean_right,1.9374985694885254,0.49257367415247205,-0.25523048797570286,-0.6341203453990842,-1.4687170953788435e-05,-0.0001738259202893272,0.005449658724019989,-1.5703202818928803,-0.022161836784426764,0.6923556378815738
P01,session_01,020,lean_right,1.9694273471832275,0.49149843597597526,-0.2601056442333521,-0.6363823841515495,-0.0010151391520771553,-0.0007650398740718102,0.03981169206294713,-1.5347415374436433,0.08004253178786942,2.5072248383679296
P01,session_01,020,lean_right,2.001521110534668,0.49048518962762533,-0.2638921455846285,-0.6366066711513916,0.0013730292857295635,-0.001068115890820343,0.05420253851033222,-1.5479675775706245,0.011624654189656202,0.3662422299735437
P01,session_01,020,lean_right,2.0331292152404785,0.49318196200119796,-0.261970574919919,-0.6384059531960256,0.0006370539829088837,0.008843310585580381,0.28050485809826403,-1.5339454394481427,-0.07126248496542362,2.2719463851843735
P01,session_01,020,lean_right,2.0665247440338135,0.4952533003077632,-0.2604451526310268,-0.6333721857727015,0.0005419292807866221,8.737543410622938e-05,0.016437166733079937,-1.6094740605076967,-0.10586319137710107,3.170023603721772
P01,session_01,020,lean_right,2.097278118133545,0.49773848838617085,-0.26111677388962296,-0.6312454500276529,0.0004672531434871433,0.0010052491463726605,0.03604598549232758,-1.6284553575006246,0.040115212934891245,1.3049145894405911
P01,session_01,020,lean_right,2.129608631134033,0.4975965992499076,-0.2637849222617246,-0.6306608608717678,-3.460291285239157e-05,-0.0006262363596444937,0.01939937139799388,-1.618002737849966,0.006441322494935541,0.20017576858854155
P01,session_01,020,lean_right,2.161996603012085,0.4979523176665917,-0.2622141943727102,-0.6316478117881059,-0.0011185918524009627,0.0014185588060785241,0.05577785841655201,-1.5685372256133172,0.06291127558709231,1.9432278208925908
P01,session_01,020,lean_right,2.1933014392852783,0.4976915056258465,-0.2603367113042378,-0.6324076913188803,-0.002685832690260168,-0.001042530215815742,0.09203275645010729,-1.5601337731718334,0.014065684735710226,0.4586421547196787
P01,session_01,020,lean_right,2.225559711456299,0.5004042091682376,-0.26232733887010806,-0.6293560289433089,0.003636839896891548,0.0019906163961770987,0.12852458222780713,-1.5417195644137986,-0.029048830893261438,0.9096335282906961
P01,session_01,020,lean_right,2.257794141769409,0.5014911865903566,-0.2541743756245272,-0.6326187455452249,-0.0009599086694434118,0.0019793487469158553,0.0682446885083285,-1.5891680132115693,-0.06870866410999729,2.132622482011505
P01,session_01,020,lean_right,2.3052456378936768,0.5025256535824194,-0.25488268523547736,-0.6277855716289664,0.0005501806089101525,-0.0017566163693944748,0.0387924681124163,-1.536231825296949,0.026769451661286622,0.5654756492328601
P01,session_01,020,lean_right,2.3373522758483887,0.5013010804368743,-0.2551395070970018,-0.6269930811894541,-0.00036440587801342324,-0.003709914458315095,0.11610584588139433,-1.5343019043610557,0.041492584800784,1.2975417424510063
P01,session_01,020,lean_right,2.3691351413726807,0.4951336404792738,-0.2672979927557834,-0.6298518902739106,0.00740140287589617,-0.005413710690151915,0.2885204598850114,-1.5298314698570545,0.03606013565619734,1.1706882521275368
P01,session_01,020,lean_right,2.4014127254486084,0.4993866324592789,-0.2618765448568669,-0.6229223900999952,0.004717235945092037,-0.0009416568534076443,0.1490292712796958,-1.5848962405689195,-0.0848770959639307,2.6338184275444516
P01,session_01,020,lean_right,2.433452606201172,0.5004775007642449,-0.26210030519660293,-0.6243146695923415,0.0008499700756413238,0.002856149554816391,0.09300719689150667,-1.5926246966124435,-0.10162718308841247,3.173259719002522
P01,session_01,020,lean_right,2.4654314517974854,0.499497069548614,-0.2568236240021087,-0.6250163610053505,-0.005735175861236601,-0.00043400073046273834,0.17985557281840928,-1.5448966905234627,0.061219072655089204,1.9227917721332166
P01,session_01,020,lean_right,2.4980344772338867,0.495331758948891,-0.2660842603813919,-0.6305324262857611,0.005735315732416809,0.00024144771172276367,0.17606941960024067,-1.5239767725020648,0.03227812355662596,1.0055689775132786
P01,session_01,020,lean_right,2.5295090675354004,0.49742939468551495,-0.2666324188075671,-0.6272008020513429,0.0022370267026651644,-0.000751544512699334,0.07497780456958075,-1.6079356559250726,-0.08975519852097645,2.8526572124768563
P01,session_01,020,lean_right,2.561643123626709,0.4954829794525948,-0.2671273688972898,-0.6244311673057518,-0.0011792095388353612,-0.006282461159077205,0.19892201708750853,-1.541635791120887,0.0675352845736022,2.1110661332228724
P01,session_01,020,lean_right,2.5930819511413574,0.4962767255979331,-0.2666002060362384,-0.6269644587067577,3.381668317076689e-05,0.0028822473260184285,0.09168426205363835,-1.5315115060423672,-0.007597336360458569,0.2584626382240607
P01,session_01,020,lean_right,2.6255195140838623,0.495397507463058,-0.2652227681301087,-0.6273176784933662,-0.0003787272195868422,-0.0011049293689383735,0.03600868268217384,-1.5481813775451956,0.023241927887362134,0.7174170101612236
P01,session_01,020,lean_right,2.6574056148529053,0.49665283956976164,-0.2651592993142238,-0.6299603071363951,8.694919609677332e-05,0.0011927461496311687,0.03750572026229381,-1.5588045754429252,0.08139830901262425,2.5530589125577468
P01,session_01,020,lean_right,2.689606189727783,0.5034786332448079,-0.2580284920418015,-0.629442348870461,-0.002280640335966738,0.002019955136776582,0.09461203286961387,-1.6516841969568916,-0.11215308856598141,3.484237789373213
P01,session_01,020,lean_right,2.7372355461120605,0.4995255822293096,-0.25960114858456834,-0.6395675038827329,0.005890221319558167,-0.003733959211122177,0.14642302831936807,-1.6148849762297743,-0.014190667788359285,0.33197539580333335
P01,session_01,020,lean_right,2.768982172012329,0.4962006815908594,-0.26502790659746045,-0.6471450700447318,0.004053736413491589,0.002325983381175463,0.14721712964989048,-1.551838008883035,0.09524958102973488,3.00391525704845
P01,session_01,020,lean_right,2.801378011703491,0.49556494211777513,-0.27126879818870725,-0.6460939658580858,0.006892845911401594,-0.0004545837200789119,0.21323168743249335,-1.5299556041253677,0.09264841992789671,2.8678245627065095
P01,session_01,020,lean_right,2.833707571029663,0.49683095354277607,-0.25096718877659324,-0.6436349318599076,-0.001942856293921015,-0.0020855527164455926,0.08816395653705783,-1.508623139686295,-0.05364047825120824,1.6615182650720235
P01,session_01,020,lean_right,2.8655340671539307,0.4966901433788546,-0.24975902299513464,-0.6489652582712648,-0.0003860068355622681,-0.0014444242882665028,0.04697698945649603,-1.5437100525204819,0.02871496044477729,0.9034565822474107
P01,session_01,020,lean_right,2.897301435470581,0.49770560585525064,-0.25203615610694663,-0.6500159405002018,0.003996786533223474,0.0022916452350171066,0.14502812514377753,-1.596163061437284,-0.017889545206320537,0.5815172204131429
P01,session_01,020,lean_right,2.9298689365386963,0.5003099510853521,-0.24747576978368963,-0.6489826100999545,1.3402736688896067e-07,0.004116963304517168,0.1264132393237088,-1.6006773759690234,0.012253854099923895,0.39692825137011156
P01,session_01,020,lean_right,2.9620041847229004,0.4980041370516135,-0.2466386647890041,-0.6502153248335881,0.0011298756495722935,-0.004716088573705344,0.15091053340915553,-1.605871904962508,-0.0037494959785997223,0.19075609116200815
P01,session_01,020,lean_right,2.9930801391601562,0.49626805485523795,-0.24368982877944176,-0.6474874325240971,0.00022384708347294053,-0.005490754268570865,0.1768349636547757,-1.5985255626097437,-0.007121940426809295,0.2894708730158832
P01,session_01,020,lean_right,3.0250141620635986,0.49675071980463953,-0.23597607408363122,-0.640482387212883,-0.003310265289601332,-0.006705167852249748,0.2341632906536342,-1.5977742213332415,-0.20469714219115814,6.414277408966726
P01,session_01,020,lean_right,3.057264804840088,0.4979051455318716,-0.24073361237393115,-0.6340654796310111,0.007604189876737722,-0.005653165001024244,0.2938029893386443,-1.5397111978167648,0.1818298171875916,5.645671489716162
P01,session_01,020,lean_right,3.0897369384765625,0.49987458937135604,-0.2376932491529556,-0.6374740328350654,0.0025970297166747662,0.00633094555977908,0.2107318039045915,-1.5938676074888942,-0.22202126883245837,6.840532835828223
P01,session_01,020,lean_right,3.137726068496704,0.4994312078553534,-0.2376537913562473,-0.6364286277820128,-0.00016699356766291702,-0.0008434711734555412,0.017917459288957185,-1.4791043962848427,0.19467890523242384,4.0567687721642
P01,session_01,020,lean_right,3.1689977645874023,0.4975788320029318,-0.23909141156092145,-0.6386339789644594,0.002420074287301932,-0.0021790281681041343,0.10413634469502384,-1.4990453313122845,0.10584676793095701,3.3863481985560777
P01,session_01,020,lean_right,3.201075553894043,0.4952520235575968,-0.2378398093256129,-0.6496804514619314,-0.0007479284229791476,-0.002243604740715628,0.07372659185969811,-1.5271106138317787,0.028022102086737888,0.8766727594126977
P01,session_01,020,lean_right,3.2334680557250977,0.49284165168066774,-0.23787752257916658,-0.649769722908505,0.0006885459918216646,-0.008244713139502148,0.25541141327060635,-1.562022079139493,-0.005336329700986821,0.30393115211724936
P01,session_01,020,lean_right,3.265101432800293,0.4915691782648059,-0.2406056540398879,-0.6555245688988531,0.007223878706138353,0.005975934304510599,0.2963736079413492,-1.5894951561111301,-0.11953323654961688,3.79031100248393
P01,session_01,020,lean_right,3.2979848384857178,0.4903348119268696,-0.23907176185949539,-0.65377903040262,-0.0009566091181996145,-0.003198219187982954,0.10151683085555217,-1.5768411571765246,-0.03988021908416323,1.2170177961928796
P01,session_01,020,lean_right,3.3296985626220703,0.48865077435914106,-0.23342471160819847,-0.6528278485113285,-0.00085207732787194,-0.005588361139186743,0.1782492502284449,-1.5652559271266484,-0.02839443556414656,0.9129069826631253
P01,session_01,020,lean_right,3.3619048595428467,0.4836599091391087,-0.23782958333706417,-0.6629517570309751,0.009069311283255258,0.0034651691614828433,0.30145498832523393,-1.5795130930154706,0.002018863404346395,0.3079034989822346
P01,session_01,020,lean_right,3.3930885791778564,0.4840996093998974,-0.2347713084018938,-0.6553228168946901,-0.001724716147712,-0.0030507235644188775,0.11238254192829895,-1.6032599814856305,0.030916687009882447,0.9977859247295685
P01,session_01,020,lean_right,3.4254279136657715,0.48877791732940573,-0.2300857410499136,-0.6556415086957641,-0.0006984472719559818,0.0018785823176747094,0.061974700698615215,-1.6042821052755818,-0.15041828738756252,4.651661563532898
P01,session_01,020,lean_right,3.457423210144043,0.48677643930464093,-0.23241026962787778,-0.6557920503350826,0.005470931648227513,-0.0002829153603865212,0.1712202258634395,-1.5671719555881807,0.09008402213555564,2.820740901443019
P01,session_01,020,lean_right,3.4893887042999268,0.488318671805653,-0.22559133040241844,-0.6505919233953585,-0.004551111469576614,-0.0030777060195790133,0.17187526303804304,-1.5692672437883388,-0.02493638233623053,0.7988128778333661
P01,session_01,020,lean_right,3.5214102268218994,0.4903447531649002,-0.22712943307501754,-0.650586523407012,0.00287939493565489,-0.0030139353084633175,0.13017181051277799,-1.5296212779146257,0.008286787446102499,0.2896825094494468
P01,session_01,020,lean_right,3.569739580154419,0.4905379155398776,-0.22003090734690856,-0.6529024954225247,0.0012403232617525038,0.002488438271553709,0.057530636569379026,-1.5114642467450183,0.15830392746975755,3.2760285835808562
P01,session_01,020,lean_right,3.601041316986084,0.48974475921861915,-0.21880195581648565,-0.6485701004048097,0.000789663502211345,-0.0063838809418077175,0.20550089164579208,-1.606427782992605,-0.1370771802171431,4.384038678764966
P01,session_01,020,lean_right,3.6334285736083984,0.4911349692543224,-0.21597269743428482,-0.6476694614817206,-0.002319717445160692,-0.0056571229610842995,0.1887858641239229,-1.5853381990865834,-0.12745280552360677,3.939802047565608
P01,session_01,020,lean_right,3.6654908657073975,0.4896224830528386,-0.21138126716513625,-0.6421789049918144,-0.004959757356335697,-0.007454012286131239,0.27924688039086454,-1.6187995628269678,0.05346909546372156,1.6908809580058881
P01,session_01,020,lean_right,3.697767734527588,0.4888227100247465,-0.21056987980060804,-0.6268616904513915,-0.0009643313390096205,-0.01910546170917811,0.5926777848939171,-1.6073777188137768,-0.035857515070308744,1.2591442902774053
P01,session_01,020,lean_right,3.7292280197143555,0.4900739980610858,-0.20956299212900223,-0.627188762448637,-0.0005325828654729073,-0.0010145854476742344,0.03642288658889515,-1.7072406341122754,-0.13215705198546934,4.200916132465511
P01,session_01,020,lean_right,3.761263608932495,0.4933098932067952,-0.21042900099417874,-0.6245543158060135,0.003431268666355455,0.0014686396263720691,0.11650665819611478,-1.6158666710394898,0.027716087283755606,0.872974903812321
P01,session_01,020,lean_right,3.794365644454956,0.4941129734760458,-0.2113870089358595,-0.6278423283204376,0.001309879007246612,0.003077743326796177,0.10104785495441526,-1.552121979312695,0.13126381075147844,3.9667174336626903
P01,session_01,020,lean_right,3.8260881900787354,0.49717275411497364,-0.20944634640254847,-0.6283252297018684,0.0029565155306058694,0.004142462099698646,0.16043164508750962,-1.6065261795720867,-0.14111147943014632,4.4511946220751115
P01,session_01,020,lean_right,3.857731580734253,0.49787052738033544,-0.2117762775467599,-0.6350733070433703,0.0025948306362115763,0.0017077340566276336,0.09816788384367629,-1.5242501268718331,0.09386329872646829,2.9679084511083564
P01,session_01,020,lean_right,3.8893961906433105,0.4980070068394417,-0.21158787162105178,-0.6337746315283919,0.0008220358265171183,0.0008661103277532307,0.03771107125012086,-1.5476341309161104,0.07136795778366138,2.2541868349802074
P01,session_01,020,lean_right,3.9264278411865234,0.4969355591255868,-0.2113069374507221,-0.6353874851584064,-0.0007541729969085384,0.00027611204260444803,0.021687613254190292,-1.517879355812848,0.041688420517720974,1.1259599646970033
P01,session_01,020,lean_right,3.9638512134552,0.49781911612423246,-0.2120023504364113,-0.6377513750803889,0.0011146631345288016,-0.00018223138969517891,0.030180631670784334,-1.5266582240825177,0.004323236176915964,0.11939968814510178
P01,session_01,021,lean_forward,0.00022554397583007812,0.4830565172960461,0.01615741602031089,-0.8081030221686617,0.0,0.0,0.0,-1.8477987690099147,0.0,0.0
P01,session_01,021,lean_forward,0.03131365776062012,0.48506538089102735,0.018735515559845435,-0.8119952205365263,-0.0020397093644787968,0.00011562971290718241,0.06571592711827845,-1.9665263852948058,0.0312850872383764,1.0084793869442517
P01,session_01,021,lean_forward,0.06307435035705566,0.4871856578064958,0.024134963922750628,-0.8143173775673663,-0.00116515095512909,0.00266522087278938,0.09158415556389882,-1.9704169565702592,-0.032752199432128724,1.035276929474165
P01,session_01,021,lean_forward,0.09514522552490234,0.48840986559968835,0.0258384699032485,-0.8157522290403285,-0.0012294735141198916,0.00022473328465450203,0.03897131126585384,-1.9989262931473784,0.037693440509420265,1.175962796975996
P01,session_01,021,lean_forward,0.12707042694091797,0.4889345748785401,0.02708387870452522,-0.8195688145355959,-0.0012098680017061888,0.0035682846837564613,0.11802011162977676,-2.02656654170572,0.043615561648388805,1.3712679101441074
P01,session_01,021,lean_forward,0.15895557403564453,0.48951140623908385,0.02843257952287016,-0.8223354066157167,0.0005316805248959345,0.0020848354396583516,0.06747853198908878,-1.9776429716580737,0.06480021538978865,2.0334209076249348
P01,session_01,021,lean_forward,0.1909618377685547,0.48888276926392416,0.03733931621013784,-0.8234537175831295,-0.0010360771603055287,-5.93750973251109e-05,0.032424187234644804,-1.9740433121274326,0.04291094366939912,1.3410965810125954
P01,session_01,021,lean_forward,0.22289013862609863,0.4887958723265145,0.03786030478288119,-0.8286553281201897,-0.00010621130115576283,0.0004794751276055792,0.015381275531814514,-1.8870981051255662,-0.013762807968793029,0.4313279044412632
P01,session_01,021,lean_forward,0.2713961601257324,0.4879235911648806,0.04147025672429616,-0.8304599232164381,-0.0012008307627496867,-0.0004462497229221369,0.026410479046025916,-1.9093897498152175,0.02885667786366257,0.5954951346361158
P01,session_01,021,lean_forward,0.3029320240020752,0.48786495865866214,0.04199930810269182,-0.8381531173310789,-3.463646341865266e-05,0.0008157589638319006,0.02589096509255863,-1.944626822707548,-0.0010250743816520298,0.04155621999600941
P01,session_01,021,lean_forward,0.33488917350769043,0.48717103005307716,0.043566893845862056,-0.8379059657667193,-0.0007140870203092037,-0.0003483873537788842,0.024862672171012606,-1.9271101531103982,0.0880419806072994,2.755113240195547
P01,session_01,021,lean_forward,0.366527795791626,0.4874794119525504,0.04500628075536032,-0.8423912794739351,-0.0005375648988033819,0.003072000295686471,0.09857191233425898,-1.9601780103194362,-0.03092340093461051,0.9823520429567218
P01,session_01,021,lean_forward,0.39884352684020996,0.4873982519600666,0.04717212764127895,-0.8436322972147688,-8.062064627879652e-05,-0.00019285363546706424,0.006468268475406087,-1.9625047037399683,0.014484292469845079,0.44825848536303
P01,session_01,021,lean_forward,0.43062877655029297,0.4872784740033531,0.04714063526909727,-0.8456319254766571,7.660385340627937e-05,-0.00205958863349817,0.064841797776326,-1.9774783085687258,0.05873734249091602,1.8490806571626304
P01,session_01,021,lean_forward,0.4633669853210449,0.4878289785339772,0.05045432619208523,-0.8482239014751835,0.00010324504498802975,0.001341574667418422,0.041100036458943806,-1.952195156968205,-0.020488933359067558,0.6271897134145906
P01,session_01,021,lean_forward,0.4950525760650635,0.4877763650547758,0.05066090410393364,-0.8468211734327162,-6.476423212389457e-06,-0.003928928251629283,0.12399748583564357,-1.9215057204297843,0.08768770010456058,2.7702079644623057
P01,session_01,021,lean_forward,0.5272388458251953,0.48851694963891035,0.050100388651988466,-0.8496954929135404,0.0007005285450809002,0.0013736655272652296,0.047907954500580205,-1.8919596210465055,-0.0330811839970054,1.0289201591349275
P01,session_01,021,lean_forward,0.559495210647583,0.48973911468736153,0.050694588085214584,-0.8418338210081007,0.0011717334808786963,-0.005274169866931011,0.1674944184092731,-1.996872640416466,-0.1146139426032923,3.557164992039594
P01,session_01,021,lean_forward,0.5908596515655518,0.4903000918395336,0.05372179121342333,-0.8416059992207422,-0.00048061782374013884,-0.0029838787109401055,0.09636192105325168,-1.968395704772904,0.09238830659758294,2.9472143032257354
P01,session_01,021,lean_forward,0.6227006912231445,0.4951888191724789,0.0545773971495477,-0.8438988943790341,0.003983863637612461,-0.0006514891438500626,0.12677920943969417,-2.0163072625544727,-0.1454850487910475,4.570863388483217
P01,session_01,021,lean_forward,0.6552016735076904,0.49625394804952894,0.05508037918166691,-0.8436125677716965,-0.0006048697290341932,-0.004790734004591412,0.148572984183166,-1.9780751713194906,-0.008372088878594005,0.29737029012937954
P01,session_01,021,lean_forward,0.702826738357544,0.4996166109412773,0.058028996488112744,-0.8504983277603432,-0.00043321090932678483,-0.0023614393774084347,0.05041142263881125,-2.0361901443463477,-0.05836321758621367,1.2265091479333512
P01,session_01,021,lean_forward,0.7345194816589355,0.5014733421482954,0.05749283537628043,-0.8564409014607841,0.0015446030624462136,-0.0011910865346009894,0.061544344159127184,-1.9850170847717472,-0.016358184684751694,0.519805465514291
P01,session_01,021,lean_forward,0.7666175365447998,0.5091190424752885,0.05294865625941786,-0.8615195484221972,0.0050744297628756135,-0.0030631262942379823,0.18466147801368032,-1.982707041054469,-0.22045544370646888,6.870669014414895
P01,session_01,021,lean_forward,0.7984857559204102,0.5160095152030272,0.04848511642992655,-0.8747614463046736,0.004060058383273628,-0.001341599575874862,0.13417678287128748,-1.9819092624348464,0.0036887490857016496,0.177204658867216
P01,session_01,021,lean_forward,0.8310019969940186,0.5253377595482805,0.04692169716990711,-0.8772611453489636,0.0015620559002855639,-0.005371350601297913,0.17203322950743885,-1.9574123621075024,-0.029711653393412422,0.9298016005091363
P01,session_01,021,lean_forward,0.8628239631652832,0.5285053107327871,0.047506200808251214,-0.8733577268608814,-0.00013626601395927648,-0.016218052228748885,0.5096675860010955,-1.9323170390218212,-0.017320275958049525,0.7456602193697801
P01,session_01,021,lean_forward,0.8959288597106934,0.5421765243389093,0.04118332145971414,-0.8682691133235088,0.006479509902610209,0.001351661450866023,0.19993992862240056,-2.010053105122121,-0.06312720706174148,1.9173376491818752
P01,session_01,021,lean_forward,0.9268834590911865,0.54494039544395,0.040784017094382966,-0.8520442458443162,0.0016551121779225485,-0.013248444524905412,0.43132297308509077,-1.909016525382699,0.015108094091984395,0.6513481727989544
P01,session_01,021,lean_forward,0.9587030410766602,0.5589614449860176,0.04099946759183314,-0.8579657277742503,0.0011373382649478181,0.0011801787260445798,0.05150953728058129,-1.9754215401188684,-0.027145336997227234,0.8546552577333489
P01,session_01,021,lean_forward,0.9905591011047363,0.564262131758905,0.04703941266331755,-0.8598028898534038,-0.0025459377235491744,-0.0027893423310771832,0.11855002495649768,-1.9141668438811994,0.007029552529962633,0.25049478265403285
P01,session_01,021,lean_forward,1.0229582786560059,0.5706772722339177,0.05014572301025845,-0.8734391797487527,0.00036276516086883564,-0.0057540565349472285,0.17795144556455403,-1.9611187475337974,-0.028782502792441936,0.9060190203772187
P01,session_01,021,lean_forward,1.0548701286315918,0.5782493594966307,0.05302028430768141,-0.869300304774676,-0.000683792045395342,-0.002549318992533273,0.08271007629491607,-1.9682754184710873,-0.01070220234426071,0.34541630218885305
P01,session_01,021,lean_forward,1.0873630046844482,0.5834837685733832,0.05090309311370751,-0.8683659701252148,0.0019731371773613654,-0.0062590193364970214,0.2019724762230696,-1.9600620470471124,-0.04520527707860725,1.4058207726569076
P01,session_01,021,lean_forward,1.134868860244751,0.5956088721479003,0.04431737221449486,-0.8672597814631114,0.005988884119773316,0.0004614387560551302,0.1264398775304538,-1.9565557663744362,0.016667586175803106,0.3729411220311852
P01,session_01,021,lean_forward,1.1668307781219482,0.5980610333209723,0.04275876655822047,-0.8806096154778768,0.001291783881932998,-0.0008272539530135285,0.04799358372095544,-1.9200697798061193,-0.022660160612228593,0.7105963376380152
P01,session_01,021,lean_forward,1.1989717483520508,0.6046574074799552,0.045050157198518556,-0.8784971829336409,-0.0010542691910938597,-0.001101684196322111,0.04744280843723304,-1.913906784614254,-0.09143550024332683,2.8452225814170022
P01,session_01,021,lean_forward,1.2310469150543213,0.6128900476906233,0.04277725067286749,-0.8802262982048061,0.0006864030251590317,0.0003822481000832494,0.02449436036606045,-1.9095626641748815,-0.07147485136441517,2.2284894086068365
P01,session_01,021,lean_forward,1.2627973556518555,0.6165445233179082,0.04287871088283503,-0.8743142276398086,-0.0009059686790265502,-0.008864692651212916,0.2806533413939923,-1.8698615416639215,0.0285418924869216,0.9417366912535137
P01,session_01,021,lean_forward,1.2947301864624023,0.6210937143973033,0.044369226275976975,-0.8714127470299246,-0.002428942645651549,-0.005676557758325366,0.19335549342762606,-1.8912393946295223,0.003769880786804878,0.22654735235216492
P01,session_01,021,lean_forward,1.3283803462982178,0.6241572196734599,0.04515502164562075,-0.8761639143282904,-0.001943156745866317,-0.002458597503474605,0.09312815334548777,-1.9078283074199704,-0.0234617937288517,0.7034188531292668
P01,session_01,021,lean_forward,1.3591301441192627,0.6281704195636347,0.04809560827770929,-0.877320253536709,-0.003504902969233726,-0.0029396189950280324,0.14876397734070348,-1.913259332564694,-0.04726618510699582,1.5443037920190048
P01,session_01,021,lean_forward,1.3908030986785889,0.637518406086019,0.05091908174784658,-0.8725320179882431,-0.003932039950383475,-2.1831031735224642e-05,0.1241469451943833,-1.9470897593286025,-0.08153890353106404,2.5773932258157704
P01,session_01,021,lean_forward,1.422959327697754,0.6440815695086088,0.05473737635165675,-0.8732278505834057,-0.005151990819868659,-0.0080545382923334,0.2973391952709119,-1.9677189435273017,-0.04016640688877235,1.2840039576532065
P01,session_01,021,lean_forward,1.4545834064483643,0.6503915913006714,0.0506599979534406,-0.8690679428342375,0.004908247978351877,0.003121723657660121,0.18393822444251856,-2.035494417840098,-0.04219763732533156,1.346969647179234
P01,session_01,021,lean_forward,1.4865577220916748,0.6507752173645974,0.04688123218845856,-0.8798532429336355,-0.000810458951697828,0.0023441600689085135,0.07757190191852387,-1.979205147970158,0.09111280513203594,2.850617972911477
P01,session_01,021,lean_forward,1.51926589012146,0.6598644982428116,0.0500488035660481,-0.8693881935161955,-0.0038654549105563603,0.0020524015761879816,0.1338056912162206,-1.9098366040388863,-0.05278795100335278,1.6194445718323736
P01,session_01,021,lean_forward,1.566850185394287,0.665572682327932,0.05263972880159282,-0.8676670047845302,-0.0032118962270426973,0.0004047837321725054,0.06803300217840248,-1.8704930888199207,0.03083919193312361,0.651657063438988
P01,session_01,021,lean_forward,1.599039077758789,0.6726528326628316,0.05373192326474202,-0.8731142510259661,-0.0016841021419536824,0.012247367104209688,0.38406456777868575,-1.9267579070999863,-0.04998023140908753,1.5995108028102314
P01,session_01,021,lean_forward,1.6310434341430664,0.6718358213994371,0.05417520920420556,-0.8669038216064922,0.0005893607375953051,-0.008784251896851777,0.27508757075105483,-1.925049879418862,0.024897186378293194,0.8251363980809485
P01,session_01,021,lean_forward,1.6631159782409668,0.6757496074837702,0.05603269863814786,-0.8683270997239118,-0.0018793886850459623,0.002348419957995317,0.09378279236759623,-1.8885768467085082,-0.006267025192042903,0.2167417410380967
P01,session_01,021,lean_forward,1.6949963569641113,0.6764446138840456,0.05573669028974707,-0.8716304780359758,0.0013650713419955437,0.003949208138193795,0.13106733755768996,-1.876884760360039,0.0021561201396178647,0.1474878861150827
P01,session_01,021,lean_forward,1.7271747589111328,0.6787705283782236,0.052108865920197055,-0.874182833144108,0.002377198438080507,-0.00028921099158029826,0.07442030800187295,-1.9000278312415315,0.0036125249681560317,0.1346919775299072
P01,session_01,021,lean_forward,1.7594552040100098,0.6842819597623081,0.05149662845033514,-0.8695621663292926,0.0013773430403713268,0.002873998684292002,0.09872837253288065,-1.9332839819110534,-0.06656236526057045,2.0643649061851024
P01,session_01,021,lean_forward,1.790940523147583,0.6897754499567408,0.04585908081586017,-0.8663509916036316,0.004230833910909288,0.0038658850472696018,0.18202317440621887,-1.892284496097616,-0.013299187227860613,0.4599440391585621
P01,session_01,021,lean_forward,1.8224830627441406,0.6894918496446003,0.045172491040651463,-0.8663897734240017,0.0002036263965133183,-5.64932498923598e-05,0.006699453022750692,-1.9232412439686548,-0.003456807697124311,0.10979650785070622
P01,session_01,021,lean_forward,1.8545637130737305,0.6903097620339252,0.046547672396772176,-0.864968723620568,-0.00012809248164731362,-0.0009296742500145774,0.029253059992350054,-1.8983776359184776,0.005966597011656667,0.18827388976777157
P01,session_01,021,lean_forward,1.8868772983551025,0.6895259486029024,0.04876224190592323,-0.8604625847863753,-0.0003209409962572365,-0.0053090223410228446,0.16459684711627176,-1.9793032233669392,0.2179974482517686,6.748317150450922
P01,session_01,021,lean_forward,1.918565273284912,0.6899417237231644,0.050013438845333005,-0.8586716423012957,-0.00039015183040918525,-7.334582280547998e-05,0.012527977029952687,-1.9788918970017455,0.002987870382378007,0.09511898400268076
P01,session_01,021,lean_forward,1.967639684677124,0.6900759188920882,0.05577718055579735,-0.8528819272279612,-0.0017009315724340287,-0.0043540289643877825,0.09525284149452347,-1.9853408575196065,-0.10380099544299844,2.1173192343281535
P01,session_01,021,lean_forward,1.9991843700408936,0.6880788372571266,0.052705280510741435,-0.8539155517016496,-0.00030266681311605457,-0.0014428215338468816,0.046734516539753676,-2.042788454753752,-0.03536212128902748,1.1219905138099326
P01,session_01,021,lean_forward,2.031543493270874,0.688310956883361,0.049652452785147516,-0.8527501127148318,0.0008568301905015865,-0.0010504469472950714,0.04189173647161394,-1.9692099068430817,-0.01486754141689272,0.46136022751905625
P01,session_01,021,lean_forward,2.0626943111419678,0.6868980036822047,0.053582943847721616,-0.8547816400207975,-0.0010514254318563275,-4.564293822924048e-05,0.033784527329311136,-1.9851121711804542,0.16725520635564903,5.369313835003598
P01,session_01,021,lean_forward,2.094933032989502,0.6856149059245946,0.0525324821820995,-0.8614262241780356,0.0008332493408379308,0.0004992736767930134,0.030130840178550975,-1.9720430875281063,-0.019731264409885547,0.6127774166501259
P01,session_01,021,lean_forward,2.126941680908203,0.6838156849590626,0.05510642472985162,-0.8623847484361896,0.000710229535374806,-0.0013231178009937093,0.04691506985322828,-1.9676538554847622,-0.01890425423239337,0.5924587914107889
P01,session_01,021,lean_forward,2.1597492694854736,0.6826202789673455,0.058977211976513885,-0.8608448515348635,0.0002842291319238331,-0.0017721507920464361,0.05470683479712636,-2.056890643587065,-0.08371793845659904,2.5523721465795517
P01,session_01,021,lean_forward,2.1916890144348145,0.6747085827828474,0.051956090409462176,-0.8717737595029714,0.005762294295459831,0.0008865934571316197,0.1825343787093937,-1.9378779653296012,-0.029281215387633477,0.9347595603975886
P01,session_01,021,lean_forward,2.2225451469421387,0.6746577687571418,0.05194339423148749,-0.871577777440064,-1.572593878162056e-05,0.0023130382204584713,0.07496375892971427,-1.9113652319226706,0.031760874590705826,1.0320474382578533
P01,session_01,021,lean_forward,2.2545454502105713,0.6750874597208147,0.054891337399964296,-0.8716494067623964,-0.0003756040877429004,0.000755512397688361,0.026366258934762205,-1.9205791751856174,0.04637761899270179,1.449526673651441
P01,session_01,021,lean_forward,2.286882162094116,0.671619249452764,0.06011305804921065,-0.8720571213789061,-0.0006074667205256246,-0.0030242544144855397,0.09539190441676683,-1.9286646714312583,-0.004914668573095643,0.17944025683821374
P01,session_01,021,lean_forward,2.318873882293701,0.6694397123918981,0.06691285124758407,-0.8728250294548526,-0.00148678901615533,0.0007926039312706733,0.05266558860989,-1.9463254968232304,0.060205311376116774,1.8826396976579136
P01,session_01,021,lean_forward,2.350518226623535,0.6655836616166126,0.07976176644390288,-0.8675064976157385,-0.0012462454177757769,-0.002893752957023475,0.09956609209942854,-1.9977433935282505,0.06458898510621026,2.0435179736082056
P01,session_01,021,lean_forward,2.3991518020629883,0.667391077559099,0.07552951228643015,-0.8658797394380682,0.003720361074241937,0.0010547501734244097,0.07951269152929595,-1.875005135652874,-0.13867414982270931,2.85251607263232
P01,session_01,021,lean_forward,2.430881977081299,0.6623017323115105,0.06889874605858894,-0.8617970776487277,0.0022290598401217684,-0.0013501231195630222,0.08213186233123558,-1.9009483333987789,0.04054009705321937,1.2802883664709888
P01,session_01,021,lean_forward,2.4631597995758057,0.6571946312496565,0.05597527939553367,-0.8653449801745218,0.0035235457512516463,-0.00048476784680767947,0.11019133958144728,-1.9028364191371456,0.10965738920628772,3.3990847871349246
P01,session_01,021,lean_forward,2.4951236248016357,0.654152973441257,0.05396745977929187,-0.8654297220149817,0.0024516928640322924,0.0008442016718794064,0.08112190285847438,-1.9355543856140165,-0.013782355400717008,0.43875069119693394
P01,session_01,021,lean_forward,2.5271451473236084,0.6554599462692194,0.05332445511879307,-0.8660401641831876,0.0005418511512355404,0.003275182108032447,0.10367095657315223,-1.9230264506863117,-0.013060671299465917,0.4208407679491831
P01,session_01,021,lean_forward,2.5592525005340576,0.6545617803192323,0.05393372022841915,-0.8655711686511018,0.00047421969653904065,0.0006644675964947203,0.025425147416790916,-1.922923238763569,-0.004929553698265271,0.155624444909441
P01,session_01,021,lean_forward,2.5911505222320557,0.6535447761193331,0.06660476705533891,-0.8490623428657083,-0.0008315349897929478,-0.0008672862062446983,0.037667350476183206,-1.9923859257854006,-0.0887158228062739,2.7814878165776156
P01,session_01,021,lean_forward,2.623485803604126,0.6479485545360157,0.06579327518401493,-0.8427301003404134,0.00428332011121455,-0.005967285018026687,0.22716451849858144,-1.899154206682019,0.0022504379700782327,0.23758673838887576
P01,session_01,021,lean_forward,2.6546132564544678,0.6465160406886971,0.06479239825149045,-0.8455972600031911,0.0011447219021283232,0.003188654135059095,0.1088397910131357,-1.9129579865999828,0.009113383996000146,0.31235257035025554
P01,session_01,021,lean_forward,2.6869328022003174,0.6470804968427821,0.05719269588938338,-0.8464946442858424,0.0003437088314111411,0.0014993723502180426,0.047595441479094974,-1.8802511541447255,-0.0662824824430455,2.051400422660684
P01,session_01,021,lean_forward,2.7188303470611572,0.6462182861997761,0.05871527804586012,-0.8477775526128917,-0.0010542699810767871,0.00034823733892283857,0.03480815709326978,-1.8223230891465367,0.090930759926474,2.850925944433981
P01,session_01,021,lean_forward,2.7524163722991943,0.6459392176356832,0.0603922689986204,-0.8482154285939457,-0.0027121511904625827,-0.0009688511716472101,0.08575014001730216,-1.8525803776758911,-0.0044059913085205,0.15672478369386633
P01,session_01,021,lean_forward,2.7830147743225098,0.645656002054017,0.06690259151314708,-0.8448815464229013,4.700059269135691e-05,0.0006505999057055494,0.021317956496186515,-1.930421728898989,-0.025546997333183937,0.83518490724425
P01,session_01,021,lean_forward,2.831080913543701,0.644696018755793,0.07404760239991516,-0.8437259222745696,-0.0008375743188304006,-0.0018294772675836871,0.04186092176583393,-1.9543732065759454,0.03239519042957605,0.6752698928918323
P01,session_01,021,lean_forward,2.863046407699585,0.6423663178848644,0.07998189661708432,-0.8311446169982264,-0.0015808840789222963,-0.014742762687182127,0.4638526905670366,-1.9606459338936355,-0.0055790887135677555,0.49560234924379715
P01,session_01,021,lean_forward,2.8950955867767334,0.6459467790817841,0.08156587281032124,-0.8280577002443138,-0.0004175783177274456,0.005731837110134683,0.17931903237065672,-1.9952017745506019,-0.04892481968819702,1.5370504435691543
P01,session_01,021,lean_forward,2.9272007942199707,0.6456283850807981,0.08197620964125127,-0.8297363880798894,0.00014937434207529905,0.0034738304966683265,0.10830145109868966,-1.9900147458010389,-0.0036687187761003143,0.15743964235228508
P01,session_01,021,lean_forward,2.9589054584503174,0.6450650150055274,0.07277569968501643,-0.831009349090645,0.00038525436976033316,0.0005661408540900162,0.021599008361467036,-1.9016449064507261,-0.014644309200544695,0.4624023527167644
P01,session_01,021,lean_forward,2.9910473823547363,0.6437870809266003,0.0703698197058951,-0.8350198266000202,-0.0005589204887593277,0.0012618791678716647,0.04293831258231181,-1.9478466178335152,0.06914268283654824,2.151596637074599
P01,session_01,021,lean_forward,3.022922992706299,0.6428188330672102,0.06685217752799497,-0.8376465065383454,-0.0007434715160868818,-0.0021238864212927673,0.07059485466958226,-1.9452074928356557,0.01914376855078932,0.6047121195299147
P01,session_01,021,lean_forward,3.0549373626708984,0.6409747799515023,0.07225069267628176,-0.8355529316683871,-0.001250270563915727,-0.005586039776125669,0.17880246135224842,-1.9563019233612837,0.003293913884402182,0.20629199050192892
P01,session_01,021,lean_forward,3.087130069732666,0.6386424531785191,0.07288065219839808,-0.8356665280385845,0.002011954690405954,0.00022567248755479724,0.06288913490457314,-1.9650058532928172,-0.0001226825826678168,0.06300449273421774
P01,session_01,021,lean_forward,3.118877649307251,0.6435581048260985,0.07255865302346504,-0.8398624910327991,-0.001722485855805764,0.008228495641206713,0.26480281000641365,-2.026820996003891,-0.02660738950624452,0.8789303571146938
P01,session_01,021,lean_forward,3.150970697402954,0.6431462583894865,0.07150174331219175,-0.8381765307040789,0.0011448926588755258,-0.0001735370390265547,0.036081643071246054,-1.9907130675191886,-0.030852846652481593,0.9620329422320462
P01,session_01,021,lean_forward,3.1829097270965576,0.6435748132745978,0.07254573650520699,-0.8384876285633966,-0.0008262642157451199,0.0006468227632980908,0.03285414224136458,-1.9249715871385322,0.008794390853825194,0.2773024622204834
P01,session_01,021,lean_forward,3.214862108230591,0.6433969294199928,0.07598477418718556,-0.8362979190171503,-0.00026503303066043027,-0.0009750880986468682,0.03162408749638267,-1.9855682683971236,0.060277545941724436,1.8867456098798203
P01,session_01,021,lean_forward,3.2631595134735107,0.6413125557070766,0.07423330620785625,-0.8363629157312122,0.0011652094207405311,-0.002107312419331613,0.0498578137898634,-1.9690221736619897,-0.11681631062626763,2.4192009113370165
P01,session_01,021,lean_forward,3.295450210571289,0.6405450492081324,0.07426186178020205,-0.837586519018497,0.0005763703430307962,0.0011749803554165102,0.040529717314786835,-1.9812786838754584,0.07116703498874653,2.2043211791982418
P01,session_01,021,lean_forward,3.32664155960083,0.6403427669484942,0.07600101575708364,-0.838153022737696,0.00014027518434316704,0.0006127149309481731,0.02015197196765278,-1.997021704627577,0.009050029909056906,0.2908444939158167
P01,session_01,021,lean_forward,3.3590190410614014,0.6401870603103855,0.08411659045095517,-0.8383966346167531,0.00010388195346513039,-0.0005517870465705537,0.017341699291953203,-1.9987424131747737,0.001283034066525861,0.043255775098255005
P01,session_01,021,lean_forward,3.390873908996582,0.6405387209609839,0.08426814939976933,-0.8415414903113466,-0.0002149545763987296,-0.0004386562221400915,0.015334934853176623,-1.958905341797138,0.04786331206537964,1.5026213535382782
P01,session_01,021,lean_forward,3.422771453857422,0.6401305130195877,0.0859552797340932,-0.8371042589418695,0.0006604524183631737,0.00023818374258748035,0.022010751985895163,-1.963135034865714,-0.01729918838632874,0.5427825172142265
P01,session_01,021,lean_forward,3.454535484313965,0.641631844247663,0.08457392005642114,-0.8392255146832002,0.0014352338806680718,0.0006567704554254543,0.04969040139874369,-1.9174077164809695,-0.08944688743902728,2.8164187886779306
P01,session_01,021,lean_forward,3.4874417781829834,0.6424516521809653,0.07519884303619234,-0.844344683033818,0.0007005116553888456,0.002662927725157055,0.08367776517976828,-1.8966774508523878,-0.02086978277373674,0.639714911512509
P01,session_01,021,lean_forward,3.518613576889038,0.6425610659369683,0.07705068637490184,-0.8428734065363324,-0.000665711333112655,-0.0014539832150731451,0.05130075737720399,-1.9107756335446353,0.014590711591445198,0.47087697947452056
P01,session_01,021,lean_forward,3.5506319999694824,0.6417489366382142,0.08061555495387382,-0.843376610503838,-0.0005518140748730653,2.8606561760724445e-05,0.017257410570359916,-1.923706573264804,0.036912634861311154,1.1529852737910071
P01,session_01,021,lean_forward,3.5825538635253906,0.6415888293110996,0.0858327054444192,-0.8447067704396499,-4.5545021618458094e-05,0.001011141285660985,0.03170762604438973,-1.9710740808449614,-0.004299115594932722,0.1383584296234613
P01,session_01,021,lean_forward,3.6151585578918457,0.6435283883439659,0.084905131769663,-0.8437933270031048,0.0012741609558877614,0.000865271216588623,0.04723824180458414,-1.9824726036142553,-0.024995149467165016,0.7680660043040484
P01,session_01,021,lean_forward,3.6626949310302734,0.6437753871580658,0.08515304557263315,-0.8446361252547241,-0.0001944770782607876,0.0018468147012939446,0.03906537164951858,-1.966227793720037,-0.011431511723771095,0.24363164125930792
P01,session_01,021,lean_forward,3.6955630779266357,0.6434567726027908,0.08756430644932241,-0.8341626005971818,0.00013187313589866698,-0.005638552089714502,0.1715975654389154,-1.9724025367026385,0.009355871568940776,0.3323710915585051
P01,session_01,021,lean_forward,3.7270920276641846,0.642316531545537,0.07328209653257245,-0.8431043282472438,0.004888536155800565,0.006664913934881934,0.2621566099703265,-1.8871714060617468,-0.1344607388686461,4.272725481623964
P01,session_01,021,lean_forward,3.759535074234009,0.644444753467912,0.07373586743465865,-0.843137201136463,-3.086851136072928e-05,0.0028007335633555767,0.08633294231657024,-1.8758897942627466,0.002743066097188042,0.12083920456149412
P01,session_01,021,lean_forward,3.7911384105682373,0.6454568537711992,0.07528006552653145,-0.8451281884752995,-0.0011944004027553156,0.003393259304316717,0.1138276177504262,-1.9267804160473159,0.1714776347288137,5.427128388216322
P01,session_01,021,lean_forward,3.8228976726531982,0.6438593578442725,0.07782704243660972,-0.8418509510258888,0.00016346256403654166,-0.005256352476848272,0.16558613786356766,-1.9230596971582727,0.05007768107555267,1.5854604689128635
P01,session_01,021,lean_forward,3.854832649230957,0.6433341197989881,0.0768461903176702,-0.8396236008388677,0.00037768606848149024,-0.003248341077884285,0.1024025874446482,-1.9484658430187463,0.01592864241250521,0.5091869639012101
P01,session_01,021,lean_forward,3.8870487213134766,0.6447423192520257,0.07565999591897783,-0.8343269135032283,0.00121184458148278,-0.0026588749290938117,0.09070059700066217,-1.8917743507036886,-0.058477406123686994,1.8174271705447036
P01,session_01,021,lean_forward,3.919365406036377,0.6442609012685369,0.08047812717932924,-0.8313354665579847,-0.000979898119653249,0.0004354742968343236,0.03318115985073722,-1.9102600434912025,-0.020689747431718444,0.6410780253733834
P01,session_01,021,lean_forward,3.950979471206665,0.6399113499390884,0.0855125307935665,-0.8323513397167718,-0.0033423510457192603,-0.003056651555149638,0.14326805830375006,-1.9214948026058047,-0.002699579586089846,0.16678574091965148
P01,session_01,021,lean_forward,3.9827146530151367,0.6393260427418199,0.0804709638811461,-0.838864142351775,0.0044045903030518795,0.0036709483598789854,0.18067594242905433,-1.8858283105544533,-0.038660749978423815,1.2315551495476698
P01,session_01,022,lean_forward,0.001977682113647461,0.5142657715280393,0.07101984213949483,-0.7556755734557021,0.0,0.0,0.0,-2.1410244532256892,0.0,0.0
P01,session_01,022,lean_forward,0.0328214168548584,0.5104969811645333,0.06975632374646237,-0.7595747353956949,0.0022125947093324743,-0.001436474595792532,0.08552784683107083,-2.0431683803382987,-0.13002906042576215,4.216604062377498
P01,session_01,022,lean_forward,0.06520891189575195,0.5091790336928211,0.06559359153572797,-0.7680671466527882,0.0009682056493211152,-0.0024348540086905086,0.08090447108124668,-1.9877902300342665,0.04759586477124989,1.4718006930485008
P01,session_01,022,lean_forward,0.09683489799499512,0.5093048725250099,0.06390316323944029,-0.776150729796693,-0.0003953612110839867,0.0007344303352793779,0.026373418601991896,-1.967925861681892,-0.028994608618949463,0.91717624479454
P01,session_01,022,lean_forward,0.1289060115814209,0.5098047892808198,0.062055095290558235,-0.7775544024583185,-0.000528141530391392,0.0024595746028764653,0.07843940986974965,-1.9919810835181457,-0.011656556211110562,0.37182747255639165
P01,session_01,022,lean_forward,0.16080856323242188,0.5095830104446973,0.05939921940250015,-0.7829148644049778,0.00022726782962704856,0.003115604500185733,0.0979195195810569,-1.9158881560989711,-0.07013692254744883,2.200653331901859
P01,session_01,022,lean_forward,0.19487619400024414,0.5100175612284815,0.05267180430936677,-0.7841153445493723,-0.001754507489303634,0.00030707021885699145,0.052283535958884415,-1.9230280636667072,-0.012036714324837942,0.3571656838393116
P01,session_01,022,lean_forward,0.2413315773010254,0.5093305970393103,0.050203364249500185,-0.7955821657881484,-0.0010642002298251376,0.0002156779132445612,0.023373731694041267,-1.901952869336247,0.037751212215998205,0.8129698264111918
P01,session_01,022,lean_forward,0.2732415199279785,0.5092849154634558,0.050134222492374404,-0.7993315578437743,-0.00011291043441710641,0.0007434123652940761,0.023564378633324626,-1.9432734859013705,0.038533092296594705,1.2077874516700007
P01,session_01,022,lean_forward,0.30485057830810547,0.507344065517547,0.05470459863398697,-0.8059505740725544,-0.006392022361531099,-0.0021124151995167953,0.21297791914186132,-1.9556909798519029,0.008252112000314756,0.3369214557771642
P01,session_01,022,lean_forward,0.3380768299102783,0.506593124960854,0.05428390795234686,-0.808335842078978,-0.0006323225610471836,-0.0024377524570566305,0.07579626797013228,-1.9417431622844623,-0.06686903003249027,2.013962892656693
P01,session_01,022,lean_forward,0.3689563274383545,0.5067276945096515,0.0520669931393841,-0.8136406264606049,-0.0010269388408208195,0.0023284181151191938,0.08241147712353898,-1.9649346386155166,0.039695882438858604,1.2881482487638083
P01,session_01,022,lean_forward,0.40076756477355957,0.5051149392697332,0.05302685854180158,-0.8137186395941267,-0.0007529126668460985,-0.0027192413595802044,0.088696681277712,-1.9778091211264666,0.016825394414008994,0.5362990236980167
P01,session_01,022,lean_forward,0.4338977336883545,0.5049335686650612,0.057525134753791,-0.8127974861332817,-0.001714508235544194,-0.001057797015247708,0.060807574588451034,-1.945117664519489,-0.03566691804073926,1.078285079321524
P01,session_01,022,lean_forward,0.46459054946899414,0.5045329923572752,0.057091283944479126,-0.8167539893352054,-0.00038950181019144046,-0.001959322875955426,0.06508568966359696,-1.912677760023689,-0.03642686613777341,1.188603925245278
P01,session_01,022,lean_forward,0.4968738555908203,0.5064523165358406,0.05299407720777811,-0.817378722847881,0.0020863001381070303,0.004520375811166748,0.15421588959955193,-1.9210212274072025,0.004001389968439976,0.19785140110926955
P01,session_01,022,lean_forward,0.5291447639465332,0.5069183720448213,0.051753805035194354,-0.8177459116182059,0.0005161570458520217,-0.0012011035305833822,0.04051057936061368,-1.9276329191584198,0.01416714254423886,0.44087177651285003
P01,session_01,022,lean_forward,0.5607328414916992,0.5079287685519284,0.05142859592858561,-0.8231209234139577,0.00020489036302182283,0.0002458449659397015,0.010131384167334567,-1.936298450764683,0.013356950624417491,0.4229692043450663
P01,session_01,022,lean_forward,0.5929715633392334,0.5085606882336178,0.05074811887839708,-0.822573809042886,0.0006039157970175402,-0.004022745505028001,0.12617821701775153,-1.95204906447874,-0.05191510535957774,1.6152696615899431
P01,session_01,022,lean_forward,0.6419839859008789,0.5141169346000192,0.047543543706472506,-0.8165588806274671,-0.003296610282533524,0.0007441350143202041,0.06895298165416396,-1.9551126974899953,0.0023344866632938584,0.08380440992968181
P01,session_01,022,lean_forward,0.6730506420135498,0.514138405103508,0.04717463626316073,-0.8288306962378473,0.00037874699214892894,-0.00638960203421619,0.2060349649738592,-1.9530166034186842,-0.02439054694550869,0.8116885122639939
P01,session_01,022,lean_forward,0.7052059173583984,0.5205512245499577,0.04313334275562421,-0.8390909863624854,0.0027834233027430396,0.003586747292508843,0.1411919564299517,-1.9692942431993432,-0.13850541642782,4.309706707044856
P01,session_01,022,lean_forward,0.737262487411499,0.5235949992111555,0.043356190658813284,-0.8464788483283839,-0.0005673935984287972,-0.0007944136483192779,0.030453407989706575,-1.928612078624016,0.023848118997972415,0.7445616235495901
P01,session_01,022,lean_forward,0.7692763805389404,0.524274515227611,0.04383109810686076,-0.8526148341127605,-0.0006496801440388446,-0.0036331268742632486,0.11528613721247859,-1.9330816012898673,0.026436308743265118,0.8337848096340822
P01,session_01,022,lean_forward,0.8013029098510742,0.5303511381363708,0.04068498564809147,-0.8530590923566823,0.0028457546365622923,-0.0012459237747691472,0.09699923394573233,-1.9282577624227621,0.02594678968067917,0.8159516017899158
P01,session_01,022,lean_forward,0.8338816165924072,0.5354604282866074,0.039319626359500745,-0.8530874843909438,0.0006742612814937775,-0.0037245359442223858,0.11618249597885129,-1.9093051337122513,0.007973030426063527,0.2709092083960909
P01,session_01,022,lean_forward,0.8739261627197266,0.5446539418137669,0.03882503443828435,-0.8623673623395438,-0.00032144033013604614,-0.001122100068107907,0.029148359257692956,-1.9207181169082013,0.03570884977554747,0.8922044347009823
P01,session_01,022,lean_forward,0.9038443565368652,0.5472456592577465,0.03942572195932816,-0.8688339280152418,-0.0005834984304052136,-0.002042312579873659,0.07099465342421436,-1.9473006882459878,-0.029333696047662464,0.9830304429056428
P01,session_01,022,lean_forward,0.9335670471191406,0.5566311777080939,0.03699275109258923,-0.8625520634017256,0.001344911077924385,-0.0003156213620639045,0.04647794152688937,-1.993617943154059,-0.060837074963076415,2.047350232640247
P01,session_01,022,lean_forward,0.9609377384185791,0.5605070056599183,0.03489037363403168,-0.8639933539899458,0.0018560420445122502,-0.0017384027686121327,0.09291022752827353,-1.9688068273517145,0.00040821493366018194,0.09409966512761592
P01,session_01,022,lean_forward,0.9935388565063477,0.568475763254401,0.030124512425760808,-0.8584436624591009,0.004114154032935473,-0.0014694193634969275,0.13400431503105087,-1.941294697278992,-0.043057934950376894,1.3275309360854737
P01,session_01,022,lean_forward,1.0251786708831787,0.5722149987258666,0.029875159670751737,-0.8627596181778643,0.00018937155517234744,-0.0006279052445428549,0.020728325249073275,-1.9310192220967102,0.016248949209632123,0.5139783422806684
P01,session_01,022,lean_forward,1.0733299255371094,0.5819618619522847,0.0299608759120539,-0.8561467597708414,0.00040535350902280227,-0.010570685443177158,0.21969219075998359,-1.9343318636837585,0.0011866403273420977,0.2210700935080066
P01,session_01,022,lean_forward,1.1048266887664795,0.5859205382348932,0.03249036110646047,-0.8622925703561256,-0.0021365974949245714,-0.0026868962212395963,0.10899056915699494,-1.9675310671662187,-0.051091999238217896,1.6257923040003697
P01,session_01,022,lean_forward,1.1374437808990479,0.5892751856554155,0.03438426531766071,-0.8639446136722674,-0.0018802097328687447,-0.0024073987544526217,0.09365117025621232,-1.9687581184454053,-0.07255494541543861,2.2264160756992983
P01,session_01,022,lean_forward,1.1689751148223877,0.5984133433636892,0.03710453319960151,-0.8607150574875653,-0.0032123687099069463,2.0767532297681433e-05,0.10188074651929997,-1.9783921209335655,-0.06759373582326629,2.146120093512702
P01,session_01,022,lean_forward,1.2012715339660645,0.6042665275571427,0.03704745336906341,-0.8668764028133288,-0.0024470526831358525,-0.0014877819904763811,0.08867351327212133,-1.9457784586918971,-0.031326377753991316,0.9740092327664903
P01,session_01,022,lean_forward,1.2330536842346191,0.6114920456792449,0.04000304701097515,-0.8652667354991959,-0.003237200583461473,-1.0624678319896738e-05,0.10185648206502225,-1.9650562844144455,-0.022173508705398436,0.7050678174777916
P01,session_01,022,lean_forward,1.2650084495544434,0.613340062437429,0.03882544845113526,-0.8652666646992637,-0.001635995925432111,-0.00454119242914409,0.15105398327655134,-1.949334558777309,0.005043566609532504,0.2184698080129532
P01,session_01,022,lean_forward,1.2971251010894775,0.6149028130552814,0.03455343918040011,-0.8650725472840889,0.0006885788058746751,-0.0013701057040082486,0.04774485413495687,-1.9246067091681593,-0.08819164287741489,2.7463938005625868
P01,session_01,022,lean_forward,1.3287763595581055,0.6235861012127105,0.039300406566504506,-0.8604917497962786,-0.005420238975088928,-0.00041143988446296585,0.1717414286800346,-1.9200808798273021,-0.06451476795390534,2.0455226753016498
P01,session_01,022,lean_forward,1.3608548641204834,0.6245150670581311,0.04019062365236964,-0.8568633355998934,-0.0004637382405316228,-0.0028731704340951296,0.09072599323486139,-1.889559901059764,-0.046480957118943296,1.451812761984085
P01,session_01,022,lean_forward,1.392728328704834,0.629311640896836,0.04171876202748292,-0.8672177583955286,-0.0032841618062537784,-3.011906312675602e-05,0.10304182357370971,-1.9500095855576587,-0.004462499115561866,0.17383756220131866
P01,session_01,022,lean_forward,1.4249026775360107,0.63239884562335,0.04558345161091176,-0.8657082911883324,-0.0024021686483816952,-0.003578217373791749,0.1339502669239236,-1.929799798135664,0.025450635992016895,0.8022838493472784
P01,session_01,022,lean_forward,1.456777811050415,0.6330690843817831,0.0470419514167455,-0.8604240484351919,-0.0010500288471781709,-0.005741569976114702,0.18311439846048952,-1.8998483810098774,0.013120817761493436,0.4505236957775918
P01,session_01,022,lean_forward,1.5053071975708008,0.6343188812708965,0.04744167206629918,-0.8607452284938663,-0.0003097366579207576,0.00015960188501430622,0.007179953630191563,-1.8785630961156756,-0.02786253313918282,0.5741822383568337
P01,session_01,022,lean_forward,1.5374062061309814,0.6347744842665857,0.046857631776852274,-0.8596432474395719,0.0005704594736350738,-0.0017550648980228245,0.05749235483431337,-1.860225924682411,-0.018833402261052696,0.5895385240154339
P01,session_01,022,lean_forward,1.5695536136627197,0.6421732024655679,0.04740277595591554,-0.8542138726351334,0.00012152076865332044,0.003340254849655428,0.10397306905626648,-1.9154760236013375,-0.0586953434090483,1.8287769022808291
P01,session_01,022,lean_forward,1.6013822555541992,0.6418904780194722,0.047962730107825494,-0.8561592765264294,4.936561666483513e-05,-0.0015339207555822459,0.0482180456560949,-1.8952305012984276,-0.0031163597988811647,0.10913961478832881
P01,session_01,022,lean_forward,1.6330068111419678,0.641546207516117,0.04771441339139366,-0.8532922897177083,0.00010672783173456738,-0.0032950214723676164,0.10424650873322523,-1.9280052283361984,0.05025006459894863,1.5923731496635947
P01,session_01,022,lean_forward,1.6650090217590332,0.6440177207021442,0.04511716077837578,-0.8553597125665877,0.0021241784348578195,0.002049408594137568,0.09223254208753741,-1.9034288039592824,-0.012676466995427113,0.4067084215429529
P01,session_01,022,lean_forward,1.6968488693237305,0.6446872374886734,0.04433804975446293,-0.859254344651348,0.0007687759941062546,0.0027100448807735947,0.0884733213407788,-1.8891863210765776,0.005184606535860428,0.18531704559755588
P01,session_01,022,lean_forward,1.7292673587799072,0.6425244830405509,0.042720499877757036,-0.8620223570481214,0.00165723588015145,-0.00019726762241816206,0.05148097275403338,-1.8880242021494391,0.003299095739416086,0.11404640535852113
P01,session_01,022,lean_forward,1.7611854076385498,0.6455630907195958,0.04571619558465356,-0.8540237556837852,-0.002378182179050531,-0.0038642748224711975,0.14215909533544763,-1.867847135026377,0.008033930118870752,0.2890753847119443
P01,session_01,022,lean_forward,1.792907476425171,0.6456657945626324,0.04464026202288381,-0.856862760276518,0.0006684760716992405,0.002615284254961434,0.08509423289325789,-1.9273679805628225,-0.01097731640253606,0.35635562181695424
P01,session_01,022,lean_forward,1.8253870010375977,0.6436617420059499,0.0418340529897773,-0.8608719180597119,0.004018089116540771,0.0016410540559630166,0.1336315077001056,-1.9529604489867656,0.021541409989744482,0.676558955665021
P01,session_01,022,lean_forward,1.8567683696746826,0.6446697269701434,0.04298143264687927,-0.8598607216266014,-0.000515382027787709,0.00197965686648007,0.0651865813340455,-1.9234967522552584,-0.03519284685868845,1.1233496666848566
P01,session_01,022,lean_forward,1.9051992893218994,0.6387529717607462,0.04640201173831255,-0.8592306667659567,-0.0026025296417850714,-0.007681801547903573,0.16746918213738235,-1.9423466754032623,0.08516197372604675,1.7663783122967984
P01,session_01,022,lean_forward,1.9386608600616455,0.6381336768220344,0.04342787908661887,-0.863250984060729,0.003052790470514176,0.00294943823909392,0.12685733732338975,-1.9362106977232902,0.02871169823080722,0.8673767671216422
P01,session_01,022,lean_forward,1.969937801361084,0.633230847582398,0.041495241426753926,-0.869630631505183,0.0023389118205385255,-0.00041548023606721,0.07595141026514195,-1.8554917649223392,0.03842067356068226,1.2307482975146062
P01,session_01,022,lean_forward,2.0015487670898438,0.6349943252547462,0.042537223149193074,-0.8681735331336335,0.000965662541096614,0.0006420463208078482,0.03668422925449012,-1.8056404317057706,-0.05296159375221733,1.6758199668682023
P01,session_01,022,lean_forward,2.0328755378723145,0.6346524784496976,0.042841921399753013,-0.8691445578525963,-3.6850675429289404e-05,0.0015344625944605159,0.04899659248318137,-1.8127280435742432,-0.011928865344762521,0.38392751402862957
P01,session_01,022,lean_forward,2.0648069381713867,0.6277802649149978,0.04422654373388595,-0.8757611303430647,-0.00019709410901896932,-0.001406373933807904,0.04447401279699861,-1.8318443705522884,0.08129496458432016,2.5463138691498632
P01,session_01,022,lean_forward,2.096968173980713,0.6266208742043207,0.04047463822728815,-0.878817144436624,0.003516031351005623,0.001200186007860741,0.11551883567207512,-1.845483481533983,-0.00017487949082242696,0.11564674114869022
P01,session_01,022,lean_forward,2.129345417022705,0.6276964222654235,0.04159752769073992,-0.8741518229290025,-0.0008146900821974511,-0.0007793183174537538,0.03482111254952879,-1.8722115549806015,-0.0008253253510599856,0.0431543313349782
P01,session_01,022,lean_forward,2.1624341011047363,0.629477798851181,0.04106495336899625,-0.8758615401348279,0.0013912896506347774,0.0057412328614917145,0.17853250518808686,-1.8775342220617346,-0.005635512554892853,0.24674114333097072
P01,session_01,022,lean_forward,2.1934726238250732,0.6276136166680898,0.04348411615362467,-0.8722589144212658,-0.0011480483042934973,-0.006005351075294289,0.19698434532260242,-1.882476794919809,-0.001600059381291049,0.2036180566124949
P01,session_01,022,lean_forward,2.225351333618164,0.6277925302164993,0.04304704266135775,-0.8739957834369836,0.0001860887126507822,0.0017321441191841174,0.05464811619458929,-1.9010781584102885,0.00013496178828218718,0.05481185998021293
P01,session_01,022,lean_forward,2.2566306591033936,0.6257455913667493,0.043921276670460765,-0.87667786433235,2.417065149227843e-06,-0.0004969390693013462,0.01588732940199241,-1.8909264564899406,0.050502802191109704,1.6146526916636987
P01,session_01,022,lean_forward,2.288848400115967,0.622071068784706,0.043116662321763644,-0.8776928637660925,0.0010677905552740614,-0.00403526210806945,0.12956056255421966,-1.871838220756975,0.062236907845558055,1.9360987515881274
P01,session_01,022,lean_forward,2.3367257118225098,0.6225984019226598,0.044670593581184886,-0.8834038469666955,-0.0004613484106056029,0.0014256422196582974,0.03129732696068867,-1.9264895311386683,-0.051009203859062935,1.0658745457644836
P01,session_01,022,lean_forward,2.370126962661743,0.6224046598922508,0.045056486199005236,-0.8812374451970938,-0.00010240880429416743,-0.0001560971137341839,0.0055893690491194735,-1.9090683713247723,-0.00427145865794029,0.12800528303303674
P01,session_01,022,lean_forward,2.401538848876953,0.6219903954969629,0.04403914538303102,-0.8796888772189854,0.0010424625240240645,-0.0026849815555511046,0.09169307476486195,-1.8991734558722555,-0.015319061477169237,0.4962286822908354
P01,session_01,022,lean_forward,2.4349863529205322,0.6308550089632637,0.05035050224293222,-0.8654897964597401,-0.006116596426507789,-0.0005252272163946492,0.18354450070257672,-1.8955350088423781,-0.08578611994676695,2.571357954641701
P01,session_01,022,lean_forward,2.4653990268707275,0.6256603596528096,0.045420078383356856,-0.8715147963136001,0.0043701727744087475,0.00023316543207039893,0.1439001547529928,-1.9291085637007928,0.12151763025243287,3.9982150694191123
P01,session_01,022,lean_forward,2.49702525138855,0.62682349063143,0.048131062676377755,-0.8661583931879948,-0.0006268332700224328,-0.0004595224176855896,0.024575375748993374,-1.8859258831059293,-0.061541058395425244,1.9460421560735934
P01,session_01,022,lean_forward,2.534086227416992,0.626814773277451,0.04659959691775778,-0.8652724918420591,-0.0003635103471217456,-0.0009780142358634893,0.028153189824387862,-1.8805990881267616,-0.012872274387287398,0.34846604772127626
P01,session_01,022,lean_forward,2.5609562397003174,0.6248419587361956,0.04505459899212865,-0.8692168924333012,0.0009156396686211185,0.000899017690524259,0.047756225032431966,-1.89080628953399,0.01960205790595525,0.7310757517974996
P01,session_01,022,lean_forward,2.5937814712524414,0.6232603015972603,0.04445206504582057,-0.8708341879945127,0.0009153094681038984,-0.0005994315898103892,0.0333318307644346,-1.8960510829885737,0.005301019900922907,0.16489618508724185
P01,session_01,022,lean_forward,2.6247570514678955,0.6208550399304734,0.04297282634803326,-0.8746386672685835,0.0002665914542293126,-0.002570414439085524,0.08342708210360444,-1.8992191688597795,0.02866078342426515,0.9290237606650054
P01,session_01,022,lean_forward,2.656855344772339,0.6212178446523106,0.04220184108684665,-0.873519932393747,0.0007545235217694282,0.000480987606571842,0.02787665887985683,-1.8818539841404414,-0.017028956992215658,0.5312571996796815
P01,session_01,022,lean_forward,2.6890883445739746,0.6218743398597137,0.04389948449069369,-0.8725384049572497,-0.0013797980727095014,9.282759355851257e-05,0.04290376634488908,-1.8732859498636616,-0.019407436710482045,0.6036250350403142
P01,session_01,022,lean_forward,2.7210073471069336,0.6185339774034541,0.04424070731335716,-0.873861804194186,0.001458402655548148,-0.0010125969310999844,0.05562420660985672,-1.8945214468118907,0.05055429687913489,1.5848071849460157
P01,session_01,022,lean_forward,2.769016742706299,0.6206335884849536,0.041906659493450474,-0.8738926487075046,0.0015343932018254053,0.003010947288942875,0.07038983889393906,-1.880234229040716,-0.03417967549704523,0.7154085060252107
P01,session_01,022,lean_forward,2.802250623703003,0.619931513508012,0.04529376598240367,-0.871428634134117,-0.0007685762359088735,-0.0032964529208761445,0.1018498270812576,-1.9355703741198513,0.07314172875236899,2.2031736089255083
P01,session_01,022,lean_forward,2.8328895568847656,0.6202183051885596,0.04501831800809903,-0.8770905299708694,0.00023172760060825065,0.002708077576999438,0.08870980699266263,-1.9725202590622393,-0.031157403641016334,1.020783855599227
P01,session_01,022,lean_forward,2.8647310733795166,0.621622251933048,0.046661030644769355,-0.8731314342168809,-0.0011220896657646324,-0.00011880230259946203,0.03543679498157097,-1.9493726161991456,-0.07486553867833468,2.3514596563669037
P01,session_01,022,lean_forward,2.8968074321746826,0.6220926071702599,0.04361445177796099,-0.8723796747877006,0.0016635915372182964,0.0014050038545902737,0.06788536245799316,-1.9225940428269825,-0.02820858547051002,0.8820360711859098
P01,session_01,022,lean_forward,2.928463935852051,0.6199231654340905,0.043248625581348316,-0.8718144826340816,0.001423117085589129,-0.003664890056677702,0.1241924457599408,-1.8759100840568201,-0.005276001377996796,0.20784771336272242
P01,session_01,022,lean_forward,2.9607319831848145,0.6234282178098703,0.04633524335468443,-0.8708059086240049,-0.0028063180895713333,0.0007844625835194866,0.09030289864284716,-1.8687437548121768,0.014501945321402926,0.4584038065838812
P01,session_01,022,lean_forward,2.9928972721099854,0.6229227291004442,0.04474699206170936,-0.8742483878564222,0.0004049049635929916,0.0027742562400811517,0.08716379479255003,-1.9295450431771417,0.06346687056018027,1.9750721377920706
P01,session_01,022,lean_forward,3.0253615379333496,0.6201931759598736,0.03924034043955324,-0.8782151960788825,0.0015863832546403917,0.0006399256596506254,0.052691460214356764,-1.9113804354200452,-0.006757734138069194,0.21472452991218094
P01,session_01,022,lean_forward,3.0569028854370117,0.6222394174915927,0.03983685153562086,-0.8738020462805864,-0.0012094871773147373,0.0006614815180878849,0.04370631723142532,-1.9129388380052745,-0.05269695794672853,1.6712978549714532
P01,session_01,022,lean_forward,3.089124917984009,0.6215878229603448,0.040062686141197845,-0.8727403756127876,-0.0002691299281668893,-0.0026315352491636554,0.08209480731944849,-1.8938996557185295,0.0486937583317668,1.5134227338091497
P01,session_01,022,lean_forward,3.1211588382720947,0.6205004471788822,0.0399648494980823,-0.8763837511748783,0.00031568585544831007,0.002128523077235975,0.06717272645688886,-1.88328890054884,0.01487266896512987,0.4691129365768616
P01,session_01,022,lean_forward,3.1528146266937256,0.6222595368058012,0.03855753162908383,-0.8713008497218633,0.0010299663655102852,0.0003172479838709213,0.03404490855682987,-1.8778200795932973,-0.002214461810120741,0.07779893590861937
P01,session_01,022,lean_forward,3.200932025909424,0.6232919899209108,0.0396171096982063,-0.8687469493883833,-0.0008239374605952021,-0.001298064889753862,0.03195268728847395,-1.8731309693340876,-0.004916418379223565,0.10705514006652792
P01,session_01,022,lean_forward,3.2332475185394287,0.62111101278837,0.03861466330878887,-0.8722390594280641,0.0011143044788128164,-0.0004637487340370478,0.037349074821993754,-1.8956735452259836,0.014239221346387408,0.44221148794173337
P01,session_01,022,lean_forward,3.264949321746826,0.6219146800215448,0.03915574042440422,-0.8707282136849097,-0.000659406941803777,-4.470961641676711e-05,0.020848054520579473,-1.90415893849462,-0.007205627965423387,0.22824806579554563
P01,session_01,022,lean_forward,3.2968742847442627,0.617844092867476,0.04139720112251582,-0.8733388657781356,-0.001423564697988485,-0.002871054447741554,0.1003792710511184,-1.9079972166781256,0.015315843772659238,0.4901339971846898
P01,session_01,022,lean_forward,3.3288817405700684,0.6180924240081094,0.04201965603859302,-0.8679656937250199,-0.0002558614498537039,-0.0016287089257718392,0.051509363311693854,-1.9163684595594581,-0.01123099892424829,0.3546475353802068
P01,session_01,022,lean_forward,3.3608756065368652,0.6179390848229424,0.04177378434077933,-0.8686040888865822,-5.111023388237299e-05,9.867566739640023e-05,0.0034733751658443624,-1.9215164798963573,0.00018105007595605398,0.00663984035575363
P01,session_01,022,lean_forward,3.392915725708008,0.612620962499035,0.039661260126509425,-0.8719886929610459,0.001690479620820103,-0.003361816550518897,0.11744386222350751,-1.9337143891194977,0.07258996038242385,2.2686378126669537
P01,session_01,022,lean_forward,3.4248054027557373,0.6164334847209332,0.04144209888688516,-0.8669994483036991,-0.0013885440553312847,0.0006645208791737162,0.0482715564845245,-1.9436906477039844,-0.0525673967328203,1.6491208397745862
P01,session_01,022,lean_forward,3.457209587097168,0.6138279552335157,0.03725147342960872,-0.8686056423753258,0.00246137133847518,0.00016628919114481403,0.07613159246970877,-1.9243494505442875,0.038136544615002696,1.179361688507515
P01,session_01,022,lean_forward,3.48872447013855,0.6235477584207719,0.03466613296949441,-0.858143357703612,0.0023101722101257147,0.004002812080169826,0.1466489057235272,-1.8595007359572877,-0.07006369321861723,2.22802528335263
P01,session_01,022,lean_forward,3.52077054977417,0.6218141517862009,0.0354428921377851,-0.8573471466636646,0.0006814286357273899,-0.0031599424228265756,0.10087290611556916,-1.8735565152669473,0.06722293311720619,2.100119962796159
P01,session_01,022,lean_forward,3.5530576705932617,0.6198118735074953,0.03615224602930272,-0.8570262481605935,2.089199905799646e-05,-0.0029693565059299687,0.09196948895900202,-1.862334192898805,-0.006059352886742591,0.2089946220065753
P01,session_01,022,lean_forward,3.601170301437378,0.6196647418565424,0.036257114653696965,-0.8576215142457138,-0.00010234460306876349,-9.234099525001216e-06,0.002135828634138802,-1.854779891167868,-0.002299050310383506,0.047832464290451786
P01,session_01,022,lean_forward,3.6330432891845703,0.6189109229950922,0.035796681287884165,-0.8596226813991131,0.0005098904867216379,0.0012594858410323127,0.042631196621755726,-1.8492697964017,-0.009991715553379908,0.31637082671085287
P01,session_01,022,lean_forward,3.6656908988952637,0.6183785877225558,0.03573895212095265,-0.8600810939481534,7.678556645868091e-05,-0.0001098830011145724,0.004106068963354818,-1.8576799444881156,0.002697772260258956,0.08273502445192167
P01,session_01,022,lean_forward,3.6970198154449463,0.6188267077729271,0.03437324134768355,-0.8642374651120626,-0.0005399270630569679,0.003590090564624349,0.11588221884015684,-1.934577846413804,-0.03447086044964064,1.1063744596179594
P01,session_01,022,lean_forward,3.7285101413726807,0.6152488430976468,0.036217531114302356,-0.8680864883226852,-0.0013649029144878965,-0.0004784849965153559,0.045929754068716654,-1.9493001144949385,0.06686868999844015,2.1239643638925427
P01,session_01,022,lean_forward,3.760593891143799,0.6155807612143218,0.03583961092668202,-0.8711710882789819,-0.00030109468194562845,0.004184219974516996,0.1307527748083878,-1.9306235546629031,-0.003915429095526422,0.17885609874702957
P01,session_01,022,lean_forward,3.7930197715759277,0.6126591033040584,0.033376743074271735,-0.875883199320092,0.001934179196568374,0.0008073967142955698,0.0646376845229435,-1.9255979675302097,-0.012300419939772819,0.3848071581740691
P01,session_01,022,lean_forward,3.825425624847412,0.6136360155083872,0.03414459200859778,-0.8743941313869477,-0.000742112465949869,0.0003276800319211902,0.025033649772092298,-1.887217122074962,-0.033793004981610156,1.0431060276020625
P01,session_01,022,lean_forward,3.8568990230560303,0.6131021519319706,0.034592823429309465,-0.8734414641813042,-0.0004161665104554469,-0.0020756556868490377,0.06726204310505068,-1.9028290239861954,0.04509939333849707,1.4345146609256072
P01,session_01,022,lean_forward,3.8890933990478516,0.6112326319280663,0.0359960605582616,-0.8763124944586003,-0.001533028704598997,0.0002247244284906781,0.04812679618692152,-1.913938073622928,-0.0046824984192950225,0.15320026996894578
P01,session_01,022,lean_forward,3.9210469722747803,0.6095586426661452,0.03630050343134525,-0.8759734437126198,-0.00013753218641918705,-0.001001154134840275,0.03162577855068114,-1.9443862935756806,0.044523466319143695,1.3937387507007177
P01,session_01,022,lean_forward,3.9528958797454834,0.6084587025007188,0.03288131928330234,-0.8746670147799942,0.0024538747565379386,-0.0006210667154941879,0.07947681503364817,-1.929543933044384,0.021231469345323075,0.6713519697100193
P01,session_01,022,lean_forward,3.9850306510925293,0.6165256915790328,0.031749075355841,-0.8676540351097772,0.002695704711310253,0.008251249687484486,0.27012591850201856,-1.887355406423044,-0.09057565896436806,2.831532782994739
P01,session_01,023,lean_forward,0.0010886192321777344,0.4786574685700674,0.00326167366669485,-0.7141527450865612,0.0,0.0,0.0,-2.0318093836575364,0.0,0.0
P01,session_01,023,lean_forward,0.03370308876037598,0.47194715175767027,-0.012498959161070161,-0.7246573616417928,0.0006888454195674477,7.028326094133651e-05,0.021230504907430007,-1.9547708604675331,-0.013150594866792431,0.40377205480022843
P01,session_01,023,lean_forward,0.06548190116882324,0.4706011954651403,-0.014175445599942719,-0.7494344881669102,-0.001368743856015484,-0.003103334671394396,0.10673074127475415,-1.9773932528024885,-0.551027091635015,17.33977731056395
P01,session_01,023,lean_forward,0.09710240364074707,0.4744784863168879,-0.017602633813098033,-0.7480902987730379,-0.0026349085579590384,-0.00034162735749080356,0.08402658996319153,-2.0123233819554236,-0.226025471014975,7.148560879879419
P01,session_01,023,lean_forward,0.12919020652770996,0.47693827482263534,-0.01696830800285306,-0.7544241441389871,-0.0015330811495320334,0.004319084108323143,0.1428300394780143,-1.9571227285804724,0.11756163274215185,3.6665313176898464
P01,session_01,023,lean_forward,0.16153383255004883,0.4792648502121506,-0.014971775112371279,-0.7555338340632718,-0.002727644161253198,0.0052131461263359175,0.1819095924303716,-2.028040635116421,0.02658452681623282,0.8418294430814701
P01,session_01,023,lean_forward,0.20931649208068848,0.48475549680832897,-0.010557679598665267,-0.7608103883946621,-0.006337755488139412,0.010264977694670314,0.2524737664763954,-1.9648229481679074,0.019483304777166276,0.47958501986676977
P01,session_01,023,lean_forward,0.24223947525024414,0.4863735849760256,-0.0135459340568657,-0.7598475531120789,-0.001956772106233459,0.00015563735614564143,0.05962253981007145,-2.0209777239802578,-0.018235826813570916,0.5570932338882395
P01,session_01,023,lean_forward,0.272824764251709,0.4867856491393919,-0.016720189613066583,-0.7661129541703272,-0.0007090198656884969,0.00076295704742337,0.03405373696296619,-2.018550905400563,0.048084538346533826,1.5725147238580572
P01,session_01,023,lean_forward,0.30507946014404297,0.48685595033815954,-0.01789996753575602,-0.7659427064389035,-0.00020577032413109995,0.00044380034209444435,0.015166261919570406,-2.047484325240853,-0.03591862870783219,1.1136970510026083
P01,session_01,023,lean_forward,0.3374779224395752,0.4865376256103008,-0.012296228463824015,-0.7662290188464879,-0.0012818601641034022,-9.647487735761736e-05,0.039677360421522055,-2.0587715245367746,0.009447279395035785,0.29428359291677436
P01,session_01,023,lean_forward,0.3696777820587158,0.48737098963996434,-0.018615085789752666,-0.7733597983782187,-0.0007292036293251798,-0.00017421393207106393,0.023283504237540248,-2.027372349838878,-0.019676298736094288,0.6115112667162604
P01,session_01,023,lean_forward,0.401564359664917,0.4869917699334434,-0.017417732327717823,-0.7737180208928213,-0.0005661007028620899,-7.655715683265493e-05,0.017915183454523084,-2.02485020479693,-0.014763047128019858,0.4633327373061586
P01,session_01,023,lean_forward,0.43288445472717285,0.4895796468435323,-0.01711148099638739,-0.7728716628744712,-0.0036232084832638766,-0.000800118485295325,0.1184703481953869,-2.0184760812961287,-0.020009049461090483,0.6497483970715138
P01,session_01,023,lean_forward,0.46535420417785645,0.4902250149543864,-0.01679684310861705,-0.774581865027185,-0.0011930655495271706,-0.003097289356296066,0.1022221441770639,-2.0206198897122563,0.020739339615745027,0.6468561534919741
P01,session_01,023,lean_forward,0.4971048831939697,0.49274850710539814,-0.018563742925396882,-0.7757727995168966,-0.0006759447267764923,-0.00023684677434294415,0.02255821221930815,-2.004792545516432,-0.011867801559843422,0.37446112294581096
P01,session_01,023,lean_forward,0.5292532444000244,0.4977162709627874,-0.015651845268112727,-0.7802653391761594,-0.004111951331325531,0.0015280900217763797,0.13645197936724246,-1.986852375807999,-0.06065364732340974,1.8916072238533281
P01,session_01,023,lean_forward,0.5613458156585693,0.5021036851242626,-0.012408471780841299,-0.7982867697398038,-0.003670834498599752,0.0038344463263865793,0.16540575014644668,-1.978707407816096,-0.04597976103380661,1.4422391983814182
P01,session_01,023,lean_forward,0.5946192741394043,0.5049445655797702,-0.014157362131283576,-0.8055635256895435,0.0011027774742234041,-0.003394355498946303,0.10726269708902457,-1.9848100552818737,0.003427967946245949,0.14872541924487867
P01,session_01,023,lean_forward,0.6412286758422852,0.5072675026421408,-0.023133294932480324,-0.8219673967154907,0.0006187330286115972,-0.0008896618954816898,0.02324991325216716,-1.9424838345474802,-0.0056041120574659865,0.12246294047821403
P01,session_01,023,lean_forward,0.673673152923584,0.5100884971910765,-0.023228953997805186,-0.8173846613153418,-0.0025106145352694277,-0.0006978376116277965,0.0803154895138676,-1.942824518860908,0.018046119197714882,0.5619841608624214
P01,session_01,023,lean_forward,0.7051806449890137,0.51315631530751,-0.030840886112753867,-0.827609396449097,-0.0008315102787542036,-0.005352504405156184,0.17191805703334112,-1.9575951318902511,-0.012433336391285701,0.4304381513866285
P01,session_01,023,lean_forward,0.737267017364502,0.5147957329946191,-0.031005266341158178,-0.8341225101252957,-0.0013582515220020598,-0.011067764224187017,0.3475243601941294,-1.9681620312679986,-0.008221294652738749,0.43176828838704107
P01,session_01,023,lean_forward,0.7692463397979736,0.5283799904420101,-0.03134260971972288,-0.8211337507583409,0.0014276496021075936,-0.002751855735030614,0.09694214427122032,-1.955203116484887,-0.07470101879291706,2.3379269632300335
P01,session_01,023,lean_forward,0.8013978004455566,0.530160202672032,-0.030553299326051952,-0.8223592335318685,-0.001407425042204305,-0.008506216797592094,0.2681640461182239,-1.9130186399093216,0.006480945821814775,0.33547671472072554
P01,session_01,023,lean_forward,0.8333024978637695,0.5434717656780591,-0.0218800715869028,-0.8212708539133255,-0.009012065349982437,-0.0014604719182811695,0.28615342852717685,-1.8851402797665713,0.01463235699480485,0.5405761260739262
P01,session_01,023,lean_forward,0.8652517795562744,0.5531896910507693,-0.02667960944596542,-0.8290036791661388,0.0022451016389414932,-0.0035773689306305445,0.13219425692438758,-1.9166180590113315,-0.015530736453038325,0.5037601930850053
P01,session_01,023,lean_forward,0.8976180553436279,0.5553727707156281,-0.029503250450108195,-0.8238442452031035,-0.0010718683376679792,-0.008777305483858838,0.27320136040052817,-1.9082783602952165,-0.0029638505107050404,0.28813963267509907
P01,session_01,023,lean_forward,0.9297771453857422,0.5616917737027566,-0.03380151232751645,-0.8360508464747459,0.001150194421509094,-0.0034725493356825895,0.11374947360564336,-1.8903617225884912,-0.046594069339267505,1.453319909836972
P01,session_01,023,lean_forward,0.9614088535308838,0.5755663733547922,-0.03282212626814559,-0.8221963542464015,-0.004642839841771718,-0.0014980218249597541,0.1542290267968882,-1.9513621360260511,-0.1426393174323479,4.512014327882517
P01,session_01,023,lean_forward,0.9938569068908691,0.5827410115233147,-0.03383815036396045,-0.8210870260488081,-0.0009768817533546568,-0.003950281412068183,0.1254089938399806,-1.9190450427657428,0.04254568967720089,1.3171776124527896
P01,session_01,023,lean_forward,1.0258073806762695,0.5956073664377542,-0.03251765433194183,-0.8229661931553798,-0.0017097469957389729,-0.00024483035580157285,0.05405827534769866,-1.9261419544287288,-0.01369859115221676,0.4321390711441061
P01,session_01,023,lean_forward,1.073305368423462,0.6064487448945973,-0.040345091071780734,-0.8246703718752053,0.00659952405941373,-0.0025527490192436414,0.14897543036224586,-1.8885194588796204,-0.01439679485285944,0.33773549427716554
P01,session_01,023,lean_forward,1.1063337326049805,0.6134172250609978,-0.04445237241707329,-0.8169090513284286,0.0006254352356004488,-0.0058064798514401595,0.17681973391807368,-1.9470309381648458,-0.023962162822169796,0.7467390342842086
P01,session_01,023,lean_forward,1.1379666328430176,0.6222604253158462,-0.05233246829380109,-0.8177242372612079,0.0010467396454043596,-0.0035934125897391367,0.11831869286241342,-1.9660949721113536,-0.04119289644965712,1.3075810104420913
P01,session_01,023,lean_forward,1.1691792011260986,0.6277061792231482,-0.052951990661543796,-0.8189914725837723,0.0004692383355262144,-0.007417035163119947,0.23810483784208814,-1.899136648809088,-0.06835765032544085,2.2029734964030214
P01,session_01,023,lean_forward,1.201380729675293,0.6371769395645983,-0.04911277284019571,-0.8135704055585242,-0.0043542104663968914,-0.006737009212876038,0.24910691380824784,-1.9565894390364578,-0.17914191966006873,5.568724035026479
P01,session_01,023,lean_forward,1.2332711219787598,0.6512059744391876,-0.04941095740550639,-0.7961886021432634,0.0011157348024288824,-0.002040470140222691,0.07292456367896685,-2.08506072375485,-0.06034933222063919,1.8938031238587902
P01,session_01,023,lean_forward,1.2654476165771484,0.6506575339178131,-0.04852129707098018,-0.7889076925166962,-0.0013401500093459656,-0.01567680651595773,0.4889900090136562,-1.943509624687109,0.023455321838285897,0.8777763885922433
P01,session_01,023,lean_forward,1.2974460124969482,0.6565000842570695,-0.050024201763360414,-0.7898118312108945,0.0019642746751127927,-0.0019381267154903066,0.08623796131367223,-1.9847911541188754,0.02516986250785737,0.791310825829766
P01,session_01,023,lean_forward,1.3299646377563477,0.6626520842257181,-0.04924689545618579,-0.787277871367801,-0.0003494953879838592,-0.005766381568697787,0.17765090375068662,-1.9440591232847306,-0.013283208381986976,0.4454388425422718
P01,session_01,023,lean_forward,1.3615622520446777,0.6654231123555694,-0.0523021324778169,-0.786855157398388,0.003278992551440605,-0.005060978751114417,0.1908487335943265,-1.9517204299797688,-0.16625320347918876,5.265034670721397
P01,session_01,023,lean_forward,1.3931736946105957,0.6680819700631875,-0.049242707870825776,-0.7827906536516589,-0.0028461852154203137,-0.0051666782494686645,0.18660195625358336,-2.0367131129830147,0.08033541865387513,2.548181413175285
P01,session_01,023,lean_forward,1.425255537033081,0.6742605382096316,-0.05323172928656838,-0.7884014531678332,0.004451924435745015,0.0003063944678418566,0.13909598468085246,-2.051847019919924,-0.0019417948299521703,0.1516941807650949
P01,session_01,023,lean_forward,1.4572629928588867,0.679961236386932,-0.05441519606450049,-0.7828145868595245,0.0016280008381810594,-0.0006776031918554593,0.05509299943256948,-1.9987837269044115,-0.14323532164519473,4.475400251848808
P01,session_01,023,lean_forward,1.5052337646484375,0.6834535164743264,-0.051214817116172616,-0.7823477741029353,-0.0022370704187490596,0.00027013598253789633,0.04697279937241302,-1.9500439822276112,0.05228284627199194,1.0909013838394463
P01,session_01,023,lean_forward,1.5373165607452393,0.6890139900416781,-0.05203455528810993,-0.7802994445752973,0.0037908952211956927,0.005529191758839935,0.20895755801846488,-2.102580618529219,-0.26633016158218503,8.303968323993441
P01,session_01,023,lean_forward,1.5689399242401123,0.6903183950107222,-0.04880044500617924,-0.7777477037576684,-0.001461928365676611,-0.0032671592846964114,0.11318608044550318,-2.1228729879997945,0.06839733506939484,2.165833070940316
P01,session_01,023,lean_forward,1.6010072231292725,0.6920956102658774,-0.04772620726767549,-0.7839971118021777,0.0016125156704922487,0.008714683224915615,0.27637541610736166,-1.990572477203581,0.025725496848646542,0.8485067658138736
P01,session_01,023,lean_forward,1.6332788467407227,0.6928543007888015,-0.048072813349327295,-0.7888456508810696,0.00036875762990694485,-0.0020502975839431278,0.06455191894067738,-1.9390089142038158,0.04313479253029782,1.33817460562885
P01,session_01,023,lean_forward,1.6651654243469238,0.6963229675954924,-0.043524689252781204,-0.78957144294472,0.0007510254241705251,0.004872003254572069,0.15459637025948572,-2.0657465853650008,-0.1632448292981047,5.121880555302651
P01,session_01,023,lean_forward,1.6969711780548096,0.6960791919139471,-0.04442316435039671,-0.7887576880881604,0.00025497139184885094,-0.0003279595082594682,0.013060934521281427,-2.033345269156783,0.07756970217809062,2.438892510553166
P01,session_01,023,lean_forward,1.729417085647583,0.6982376048332414,-0.04180067060299863,-0.7865150693437384,-0.0016639658623969164,-0.002412227643432708,0.09031847553292931,-1.9661223438282958,0.030734774761016315,0.951558033509085
P01,session_01,023,lean_forward,1.7612903118133545,0.6979089735070422,-0.03665724993554399,-0.7862574433931565,4.931048759017555e-05,-0.00038718180643439854,0.012245676131366972,-2.0181102875461314,0.08633629045126093,2.7087679249309837
P01,session_01,023,lean_forward,1.793642282485962,0.6977868353565939,-0.03526777186668,-0.7834345960006478,4.897744048241401e-05,-0.00011207046333189828,0.0037804580318320903,-2.070546228228263,-0.117445745432927,3.630252088948694
P01,session_01,023,lean_forward,1.825298547744751,0.697030973811163,-0.02464674015255538,-0.7842241669764655,0.0004373841606759364,8.080901915271828e-05,0.014050503550209786,-2.0672434583803074,0.2350456024975493,7.424944838550828
P01,session_01,023,lean_forward,1.8570582866668701,0.6962959164762965,-0.0271346001345464,-0.7845943309892115,0.002340799325136559,0.00011534931763106649,0.07379278793464514,-2.0440901489055747,-0.09334781563264133,2.9401133163017126
P01,session_01,023,lean_forward,1.905217170715332,0.6990849255948514,-0.03030518398416266,-0.78230962847679,0.0032964014732082387,0.0008859038993176904,0.07087724591226259,-2.0310116585082736,0.004182987460124653,0.11210667851791666
P01,session_01,023,lean_forward,1.9370594024658203,0.6946655354350184,-0.03370656731325759,-0.7869411569031317,0.003137882910765082,-2.3638828757118043e-05,0.09854748794294184,-2.0938126034932063,0.171368166064889,5.382690985827768
P01,session_01,023,lean_forward,1.9702386856079102,0.6941479753214066,-0.033664679630122575,-0.7854996314716074,0.0006385525228492634,-0.001836874278059765,0.05861186231435855,-1.9999393745741265,-0.02021252938005718,0.6120043663942761
P01,session_01,023,lean_forward,2.0013461112976074,0.694226129571647,-0.028658799851849447,-0.7856207804741476,0.00011193695010279152,0.00032342587999019417,0.011002154761783333,-2.0109723146459055,-0.18622899947214513,5.986651413048134
P01,session_01,023,lean_forward,2.0332705974578857,0.6950207722128916,-0.03084677585608859,-0.7865989268555658,0.00087869199710996,0.0035650659443548305,0.11501379686597825,-2.0048522528285946,0.03137211720893813,0.9894052886425718
P01,session_01,023,lean_forward,2.0653951168060303,0.6939854535867072,-0.04307416933230157,-0.7901401557887904,0.0007200374833390581,0.0036468672487695764,0.11571440966494519,-1.8788911544130615,0.055126433887249686,1.7199206024753406
P01,session_01,023,lean_forward,2.0973668098449707,0.6935809318172916,-0.04230909600751315,-0.7904109865104704,2.775782807639637e-05,6.492581768333577e-05,0.0022085353440102575,-1.9149706214670519,0.035122160333915596,1.0985414901201433
P01,session_01,023,lean_forward,2.128979444503784,0.6896710872899949,-0.03472699478719203,-0.7903113423335811,-0.0024209298319420266,-0.004230707111171714,0.1541915417621463,-1.9338071960825205,0.06134000280900219,1.9464803081745456
P01,session_01,023,lean_forward,2.1609115600585938,0.6882339882924005,-0.02974457887507261,-0.790244294114253,-0.0002580402045369856,-0.0017567432552208371,0.0556052513840058,-1.9563523577817432,-0.003050235275647804,0.11052823438875824
P01,session_01,023,lean_forward,2.194044828414917,0.6870276048695702,-0.028097754222921857,-0.7917146001626808,0.00035804728550134046,0.0001925143994493517,0.012269281754472386,-1.9795910401411172,0.015276785398214632,0.46123410240560214
P01,session_01,023,lean_forward,2.2250308990478516,0.686001659597332,-0.023988356924094647,-0.7913428011777901,0.0007576983196642627,0.00022903420338684667,0.025545594151210424,-1.9759465395956666,-0.014054063517460485,0.4542795121515677
P01,session_01,023,lean_forward,2.257338762283325,0.6844270379487454,-0.021703781186496723,-0.7931387521317445,-0.0010514875086976912,-0.0003405534125196556,0.03421028874625369,-1.96789823581694,0.012805522423507918,0.3978329392564758
P01,session_01,023,lean_forward,2.288844108581543,0.6846940962662182,-0.0207945680229061,-0.7917319629389058,0.00011986103826898891,0.0019127710673556852,0.06083167057614172,-2.0043497320322294,-0.014482042643951504,0.46367706507555373
P01,session_01,023,lean_forward,2.337128162384033,0.6776008189191307,-0.023750610173348227,-0.7934787494945327,0.002356946980083582,0.000474127283157398,0.049792053117110824,-1.8459051054698248,0.06776277270505458,1.4043023049471977
P01,session_01,023,lean_forward,2.368910312652588,0.673718776511787,-0.032139595108575586,-0.7962052664393551,0.002834160797306553,-0.0003540613631494059,0.08986777007844622,-1.914838211875937,-0.003040221060286403,0.13125050065900395
P01,session_01,023,lean_forward,2.4014880657196045,0.6665743861034403,-0.03581492892487434,-0.8007170121824372,0.0007325120940720212,-0.005619379876739822,0.17395066869415934,-1.8878715029344841,0.1375732713142593,4.22650198015868
P01,session_01,023,lean_forward,2.433619737625122,0.6667525515984059,-0.036468248295887455,-0.804791706878601,-9.312771064153756e-05,0.0043881097848868095,0.13659724583001034,-2.0499832175890385,-0.17351822339128511,5.401951245001892
P01,session_01,023,lean_forward,2.464916706085205,0.6640286884058785,-0.038150283930036256,-0.8056375399879137,0.0019636593012237933,-0.00035334871558276494,0.06375050440192857,-2.0490343290679838,0.010548399418699003,0.3430183350630832
P01,session_01,023,lean_forward,2.4974403381347656,0.6623539830684001,-0.04205157317404672,-0.8073852555407024,0.0008117017631318493,-0.0010582269272227253,0.04100650913070633,-1.9410606265539596,0.07736287209528428,2.3790198761815144
P01,session_01,023,lean_forward,2.529153823852539,0.6624349913661506,-0.04344640006837216,-0.8075837641348274,8.484935239800115e-05,0.002741767806570193,0.08649570820231775,-1.9575477120207196,-0.13634953512467488,4.300288091867386
P01,session_01,023,lean_forward,2.561540365219116,0.6637719076748149,-0.04464182179370763,-0.8067958963196405,0.0012315641768542106,0.003282794252820724,0.10826124002655592,-1.9624714298242296,-0.04987471238905104,1.543783376837154
P01,session_01,023,lean_forward,2.5934059619903564,0.6632610446609876,-0.04567189950454865,-0.8065854690491872,0.00031477827797607693,0.00047395350454523723,0.017855042609267523,-1.9019108000559701,0.010809536840012108,0.3396923726300351
P01,session_01,023,lean_forward,2.627230405807495,0.6635838929255923,-0.0462006941356711,-0.7975886978503173,0.0003628372616289352,0.002051945989177425,0.06160570158591007,-1.9194616600742656,-0.0655576286508808,1.939151980237846
P01,session_01,023,lean_forward,2.6574013233184814,0.663936412989734,-0.04628537450205737,-0.7974127231470275,-0.0005853754646590591,0.0006449409306204557,0.028868331996716637,-1.9415622181047052,0.11693275525844063,3.8757853145212597
P01,session_01,023,lean_forward,2.6891822814941406,0.6623611453379494,-0.046739444099217854,-0.7958743315454764,0.0003376017404242251,0.0007897808749097289,0.027025975089269346,-1.956382254622931,0.02545152445877838,0.8012978405133944
P01,session_01,023,lean_forward,2.7215425968170166,0.659972033490207,-0.04763888609894489,-0.7981958726720007,0.0008040307373136377,0.0009232789461037972,0.03783336344234883,-1.949611555273245,0.016860746169186244,0.522403358571438
P01,session_01,023,lean_forward,2.7692015171051025,0.6573179083421373,-0.049257344687251105,-0.7945318899982647,0.0011443634921839071,-0.005929063321568214,0.12670219580932493,-2.031470580200114,0.13229571932095419,2.7787758696390945
P01,session_01,023,lean_forward,2.8008835315704346,0.6553104810833176,-0.048342682257114834,-0.7918159401394871,-0.0009871491886989483,-0.004725272966193593,0.15236669140997483,-1.9664137813417866,-0.013490553811723883,0.4522507178583351
P01,session_01,023,lean_forward,2.8338184356689453,0.6532848618741622,-0.04553844955522656,-0.7892945470005678,0.0009047082544000889,0.003984151443923596,0.12405014072285628,-2.1033159583033543,0.0002990793710008942,0.12438207507327116
P01,session_01,023,lean_forward,2.8649346828460693,0.651045064972149,-0.04846644852253506,-0.7905455408709813,-0.0017467712777159516,-0.0005069248441894822,0.05845309751424865,-2.014647687072602,0.010404685069536602,0.33945174476323453
P01,session_01,023,lean_forward,2.897240400314331,0.6508204336273725,-0.04919851536934879,-0.7921967813032388,-7.191622280359047e-05,0.001373941005411607,0.04258756597883884,-1.89649586566026,-0.12294647252978239,3.805956961565042
P01,session_01,023,lean_forward,2.929276943206787,0.6499783344328562,-0.05036648031437823,-0.7922203231317613,-0.0004259237709537791,-0.002452675335022693,0.07770448064410847,-1.908094293263064,0.006413765258611462,0.21475251656570737
P01,session_01,023,lean_forward,2.961488723754883,0.6500947703201118,-0.05124817823560091,-0.7930683205257726,9.054000955386138e-07,0.0001813092343217832,0.005628732465615899,-1.8884173677636629,-0.02604622904715516,0.8086128634875321
P01,session_01,023,lean_forward,2.9936695098876953,0.6503938936275947,-0.05120695572484419,-0.7937512071303454,-0.0004234521794618588,0.0008971939590275335,0.030829054030553915,-1.8928905128985947,0.0028368374874052403,0.09338847596438819
P01,session_01,023,lean_forward,3.0254127979278564,0.6501916732636438,-0.051280154279984135,-0.794109733892398,0.00022943315155486506,0.006513921379865456,0.20533350745416332,-1.9439355503056874,0.03398645000145742,1.0901774672561702
P01,session_01,023,lean_forward,3.057978868484497,0.6481536291524614,-0.049982120833395906,-0.7959572018488904,-0.0010983323132908427,-0.000602158495200606,0.03846238826173253,-1.9752628200194724,0.0864609661568622,2.6552186754282485
P01,session_01,023,lean_forward,3.089399576187134,0.6499014997356725,-0.052606354325366665,-0.80188752755949,0.00040492591165119577,0.004677656073598355,0.14942851738646,-1.9239725957061788,-0.019427226567417768,0.6360943471470808
P01,session_01,023,lean_forward,3.1212539672851562,0.6490752002956655,-0.055642685309474776,-0.8005187603488964,0.0026573222283359323,0.0019979017122593434,0.10436869191094737,-1.9593526732533746,-0.008083482870599457,0.27438796481060956
P01,session_01,023,lean_forward,3.152981996536255,0.6491336969518453,-0.0512133279546028,-0.8003449289559056,-0.0005608477452297371,-2.589375641041026e-05,0.01769555765589792,-1.9835636173591897,0.06736710657141318,2.1233416538970813
P01,session_01,023,lean_forward,3.2016079425811768,0.6494165756303251,-0.05171480745303431,-0.8012940568071193,-0.0002467210443178671,-0.0004180662569143491,0.009983119610596742,-1.9509903059422835,-0.035122108781621406,0.7223605135214599
P01,session_01,023,lean_forward,3.23325514793396,0.6516510402166417,-0.05523310723249924,-0.8014904378388088,0.001050305521107852,5.972803024359556e-05,0.033241558748497435,-1.9315464164558211,-0.06541646198766822,2.0673206262995487
P01,session_01,023,lean_forward,3.2656283378601074,0.6504633411865944,-0.05286358282796915,-0.8018586902614908,-0.0009832457089031712,-0.0037403220695014865,0.11946304398972692,-2.0391018471821725,0.12163441600469689,3.7591563659113323
P01,session_01,023,lean_forward,3.2972652912139893,0.6504367469137157,-0.05338520502973873,-0.802655964708727,-5.923243489778407e-05,-0.0004675822843797226,0.01489773915632335,-1.9589801727766367,-0.02879876173741544,0.9104106185297252
P01,session_01,023,lean_forward,3.329282760620117,0.6475361942291457,-0.05781612726043726,-0.7967842280652938,0.004868345716610359,0.0012803006404419348,0.1572229559225596,-2.04028370402378,-0.09382273029961993,2.9345753017141734
P01,session_01,023,lean_forward,3.3614931106567383,0.6490160803006686,-0.05374311583787004,-0.7928428558733299,-0.0014454686621115148,-0.003573067571079346,0.1196625629405601,-2.0530780507076347,0.032097040667778506,1.0036413285098258
P01,session_01,023,lean_forward,3.3935680389404297,0.6489125213539416,-0.05464363241650252,-0.7979249066128474,6.324087851199417e-05,0.004802127449595224,0.14972890382089066,-1.9599412369352922,-0.026573339514475228,0.841898355210232
P01,session_01,023,lean_forward,3.425483465194702,0.6482142086196482,-0.05666309004683175,-0.7990539203289274,0.00031731513410865005,0.002884352845791324,0.09092012930309484,-1.982267493354607,0.05646896771191811,1.7716659626304092
P01,session_01,023,lean_forward,3.4571127891540527,0.6489643898043231,-0.05252303477970154,-0.7966320062622034,-0.0034388899371706467,-0.0015584852277891169,0.11936892071733361,-1.9265141414110076,-0.03319118439318839,1.0561475354819057
P01,session_01,023,lean_forward,3.490036964416504,0.6483613235791046,-0.05293808501545324,-0.7992270076437243,0.00019446899569165705,0.0021182331096043566,0.06460727371011933,-2.126503977230374,-0.12121673201687437,3.68226063109826
P01,session_01,023,lean_forward,3.520843744277954,0.6470530204641288,-0.05130838153524931,-0.7945756728451803,8.883542381741183e-05,-0.007023237641372932,0.22799524911675675,-1.8748404034857937,0.06603648877959198,2.155660950351948
P01,session_01,023,lean_forward,3.5533478260040283,0.6468481630957593,-0.050828400249109215,-0.7951601479659394,-6.747410540349406e-05,-0.0006977315481259913,0.021566106752940038,-1.9803720427821219,0.055553372961313775,1.7092559594778842
P01,session_01,023,lean_forward,3.6019132137298584,0.6497887591532442,-0.05047612594383578,-0.7945315972153584,-0.0019906855597809324,0.004040765818144152,0.09275146341923214,-1.9592130199039763,-0.15040246627431564,3.098295156377317
P01,session_01,023,lean_forward,3.6332483291625977,0.6483769056283507,-0.05158210098217214,-0.7943131322830262,0.001032190376167247,0.0006164299531212445,0.038367469444575905,-1.9339949466443314,0.007014091267347377,0.22710562721520625
P01,session_01,023,lean_forward,3.6653177738189697,0.6470504759771162,-0.051840492531821596,-0.7945291922152325,0.00037603497653921296,-0.002283361479858099,0.07215958956540221,-1.9899454995575636,0.18655185346071965,5.817568962169678
P01,session_01,023,lean_forward,3.697197675704956,0.6498987068561823,-0.05635250223578415,-0.793127037335657,-5.293029552620671e-05,0.0019612984532431112,0.061543870339088334,-1.9390380597253485,-0.09234643304291834,2.8973512432975173
P01,session_01,023,lean_forward,3.729041576385498,0.6501169010578336,-0.05671303044750389,-0.7930725874458708,-4.248359368577568e-05,0.0007387354866428649,0.02323697936002339,-1.9786210593233713,0.032120576522793404,1.0089561210905313
P01,session_01,023,lean_forward,3.761665105819702,0.6503755488752196,-0.05701891440103699,-0.7945568986560242,-0.00018065816929417093,0.0017867860482657216,0.05504909615980931,-1.9188059061817264,-0.05878559549767866,1.8027792322104157
P01,session_01,023,lean_forward,3.7929463386535645,0.6511689076434201,-0.053694763196329855,-0.7961312218680516,-0.0008895127361996753,1.3043715356790794e-05,0.028439044316956555,-1.9775602482187011,0.017122462265148124,0.5481100078248451
P01,session_01,023,lean_forward,3.825406312942505,0.6490178507002843,-0.053264721701060926,-0.796604774469933,0.002140714491093667,0.0015479791332820372,0.08138516565198599,-2.021290548197677,0.03682887152855918,1.1375085292609877
P01,session_01,023,lean_forward,3.8573532104492188,0.6509283594421146,-0.05189220621045964,-0.7953022479394093,-0.0013939155400321257,0.0001523702685058232,0.04389217079567888,-2.0139294835718964,-0.18636825094086892,5.833853691532766
P01,session_01,023,lean_forward,3.8889362812042236,0.6526437550226525,-0.04970559165883339,-0.7944306180881712,-0.002046386355808801,0.0011876748946362992,0.07491564435788561,-1.9992264063995742,0.03977443721118412,1.2615856951052846
P01,session_01,023,lean_forward,3.9218828678131104,0.6528072158160222,-0.050845655901046435,-0.7943748160419593,0.0007739593095453573,-0.00010395088539570752,0.023702271997153714,-2.02042533711786,0.04414050422508401,1.3399692025647236
P01,session_01,023,lean_forward,3.9533464908599854,0.6566232989337073,-0.04798218105770944,-0.7944854739546413,-0.002662835609981637,0.00477115255703592,0.17365881245950734,-1.9950783130490757,-0.07132846067358065,2.2736551954703526
P01,session_01,023,lean_forward,3.985227346420288,0.6552099585487068,-0.04934016286810917,-0.7947683254944018,0.0009785674889146454,-0.0008054510130008619,0.039754796534802204,-1.9155119731146446,0.04074559619641812,1.2786765790054306
P01,session_01,024,lean_forward,0.000164031982421875,0.4842545096342185,0.021664378798425043,-0.798147872217358,0.0,0.0,0.0,-2.1794150779589003,0.0,0.0
P01,session_01,024,lean_forward,0.047905921936035156,0.4850097537366764,0.016541676805309272,-0.7975750343560045,-0.005736002154875002,-0.0002078132522875152,0.12022493087043225,-2.09685623882948,-0.0789827385171742,1.6587324382325146
P01,session_01,024,lean_forward,0.08002924919128418,0.4843271078749736,0.016351163076921617,-0.7975370737221386,-0.0012282693813916198,-0.004201258468207717,0.1362599959920213,-2.124467634676611,-0.16604536325671038,5.170792073963008
P01,session_01,024,lean_forward,0.11231732368469238,0.48656894910071996,0.01829186794857749,-0.7986423475931406,-0.002501754088860772,0.0041083402010120285,0.14897505723898205,-1.98544199425176,-0.2903765666583238,8.994540818250755
P01,session_01,024,lean_forward,0.14397525787353516,0.48786908261382317,0.014936222448225567,-0.8002724488528378,-0.00113838158360101,-0.0032742482295089552,0.10949857952015521,-2.0160675537118773,-0.018494554472348913,0.5943729340418733
P01,session_01,024,lean_forward,0.17602801322937012,0.48925803923698385,0.013802832261967051,-0.7987590445949325,-0.0019067995291771579,0.0010692720921039445,0.06820456949827783,-2.0075497032363625,0.048776478348664914,1.5232838591897506
P01,session_01,024,lean_forward,0.20803141593933105,0.4919339000172593,0.015934571383977685,-0.7926856317544978,-0.0032213248330015985,-0.0016131159860894356,0.11257079826245198,-2.0190917282085494,-0.0324632701001963,1.0205965501519114
P01,session_01,024,lean_forward,0.24024224281311035,0.493232460914239,0.014741783010771043,-0.7885250449528636,-0.0031221195344715044,-0.001166576581907654,0.103472858787828,-1.9872051714995607,-0.004122141584446261,0.16457193975951226
P01,session_01,024,lean_forward,0.2720150947570801,0.4931113084710604,0.012286422190609566,-0.7902273533169235,-4.3363771922959904e-05,0.0013023636531956278,0.041012540520911814,-2.005690128453565,0.043301581928104536,1.3634654076755233
P01,session_01,024,lean_forward,0.30447983741760254,0.49458879892430796,0.012647112212388562,-0.7957957661760927,-0.002264148048142573,0.0036366164471457237,0.13195382748301046,-1.982048216805842,-0.06670026495070262,2.0587777282742104
P01,session_01,024,lean_forward,0.3364858627319336,0.49335617562444695,0.012468221034915676,-0.7970055490960161,-0.0048118957720414985,-0.0015489039888386665,0.15794030788051522,-1.9928844716235286,0.023717664062779795,0.7576817766104643
P01,session_01,024,lean_forward,0.36804866790771484,0.49263211520179406,0.007671722353228822,-0.80181944151699,0.0007459774262019785,0.003211375046022693,0.10445456647379785,-2.0048889246108272,0.02100978179481181,0.6737957415222027
P01,session_01,024,lean_forward,0.40005922317504883,0.49028991979981734,0.009531498969822153,-0.8034998955361554,-0.002530787688064878,-0.0034241463202610957,0.1330153232325289,-2.0398404063227917,-0.019631976879337622,0.6275557840642016
P01,session_01,024,lean_forward,0.4318864345550537,0.4903402233054805,0.003920419149003608,-0.8061225502559631,0.00021609925560489167,0.0017772348004901244,0.05625138340641636,-2.0442154174719085,0.009653233672078392,0.3084734660881562
P01,session_01,024,lean_forward,0.4799768924713135,0.4909265542108596,0.004829244879765165,-0.8053332681850902,-0.0014635068768636297,-0.00016002174080855018,0.03061375249883829,-2.0694512348130174,0.03434503035868488,0.7148314147552862
P01,session_01,024,lean_forward,0.5119729042053223,0.4901913206332103,0.00507101391281891,-0.8050972438169097,-0.0005600345846997775,-0.00041123312499693804,0.021715304930712605,-2.1047780739130317,0.03981161015318154,1.2444573708212328
P01,session_01,024,lean_forward,0.5448849201202393,0.4907578247864078,0.006984168407255074,-0.804193510183125,-0.0006426450292566392,0.00016189857292683204,0.020136247982476953,-2.0942535949738015,-0.0018683617569217473,0.06023385436989404
P01,session_01,024,lean_forward,0.5759029388427734,0.4914760301266144,0.00744954928733742,-0.8044726750216179,-0.0006405234682556667,-2.9227711038457954e-05,0.020671531980164196,-2.0270533655008065,-0.06377989847350071,2.056324807767735
P01,session_01,024,lean_forward,0.6079833507537842,0.4916160492959904,0.007224523641243452,-0.8042622818127865,0.00015112848699492282,7.474585818882464e-05,0.005255617712257273,-2.010775188787027,-0.006024013014607289,0.18785207694371397
P01,session_01,024,lean_forward,0.6398983001708984,0.492061130489731,0.007636441456349893,-0.8098788242925364,-0.0005137839287634921,-0.000783182834237972,0.029348918409293184,-1.9809771554447935,0.007947964223955105,0.25075920163728926
P01,session_01,024,lean_forward,0.6721768379211426,0.4931083643626922,0.007303832420051078,-0.8153175739431346,0.0003145780912243036,-0.00040330059610754613,0.015845791506730923,-1.9604464640915429,-0.09480241397468975,2.937053545193885
P01,session_01,024,lean_forward,0.7044081687927246,0.49388265963043354,0.007452742991078437,-0.8152758892464957,-0.00021177348177779936,-0.0005334314229707213,0.01780662616001572,-1.9935267289979082,0.0062867065542260925,0.19586067126754889
P01,session_01,024,lean_forward,0.7357761859893799,0.4947850401365424,0.007356601659053933,-0.8164761117444099,-0.0005849515049772571,-5.800425261731953e-05,0.018739480408968022,-1.9763268582313183,-0.004477139251476292,0.14395436307635395
P01,session_01,024,lean_forward,0.769925594329834,0.4984112999011138,0.007967754871514904,-0.8270600353481808,-0.0031979367366970863,0.00024647349068219944,0.09392317503607227,-1.9803517431607127,-0.028423888602730298,0.8376216205134219
P01,session_01,024,lean_forward,0.8001422882080078,0.5011018768932515,0.007515914154568055,-0.8415102936847277,4.55567620111663e-05,-0.0001840707290137855,0.006275488079235763,-1.9811368416673902,-0.04925337209104234,1.6300174106918568
P01,session_01,024,lean_forward,0.8317615985870361,0.5048990328162704,0.00857504590714462,-0.8468094381207381,-0.001104086963986509,-0.002345882288677671,0.08199783920628444,-1.9856253527877583,0.0022171459257557475,0.10789096121104015
P01,session_01,024,lean_forward,0.8638436794281006,0.5116653335063525,0.009793728770989356,-0.857829292763292,-0.0019530959180993493,0.0009876146483148206,0.06821874142574333,-2.0138324715987217,-0.02620190122429054,0.8195586631301667
P01,session_01,024,lean_forward,0.911811113357544,0.5186537177954424,0.00385493853749692,-0.8581339232149063,0.005881183136348486,-0.009511047230556362,0.23312694358036604,-1.967557572617217,-0.08047689853164965,1.6938597326342395
P01,session_01,024,lean_forward,0.9440200328826904,0.529222387509271,0.0022170593310038497,-0.8592310014820093,0.0015258684184119968,0.0016817439639598417,0.07050224085329927,-1.9348040265308133,0.03550341485608377,1.1045375492403031
P01,session_01,024,lean_forward,0.9767358303070068,0.5353519620655687,7.509701233910293e-05,-0.8633037861078945,0.0023286754063432283,-0.0017505564492330844,0.0890479898264327,-1.9732787676140973,-0.024510573721892505,0.7544703613831368
P01,session_01,024,lean_forward,1.007706642150879,0.548618962185458,0.0031823716874156424,-0.8611672813058577,-0.0028604025668292517,-0.001553458906935888,0.10509951386354156,-1.9634150121837979,-0.03551514417638817,1.1515357129177504
P01,session_01,024,lean_forward,1.0403573513031006,0.5548594114796674,0.007007146487806878,-0.864125769374892,-0.002654958652851041,-0.0033635742609243523,0.13124191058938986,-1.9460208295853676,-0.003189173072459709,0.16359992298557077
P01,session_01,024,lean_forward,1.072296380996704,0.5657544743682159,0.0014145916676892153,-0.8653083675174539,0.004629529631148681,-0.002502848510721594,0.16477565332615732,-2.0234902561171855,-0.04688559623805735,1.4771906930532408
P01,session_01,024,lean_forward,1.104266881942749,0.5689572103976701,0.0020086390254236805,-0.8729372243736578,0.0008436943902391119,-0.00698395832526051,0.22003830471043917,-2.037657356289054,-0.009558360255568566,0.37121762774621686
P01,session_01,024,lean_forward,1.1359868049621582,0.5790594464173445,-0.002571550292279613,-0.875728024997493,0.004450550790042286,-0.0014343275595647082,0.1474143004148589,-2.0269164215780036,-0.044779697145590644,1.4193972507207313
P01,session_01,024,lean_forward,1.1680018901824951,0.5903784495984633,0.0018271499590093328,-0.8719410187266001,0.001631375779110507,-0.0019156666932200182,0.0785935999067078,-2.050921979414997,-0.0529667781986725,1.6562976357944974
P01,session_01,024,lean_forward,1.2004358768463135,0.6040254400100924,0.006517589606492423,-0.8617125609723684,-0.00219261105152336,-0.002839439761114732,0.11060844531806428,-2.028077731363753,-0.05313377327467403,1.6419426068366647
P01,session_01,024,lean_forward,1.2321758270263672,0.6153729849292545,0.00792349669419954,-0.8640910863408359,-0.0006018599622400752,-0.0009670440334749404,0.035886599584082045,-2.041211052470522,-0.12550752511797278,3.954407393587043
P01,session_01,024,lean_forward,1.264127254486084,0.6221885502687654,0.017128424037311837,-0.859800560979525,-0.00397462619384482,-0.002789265145638915,0.1519707561748756,-1.9977524361671744,-0.018109531000181662,0.5868034257000412
P01,session_01,024,lean_forward,1.3119194507598877,0.6284486131451428,0.011924796448236338,-0.8582100461588302,0.0037005442086080406,-0.012126482432521572,0.2652849198062198,-1.9171182278517431,-0.02825059636968949,0.6479126960639383
P01,session_01,024,lean_forward,1.3439314365386963,0.6356949160445818,0.01054667008586945,-0.8651130178696432,0.0009256515028391117,-0.0011295156452633755,0.045619002313894014,-1.9435895392900804,-0.11811668537891909,3.6900463944208046
P01,session_01,024,lean_forward,1.3756039142608643,0.6465762555819823,0.013431841322942475,-0.870559879694658,-0.0036086747761518967,-0.0003651909550331002,0.11451917500426576,-1.9920576612930354,-0.08426992160621057,2.6631305676947425
P01,session_01,024,lean_forward,1.4083573818206787,0.6490552076322805,0.010342661360280423,-0.8737087841566762,0.0009540064465516965,-0.003384181408778923,0.10734982716290892,-1.9368937542862978,0.07346074629139121,2.245406344279121
P01,session_01,024,lean_forward,1.4401886463165283,0.6570435587799157,0.0177117702556169,-0.8628011356924985,-0.006404715900303527,0.00020851171004649557,0.20131494154999974,-2.062447609374958,-0.02977780360684239,0.9569052808923069
P01,session_01,024,lean_forward,1.4718573093414307,0.6584442460602092,0.014310897469673147,-0.8603123283075431,0.0025462209702834695,-0.005743893948375775,0.19839668669383625,-1.9964045732995355,-0.04091854564687859,1.3072261062975785
P01,session_01,024,lean_forward,1.5041415691375732,0.6619600172201404,0.016444615911138983,-0.85615844442556,-0.0017609531647952395,-0.00031559954453905926,0.05541433087124644,-2.0468657773984327,-0.03193849382202068,0.9908407324427952
P01,session_01,024,lean_forward,1.5361216068267822,0.6606286267168463,0.011162597345718173,-0.8645704042192873,0.004318814942286017,-0.003375510358583189,0.17140206184591067,-1.9993305971680504,0.06361834410256481,1.9966846969140535
P01,session_01,024,lean_forward,1.56768798828125,0.6604372688271245,0.011799772134298404,-0.8647235735866926,0.0003431089809290524,0.0004985876412553561,0.019173509270440432,-2.01873781368551,-0.012116370097104773,0.38431637035396765
P01,session_01,024,lean_forward,1.6000456809997559,0.6617054979482282,0.005914092701883575,-0.8625475285498426,0.0016273590245394216,-0.0011901463287470897,0.06230733019012698,-2.0575508253231227,0.00865201476045311,0.27455021231199
P01,session_01,024,lean_forward,1.6324598789215088,0.6620853369471588,0.006703217844688527,-0.8604441513829052,0.0006378990564337653,-0.0001069954526439022,0.019954528741159015,-2.021819472665218,0.009703141671741747,0.3000128503092862
P01,session_01,024,lean_forward,1.6642370223999023,0.660839604027551,0.005765443201271094,-0.856631705160266,0.0006676483659569545,-0.005341818294950944,0.16941043513255016,-2.0291443602546564,0.008252105842676308,0.3100599107470407
P01,session_01,024,lean_forward,1.6960279941558838,0.6608812646196175,0.010012820253015916,-0.8549455429096815,2.0123563910022e-05,-0.0012522380867616826,0.039394825032690116,-2.041187043346962,0.022726031129767163,0.7159426941354771
P01,session_01,024,lean_forward,1.7437639236450195,0.6614036174894687,0.0106858810142496,-0.8546067045432815,0.0007266810930840004,0.0026392078614838905,0.05734512393933458,-2.0184620900987422,0.002463161540463308,0.07714270144624416
P01,session_01,024,lean_forward,1.7760183811187744,0.6612652537341408,0.00923788713231081,-0.8522021440138463,0.0004304167318271306,-0.0022039013222772716,0.06961945370083934,-1.978993284729578,0.019841736989846884,0.6190896005727434
P01,session_01,024,lean_forward,1.8079931735992432,0.6613011973223155,0.008433933806546619,-0.84960169836035,0.0007968715574288933,0.00012136323737963266,0.02520924465679112,-1.9857516894038816,-0.02683128015406565,0.8395171039259217
P01,session_01,024,lean_forward,1.8404958248138428,0.6618652451513186,0.007541331327065293,-0.8474354199674914,0.0011977276805807502,-0.000930228898885054,0.04665879895811914,-1.9193745310792152,-0.05734967652325127,1.7650783006896298
P01,session_01,024,lean_forward,1.8724839687347412,0.6615801192390816,0.014634997212331703,-0.8450197924085873,-2.170148163881538e-05,0.0018068876596046158,0.056490241551368704,-2.042399571134656,0.12517707415974785,3.913641146840562
P01,session_01,024,lean_forward,1.904165506362915,0.6599941557367626,0.01458035089845099,-0.838041185459345,0.001327163353922352,-0.00016152098659386388,0.042199848682347565,-1.9359221348318914,-0.102581811510658,3.238180061429012
P01,session_01,024,lean_forward,1.935964822769165,0.6616282473126097,0.017829088518425764,-0.8389695112060883,-0.0007265244649456691,0.0030976696036277983,0.10005649893080196,-1.9754118785007706,-0.0294236271070431,0.9306852727699643
P01,session_01,024,lean_forward,1.968259572982788,0.6612965713706499,0.014264291064557637,-0.8425028175920085,0.00019068763103000794,0.00326714103377287,0.10133848537088107,-1.9453605330958625,-0.020934245832420265,0.6560978521248926
P01,session_01,024,lean_forward,1.9999141693115234,0.6603720664328361,0.014717459687724288,-0.843992612260396,0.000343030034102618,0.00038337588997523216,0.016251611927336804,-1.9280576889508807,0.05705576451318857,1.8025212852711954
P01,session_01,024,lean_forward,2.031848192214966,0.655499766869458,0.007149593323089239,-0.8502423741031142,0.0038743828521260243,9.193030861889031e-05,0.12135875768389236,-2.0049263321499704,0.10633449677236619,3.3320291816198764
P01,session_01,024,lean_forward,2.064472198486328,0.6568452850815202,0.009930957365533634,-0.8465263774889374,-0.0010484653417737317,-0.00021733142869305008,0.03282102269373122,-1.9638540671962246,-0.026972554433227207,0.827421352219323
P01,session_01,024,lean_forward,2.09598708152771,0.6528311347251281,0.02167305680757886,-0.8483837653882199,-0.0013408351186846362,-0.0034824325006805506,0.11840897731666462,-1.9934003496411705,0.05318593472258771,1.6917938186062424
P01,session_01,024,lean_forward,2.1281137466430664,0.6469582580896553,0.01934080160895758,-0.8560172170193127,0.0024341016531675324,2.1190035256401418e-05,0.07576864506309523,-2.00416385317631,0.03830808278122705,1.1948125396187654
P01,session_01,024,lean_forward,2.1758008003234863,0.6456564608344512,0.019909658476342223,-0.8520693429387214,-0.0005488783704489996,0.0006153345995127185,0.017291128989606535,-1.933797058329963,-0.08170471987107206,1.7134394809200475
P01,session_01,024,lean_forward,2.2076916694641113,0.6367196865901646,0.01799896728660429,-0.8636297148218449,0.002137338969710668,8.139569063703378e-05,0.06706898716245087,-2.010325136805459,0.16578322287586122,5.198886842400249
P01,session_01,024,lean_forward,2.239898920059204,0.6366738202202059,0.01729242383061908,-0.8617801415339977,0.000277661685165677,0.00018859509074598774,0.010421714254018858,-1.9298631843001695,-0.11461549506371892,3.558701361718383
P01,session_01,024,lean_forward,2.272364854812622,0.6371509344033807,0.019215512064689383,-0.8618015879081528,-0.00034589633657741595,0.0007199976076992784,0.02460346781181381,-1.9180567881439854,-0.015846215132616224,0.4887071559459532
P01,session_01,024,lean_forward,2.3043856620788574,0.6360850877281905,0.01745089637701251,-0.8643591082463503,0.0015088570055647311,0.0010987433533616994,0.0582907599510349,-1.9289288773982072,0.04165783917832989,1.3022667842769362
P01,session_01,024,lean_forward,2.3364176750183105,0.6365514737824963,0.01731679233969838,-0.8595207714449751,-0.00022260979388025537,0.0033355770050999094,0.1043642504313209,-1.9631691208549962,0.020645791359406803,0.6529309214533092
P01,session_01,024,lean_forward,2.367638349533081,0.6322612236952331,0.012919719644977725,-0.8637417588689317,0.0018865513262266449,0.00012194106664705311,0.06055244487330407,-1.929243756250238,0.10443585382636661,3.345634415955646
P01,session_01,024,lean_forward,2.4000370502471924,0.6332721460093053,0.014057262683338253,-0.8621123279980911,-0.001105741617145119,0.00038095754131723433,0.03609795686945877,-1.9431336832314445,-0.024295537784478412,0.75076067934121
P01,session_01,024,lean_forward,2.4318697452545166,0.6263597084478795,0.009783370071902131,-0.8655279132238407,0.002054584557128089,-0.006249136346552251,0.20664990426210572,-1.953882531421702,0.012328887168669825,0.4389846540564502
P01,session_01,024,lean_forward,2.4637703895568848,0.626363847393527,0.009801671261621773,-0.8654956443293862,-4.2441261066465154e-05,0.00045505405923730125,0.014326636843265026,-1.9703498665572603,-0.015478213719206031,0.4854121284913431
P01,session_01,024,lean_forward,2.4964423179626465,0.6248115511013643,0.00848520538631427,-0.87181337994787,0.0013497846168202094,0.000399900850837346,0.04308830782348004,-1.9356750891720738,0.03394616373219574,1.039893993576143
P01,session_01,024,lean_forward,2.5280823707580566,0.6286516417341727,0.011394967494684227,-0.866326858548111,-0.0030351688628161345,-3.489135766326182e-05,0.0959343976420752,-1.9715689702238905,0.019645493600174847,0.6282734057953042
P01,session_01,024,lean_forward,2.5595858097076416,0.6248724264335269,0.008841447697581302,-0.8712478406204174,0.0026048851310652393,-0.0029167406831253086,0.12413252203366275,-1.9464160891864715,0.10068488109580269,3.198406260531698
P01,session_01,024,lean_forward,2.6078054904937744,0.6265595605671838,0.012366015164212336,-0.8699854143256922,-0.0037563290912546914,0.001765233280377905,0.08607333017217342,-2.002858879868052,0.01461773164903584,0.31513128794648415
P01,session_01,024,lean_forward,2.6401419639587402,0.6251409517325687,0.01364795929057367,-0.8680797275972919,-0.0012760979949918555,-0.0044873131277226655,0.14427156614383965,-2.017580925912223,-0.01390010159971478,0.45342303119488
P01,session_01,024,lean_forward,2.672227621078491,0.6215691931947059,0.010138494062575136,-0.8688722854596865,0.0022464326175703833,-0.0045771559035509635,0.1589092358565059,-1.9992610205123127,0.023947995369836442,0.7631059681331696
P01,session_01,024,lean_forward,2.705080032348633,0.6226743080302076,0.011341586900415705,-0.8622412661133552,-0.0014973449093602553,-0.0008288230462251269,0.052094473176639164,-2.016365081426358,-0.002099267057254738,0.08244414027808301
P01,session_01,024,lean_forward,2.736365795135498,0.6227875551305552,0.008769561234447165,-0.867858768395711,7.71033260886336e-05,0.005392327882263881,0.17237486360276558,-2.0210044372180813,-0.005868131371045438,0.25474287026201314
P01,session_01,024,lean_forward,2.7684671878814697,0.6242644590278459,0.009199502458002199,-0.8711119946744912,-0.0010950816792529518,0.005160969549766532,0.16435020875241213,-2.012018534871768,-0.011725874057070427,0.40054672321171936
P01,session_01,024,lean_forward,2.7996644973754883,0.622001973200678,0.009253999010934336,-0.8657345472826118,-0.0019356594898647672,-0.00822541488512251,0.27085996731104633,-2.0652847590105545,0.04002381703276555,1.311206466267119
P01,session_01,024,lean_forward,2.831684112548828,0.6192776606015618,0.00429888622722769,-0.8699728659607748,0.004224774759308004,-3.7344479938750824e-05,0.1319484879701497,-2.0888170453957526,0.0730334829317632,2.2847115895828902
P01,session_01,024,lean_forward,2.8639934062957764,0.6203640482962172,0.00442290365278841,-0.8708890269237348,-0.0004275684907266452,0.003613861103160317,0.11263219768829477,-1.9762012191756797,-0.15038914888652669,4.656034021885474
P01,session_01,024,lean_forward,2.895885467529297,0.620758288399634,-0.0005650963381717039,-0.871422674231744,0.00022475668044270267,0.002829682525962383,0.08900630423653647,-2.010919936277717,0.032333515732400266,1.0177416247828153
P01,session_01,024,lean_forward,2.9283487796783447,0.6209811467477345,-0.0004940808760269219,-0.8767784533949595,-0.0001343544839667186,0.005853334624939048,0.18035363574315683,-1.9877203349762516,0.027893661004029464,0.877960538170796
P01,session_01,024,lean_forward,2.959616184234619,0.6200048275634557,-9.118478285343967e-05,-0.8744908121612952,-0.0007594726247149956,-0.0036223479446770477,0.11836954299726987,-1.9526669428713994,0.0677893247848695,2.1712798255585506
P01,session_01,024,lean_forward,3.0078063011169434,0.6167913627325826,0.0028570380976415386,-0.8739734116227814,-0.005821608616262474,-0.004191855844559681,0.148863645967255,-2.0226017311121938,0.04875531080419433,1.0226215236136544
P01,session_01,024,lean_forward,3.0400147438049316,0.6193931637659528,0.0030180597434487522,-0.8811580644640866,-0.0003478740216520311,0.011346178256405085,0.35243895600408615,-2.0788753298659928,-0.09273710352225863,2.9007693325476733
P01,session_01,024,lean_forward,3.072246551513672,0.6221586012496296,-0.006110960400595942,-0.8877204234855055,0.004381309543443645,0.010737789017618776,0.3598073234196852,-1.979065567094357,-0.10489477287325186,3.2742167652124774
P01,session_01,024,lean_forward,3.1039531230926514,0.6217183212234073,-0.007166020172153478,-0.8838920428780401,0.00012529117685892941,-0.0019238397291463506,0.060804910355681405,-1.9903597929280779,0.011422049401031356,0.36533789499195707
P01,session_01,024,lean_forward,3.136237621307373,0.6218847217249998,-0.00766836811070213,-0.8808910258315195,-0.0010173724824347032,0.00048804358845545197,0.034951028133946634,-2.025701014946654,0.03999532542619089,1.239332860945772
P01,session_01,024,lean_forward,3.1687822341918945,0.6215974197449764,-0.012505161039436984,-0.8791190850517999,0.00010129523486509315,-0.001241912421588218,0.03828703066708253,-2.0269342145558014,0.001125790278010769,0.05159959422294423
P01,session_01,024,lean_forward,3.2001185417175293,0.6200886864074047,-0.011149737160367714,-0.8753844332176784,-0.0013960391108097606,-0.005908234376388429,0.19373461040233142,-2.048333639273646,0.017369144987471802,0.5871638738333009
P01,session_01,024,lean_forward,3.2322540283203125,0.6203878947821155,-0.014163765227210154,-0.8771977960071652,-4.793012148111985e-05,0.0025096600716994683,0.07811046248584017,-2.032983712581429,0.023430971950154422,0.7333027462914844
P01,session_01,024,lean_forward,3.263885021209717,0.6217747443965906,-0.013364821080495462,-0.8775111521866842,-0.0007603543653996585,0.0020796807489094956,0.07000474161531317,-2.045215057679994,-0.00966141577074692,0.3133610256022892
P01,session_01,024,lean_forward,3.2956759929656982,0.6189749642551442,-0.016647424896191896,-0.8814785272040154,0.0013867547784316813,7.077736005466883e-06,0.043621593283664,-2.0370917809281823,0.08965782269755153,2.8205664056189526
P01,session_01,024,lean_forward,3.3279263973236084,0.6176039871128529,-0.010320109432041565,-0.8749237037029104,-0.00033705938792783993,-0.0059472524529624185,0.18470454253119628,-2.024816547443076,-0.00855049939067625,0.32312359497273396
P01,session_01,024,lean_forward,3.3603596687316895,0.6187364420452922,-0.010541198012882667,-0.8722529658683074,-0.0009741057361933009,0.0004351354828244159,0.032894499258830444,-2.0540214035182065,-0.04678920234270726,1.4430047312135987
P01,session_01,024,lean_forward,3.39198637008667,0.6179301449526173,-0.012960713138153276,-0.8737977816061816,0.0009988162110393555,-0.00020863984012150084,0.03226307507464946,-2.039925974801371,-0.017659727493890196,0.5593116154816835
P01,session_01,024,lean_forward,3.4398767948150635,0.6166912902825009,-0.00874730087800472,-0.8710560431081771,-0.0009843918116285784,-0.003621514155629501,0.0783646798270522,-2.007072440368477,-0.048518257174476956,1.0161360286913583
P01,session_01,024,lean_forward,3.472201108932495,0.617385665958461,-0.008166745173017185,-0.8710532401105242,-0.00048817279526382933,0.0010535804834795152,0.03592287752860049,-2.001070538738663,-0.01384705778287363,0.4298825793754534
P01,session_01,024,lean_forward,3.504351854324341,0.6174361621253096,-0.008158088936130067,-0.8721581451707107,-1.8607260126958476e-05,0.001095052945526088,0.03406487187385223,-1.9704412724405505,0.021778941224085434,0.6782567976574934
P01,session_01,024,lean_forward,3.536224603652954,0.6180574649128505,-0.007474323016906322,-0.8763133365757024,0.00027792421484028156,0.0050907567090458,0.15995913920432575,-1.979966583349511,0.01004813872657163,0.353517359203758
P01,session_01,024,lean_forward,3.5679972171783447,0.6177532944195682,-0.006098624997247721,-0.8763536141878804,0.00025615870077511744,0.00045107280987755505,0.01632642001086957,-1.9674319246141267,-0.006816699140415898,0.21516667993453897
P01,session_01,024,lean_forward,3.6004953384399414,0.6166056418010203,-0.006497194831994645,-0.8773211104176767,0.0004065519641239266,-0.0018226809866346543,0.05746398894148162,-1.9606427269676567,0.030037575795041196,0.926071111269361
P01,session_01,024,lean_forward,3.6319072246551514,0.6177167959197335,-0.003988165519194933,-0.8714101072550829,-0.0015598271584980217,-0.00178022663629574,0.07535080749789881,-1.954509371786547,-0.005690800635725297,0.19621229784693267
P01,session_01,024,lean_forward,3.6640167236328125,0.6151635260476451,-0.007803383525313318,-0.8738824016000514,0.0019473426169987513,0.0017842727779894519,0.08225506099733508,-1.9914962708887451,-0.0031386341622271145,0.12775185026391295
P01,session_01,024,lean_forward,3.695913553237915,0.6144647847981686,-0.007477319531361224,-0.8736579343016243,1.9994648527112812e-05,-0.0025052845967725537,0.07854587477982788,-1.969582783798265,-0.0021942459527352597,0.10441163956287462
P01,session_01,024,lean_forward,3.7279794216156006,0.614425540341455,-0.005322505538409714,-0.8696158933860779,-0.0006478728405580712,-0.00027589284398400163,0.021960125378184536,-2.0188630078947614,0.05862538618062436,1.8284118914040637
P01,session_01,024,lean_forward,3.7599353790283203,0.614131798183266,-0.007845767292571226,-0.8708246782017883,-0.0002185681647347685,-0.0009702601877679755,0.03112326450345371,-2.0308707479953476,0.0001837738987234832,0.031650116307038255
P01,session_01,024,lean_forward,3.792818069458008,0.6153719748068038,-0.006237633130651219,-0.8740962061782537,-0.0017049700061303689,0.0049585787251149,0.1594611832628354,-2.0330087536578225,-0.0023101968252359282,0.17425192688110716
P01,session_01,024,lean_forward,3.824223041534424,0.6153873124617996,-0.007510616123185376,-0.8733193708670453,-3.7289992454873505e-06,-0.0007669631305296516,0.024421998970945862,-2.03145689524784,-0.009908774280807596,0.31645985970287616
P01,session_01,024,lean_forward,3.8717901706695557,0.6157040963429664,-0.004139261887784048,-0.8740538985465637,-0.0014550619666455352,0.0008964355018886701,0.03592891588689592,-1.9723152223861289,-0.002816801706096613,0.06926461898228292
P01,session_01,024,lean_forward,3.9041635990142822,0.6156716112690205,-0.007385672588630192,-0.8740330226308607,0.0012562134671925415,-5.4747410800715354e-05,0.038840677281027414,-1.996960892841638,0.021887782488371938,0.6772180608199493
P01,session_01,024,lean_forward,3.9364404678344727,0.6152601996261671,-0.006256301091428219,-0.8734844921731705,0.00034267864207672633,-0.0013314793290557711,0.04259612056652893,-1.9777721199066827,-0.019630504284382864,0.6096809338061471
P01,session_01,024,lean_forward,3.968580484390259,0.6157916346856689,-0.005066536226258454,-0.8769900160977503,-0.00037062241834686315,0.0039374155248688624,0.12304972180796332,-1.9736537181233023,-0.005587358001531341,0.21298607310921036
P01,session_01,024,lean_forward,3.999950647354126,0.6157383482394022,-0.008312512640936447,-0.8785013868957595,0.0002971455460615897,2.294205136347168e-05,0.009500425192981705,-1.9634474037971459,-0.010008494107790642,0.3191864338626007
P01,session_01,025,lean_forward,0.0002009868621826172,0.49871289427219384,-0.0014300203241753482,-0.7971784247647761,0.0,0.0,0.0,-2.1386823433864177,0.0,0.0
P01,session_01,025,lean_forward,0.0330960750579834,0.4981136937850497,0.000952678846817753,-0.8000003797371171,-0.0005539693175083574,-0.0023594103073703502,0.0736757878346016,-2.039075171264271,-0.013536170570945517,0.41803876997229344
P01,session_01,025,lean_forward,0.06464982032775879,0.4994735246460952,-0.01218326237284683,-0.7965702937492524,-0.0005303841557806876,-0.00183513275904948,0.060539270392368255,-2.0997788199064624,-0.5054791022693287,16.019737352920757
P01,session_01,025,lean_forward,0.09602618217468262,0.5016624477057107,-0.008927672636738751,-0.7948801284064295,-0.0029200085791961077,-0.00016348840058893623,0.09320971594624794,-2.035337318150234,0.07835924187253607,2.4991361320928327
P01,session_01,025,lean_forward,0.14422345161437988,0.5019619972318813,-0.01388418392914283,-0.8020549863860682,-0.0013740682601137348,0.0049016063870404095,0.10561927698216364,-1.9647338863277575,-0.03184218472703213,0.6690529960002867
P01,session_01,025,lean_forward,0.17622971534729004,0.5063375171846939,-0.010222769367759876,-0.7985896752208377,-0.004622784648677304,0.003460650826053193,0.18042157495634978,-1.926742244597091,-0.000880907384654145,0.1825087901941353
P01,session_01,025,lean_forward,0.2083284854888916,0.5080796232925783,-0.008968154725377807,-0.8120135254164454,-0.0011035396157149842,0.0040220377872251705,0.1299327637073205,-1.931157960288224,-0.08961837388539233,2.7949784091328267
P01,session_01,025,lean_forward,0.24051713943481445,0.5098690878183826,-0.007287398929684918,-0.8182767226989547,-0.0019016717837733474,0.005313072639857067,0.1753147547096457,-1.945503464033567,0.05895428023603595,1.8398951222635618
P01,session_01,025,lean_forward,0.27280211448669434,0.5108309495639537,-0.006210677392374615,-0.8224079181752666,-0.0010608995635868318,0.0003639886924148722,0.03474074399713295,-1.9557552917025012,0.0182757153092085,0.5671399798749464
P01,session_01,025,lean_forward,0.3048229217529297,0.5130567222261353,-0.004725498416708785,-0.8209883601790046,-0.001988925345577913,0.002015471457812992,0.08842994895611739,-1.9016388532042126,-0.0750935203062684,2.34681428057666
P01,session_01,025,lean_forward,0.3365292549133301,0.5127228729016754,-0.007342599618532706,-0.8240126822222443,-0.000191000707286072,-0.0005291754227426656,0.017743784620897332,-1.9492738771235967,0.02967151812236439,0.9359912741575714
P01,session_01,025,lean_forward,0.36828136444091797,0.5134619143236779,-0.008229910883893615,-0.8264329750576612,-0.00012992686858328794,0.001473626654662094,0.046590393247546456,-1.9268393163249102,-0.0056705227965072515,0.18456456983972805
P01,session_01,025,lean_forward,0.40007472038269043,0.5130641461772891,-0.00885686310813854,-0.8266389690501107,-0.0005264128250839837,-0.0007494376021223237,0.028806091948907073,-1.93132184431263,0.010094347116479415,0.31880271990386655
P01,session_01,025,lean_forward,0.4323098659515381,0.5118799285254194,-0.008391176086277197,-0.8278476505273367,-0.00133923579050613,-0.0016544750987419932,0.06603280473086771,-1.9323763501188644,0.004580008828521246,0.15667611351689514
P01,session_01,025,lean_forward,0.4649009704589844,0.5119554732653752,-0.008858550298490293,-0.8274153931956008,-0.0002486847546099768,-0.0006516914391054987,0.0214024160629355,-1.9342451354171217,0.0006164145286903194,0.028561985202354742
P01,session_01,025,lean_forward,0.49636101722717285,0.5119015926918491,-0.008446041543526052,-0.8308865123177217,-0.0006720493028226491,0.00014647862831045912,0.02186351478834656,-1.9117808960762834,0.008844636904705527,0.2819875643759185
P01,session_01,025,lean_forward,0.5283694267272949,0.5110164149634623,-0.009645232217447649,-0.8371624516936634,0.001753060926383314,-0.0012476915936407665,0.0672240046682573,-1.9155816502087881,0.0034879844270574445,0.12803795784934008
P01,session_01,025,lean_forward,0.5761075019836426,0.5132484221413259,-0.011285925952259088,-0.8370238931900156,0.0014801043021096252,-0.00407321916768874,0.09078288256697188,-1.9200244854595974,0.003847835689907708,0.12140176097074755
P01,session_01,025,lean_forward,0.608062744140625,0.5141402747381556,-0.01024682523221491,-0.8422409228452838,-0.0006000863143346336,0.003272028231978884,0.10410187791522457,-1.9311952842815496,0.006143457911109021,0.21862757556705928
P01,session_01,025,lean_forward,0.6406140327453613,0.5157315376709475,-0.009287013468988973,-0.8429245633194181,0.0015964966297860642,-0.0011278769783789485,0.06005028915260609,-1.947047156960294,-0.06041971905572909,1.857110212442904
P01,session_01,025,lean_forward,0.6730942726135254,0.5160702283402127,-0.008814974103773328,-0.843533667741538,0.00023373737379145298,-0.0015040617419143651,0.04686280865880137,-1.94997527789515,0.005293003763367366,0.16956510254746684
P01,session_01,025,lean_forward,0.704587459564209,0.5174861885345247,-0.009962476795375739,-0.845502876220045,0.0013323001490520864,-0.002738949718542759,0.09671283328359642,-1.9467724235846544,-0.027223262017266492,0.8698108939113085
P01,session_01,025,lean_forward,0.7362430095672607,0.5235536931146122,-0.0155309106729551,-0.8387314502593679,0.005590308148986858,2.5160029751671873e-05,0.17659983056450665,-1.9317890197202703,-0.013763959352770378,0.46929948570986174
P01,session_01,025,lean_forward,0.7689213752746582,0.5249594088692692,-0.00970926875976287,-0.8316785810383664,0.0018916003126735047,-0.014948467981122406,0.46109024218230815,-1.9334342571274938,-0.031169905764498053,1.059440137646173
P01,session_01,025,lean_forward,0.8003947734832764,0.5320893967432005,-0.005253905197216669,-0.827494297315955,-0.0029980467947871244,-5.584196114863084e-05,0.09527305533320472,-1.9667768917611295,-0.03860309406112041,1.2302255471935146
P01,session_01,025,lean_forward,0.8322300910949707,0.5333173264699996,-0.006048926090011686,-0.8317847411663456,0.001236619289389621,-0.002820986238594042,0.09675192762787574,-1.9573186865949763,0.030485337993791717,0.9624702284103048
P01,session_01,025,lean_forward,0.8639893531799316,0.5381979212710604,-0.0007364225497153955,-0.8379810280831205,1.43142513799105e-05,0.0013852983627513384,0.04362104860818155,-1.9513493700862392,0.007425580199393571,0.23784266554060102
P01,session_01,025,lean_forward,0.8963932991027832,0.5413595724104622,-0.0007959256639034757,-0.8490384253490484,0.002462811345002752,-0.0024974934011833573,0.10824455962004943,-1.9756856259357187,-0.03823074618935783,1.1847727583464338
P01,session_01,025,lean_forward,0.9279451370239258,0.5459316906720594,0.0016749799900715953,-0.8511959201763402,-0.0016541266720711603,-0.002958769203203092,0.10743452324566105,-1.9887517867281628,-0.03485872299058592,1.1100193225762285
P01,session_01,025,lean_forward,0.9604816436767578,0.5494162088194147,0.0048498404277622364,-0.8457230266416074,0.0027744796425328328,-0.00857423429065412,0.2769796228893081,-2.0140763467779617,0.003759625092113173,0.30011620999030625
P01,session_01,025,lean_forward,1.0082685947418213,0.5565682142388224,0.009932997009401678,-0.8500879902331834,-0.0033522030936490063,-0.0016645488729731248,0.0783210617868202,-2.0082100504503586,-0.06635224010630662,1.3907083955048154
P01,session_01,025,lean_forward,1.0407137870788574,0.5604341130070253,0.009796438526215083,-0.8565323371012324,0.0009533344280895161,-0.0041274554904489735,0.13056241540163424,-1.9848341963464882,0.03902276595692591,1.209794616927431
P01,session_01,025,lean_forward,1.072197675704956,0.5681282878409547,0.012654497753805758,-0.8504365630641507,-0.0017749885091353696,0.000176203162283468,0.05665478416130585,-2.038166318194589,-0.012088302805277442,0.3881094206183458
P01,session_01,025,lean_forward,1.1048831939697266,0.5750958650446925,0.010022975005540261,-0.8531583209702869,0.0023834774325722802,-0.0013252308645295239,0.08343521684528292,-2.0134733690389317,0.016481149980932086,0.5110903769426202
P01,session_01,025,lean_forward,1.1364436149597168,0.5807957861471481,0.008597426897430807,-0.8543248160526067,0.001011300503184233,-0.001465907236723605,0.05642834185890646,-2.008002739800569,-0.05754809656887428,1.8242990543213045
P01,session_01,025,lean_forward,1.16798996925354,0.5871023665487828,0.011994510769127676,-0.8556024957439092,-0.003705478213763979,-0.0007281767865535707,0.11970793075837634,-2.0017115392675056,-0.024187702886639503,0.7760238287974837
P01,session_01,025,lean_forward,1.2003493309020996,0.5930706361385626,0.009497755838369475,-0.8586319415994556,0.0010689241932091624,-0.002059230881968727,0.07169906378334169,-1.999547708747375,0.0019078249753489516,0.0928263698597577
P01,session_01,025,lean_forward,1.2324395179748535,0.5988081101951346,0.009255678159630435,-0.8608128949856505,-0.0003427369964244204,-0.0025821361865231655,0.08117071034349298,-1.9781409779636334,-0.08007250002720645,2.4965531004019668
P01,session_01,025,lean_forward,1.2641994953155518,0.6012520839278247,0.010623059856786828,-0.858990116828377,-0.0008894072653689198,-0.001991358257095681,0.06866983214922974,-1.9575576087172388,-0.03867378828355993,1.2196241476289036
P01,session_01,025,lean_forward,1.2963497638702393,0.604631723041804,0.007617172025640859,-0.8595217549574674,0.0004518418053779724,-0.004419887261923002,0.13819240582925055,-1.952420862128538,0.005302425445111897,0.2151693093877048
P01,session_01,025,lean_forward,1.3287787437438965,0.6075475844983114,0.005495203668133833,-0.8584307725851706,0.0019247113367944781,-0.0028574632309032785,0.10623923499680375,-1.9232789752216157,-0.12316048161256037,3.799338130406569
P01,session_01,025,lean_forward,1.360511302947998,0.6157431506425718,0.008564626903224926,-0.848445570720807,-0.0033452662243647737,0.00030734364964413305,0.10586461086757476,-2.056082164362895,-0.15780697632616042,4.974156915973721
P01,session_01,025,lean_forward,1.3923094272613525,0.6226624177535526,0.005320863655223223,-0.8509553787313795,-0.0004982629717011454,-0.0010505868954962792,0.03656677440554061,-1.9705828245304613,0.09777876851067649,3.0752028284088886
P01,session_01,025,lean_forward,1.4401524066925049,0.6268864617771591,0.004767119663288646,-0.850387439489335,-0.0013546230082688443,-0.005921705296892663,0.12697094851201182,-1.9448417740898047,-0.03611483390749308,0.765465768841348
P01,session_01,025,lean_forward,1.4723477363586426,0.6309274295543172,0.007421372029690871,-0.8473185310053005,-0.003042831732528564,-0.0027182277450415837,0.12673097336286532,-1.9642367337692577,-0.09269460808740726,2.881919943950661
P01,session_01,025,lean_forward,1.5042223930358887,0.634106947807981,0.010740468227818302,-0.8399692764876011,-0.0032875958217883487,-0.00397272213385359,0.16177829232968827,-1.9625981933880026,-0.040985710603373554,1.295977194164051
P01,session_01,025,lean_forward,1.5374488830566406,0.6374558655087879,0.010764479225807503,-0.8365349129632123,-0.002591204986181193,0.00030687998140341093,0.07853113033807539,-1.9404445732094886,-0.05098186284596047,1.5363823585225822
P01,session_01,025,lean_forward,1.5679619312286377,0.6406087958546521,0.012691842094036178,-0.8304941389974756,-0.002439886261411404,-0.0018914863977513034,0.10117618585446678,-1.9404312251485927,0.008906240812590512,0.30892122144960654
P01,session_01,025,lean_forward,1.6002187728881836,0.6432681662321723,0.013552562157870934,-0.8293601754570745,-0.0020324192908581415,0.0015932731024387858,0.08006018146775015,-1.96725122422969,-0.06983678768337907,2.166502254658188
P01,session_01,025,lean_forward,1.632580041885376,0.648807455272619,0.012707009821825961,-0.8277115000626213,-0.0023842961969789576,0.0037151879459004582,0.13641194689474725,-1.994901175298718,-0.10453191451774559,3.2330340974740714
P01,session_01,025,lean_forward,1.664167881011963,0.6483711919923687,0.010888914409107742,-0.8263432401094886,0.0001423992859296666,-0.003530518642018,0.11185916244805402,-1.9479011599493632,0.045485310451993693,1.4443008967173336
P01,session_01,025,lean_forward,1.696382999420166,0.648529293912571,0.009012738879545972,-0.8269154203454047,-0.000299170093233521,-0.001193969104472692,0.03820813997075129,-1.937697569700476,0.04655022775066785,1.445485866611545
P01,session_01,025,lean_forward,1.7286405563354492,0.6518112755782012,0.008927213996953646,-0.8221932154155218,-0.003199007697938058,-0.0005061003374278415,0.1004041998025921,-1.9747463637459957,-0.03791838700291988,1.1797687074969505
P01,session_01,025,lean_forward,1.760847568511963,0.651722383779459,0.007873793979160007,-0.8240404828785924,-0.00036130130719104226,-0.0012598673983572214,0.04069456683391045,-1.9527290756211044,0.025308011068448353,0.7868449940005188
P01,session_01,025,lean_forward,1.7919528484344482,0.651329937502101,0.007235722071852677,-0.8245563016374139,-3.647905639760869e-05,-0.00023417975621569306,0.007619412727726291,-1.9376559224518268,0.04324455439566504,1.3902849919583227
P01,session_01,025,lean_forward,1.840254306793213,0.6511152724333402,0.007143132380394392,-0.8243721755609512,6.714633920251807e-05,0.00010087970797706191,0.0025088913450071497,-1.9489873073614787,-0.029604029112762265,0.6129064866190076
P01,session_01,025,lean_forward,1.8721892833709717,0.6508212759026085,0.001004055408187958,-0.8258848338373072,-0.0001322812605934811,-0.0001125564131679019,0.005438779615118216,-1.9336376686983385,-0.0032335928054724947,0.10140148706700278
P01,session_01,025,lean_forward,1.9045486450195312,0.6498590689869214,0.0006977319477505295,-0.8269511065156712,0.00012327079270126677,-0.00016633302274088338,0.006397909730001836,-1.9084093937978068,0.07154745954395894,2.2110374072998806
P01,session_01,025,lean_forward,1.9363605976104736,0.6498495991173135,0.0010048114748119176,-0.8276920155344847,5.284257467861079e-05,0.0007300048632971374,0.023007544404007915,-1.9187303733719367,0.008542038311813757,0.2695005154492794
P01,session_01,025,lean_forward,1.9690234661102295,0.6487353337548685,0.0009986702630119327,-0.8266679040619822,-0.00044022298463027726,-0.002604379895610308,0.08086625047790129,-1.8736440116984168,0.1740460060965693,5.329172093987832
P01,session_01,025,lean_forward,1.99995756149292,0.6489858443479791,-0.00033445685513873533,-0.8303578355188762,0.0002800400256547273,0.003150435938185966,0.10224503707952769,-1.9340942042575102,-0.03020643763625966,0.9818155088867145
P01,session_01,025,lean_forward,2.032133102416992,0.649113578659838,-0.0008757778580429211,-0.8325690675384879,-7.053283011367956e-05,0.002415126745301797,0.07509295564964223,-2.0087951571542217,-0.030872007396191697,0.9624208574990246
P01,session_01,025,lean_forward,2.0643882751464844,0.6471143247017634,-0.0021477599129827722,-0.8346451405495177,0.0014717305413093878,-0.00021880342971730013,0.046129236505856965,-1.9246502328145592,0.052076828169168726,1.6151852614701874
P01,session_01,025,lean_forward,2.096461772918701,0.6472192484435622,-0.0008123792269610836,-0.8374929229150395,-0.0001896664325267226,0.002982445941916927,0.09317570306162766,-1.9230305380046633,0.004018635242997004,0.15614237713643903
P01,session_01,025,lean_forward,2.128598213195801,0.6448509955644125,-0.0019919714898927244,-0.8392391737940486,0.0018589392303737704,-0.0013303688110170638,0.0711324329394193,-1.9151696579918476,0.04825260525558941,1.503175902572056
P01,session_01,025,lean_forward,2.1599836349487305,0.643297634806118,-0.0033083687595607614,-0.8368118456245867,0.001119699096338034,-0.00044599411237197074,0.0384017091672549,-1.9075782024519286,0.08922995450342852,2.843297588423715
P01,session_01,025,lean_forward,2.192709445953369,0.6435841060037863,-0.0034016398622563767,-0.8370118098818097,0.00026746809392200156,0.0024419429475212653,0.07506451955994255,-1.9310270245109225,-0.009982079674204006,0.3141223754692503
P01,session_01,025,lean_forward,2.224224328994751,0.6398745333880462,-0.0026841322002751334,-0.8370648142946032,0.0009072511220234148,0.0006134893170575057,0.0347519895205562,-1.919913886226276,0.010868523086291923,0.3466160664493964
P01,session_01,025,lean_forward,2.272099494934082,0.633696561971941,-0.003991414195012607,-0.8303239660395312,0.004104942988699012,0.0002437059688827462,0.08589361149638326,-1.9365460861948913,0.027190710439809525,0.5744085226940733
P01,session_01,025,lean_forward,2.3044869899749756,0.6329986256525691,-0.0031871369559357465,-0.8307244026843361,-0.0006874911641981661,-0.0008383745765807834,0.03347625895493777,-1.926174935308628,-0.02228192184871573,0.6887931428836743
P01,session_01,025,lean_forward,2.3369150161743164,0.6321764164022896,-0.003626948768934529,-0.8318179492261037,0.000544094171995657,-6.694222798023073e-05,0.016905031318619305,-1.9581440819187945,0.03863448117602433,1.1915116267365864
P01,session_01,025,lean_forward,2.367983102798462,0.6287711782881414,-0.0019400599151714602,-0.8360503388858457,0.0018369224690623974,0.0002654746487393657,0.05973997507262852,-1.926261347743331,-0.008468788227728292,0.2790575091961873
P01,session_01,025,lean_forward,2.4002504348754883,0.62905332047143,-0.0017302240206358724,-0.8409598676612821,6.989212944539941e-05,0.004599733574461538,0.1425672420651559,-1.978263074818027,-0.07815676419424344,2.426355903368598
P01,session_01,025,lean_forward,2.432755947113037,0.6290077681041342,0.0004073604974404501,-0.8430020071878069,-0.0001350563924229017,0.0003989861008922137,0.012958558114388452,-1.960555869020573,-0.014206766937457368,0.43724922794777477
P01,session_01,025,lean_forward,2.4643423557281494,0.6290903860803511,0.0016627211833272694,-0.8442919937528737,3.599214824300225e-05,0.0003137558378590377,0.009998398170014368,-1.9568822750876973,-0.007360258116383399,0.23323419079074337
P01,session_01,025,lean_forward,2.496408462524414,0.6302645144666738,0.0015390931412629719,-0.8442076956744858,0.00011930111510050933,0.00015206991128150534,0.006027617089172329,-1.962290606298013,-0.004707358149221524,0.14692536742055723
P01,session_01,025,lean_forward,2.52828311920166,0.6303288654779893,0.004425711704580392,-0.8439447746674708,0.0004867891628133419,-1.4184177825219393e-06,0.015272046197947135,-2.005929595842241,-0.07847784082663185,2.462123792222261
P01,session_01,025,lean_forward,2.559976816177368,0.6298795495156434,0.006324445973398461,-0.8422390825008221,-0.001053855500171062,-0.00251584432220333,0.08606290872294434,-1.9274083350029148,0.11109927458020394,3.506462296474699
P01,session_01,025,lean_forward,2.5922155380249023,0.6277080437245117,0.004405080040407289,-0.8454441612314472,0.0016218128653910822,-0.0005807034158126518,0.053433923905476056,-1.9440698841332298,0.03957642622292661,1.228767670725609
P01,session_01,025,lean_forward,2.6246509552001953,0.6297260531254746,0.006304040199623053,-0.8452141246914134,-0.0016363150176199608,-0.0005923776973738355,0.05365248821389795,-1.9362854385613049,-0.011353235416752917,0.3541139726990116
P01,session_01,025,lean_forward,2.6567137241363525,0.6296753953299652,0.0014517308295620489,-0.8505934098364842,0.0005603003478026236,0.004929999377286735,0.1547507214762281,-1.949560617107394,0.009507582106019982,0.33448168482877955
P01,session_01,025,lean_forward,2.704139232635498,0.6303212213978963,0.0049733994831778015,-0.8501909224212039,-0.0004905420986566372,0.0013170168827065665,0.02963396043494309,-1.9291590484889938,0.009126068843991145,0.1946979711151623
P01,session_01,025,lean_forward,2.7365124225616455,0.6233204960478415,0.0008604043921677942,-0.8537826419361653,0.004391371004092205,-0.0009007339803867119,0.13847248677531496,-1.9730286903151824,0.02879341350042493,0.9001363028688787
P01,session_01,025,lean_forward,2.768538236618042,0.6238017383022391,-0.0005225424699882525,-0.8536089920409504,-0.00032769086186509015,0.00019506659702510034,0.011907764196873075,-1.9872899985505073,0.03401678622273423,1.062234475921613
P01,session_01,025,lean_forward,2.800616502761841,0.6237199345041909,-0.0005857663039450262,-0.8548509333945795,9.306656757215367e-05,0.0011996042846702554,0.03750854128883772,-1.9834344014082739,-0.023387505393320157,0.7300405631462035
P01,session_01,025,lean_forward,2.83231520652771,0.6237205109213693,-0.00015851523685685457,-0.8565476779110319,-4.575081817345539e-06,-0.0002100476205645012,0.006627950515373421,-1.98818764325215,-0.012794126711831786,0.40367113232289825
P01,session_01,025,lean_forward,2.8647289276123047,0.6251551707621822,0.0012512915106796837,-0.8532050440613607,-0.0013470881538795779,-0.001411659715568683,0.060198691705912986,-1.9865966059413258,0.013274473392498907,0.41393330430480646
P01,session_01,025,lean_forward,2.8962981700897217,0.6237056721748107,0.00039610638965642374,-0.8545536822389169,0.0009423817658435299,-0.0006817153546522148,0.03684306235602829,-1.98906641099288,-0.004197134178309472,0.1379606549158595
P01,session_01,025,lean_forward,2.9281296730041504,0.6244562342631752,0.0024611666599592876,-0.8554111298560685,-0.0007771458439409351,-0.0003855721976325364,0.02725405888133493,-1.9794173218952342,-0.003260111006347142,0.10598197901490317
P01,session_01,025,lean_forward,2.9600319862365723,0.6261384137638143,0.003088261224891773,-0.8550900251325361,-0.0007009137114637196,0.003738412714891683,0.11922496698939465,-1.9798986527176048,-0.03996931167454772,1.2585256741023734
P01,session_01,025,lean_forward,2.9919650554656982,0.6260908423597151,0.0032451495696092687,-0.8553059378855619,1.0614941862761984e-05,0.0003442478006793483,0.010785415461652032,-1.9353541857264174,-0.06374962797812832,1.9963805504009362
P01,session_01,025,lean_forward,3.0243282318115234,0.6263727686820396,0.00486053760604119,-0.8538425398219797,-0.0007090373033561397,-0.0011696397542924045,0.0422631148844232,-1.9311046382894161,-0.0021471070736668973,0.07866203451822754
P01,session_01,025,lean_forward,3.0567140579223633,0.6254254063396242,0.004827051037758703,-0.8532242702494169,0.0001265260664466142,0.00010230730238617106,0.005024214455269034,-1.9325217088235993,0.05490647555578944,1.6953934250390224
P01,session_01,025,lean_forward,3.088654041290283,0.62552347903187,0.0049216414053002535,-0.852922171906824,-6.428341194135926e-05,6.336626858032819e-05,0.002826059218489149,-1.9494444812122775,0.024562909673228526,0.7690384569787106
P01,session_01,025,lean_forward,3.1364145278930664,0.6228768325592325,0.0038317432315648397,-0.8538474332565209,0.001149661723602543,-0.004675727207654945,0.10081538616344198,-1.9743291148237427,0.017873254807240294,0.3875686410343846
P01,session_01,025,lean_forward,3.1690120697021484,0.6242891065807643,0.004951362989209344,-0.8510054380656823,-0.0011505338861345687,-6.94588110172108e-05,0.03535937258069641,-1.9740922573191737,0.0013579555588973048,0.05464149063889491
P01,session_01,025,lean_forward,3.2003774642944336,0.6232278554503294,0.006425312533909055,-0.8505346106497599,-0.0008089591686628696,-0.0015093685168572925,0.05459794175802662,-1.9634409277129479,0.0001894600831259851,0.05493106488692389
P01,session_01,025,lean_forward,3.232290506362915,0.623400500875981,0.005675953867884373,-0.8536386025780769,0.0005161978954292746,0.0036949782626588008,0.11690709719512428,-1.9553865027469512,-0.008866064271576749,0.30141487100920206
P01,session_01,025,lean_forward,3.2639472484588623,0.6232346202815807,0.005548246271931509,-0.851613016883499,-7.697628934977567e-05,-0.002937268876104967,0.0928167953448788,-1.9441585916638002,0.00720547799850427,0.24580992585500006
P01,session_01,025,lean_forward,3.2972252368927,0.624738793617618,0.006802600492886197,-0.8502481036931887,-0.00143562949962421,0.0018277177464043391,0.06983988402341422,-1.991312271063134,0.029354728860374497,0.8848669003830777
P01,session_01,025,lean_forward,3.3284528255462646,0.6228038461523018,0.005822231497056182,-0.850644856004219,0.0004392441849345203,0.00042822629419386364,0.019644287600375277,-1.99511558791003,0.010913717241666896,0.3500412454106
P01,session_01,025,lean_forward,3.3599750995635986,0.6210350079061722,0.004897118934461439,-0.8472193072840114,0.0014705249373402755,-0.00023375028863493016,0.047236032779747826,-1.9859860734725798,-0.03647425875224268,1.1580585370018208
P01,session_01,025,lean_forward,3.3922832012176514,0.6231024974366677,0.006367189719895797,-0.8462134881902057,-0.0014607790588688947,-1.3870388143180383e-05,0.045216055219716465,-1.9716497034470166,-0.006381526440054136,0.2026302330123123
P01,session_01,025,lean_forward,3.42446231842041,0.6216646056929274,0.0053235553616216595,-0.8456987997865896,0.0011620067890951592,0.00032292081898366233,0.03747903114196769,-1.9872656981827543,0.0192003656551046,0.5978475452924951
P01,session_01,025,lean_forward,3.4564945697784424,0.6192668864548038,0.003367727005631755,-0.8475918004352737,0.0019811567225517988,-7.84440223665806e-06,0.061849297769499795,-1.9629144929626998,-0.032455275813414355,1.0150921869718768
P01,session_01,025,lean_forward,3.4885153770446777,0.6187863284960162,0.0037909338652325846,-0.848304523699853,-0.00040749122520944073,-0.002215380595949987,0.07034629924469747,-1.9204312637002903,0.018761236517812904,0.5901155797135873
P01,session_01,025,lean_forward,3.5363147258758545,0.6177986357987784,0.0032141282323182555,-0.853874360277047,0.0012705692005519026,0.004239773225248227,0.09259669665938661,-1.9792411928502551,0.054644256190592884,1.1469447809678086
P01,session_01,025,lean_forward,3.568240165710449,0.6180614168876115,0.005572552821504257,-0.8519872115111135,-0.00036699504207038223,0.0010411935282388337,0.03457991075746465,-1.9831924096893552,-0.020299295730630874,0.6367741105923715
P01,session_01,025,lean_forward,3.599931240081787,0.6171832116035425,0.004894990769555979,-0.8524406366322151,0.000692251645406791,-0.000616295183477042,0.029246084613407535,-2.037440248169148,0.06354397851688968,2.00531975545062
P01,session_01,025,lean_forward,3.6324074268341064,0.6161013245407857,0.0036551664424028397,-0.8543292605596242,8.486944037684822e-05,-7.03818955533281e-05,0.0033949865075536727,-2.01349436200773,-0.01639008113555307,0.5046913944550517
P01,session_01,025,lean_forward,3.663912773132324,0.6160601772784451,0.005343128773562927,-0.8563933801223758,-0.0017192591343221577,0.00042140044088887277,0.05618569559212967,-1.9854205097046016,-0.024928078290772347,0.7932256462119075
P01,session_01,025,lean_forward,3.6961727142333984,0.6124489350974813,0.003337140863607905,-0.8650182300087161,0.001925767670550219,-0.000507144001932379,0.06173060433813165,-1.9993073463813784,0.09544487098658822,2.959262809741383
P01,session_01,025,lean_forward,3.7286694049835205,0.6108894550689355,0.011180698396319893,-0.8627002148538767,-0.0008827669542020375,-0.004525357581582492,0.14188075178240883,-1.9852419435633422,-0.015150125012077057,0.48731653147384596
P01,session_01,025,lean_forward,3.760272264480591,0.6108926589869379,0.009970140638639314,-0.8603307946627496,0.00036876487483442766,0.0025396430551833096,0.08120392919069706,-1.998280363841792,-0.00057249051543617,0.08319998045143602
P01,session_01,025,lean_forward,3.79236102104187,0.6110095243325541,0.004815719276678646,-0.862274321679339,-3.4862320599460275e-05,0.001608324812097381,0.050132905755674716,-1.9975450745881367,-0.04167358154400261,1.2996645676108753
P01,session_01,025,lean_forward,3.8246781826019287,0.6105765536818725,0.00809484318239796,-0.8634586113892945,-0.0004231472397712513,0.0005707856875606324,0.021986086009636103,-1.9680919914712596,-0.022442996469279452,0.6948085769275971
P01,session_01,025,lean_forward,3.8562705516815186,0.6077192395465639,0.004448286121663813,-0.8679884784416546,0.0020387487661395966,0.0019553078476317364,0.0894152873216353,-1.9879796137318413,0.010179546859844015,0.3343917427388504
P01,session_01,025,lean_forward,3.888758420944214,0.6083586914701534,0.006184034387148201,-0.8685846658858369,0.000505189543491853,0.004061699435636027,0.12598537242533378,-1.9666622572039585,-0.011336379873841767,0.370988929913166
P01,session_01,025,lean_forward,3.9214794635772705,0.6099633992335598,0.007877153161755586,-0.8620565400305505,-0.0015806927679566105,0.0007435392724642587,0.053385744473442735,-1.994454392898172,0.07328019751507651,2.2401796831724234
P01,session_01,025,lean_forward,3.968177318572998,0.6079844357929497,0.006597388411908454,-0.8641809968624407,0.0010306083368467704,0.0005545922817162597,0.02506224320976526,-1.9905395391910028,-0.008993228049287344,0.19420723977165255
