participant_id,session_id,trial_id,movement_label,timestamp,shoulder_width,head_offset_x,head_offset_y,torso_dx,torso_dy,movement_speed,head_offset_z,torso_dz,movement_speed_3d
P02,S02,1,neutral,0.48231899994425476,0.37859534186209004,0.06058549773802401,-0.8056960981265779,0.0,0.0,0.0,-0.5706339274401575,0.0,0.0
P02,S02,1,neutral,0.6584468999644741,0.37878868074535954,0.0722736175553828,-0.8049000459793194,-0.0008449620000599103,-0.00026687565568259375,0.0050310356745404145,-0.5785218528177212,0.06257097462147343,0.417746279956943
P02,S02,1,neutral,0.7113561000442132,0.3784072983995771,0.07198957086137615,-0.798519161088884,0.0003644492255628603,-0.0012925641685440656,0.025382379908888048,-0.578018460267233,-0.06614672959218675,1.2686921902435104
P02,S02,1,neutral,0.7778603000333533,0.378237547508504,0.0768670337557377,-0.7990745135293983,0.0005431568355200342,0.00031611593879834294,0.009449769928241574,-0.5736964852944406,0.003841054355668504,0.16088197348571803
P02,S02,1,neutral,0.8793351999484003,0.37798357433491553,0.06472714951890188,-0.8004831407889028,2.534884396631035e-05,-0.0008106110880797409,0.007992196467030937,-0.5816429402860985,-0.015542364683088351,0.16099220251227941
P02,S02,1,neutral,0.9286263999529183,0.3783082032845542,0.06250702658337995,-0.7980603697068778,0.0010185193522242728,0.00032590413490229844,0.021695355260929444,-0.5826719294665307,0.009425387201166742,0.21062730016763295
P02,S02,1,neutral,0.9906119999941438,0.3784137863780609,0.07350856193134897,-0.7937885425587392,0.00024201691374396852,-0.0001481398681263927,0.00457777686551358,-0.583937756315285,0.0010563576151099779,0.10186109353056406
P02,S02,1,neutral,1.063973700045608,0.3784790744256284,0.073231189298916,-0.7923280334355367,-8.539605175928057e-05,-4.921395329603537e-05,0.001343509723036013,-0.5823549972738197,-0.02618240517400871,0.35705701800539325
P02,S02,1,neutral,1.1305838000262156,0.37848773485208886,0.07311285956238066,-0.7905059582635692,7.098458195219123e-05,-7.165387640210096e-05,0.0015142107805793414,-0.5908374247329732,-0.0029729037844189138,0.05908718074925947
P02,S02,1,neutral,1.1914797000354156,0.3787483055476568,0.07227679757768932,-0.7881575930466574,0.0005097301865108889,-0.00019207338457441798,0.008945058730939086,-0.5912830189317182,-0.002925152101446406,0.04971306322870882
P02,S02,1,neutral,1.2735079999547452,0.37850954560738787,0.07188729398034847,-0.7885143685113406,0.0003552567700703627,-1.0708094133326535e-05,0.004332871882423166,-0.5918140918369985,-0.003794340747262402,0.08207297424748453
P02,S02,1,neutral,1.35868920001667,0.37849746348948554,0.07134818279028918,-0.7861321880000083,3.873934181636442e-05,0.00021361754948739163,0.0025487056483953375,-0.5906708077262792,-0.00146140265374666,0.05172108475686092
P02,S02,1,neutral,1.4130034999689087,0.3783790959397058,0.07024162991636868,-0.7858615834914064,0.00019332410560084023,0.00025952451739856124,0.005958206192987724,-0.5936487859557932,-0.01450714065319125,0.2827394961001706
P02,S02,1,neutral,1.463995199999772,0.378348823816045,0.07008817515954033,-0.7863157877226356,0.00011653937635612478,0.000445756222236776,0.009035560223578286,-0.5916108926862921,0.04160690790488414,0.8161239607059094
P02,S02,1,neutral,1.547288000001572,0.37824178206501863,0.0711339570365343,-0.786860177886533,0.00028435933468266004,-0.00020028856435669762,0.004175819157238381,-0.594845327233249,0.002977994037562058,0.07128321887702091
P02,S02,1,neutral,1.6246893999632448,0.37854871779,0.07651932598800545,-0.7862527992719862,0.00023354613345208275,0.001503622990999942,0.019659235591826228,-0.5937251859199097,0.005722425610164113,0.10498325890487317
P02,S02,1,neutral,1.6986187000293285,0.378540158504687,0.07536963551422296,-0.7857078968846608,6.101545458664431e-05,-0.0007045513588333934,0.009565739818244825,-0.5921358708205638,0.00469227121211456,0.06479084842444119
P02,S02,1,neutral,1.7685786000220105,0.37912612690975583,0.07229076660331767,-0.784496905421036,0.0008376068639492011,0.0006476507861740386,0.015134244801429685,-0.5922831505424786,-0.0019546948621521473,0.03615310582516141
P02,S02,1,neutral,1.8366356999613345,0.3791114337782755,0.07179714000315232,-0.7792240558611608,3.0579672296546294e-05,-0.0005862807094798002,0.008626251591120897,-0.5917758983037199,-0.018096242721166205,0.2743557159927023
P02,S02,1,neutral,1.9079731999663636,0.37819394540800716,0.07036683671106532,-0.7814848792746824,0.0014910067935890448,-0.001045462033219484,0.025526743107826384,-0.5954080841423707,-0.028834069687073444,0.43959827842812865
P02,S02,1,neutral,1.9817760000005364,0.37841819846068087,0.07163333605277802,-0.7783945785251841,-0.0002566625206096973,0.000375661314301398,0.006164661899643277,-0.5949619348086754,0.04120204308823506,0.5603955311774688
P02,S02,1,neutral,2.028125499957241,0.3783253447340043,0.07075997969799729,-0.7791092355739789,0.00013234086034212228,-0.0007466230204301398,0.016359641300589808,-0.593245967693112,-0.0027346218470770908,0.09021317400864265
P02,S02,1,neutral,2.0747975000413135,0.37833156507813953,0.07099572617381103,-0.7785497410340743,5.218713003174944e-05,-0.0005344749845515774,0.011506187088841192,-0.5901176493861159,-0.017799961562463894,0.38147785019287467
P02,S02,1,neutral,2.1505385000491515,0.37854947384416565,0.0707313502038063,-0.7777895777347863,0.00022854645923268377,-0.0002524796743917385,0.004496343946934035,-0.591159036421201,-0.0011781559851199764,0.02091358509620402
P02,S02,1,neutral,2.2363306999905035,0.37827611151619206,0.06859327745479571,-0.778729106521783,-3.19077525636983e-05,0.0001907374542141076,0.0022541431896740856,-0.5948258703375134,0.005958915209683862,0.11679756852657913
P02,S02,1,neutral,2.307579300017096,0.37846070213546096,0.06807923399401511,-0.7753703220118734,-0.00023820709710175024,-5.362612665331964e-05,0.0034269972784054382,-0.6008297009879207,-0.03139494533087258,0.45547788410284745
P02,S02,1,neutral,2.352045099949464,0.37891608403666044,0.06535087159245515,-0.7800555357607277,0.0009464136266552405,0.0015352774862719433,0.04056028049254128,-0.6012858690044426,0.02972205910950572,0.6684447664129469
P02,S02,1,neutral,2.4411198999732733,0.3787663784078236,0.07307744568816812,-0.7764881803501924,-0.00016106327648207175,-0.0005063225130249789,0.005964905352866938,-0.5981104235921578,-0.005811693622384886,0.06545180679275521
P02,S02,1,neutral,2.503203499945812,0.3785174394960631,0.07255531228477471,-0.7723376213443071,-0.001064173396946693,-0.0003005289920202373,0.017811387404015045,-0.5944648258325018,-0.023379844417437894,0.3768043959602562
P02,S02,1,neutral,2.5735355999786407,0.37879838550849687,0.059128751976492325,-0.7764365742116162,0.00034888849499932836,0.0004792938801524204,0.008428991134774832,-0.5990353276795461,0.0290832858588058,0.4158378651310527
P02,S02,1,neutral,2.6330703999847174,0.3780435310876448,0.06033983684393361,-0.7799149354876509,-0.0010115067898566032,-0.00035120121181600553,0.01798514361737237,-0.5979954036579374,0.006603987768226547,0.11691558619511838
P02,S02,1,neutral,2.711467699962668,0.3786085555604569,0.06001828543455168,-0.7803943542872526,-0.00047914061557685536,0.0018272204878241405,0.02409518192034078,-0.5935389158998691,0.006884384052010735,0.0919360420323751
P02,S02,1,neutral,2.7614071000134572,0.3782912375896034,0.060508309054911155,-0.7799212080067509,-0.0004199837713956346,-0.0011509966047815086,0.024534262041328414,-0.5931109915115901,0.0011834720265355204,0.03794450575171741
P02,S02,1,neutral,2.825780999963172,0.37796988610043625,0.05951276492179141,-0.7850694338775501,-0.0006668603792603629,-2.0579433519001446e-05,0.010364104812035774,-0.5957276999970006,0.0013644894404873306,0.023869133308416505
P02,S02,1,neutral,2.8744223000248894,0.37800614674963506,0.057599344273672165,-0.7849809588210864,1.2062648622318428e-05,-1.4506714683049613e-05,0.0003878740321771424,-0.5989389101642818,-0.004176778420418556,0.08655244347272276
P02,S02,1,neutral,2.9131990999449044,0.3780135323613835,0.057927097041337784,-0.7803659006014529,-1.4467011601357039e-05,-0.00023352200742898937,0.006033754834282739,-0.5967872455083406,-0.015656892835560855,0.40402796183273587
P02,S02,1,neutral,2.9921042999485508,0.37814163323520633,0.05868626004190174,-0.7735578097883072,9.902802227769282e-05,-0.0003349535174533979,0.004426648282212262,-0.5986091078810789,0.002253456519308472,0.046932016002504774
P02,S02,1,neutral,3.064209199976176,0.37785780221945164,0.06150379044351336,-0.7723463548988774,-0.0005028865526338557,3.1943076194590895e-05,0.006988429835881905,-0.5878254910298943,0.013618874535959974,0.19026186794656147
P02,S02,1,neutral,3.1378649999387562,0.3782591098184577,0.06151212713800557,-0.7780853486210128,-0.0004344376682021506,0.0037763931582512297,0.051608969833556256,-0.5892747607312696,-0.01294899382803692,0.17807272696595947
P02,S02,1,neutral,3.184718400007114,0.3782555422553846,0.060418211869538795,-0.7753803807743073,-0.00023798174703612622,0.0003053856154649976,0.00826329875550471,-0.5930001949841825,0.006103427433358397,0.14452568631615345
P02,S02,1,neutral,3.278818599996157,0.3784177152042551,0.05221939140159009,-0.7853800467557879,0.00029190575253690076,-0.0002237432194677823,0.003908500691827506,-0.5990001101282452,0.02415077612603328,0.2573875848146568
P02,S02,1,neutral,3.341177999973297,0.37840033373051424,0.057752817402618575,-0.7827707748982166,-7.052842537181153e-05,-0.0009208468447205141,0.014810017591626886,-0.5959625355832633,0.024727294153080052,0.3967990115009293
P02,S02,1,neutral,3.407420299947262,0.37833070972170474,0.058124778313651905,-0.7820579328881022,-8.090008108164731e-05,-0.0006619312379056304,0.010066930747451863,-0.593144306334404,0.005846279510920534,0.08925813392003787
P02,S02,1,neutral,3.472132800030522,0.37922288397265286,0.05728958195773529,-0.7811759411702369,0.0009269833350811456,0.001193121189708105,0.023347974167656996,-0.5926813528866969,-0.004161573672379205,0.09032535611878025
P02,S02,1,neutral,3.520744899986312,0.37953282863861626,0.0635222191343462,-0.7810111008216873,0.0001427168267207045,0.000526815510574529,0.011227752201597775,-0.5924188399095508,-0.0007571607750024799,0.10947396866169283
P02,S02,1,neutral,3.5736452999990433,0.37949120275461135,0.06829570561492201,-0.7790038041809859,7.248532604754437e-05,-5.960602651146932e-05,0.0017740059171102076,-0.5907196822023694,-0.00036134135277659103,0.06027909202921962
P02,S02,1,neutral,3.6747343000024557,0.3795497357084245,0.06828438806625278,-0.7761791973302163,7.930540527288308e-05,-0.0007887354415506045,0.007841727554806414,-0.6036095841525109,-0.015154314852742478,0.15071874116206158
P02,S02,1,neutral,3.731400499935262,0.3795849444095897,0.06740907329496364,-0.7710911687807213,-0.0003281840057548374,-3.8785382498298967e-05,0.005831834894158492,-0.6107842956564042,-0.04202510340425511,0.7464724749062653
P02,S02,1,neutral,3.7941136000445113,0.3796441803480026,0.06642805166820814,-0.7713036981493137,5.8640000231800006e-05,0.00041793756523976337,0.006729556448646781,-0.6079689833158274,0.0020122894295251854,0.04903064988181168
P02,S02,1,neutral,3.8639684999361634,0.3793349793908663,0.06422479977366573,-0.7732189728078703,0.00018627680077037205,-6.827268657505412e-05,0.0028400880733878125,-0.5901156078679468,0.032823629569481434,0.4700752596195949
P02,S02,1,neutral,3.936685499968007,0.3794496013203058,0.06225935136936103,-0.7767080075019656,0.00044246029666890845,0.00037652519077496175,0.007989657650040586,-0.5970716657653243,0.01642220390540521,0.22837827397925514
P02,S02,1,neutral,3.992666200036183,0.37973426232888907,0.06185680291433342,-0.7708399178377415,0.0004031230366350619,0.0009851851414153475,0.019014959327730542,-0.5978833334749024,-0.0045664638163327225,0.08683620157695139
P02,S02,2,neutral,0.37808239995501935,0.37013979025647326,0.06370622408472901,-0.7767999780738973,0.0,0.0,0.0,-0.5976485529963728,0.0,0.0
P02,S02,2,neutral,0.4715214000316337,0.3708991761162136,0.059849527986629916,-0.801033164436955,0.001428369265934605,0.01076911601647599,0.11626226094712616,-0.5684382192496686,0.06068799083260894,0.6568933111179605
P02,S02,2,neutral,0.5296348000410944,0.3709582491177763,0.05905826107195198,-0.7884410472298715,0.0002574455274104139,0.002089610912137577,0.036229340648673614,-0.5760725405873236,-0.013207285708123859,0.2286531900500486
P02,S02,2,neutral,0.5928366000298411,0.3708381631870926,0.05726069976714811,-0.7883625273439935,0.00012565031239692925,0.00020838583949167738,0.0038501516439007457,-0.5777571962581405,0.001454315121830169,0.026372788340780117
P02,S02,2,neutral,0.6534985000034794,0.37073405972621215,0.05413435753602115,-0.7836279429055012,-0.00011133645648160996,0.0002648762628930721,0.004736486640240857,-0.5763392771362686,-0.004656899780150041,0.18931166349658277
P02,S02,2,neutral,0.707911100005731,0.36974683521559476,0.05459888614897084,-0.7857582746178705,-0.0006270833069905078,-0.00018482031143049287,0.012014722013062647,-0.5706544283189992,0.013985787410821685,0.3056724083242877
P02,S02,2,neutral,0.7605958000058308,0.36966636579176054,0.05338732988113238,-0.7859322217366453,6.54227348106599e-05,2.9023024684950786e-05,0.0013584861295509862,-0.5733397567220387,0.0024435624109877046,0.09064281108159153
P02,S02,2,neutral,0.8634070999687538,0.3692382271361189,0.05373491713050875,-0.7913394807419961,-0.0004840761746326734,-0.0003600606611148572,0.005868052433061439,-0.5762449397710974,-0.0013656086225587493,0.11241231296096756
P02,S02,2,neutral,0.924726799945347,0.36917715651100785,0.05295268797757536,-0.7772384131486954,0.00013465154294072245,0.0003790909146580531,0.006560609690770913,-0.5773525224319955,0.000961708350847328,0.1030872577838571
P02,S02,2,neutral,0.9796076000202447,0.3692469366200542,0.052417776436269915,-0.778169346889371,-7.833011193541599e-05,-0.0014511853813485621,0.026480988615088588,-0.5808508355074027,-0.01661219598010686,0.3163957842791618
P02,S02,2,neutral,1.0525549999438226,0.3703246095706531,0.04976045478515781,-0.788858104936912,0.000961570038410962,0.003262022842779423,0.04661983146318408,-0.5705829637647946,0.018977653071534237,0.28281954661398256
P02,S02,2,neutral,1.1025490999454632,0.3703474683893937,0.04974466898222236,-0.7816992166227228,-0.00010911901013786488,0.0005488139005458986,0.01119245391018628,-0.5781865995772469,-0.042466074472998196,0.852598884876683
P02,S02,2,neutral,1.166945799952373,0.3701780464202637,0.04958814448611832,-0.7808622425053164,-0.00010635116872773695,-0.0017227118156215861,0.026802483272045197,-0.5756496493087297,-0.0021224664944861247,0.1511843164445336
P02,S02,2,neutral,1.25979040004313,0.3711046932500975,0.045553490328097405,-0.7908645307730767,0.0010130332561065873,0.001961258724534074,0.023775595467410822,-0.5842632204397181,0.019149983604635327,0.2222165636634832
P02,S02,2,neutral,1.3080628999741748,0.37123462107170646,0.045464934831118756,-0.7882782727528828,-0.0004572287106981124,-0.00014482321027116052,0.009935602344343557,-0.5872618762839612,-0.006943462161967614,0.16193220115186185
P02,S02,2,neutral,1.4007715999614447,0.3686011271950851,0.044715313046633266,-0.7880178078776594,0.0008661728252675758,-0.005947024735343159,0.06482424976066578,-0.5824728326668028,0.011629538437977852,0.13391947029538334
P02,S02,2,neutral,1.463153599994257,0.36967658701237516,0.04373177278162762,-0.7918396508104487,-0.001353685123575959,0.0040584353089992515,0.06858136472640684,-0.5919491821590472,0.028263008623049153,0.4693644362056013
P02,S02,2,neutral,1.5415840999921784,0.3697647801519927,0.044491013386379764,-0.7892002846859818,-0.0009650408212550439,-0.002946020136009886,0.039526135684941184,-0.5893945072131915,-0.033818175992600105,0.4318914252259828
P02,S02,2,neutral,1.5911098000360653,0.3689390627937269,0.04923752948791818,-0.7893811443439561,-0.0015510268493474024,-0.0024855526355095866,0.05915691723021209,-0.5832305292168658,-0.013949523162244305,0.2897879934514903
P02,S02,2,neutral,1.65946510003414,0.3687877748923081,0.04905133543934661,-0.7887521230414097,0.00011071186316592341,-0.0008084390358481006,0.011937399929295909,-0.5839959634922115,-0.003852467655320218,0.0653686413445921
P02,S02,2,neutral,1.7279692000010982,0.3688231245742075,0.048485330306637944,-0.7883365029269405,-8.722773837637757e-05,0.0008620152968959666,0.01264767167873951,-0.5821226718023078,0.011236717843347283,0.18100502094944532
P02,S02,2,neutral,1.7899531000293791,0.3686872945612916,0.04861243965496663,-0.7888599005415114,-0.0002127136262087346,4.890432979528194e-05,0.0035212847390469924,-0.5744558945924374,0.008361870318545779,0.13794908046841817
P02,S02,2,neutral,1.8524929999839514,0.36879088775766833,0.04928656598532626,-0.7911872474545029,1.4465150535126088e-05,-0.0001225093196159282,0.0019725062250967314,-0.5748232546972796,-0.0005604339213172818,0.01592387428186384
P02,S02,2,neutral,1.928122099954635,0.36868284304543236,0.049963651169302,-0.7906126230151445,-0.0001242831651524263,-0.0005512918285135269,0.007472353981426514,-0.5759781474974597,-0.0033182599379424052,0.07327006797160053
P02,S02,2,neutral,1.9839240999426693,0.36871056659577095,0.04861264492080869,-0.7886196778455146,0.0004065673598512672,-0.0008007679590549709,0.01609383385819785,-0.5787197872366237,-0.01571808328577162,0.28233311935079564
P02,S02,2,neutral,2.067730600014329,0.36825922426082935,0.04755190433490243,-0.7864063315038552,0.0003461676602106673,0.0017018257689234652,0.020722448083181237,-0.5783764877884681,0.031073622419340665,0.3761015749372444
P02,S02,2,neutral,2.130371000035666,0.36809298929718315,0.04747245754667732,-0.7862673575296398,5.54199353628753e-05,-0.0004087068425300139,0.006584363300005192,-0.57816848710844,0.015638649584413532,0.27225649912401007
P02,S02,2,neutral,2.1916007000254467,0.3676861637388921,0.04744170067213658,-0.786146277805865,4.859169050514235e-05,-4.936170061323051e-05,0.001131242634710148,-0.5807841588191168,-0.010548756238863257,0.21359007657939322
P02,S02,2,neutral,2.2857476000208408,0.36779400467195733,0.04839585485584089,-0.7824144684749303,-7.39803259279186e-05,0.0006541546234568312,0.0069925261648484185,-0.5835626063293956,-0.0015266422494779116,0.11880912607319315
P02,S02,2,neutral,2.335200799978338,0.36759296267926894,0.04834011397425899,-0.7775642057888317,-0.00016004056216016444,-0.005233099374747788,0.10586870044523146,-0.5810619900940317,-0.009156442586857386,0.28218134001239664
P02,S02,2,neutral,2.4094319000141695,0.36811124812909357,0.04764040241072048,-0.7852038885022702,0.0006731022471891585,0.0040611203901253995,0.05545550942242347,-0.585434071533052,0.004524686033716632,0.18242842241359278
P02,S02,2,neutral,2.4621491000289097,0.3685737222684446,0.047132547367602896,-0.7853362669235865,0.0001788185971445498,0.0010945008053125148,0.021037009162507208,-0.5788622127387534,-0.002755731834710983,0.17271055450035544
P02,S02,2,neutral,2.520388799952343,0.3688908182673345,0.04964403605931804,-0.7860850227289857,0.00010789371699656503,0.0014404679700851775,0.02480272116742218,-0.5748814830723474,0.00021469490923351178,0.03499422573402697
P02,S02,2,neutral,2.580789800034836,0.36943842465181287,0.04514493502819804,-0.7865222489186334,7.873319262284238e-05,0.002325936621818048,0.038530302485859785,-0.5725733437468026,7.575480018803751e-05,0.11190122323690155
P02,S02,2,neutral,2.6515080999815837,0.36956279940982956,0.0422641647857507,-0.7859236093051638,0.00011810036401520697,-0.0005170771827009267,0.007500078306863036,-0.5715282881236332,0.006488760156672699,0.13388147556961555
P02,S02,2,neutral,2.7229103000136092,0.36951295330691863,0.04082867791014503,-0.7840648405111871,8.863762964453538e-05,-0.0021045589699222075,0.029500837730342806,-0.5731088742951793,-0.02146822981921217,0.3030503610792002
P02,S02,2,neutral,2.7794282999821007,0.36908923627916423,0.04304461788335324,-0.7845982867850759,-0.0005220201384868369,0.0006679273914250759,0.014999144834703677,-0.5846330694307788,-0.036398899920175,0.645912889567234
P02,S02,2,neutral,2.860987199936062,0.3691262646644864,0.04534725215084527,-0.7797270851545668,-6.907090945112662e-05,-0.00435780518717073,0.053438098598862054,-0.5858220532249632,0.02637492676339733,0.35376610060693425
P02,S02,2,neutral,2.9069081000052392,0.36891376087767574,0.045487117176759816,-0.7789466149706844,-0.0002801588474082363,3.958415087371274e-06,0.006101509556049857,-0.5859947453436458,-0.004530526717079325,0.2165304886430462
P02,S02,2,neutral,2.9697502999333665,0.3689205624863518,0.046187712930977454,-0.7747070872323625,0.00025050650769205127,-0.0003621479116360741,0.0070071707208592265,-0.5861463404642155,0.0007973921823961576,0.0736753118081958
P02,S02,2,neutral,3.0518175000324845,0.36888406376695165,0.04556349056577681,-0.7758676246905976,-0.00010413893505035953,0.0022629414823588595,0.027603432451171493,-0.5864546742199438,-0.002009334375526502,0.06990502777379495
P02,S02,2,neutral,3.1248442999785766,0.3694395170425023,0.04629437535520642,-0.7722947489437912,0.0006737879578664228,-0.00012971577806036608,0.009396011048486383,-0.5854774215490466,0.011991219746363168,0.16610002492097245
P02,S02,2,neutral,3.1829713999759406,0.36924717992518463,0.046651987626846664,-0.7731903353101705,-3.180014813689597e-05,-4.624742355949592e-05,0.0009655653997419321,-0.584223823619087,-0.001561848594488839,0.13788787609796052
P02,S02,2,neutral,3.2650621000211686,0.3692792278838438,0.04645158601811233,-0.7772768282414774,2.4291913439328206e-05,0.0005100494781945324,0.006220285862551061,-0.5813029876951986,0.02606464772576906,0.33048780566730446
P02,S02,2,neutral,3.3425513999536633,0.3693952061791937,0.046674358418309636,-0.7777298520519546,-0.00010052565131842777,0.0008102561125128171,0.01053652869572528,-0.5872337783994016,-0.008107862637461813,0.10805491128481017
P02,S02,2,neutral,3.405547500005923,0.36973562248720804,0.04748051242212568,-0.7783007247013195,-0.0007804522176622118,5.7632154467181145e-05,0.012422629888154686,-0.5842850119170413,0.002883725873219332,0.11259569095059063
P02,S02,2,neutral,3.4539740999462083,0.36957393895260876,0.04351123336844684,-0.7769004519366897,0.00018450357678437583,-0.002146628152972065,0.04449089229552108,-0.5817503612491801,-0.02510152909362942,0.5210069925756085
P02,S02,2,neutral,3.497862600022927,0.3696399177899759,0.044907717361633216,-0.7913614051296082,-0.00010634474616376546,-0.0001342410935274219,0.0039021537429122267,-0.5733254419211072,0.013528417312284328,0.31026943856250216
P02,S02,2,neutral,3.579272500006482,0.3695984918265824,0.04610476790998989,-0.7854486528040472,-0.0003714823038415803,-0.00024335437225827855,0.005455050235238922,-0.5766274403224881,-0.07306145372780087,0.9010742699859167
P02,S02,2,neutral,3.662709099939093,0.3691821693562849,0.045198389573513374,-0.780524598042722,5.021110460851382e-05,-0.002395521751218083,0.02871698892209204,-0.5807254734631768,0.0090712667365179,0.11106546301536294
P02,S02,2,neutral,3.734017499955371,0.36970650998138543,0.043524288038861145,-0.7823077473547402,0.0005040187708310763,0.0020309074629857077,0.02934458272923711,-0.5867961698804265,0.01253948095087583,0.18210016307046736
P02,S02,2,neutral,3.812934200046584,0.37010361812416814,0.043349031019732934,-0.7817929520224021,9.87630128929058e-05,0.0009511526361932354,0.012117415211275562,-0.5812915427657634,0.002248305224829661,0.07135589404438444
P02,S02,2,neutral,3.8952032999368384,0.37111961738156024,0.0447619105461588,-0.7852645406326197,-0.0002833118715890691,0.0024609908210653664,0.030111484511267543,-0.5646368133848971,0.027262031097957173,0.34203290511806617
P02,S02,2,neutral,3.970347399939783,0.3713151226297668,0.04089750687250873,-0.7853907608535436,-0.00035379285431352283,0.0007731593842110175,0.011315081514809025,-0.5651300929087681,0.004288677548880839,0.12391174112582432
P02,S02,3,neutral,0.37862109998241067,0.37095428541985115,0.038775390258790864,-0.7842253758498058,0.0,0.0,0.0,-0.5717954742184543,0.0,0.0
P02,S02,3,neutral,0.4704560999525711,0.37028402715788344,0.0431387707635522,-0.7865328282250733,-0.0007703624996284223,0.000841310056795267,0.012421498047902164,-0.5703059625822408,0.030048587655374184,0.32758387481885254
P02,S02,3,neutral,0.5284344999818131,0.3699860597260501,0.04436146169316601,-0.7871814845717147,-0.00023295017225522367,0.00034048422480042545,0.007115534723296623,-0.5744766542813872,0.002852465376590557,0.08992416035892656
P02,S02,3,neutral,0.592168900067918,0.36994976045182876,0.04513779938819079,-0.787190087193574,-8.208835295898461e-05,0.00043412574494206875,0.0069321839102505145,-0.5769553088253464,0.007910588255766396,0.13900042294828155
P02,S02,3,neutral,0.6620840000687167,0.3698492917883666,0.04149956157990109,-0.7858303662834588,0.0002514890530741385,-0.001977263179856844,0.028508755921016676,-0.5785739093670237,-0.060960848647212726,0.8789550316597848
P02,S02,3,neutral,0.7083060999866575,0.3697024079299347,0.04225279968497506,-0.7874990313012084,0.00011902310631899243,0.0005879007886111831,0.012977086156492455,-0.5738350501996654,-0.0001395523219172095,0.057710110018205155
P02,S02,3,neutral,0.7611228000605479,0.36938020914529546,0.04475465097915597,-0.7858540717830325,-0.00038340071416934453,-0.0017382930106857172,0.03370283762861611,-0.5746942344641673,-0.00037881824838809504,0.014216999237372121
P02,S02,3,neutral,0.8637404000619426,0.3688045927585946,0.04661746791016029,-0.786630503398031,-0.0006752307611163248,-0.0004837160526618382,0.008094253874951352,-0.5752900828364058,0.016413665651516415,0.1605703316677795
P02,S02,3,neutral,0.9172475000377744,0.36869306299835247,0.04750734767697887,-0.7860823648674774,2.000600372290582e-05,-0.0004282497281775961,0.008012334276164296,-0.5740005794435771,0.027162077140061455,0.5160779551753001
P02,S02,3,neutral,0.9793855999596417,0.36854475015914434,0.04659676259679743,-0.7868470214867364,3.048605504571548e-05,0.0004686927720025648,0.007558699198673394,-0.5781296736430128,-0.01342555826336059,0.26083926841637983
P02,S02,3,neutral,1.0556629999773577,0.3684518965153272,0.04673594016272665,-0.7858444117270577,-5.188788548116822e-05,0.0006588103308559862,0.008663778733956263,-0.5819374563617338,0.01299815621031223,0.19208243481204446
P02,S02,3,neutral,1.0993476000148803,0.36841430644147266,0.045849221919923785,-0.7869252456427027,0.0001385301173070379,-0.00017861284613952686,0.005174315934249978,-0.5780939892726099,-0.030442368685647227,0.6994530313218212
P02,S02,3,neutral,1.1385655000340194,0.36855994792498226,0.04582580754496753,-0.7876776105721336,0.00017138601917096323,0.0003572462527470231,0.010103289508418958,-0.5757356495742705,0.0012480193561360793,0.09185583896108128
P02,S02,3,neutral,1.208477900014259,0.36866767078310453,0.04614219570823754,-0.7863630954290811,0.00020860221553490278,-0.00018616969671648173,0.003999236322346907,-0.5773241648326131,-0.018405398107126304,0.27388521616583184
P02,S02,3,neutral,1.2511367000406608,0.36866194536892943,0.04685098252026857,-0.7852346672858922,8.649790236126042e-06,-0.0005462302114533054,0.012806236776371351,-0.581087451936901,0.00490832547296686,0.11519327350394941
P02,S02,3,neutral,1.3094131000107154,0.3683667156830175,0.046634088594586294,-0.784919687354809,-9.926914678460997e-05,-6.342869688600995e-05,0.002021454125025973,-0.5817528081365996,-0.017517662195908106,0.30108702190504777
P02,S02,3,neutral,1.3610595000209287,0.36840788555911264,0.046062653282113473,-0.7850223985673287,0.00015349808988162437,9.869178901479934e-06,0.002978233384820979,-0.5793980291084575,0.0007394524994230237,0.02076805728053315
P02,S02,3,neutral,1.414228399982676,0.3684224574885771,0.04838157409989153,-0.7848220428336403,8.044680505254467e-05,0.00011802100409418067,0.0026863604397479876,-0.5777701758864375,0.0005468035914754394,0.024958400860521028
P02,S02,3,neutral,1.4840572000248358,0.36859735226536483,0.04948894717207595,-0.7843536009581498,-0.0005915229429847058,-0.00018612435958868134,0.008880493987354663,-0.5794444743261298,0.013321829132285119,0.19967140005155093
P02,S02,3,neutral,1.5522607000311837,0.36853246683111,0.050617999626436476,-0.7815892799810344,0.0002882119936489129,0.003555099793713106,0.05229589883040395,-0.5800178322322631,0.011189848548048631,0.2018947182029858
P02,S02,3,neutral,1.5989884999580681,0.36874430833212946,0.050355266060512445,-0.7814932071642225,0.0002790752748704742,0.0007982700520983706,0.018097290047910847,-0.5797312602857295,9.68583083746986e-05,0.02418681308642119
P02,S02,3,neutral,1.6582162999548018,0.36882344699551245,0.049835235987316165,-0.780859688014813,-5.9633177069642074e-05,-0.0002412800362194461,0.004196341593906836,-0.5803967293771153,-0.012393859816416391,0.2099969753991584
P02,S02,3,neutral,1.7413864999543875,0.3686100409437893,0.049343612620361604,-0.7835260190341318,-0.00026248129156744023,-0.000513158403689679,0.006930273180670451,-0.5818923213131476,0.0003008780686298298,0.08640444774390386
P02,S02,3,neutral,1.7967825999949127,0.3685767867566521,0.050587857801763704,-0.7831602406665593,-4.536124753438592e-05,-0.00013171741931107783,0.0025147879435824653,-0.5839687787876898,0.019818636640783528,0.36262108373497043
P02,S02,3,neutral,1.8689083000645041,0.36838313606488454,0.05138458151925853,-0.7797113659011653,-0.0007330784660797709,-0.003837750513037816,0.054171241651218005,-0.5835520452211764,-0.0006429116338266916,0.027427789612769704
P02,S02,3,neutral,1.9559113000286743,0.3679847997684117,0.0521413572071264,-0.7751858892033741,-0.0007403510424304845,-0.0035611196944386404,0.041806196515149996,-0.5830821452553245,0.019081972983237366,0.2271185247533421
P02,S02,3,neutral,2.0160546000115573,0.3677187417832915,0.050108547557189624,-0.7767151083585799,-0.00019066192568006579,-0.00020399407733760918,0.004642630600655704,-0.5814082610406537,-0.0006515815476018544,0.03297013444347654
P02,S02,3,neutral,2.0870701000094414,0.36767800906009834,0.04992175408100564,-0.7761283951231036,-4.7255352574503305e-05,-0.00010010353418441094,0.0015587698425701786,-0.583634379980046,0.003511914116695983,0.05718919033702392
P02,S02,3,neutral,2.1602145000360906,0.3676413343692486,0.05022610190867122,-0.7757030628226267,-0.0001951200348846923,0.00022746440294409912,0.0040971873023618625,-0.5847787659576741,-0.024092256322576635,0.35365985431381086
P02,S02,3,neutral,2.2528369000647217,0.3668218924808004,0.04917195335231002,-0.7708860388605369,0.0004824308307809007,-0.0034251939028110464,0.03734519621058134,-0.5942866184535026,0.01970038215565082,0.23230478043390068
P02,S02,3,neutral,2.3263003999600187,0.3674812770816892,0.048487118425535575,-0.7709244743653432,3.377768623492572e-05,0.0008814637975688059,0.012007469583681912,-0.5902580011664958,-0.003963192395972598,0.06402873562232327
P02,S02,3,neutral,2.3736136000370607,0.3677831831451377,0.04973589215039638,-0.7707218380102,-0.0005481025720276633,0.0002174096985142254,0.012462628779819983,-0.5814699960955519,-0.018212939083842552,0.39538259050893015
P02,S02,3,neutral,2.4627386999782175,0.3678260030120169,0.049989415957188726,-0.7698051961577145,2.4752490076519876e-05,7.38118443853015e-05,0.0008735094400727304,-0.582197218385997,0.0008809542094492354,0.04660960402959137
P02,S02,3,neutral,2.5323357000015676,0.36779392448764336,0.05016341216635936,-0.7701276629650622,-0.0002764336658558327,-2.406589440398133e-05,0.003986942804956242,-0.5833470556437675,0.0012373907827344305,0.05392294498187333
P02,S02,3,neutral,2.5737966999877244,0.367908217967681,0.051028188415500844,-0.7700019046515787,-8.26248704184139e-06,-0.0007184313487656009,0.017329028720068355,-0.5881261308340354,-0.0007662370192667968,0.02050233581441567
P02,S02,3,neutral,2.6258589000208303,0.36803986087415963,0.051626445576940884,-0.7697993635507413,0.00022207613315069843,-0.00016438087522184787,0.005307015774058257,-0.588769659248383,-0.011433325472604615,0.2644024812626183
P02,S02,3,neutral,2.666495700017549,0.3679877910088467,0.051594876777752006,-0.7724470778912534,6.155031652695217e-05,9.47550925480711e-06,0.0015324880503081043,-0.5920255501277721,0.004989465822706825,0.12550475860224178
P02,S02,3,neutral,2.7543010000372306,0.3675797395007728,0.0542478377919922,-0.774525271760011,-6.737512230083818e-05,0.0010145185383277837,0.011579634704404294,-0.5957507755050344,0.005556207009307414,0.0818079228882994
P02,S02,3,neutral,2.8019376000156626,0.3677986234295454,0.05314556708958293,-0.7769143670283194,-0.00018531312234156675,0.0008262518183283586,0.01777578634075808,-0.5902814013996914,0.009426326955924701,0.22742158749669858
P02,S02,3,neutral,2.8576216000365093,0.3672288515442243,0.053178195854890066,-0.7735463960559938,-0.0008633229775578319,-0.0003862960493678586,0.016985259120391477,-0.591694080914331,-0.0066451839239244255,0.1258635672181447
P02,S02,3,neutral,2.936384500004351,0.3656440542715341,0.051730590052093184,-0.7750915821695833,-0.00011879554548372028,-0.00047257397784878914,0.006186626737430177,-0.5902992733939576,0.03699211444675198,0.4724223521600778
P02,S02,3,neutral,2.9824662000173703,0.3656720715399144,0.05136672194226271,-0.7738330028130813,-9.128014872356847e-06,-0.001615414132008795,0.03505599664513293,-0.5902339835841058,-0.00489002296714279,0.10627961411835832
P02,S02,3,neutral,3.027377299964428,0.36576998350011364,0.0516894364327632,-0.772943150774529,0.00014376848901017609,-0.0012726098213941288,0.028516445569601985,-0.5898560952517735,0.004214149101785841,0.10296109852158083
P02,S02,3,neutral,3.0971353000495583,0.36592559409526665,0.051368842189305146,-0.7776166437540147,0.0003139246160886605,0.001806094768811035,0.026279050650585736,-0.5875208809531115,-0.0011596768450925525,0.05620963567691344
P02,S02,3,neutral,3.1672341000521556,0.36617081693973363,0.05138864587866568,-0.7781051027574275,0.0009185576646401273,0.0006148948393014498,0.015768750060128192,-0.5854997936258961,0.002524249594674283,0.08293223530751485
P02,S02,3,neutral,3.215483200037852,0.36662090699825906,0.05187397512738297,-0.7774658976894067,0.0006112541835900785,0.0008629662095873758,0.021917861089589017,-0.5799950973323666,-0.015722012555639795,0.32604367913633525
P02,S02,3,neutral,3.265507800038904,0.36700815470301684,0.05166402007308404,-0.7776749724892928,0.0006201912255061725,0.0034808663924775895,0.0706789247775119,-0.5795576249251975,-0.0005568600827705521,0.012438503995106277
P02,S02,3,neutral,3.346877200063318,0.36819374162071417,0.050199392961612785,-0.7779836665784172,0.0017050828172541547,0.0028655881407632783,0.040979801765366246,-0.5763252022813042,0.0024918763622462994,0.040719928093860026
P02,S02,3,neutral,3.4099327999865636,0.3685246847253625,0.05074405198005459,-0.7784495379827374,-0.00042233976479955234,0.0011014394632015132,0.018707861633980076,-0.5760389861896408,-0.0016068703776467065,0.03990201663962858
P02,S02,3,neutral,3.4641523000318557,0.3684774878113364,0.05082346458261263,-0.7775350970313977,-0.00012904344754411068,-0.0013268303083429243,0.024586923946460944,-0.5781643859204778,-0.006682913548484563,0.12606199402612178
P02,S02,3,neutral,3.546525100013241,0.3684677034193105,0.05191376595893475,-0.7776035450405455,-0.00017612006804666283,-0.00015448419286756646,0.0028440527132126752,-0.5786207759217055,0.003419142438334868,0.04721612185294005
P02,S02,3,neutral,3.5981506999814883,0.3682502059927481,0.05302232811514705,-0.7779755743406483,-0.00042140015171039836,-0.00011362508411780282,0.008454142256915024,-0.5771662866200454,-0.002751651682607048,0.09679942162651621
P02,S02,3,neutral,3.66326060006395,0.36821097354162835,0.04896079406888437,-0.7765973708879677,1.8980000874755148e-05,-6.790712466490222e-05,0.0010829336470537221,-0.5719093080632501,-0.01908658358174126,0.2934907528040227
P02,S02,3,neutral,3.725562300067395,0.3682461346656252,0.0488439495691596,-0.7750354749853027,0.00015862366602414595,0.000300899382794783,0.005459719858644696,-0.5715980160166364,0.001565482922843482,0.08034217129364513
P02,S02,3,neutral,3.790216500055976,0.3683546289839802,0.04928466283741494,-0.7763825303352517,-0.00013778394794775986,-0.0009027558961838545,0.01412452812085767,-0.5731437023705419,-0.002630196861313323,0.08156875835049404
P02,S02,3,neutral,3.8783842000411823,0.36806462553159075,0.049849599801369125,-0.7764259224795247,-0.00041323219281378266,-0.0006820942475288146,0.009045313507110516,-0.5746282890925062,0.02461761092701455,0.30050377223704233
P02,S02,3,neutral,3.9480539000360295,0.367596714368235,0.04939195359198949,-0.7768896032519961,-0.00020288623064377477,-0.00023616686907704931,0.0044689162875993045,-0.5738821099754641,-0.0009821436113246953,0.01527768354630894
P02,S02,4,neutral,0.39471720007713884,0.36667474549539025,0.04797744433310635,-0.7758209670178456,0.0,0.0,0.0,-0.5786575730135063,0.0,0.0
P02,S02,4,neutral,0.48036710009910166,0.3667716027429552,0.050518156887018835,-0.7753675262759541,0.00029317094990629017,0.0008951952203762746,0.010998011704958711,-0.5806281446917579,-0.0037833250922682973,0.05126375145004367
P02,S02,4,neutral,0.543472700053826,0.3668761076100531,0.050371276291722306,-0.7748019109845942,1.9414605919854134e-05,-0.00034653853077028343,0.0055000182322911895,-0.579485292546617,-0.0019737183192757375,0.0653703369103237
P02,S02,4,neutral,0.6075890000211075,0.36720322445354364,0.05055478895666722,-0.7741671241588308,0.00046131512244683784,-2.9623508038897925e-05,0.007209793547107916,-0.5790644657994598,5.397612115227412e-05,0.03562061282050403
P02,S02,4,neutral,0.6632086000172421,0.3679619251903777,0.05042783150845437,-0.7784032523101929,0.00020754443840611338,0.0009948364241726012,0.018271526406284887,-0.5807245787306267,-0.00367993032342308,0.086690867022609
P02,S02,4,neutral,0.7139524000231177,0.3680757715732924,0.05039988650045878,-0.778344102028402,0.00028828620913522954,0.000192217795390264,0.006828260293337538,-0.5804992955524916,-0.0005739082424835768,0.011837504405351851
P02,S02,4,neutral,0.7753286000806838,0.3681348955367644,0.05057815024530793,-0.7778348848567029,5.7963705935773874e-05,-0.00033644855009647514,0.005562499212758403,-0.5780865741486356,-0.014732075539302867,0.24168837702807963
P02,S02,4,neutral,0.865830700029619,0.3683877340366132,0.049852273077731414,-0.7755533589037377,0.0001992955096457977,-0.0011431884906859214,0.012822137417868619,-0.5777115600625166,-0.007621049717861172,0.08424196584068945
P02,S02,4,neutral,0.9224079000996426,0.36848404840814164,0.05058429256310663,-0.7748181427495499,-0.0003346739447013696,-0.002032145368430791,0.03640193771201426,-0.5786037380399482,0.002624920695062204,0.062151007634052215
P02,S02,4,neutral,0.9866531000006944,0.3684672569670389,0.05143986107628523,-0.7736507385567419,-0.0002633109420135562,-0.0012878820856033959,0.02046104361474436,-0.5828644880765657,0.01263665745753279,0.20128558922785375
P02,S02,4,neutral,1.0588051000377163,0.3685043387537975,0.04963395020290372,-0.7725842872310696,-2.377687820885156e-05,-0.0010816053372965332,0.014994271096597137,-0.5810346582571919,-0.0034218203176642733,0.05680705271773372
P02,S02,4,neutral,1.115679100039415,0.3683670390115941,0.04930156991188592,-0.7722521207648115,0.0004337256958416573,4.368809471264595e-05,0.0076646699486599005,-0.5843798978375649,0.008083494056951643,0.14608087938375466
P02,S02,4,neutral,1.1700623000506312,0.3686503823024833,0.04888093189859845,-0.7762643646877999,0.0003182333389875677,0.0014494107798064526,0.0272866497506269,-0.5792327366375964,-0.004213989338712714,0.09752833156825691
P02,S02,4,neutral,1.2648619000101462,0.36908545627253025,0.04848558975761875,-0.7785333046939934,0.0005475009744099954,0.003443107300319536,0.036776163781959664,-0.5780654488920551,0.0038119338572914245,0.06062694305581067
P02,S02,4,neutral,1.3229956000577658,0.3696151029578599,0.047975505020604006,-0.7791695543287773,0.0007845769712135691,0.001704936031685003,0.0322841526116273,-0.5774121973619248,0.0009036819862200317,0.05892713015452443
P02,S02,4,neutral,1.3914354000007734,0.3702580709114189,0.04804230874728067,-0.7823271927022131,-0.00011437725046389793,0.000410904900505418,0.006232143599461284,-0.5757611596110813,0.0046345193610645655,0.06854091794325476
P02,S02,4,neutral,1.4571832000510767,0.371056762281989,0.04710701106016958,-0.7819476058666809,0.0008397588008051058,0.0005753940078396804,0.015483027610644554,-0.5753316098420892,0.0013683968636453,0.0315070958564987
P02,S02,4,neutral,1.5119420000119135,0.37114836478745966,0.04824095034708175,-0.7818215828866265,-1.0157646212997238e-05,0.0003278550947641717,0.005990131448615584,-0.5747442982928495,-0.00042888125342202673,0.02916469444692921
P02,S02,4,neutral,1.5672310000518337,0.3712022092158653,0.04831568389420178,-0.7812696545412644,2.7618367150949097e-05,-0.00045056475712536726,0.008164561264283152,-0.5724599995021461,0.002321594794474485,0.044233790004295684
P02,S02,4,neutral,1.665603500092402,0.3711177873422816,0.048443276465293186,-0.7776982952041839,-5.7819034417097966e-05,-0.0015470606917297115,0.015737536030830224,-0.5789943607664761,-0.03561394180389325,0.362167459259851
P02,S02,4,neutral,1.7156772000016645,0.3710583545260211,0.048871977476988036,-0.775888503498084,-7.236568626951759e-05,-0.0015828086340881058,0.031642599719034076,-0.5811955103933607,0.009567838828929672,0.19193470540913168
P02,S02,4,neutral,1.7828102000057697,0.370360820024195,0.05025578090338411,-0.7763415371133334,-0.000676658316454095,-0.0009413187044690218,0.017268518390866166,-0.5877792326390824,0.011775715986311395,0.182430878325454
P02,S02,4,neutral,1.8611807000124827,0.3697585493356362,0.0484326714524312,-0.7718356244849326,-0.0007493327517003539,-0.0014409563229965503,0.020723963422791043,-0.5809272490012682,0.026383911826576716,0.3379822597433482
P02,S02,4,neutral,1.916934100096114,0.3698391636899643,0.04856325361858873,-0.7716223411540302,-0.0001564496532449858,7.042853306006572e-05,0.0030773224040158797,-0.5802582930563333,-0.0009700794201585144,0.019775661397488094
P02,S02,4,neutral,1.998842400033027,0.36989029264916506,0.047904401545792986,-0.7726651035396583,0.0005204867671591389,0.0011280704685750933,0.015167649846614284,-0.5804397613580662,-0.0073666439141891,0.09708976137806188
P02,S02,4,neutral,2.066271600080654,0.3698117936882705,0.051413451010948935,-0.772429802499592,-0.00037384684835945945,-0.0018150792338004105,0.02748333738654176,-0.5735898126589348,0.008473290191729647,0.16049438763525428
P02,S02,4,neutral,2.1238930000690743,0.369773229069193,0.050886434761371384,-0.7708727267509029,6.669336727782193e-05,-0.0009548233500185576,0.016611011629695513,-0.5734267073315547,0.004635654914722998,0.12358522341287177
P02,S02,4,neutral,2.207706700079143,0.3695776588989596,0.05090501631839024,-0.7700623591082089,0.00028203442508266234,0.0005681814322036994,0.007568323769776565,-0.572740339588185,-0.02627668807286484,0.3215874935364278
P02,S02,4,neutral,2.2756988001056015,0.3696679837806723,0.05113802319134385,-0.7710056109346856,0.0001208884306487935,-0.0002229925969820359,0.0037306207173121277,-0.572835743335899,0.022554575262042496,0.33235977189068805
P02,S02,4,neutral,2.3279544000979513,0.36972390644931413,0.05224645295806403,-0.7708825437586154,-0.00029735909788478857,1.5315323556007001e-06,0.005690548801286203,-0.5720040810863328,-0.012943560247013871,0.26993002948060685
P02,S02,4,neutral,2.419210100080818,0.36915607274937645,0.05160702094775236,-0.7699651079074806,0.0007595168269486666,-0.0007022785796796822,0.011335593669568237,-0.575154648065527,0.004957692798818606,0.05557072100038985
P02,S02,4,neutral,2.4863116000778973,0.3692877427883528,0.052691012044596586,-0.7682914422874486,-0.0005361852209032829,0.0016932929417508551,0.026469714266554104,-0.5748477964623966,-0.0018733907469224151,0.0294994494423573
P02,S02,4,neutral,2.5535256000002846,0.3688733603240168,0.052568581437874344,-0.7693007553600382,-5.203058198840111e-05,0.0005636107763215624,0.008420973647354505,-0.5817286951827002,-0.012260234727185258,0.18665210272082478
P02,S02,4,neutral,2.6068762000650167,0.36906887427330043,0.05283248312834706,-0.7692537677633724,-0.0002552508424152418,-3.9729014384150255e-05,0.004842010955520761,-0.5816645481841946,0.0012846170216920048,0.02775714516064879
P02,S02,4,neutral,2.6679761999985203,0.36919602991231687,0.05236143533081445,-0.7679557443896181,0.0003377417598443067,-0.0009856182809988012,0.017052037659107337,-0.5824350843536372,-0.04012935395687051,0.6569338714925832
P02,S02,4,neutral,2.7621506000868976,0.36922230782566307,0.05116766539860491,-0.7723580904251844,-2.7806824899130395e-05,0.0005671946547639747,0.006030044922801155,-0.5838317631692267,-0.0012745415633377232,0.051573611130195755
P02,S02,4,neutral,2.822144200094044,0.3692363822477978,0.05063175553546073,-0.7737923066775234,8.67669008447597e-06,-0.0008214202324624367,0.013692561492789508,-0.58050863397665,0.04338226815368773,0.7256358288506911
P02,S02,4,neutral,2.872971700038761,0.3691259862709233,0.05010958987781062,-0.7757806573284407,-3.689705368285961e-05,0.00038253444277765614,0.007561059692576632,-0.5823462165925053,0.0009557917265960392,0.04333818722690053
P02,S02,4,neutral,2.957836000015959,0.3691700408474894,0.04943998638727674,-0.7763549734251404,0.0002893691599498609,0.0004163137837526664,0.005974274700169375,-0.5820112775727786,0.003530657229544364,0.04344507289360091
P02,S02,4,neutral,3.0108468000544235,0.3692467055085603,0.04903399471766893,-0.7779863775252601,-0.00015504609913286134,0.0011996096675750743,0.02281776165870021,-0.5794883952194709,-0.000237563561311203,0.055148327694276335
P02,S02,4,neutral,3.0923099000938237,0.36946946700050853,0.051040634252440764,-0.781106469532182,-0.0002950230096627865,3.718540190144759e-05,0.00365020780569342,-0.5806128970079253,0.006389653209703818,0.08107187482715911
P02,S02,4,neutral,3.1662004000972956,0.36948554287360175,0.05103591310763144,-0.7802537153470425,-7.985237780713807e-06,9.646812510842136e-05,0.0013100202815523995,-0.5775101272772796,-0.007275284645131995,0.09851341877987876
P02,S02,4,neutral,3.229381100041792,0.36948587095749824,0.05104143325425635,-0.7805483953996853,-5.92842884578819e-05,0.0010271910387906476,0.016285042940690622,-0.5765505490641328,0.0038801343821980947,0.09612822572684296
P02,S02,4,neutral,3.285551100037992,0.3697222473741289,0.051251146604526586,-0.7796882425707256,-0.0002471823706875546,-0.00018418774401469498,0.0054879835396020515,-0.5768045375942072,-0.0002146327961717043,0.012270232881410381
P02,S02,4,neutral,3.3406094000674784,0.37000629049351774,0.05173039444894257,-0.7799588644030773,-0.000600426041251228,7.482672108422975e-05,0.010989635191354171,-0.5776370263178962,8.458517004597852e-05,0.017161048874361803
P02,S02,4,neutral,3.3984262000303715,0.3699676874401025,0.05144511351025794,-0.7801446444207709,3.9672772175046346e-05,-2.2555078596980663e-05,0.0007893237696418545,-0.5807774961616838,0.026743591591668957,0.4640664822180284
P02,S02,4,neutral,3.4636044000508264,0.3695276189357489,0.05140843006445722,-0.7795867745337893,-0.0006796760486960304,-0.0019118031129444558,0.03113045505639478,-0.5775830310281298,-0.06182830005677799,0.9507870606795339
P02,S02,4,neutral,3.5536771001061425,0.36917932376558393,0.050287495037134575,-0.7789827763878207,-0.00024778806038204965,-0.0015150631429386896,0.01704392397305964,-0.5756085979306956,-0.02215799077362922,0.24992509183133815
P02,S02,4,neutral,3.6152753001078963,0.3689480333386081,0.051967990850625104,-0.7779990436356726,-0.0003491159342795728,-0.0011745707543635512,0.01989273119790167,-0.5719053531672522,0.01463093591885384,0.23755236364430554
P02,S02,4,neutral,3.69258350005839,0.3687899971068562,0.05183215360260109,-0.7751191452754373,-3.373863091318502e-05,-0.0016087872196878738,0.020814621943742142,-0.5742540838845879,-0.014838023565334752,0.19429034029601427
P02,S02,4,neutral,3.7551193000981584,0.3688217035998588,0.05219361931846311,-0.7723083210472378,-5.595687035779666e-05,-0.0013637315538318185,0.021825563695970926,-0.5785921265436045,0.027671933399036182,0.4462221733422366
P02,S02,4,neutral,3.8052193000912666,0.3687916414069656,0.0513062082878727,-0.7716194130101535,0.0005066832877718261,-9.042720877458904e-05,0.010273238720762511,-0.5787339026069521,-0.00326546659056896,0.20941972760848226
P02,S02,4,neutral,3.8968176000053063,0.36898000617265764,0.051689396500659436,-0.7754982056830124,0.0002776450796625687,0.002210095218852907,0.024317772816740763,-0.5709070186262724,0.0363773378316805,0.4054764558859594
P02,S02,4,neutral,3.973362500080839,0.36881972520529877,0.05193496102011494,-0.7755010124667219,0.00011708583405004418,-8.52488301744628e-05,0.001892124864938778,-0.5718379356587242,-0.000200749740646468,0.02130930940115667
P02,S02,5,neutral,0.3830918000312522,0.36967779998216277,0.052834016338896964,-0.7730173319424325,0.0,0.0,0.0,-0.5754199920046688,0.0,0.0
P02,S02,5,neutral,0.47088100004475564,0.3692326974762524,0.046793372316755046,-0.772688109925378,0.0006722685852681803,-0.0013532543043109993,0.017212141424350465,-0.5727202978012975,0.03875214011054849,0.4437896919374917
P02,S02,5,neutral,0.5372738000005484,0.3691968762559112,0.05083994714407013,-0.7707445446117629,-4.274231641479662e-05,-0.0008120636508646912,0.012248131229986987,-0.5789982509527799,-0.027120078247393604,0.4104761592059183
P02,S02,5,neutral,0.5971305000130087,0.3689124971269914,0.0545402800986992,-0.7705595149970316,0.0006200999652478616,0.00018354183442458852,0.010804016851380147,-0.5819173503400306,0.005583542499209748,0.09677488764295918
P02,S02,5,neutral,0.6582442000508308,0.36888102882680573,0.05511099598068778,-0.7692368535588562,9.492960079002396e-06,0.0005623871924249846,0.009203620559844904,-0.5843214314449153,-0.0068004630415814836,0.1167433850314622
P02,S02,5,neutral,0.7047349000349641,0.368895920270125,0.05778785923259023,-0.7684449409808117,0.00011875819574755001,0.00030529742974829354,0.007046185499156512,-0.5844518892761675,0.0057819257540447375,0.12436806154507184
P02,S02,5,neutral,0.7714778999798,0.3689281216996582,0.058093498389905324,-0.7676101271526576,0.00014104334104212644,0.002071543778742434,0.03110947626448476,-0.583828797860122,-0.0003224312869796108,0.03257188043089272
P02,S02,5,neutral,0.8652527000522241,0.3689056893091124,0.059806901703702384,-0.7660744534700166,0.00011184786936476493,-0.0008727284454659122,0.009382759561654736,-0.5846157660501873,0.0006167721371014704,0.01766989065153328
P02,S02,5,neutral,0.9373697000555694,0.36882977544698503,0.05844367211718814,-0.7701899108553976,3.955276330685982e-05,-0.00027157678748591593,0.0038055095100897576,-0.5892327485421262,0.02474485836281335,0.34860370470438046
P02,S02,5,neutral,0.995306900003925,0.3688466727571514,0.05951319315768137,-0.7697394031381422,-3.1996275247133906e-05,2.068446076582394e-05,0.0006576082545225025,-0.5885426163357299,-0.00019297370294387906,0.012381875647239976
P02,S02,5,neutral,1.0653982000658289,0.36894015660769175,0.05775043663246837,-0.7692544498600481,7.379088725792579e-05,-0.0005001786249601276,0.007213341394347478,-0.5876770719775246,-0.00046185899727264136,0.02615147229380724
P02,S02,5,neutral,1.1154656000435352,0.3690817211047237,0.056437622410431376,-0.7688955245903377,0.0001007725287194336,-3.108767913219706e-05,0.0021063355077024465,-0.5882018029927374,-0.01000103961977705,0.19985297125635665
P02,S02,5,neutral,1.160018700058572,0.36865129605820246,0.05568071236021864,-0.7689872718270845,-0.0005511773217995869,-0.001246009982531099,0.0305809181102325,-0.5899187953111371,0.02933804750669892,0.670262459768849
P02,S02,5,neutral,1.2641265999991447,0.368067329868901,0.05648802491132706,-0.7706529848622251,-0.0007031008879427795,-0.0024336270268910214,0.02433204760423195,-0.5822677142727556,0.001972156845135173,0.07704372001810383
P02,S02,5,neutral,1.3219929999904707,0.3679100552752424,0.05762983027458211,-0.7706495774868978,-0.00022207348142399278,-0.000500201987157817,0.00945769875241705,-0.5891791374562727,0.00213051620885516,0.15008359510708535
P02,S02,5,neutral,1.3883133999770507,0.3671824621569477,0.06017304860948635,-0.7683839099254038,-0.00026013345705965695,-0.004577050206086794,0.06912558577697467,-0.5885307043048164,-0.0052614450298424115,0.11184255265452239
P02,S02,5,neutral,1.462766099954024,0.3677639343718702,0.05927783498461141,-0.7730762574817397,0.0005070457262164657,9.189545365662012e-05,0.006921251657554311,-0.5844371802957846,-0.00717439945568332,0.13989018431330405
P02,S02,5,neutral,1.5303969000233337,0.36768520847489855,0.057757757200952164,-0.7731405462281746,-0.00010516744325513036,0.0007225145195963252,0.010795796579385128,-0.5829308654549084,0.0033740403690188762,0.07626106935932013
P02,S02,5,neutral,1.5925006000325084,0.36777855029609385,0.05804855349646484,-0.7693271579480868,-0.00011664748540269354,-9.934686842910892e-05,0.0024671673500658684,-0.5839113033407447,-0.003729101279099298,0.06897863407625124
P02,S02,5,neutral,1.6672177000436932,0.3677883135720069,0.058057465567411405,-0.7684615802120183,2.6821321793836247e-05,-0.001047490111265623,0.014024011091662156,-0.5907465867266756,-0.01225965749421658,0.16562668876475897
P02,S02,5,neutral,1.7455479999771342,0.3681301362541857,0.0558812564982299,-0.7705759877285224,0.0003035443088949038,-6.71934328264489e-06,0.0038761331271915975,-0.5886151681131753,-9.719990459041816e-05,0.053678180079746306
P02,S02,5,neutral,1.8086108999559656,0.3678328356845915,0.05668287854975365,-0.7699582868166726,-0.0007264781655284506,0.000334699303161549,0.012683706787198505,-0.5882533264817597,0.0010725486009705476,0.031568062002964734
P02,S02,5,neutral,1.8957146999891847,0.36782981438937973,0.05589657960246387,-0.7706498955555201,0.00028588627248596164,-0.003469606871663975,0.03996800456970916,-0.5862935544821519,-0.06418734653042285,0.7402140600282506
P02,S02,5,neutral,1.9793667000485584,0.36837402442404016,0.056602273900719854,-0.7703270487091809,0.000527200130745002,0.0006572506502221124,0.010072282213383726,-0.580629331456737,0.032904355702188956,0.39431140459915553
P02,S02,5,neutral,2.037820699973963,0.3685167400278718,0.05783466294361874,-0.7686071732083085,-0.0004593473586825568,-0.00040524465041519227,0.010479260099693247,-0.5820265925411467,0.00325891367114574,0.056193842682848494
P02,S02,5,neutral,2.1052414999576285,0.36757925257042545,0.05834510896572618,-0.7683952345956685,-0.0004159669348606016,-0.0011944303448721144,0.018759632711196354,-0.5858910252816273,0.04507477376606922,0.6693487706144059
P02,S02,5,neutral,2.1833745000185445,0.36709637887385593,0.05815179704258127,-0.7687960366948562,0.00036764137349078565,-0.000737393528854324,0.010545602795953657,-0.5895351588834978,-0.0007600608947840517,0.03678744340722041
P02,S02,5,neutral,2.25219659996219,0.3671031261174726,0.060751650795965485,-0.7688983220568741,7.874695326569855e-05,1.0878445090312995e-05,0.0011550766395822798,-0.5912044061087788,-0.0027801586823350734,0.04662641954230706
P02,S02,5,neutral,2.2977303999941796,0.36699974607578345,0.06070518016371041,-0.7681271315806919,0.00014219047031732498,0.0001043488031740506,0.0038734128632595057,-0.5951126979584153,-0.005077215433794878,0.11936806654427623
P02,S02,5,neutral,2.3766393000259995,0.36752745898670935,0.05997551057790383,-0.7682772827651546,-7.56152090054606e-05,0.00044014944180336747,0.005659657497412952,-0.5937985303256259,-0.0005912293628418167,0.03604534706299407
P02,S02,5,neutral,2.426226499956101,0.3670504191715102,0.058287121507815384,-0.7688303493243246,0.00043280506216607635,-0.00018869505008422502,0.009521619425509041,-0.5947256855786832,0.0003831278297323377,0.021344430239217064
P02,S02,5,neutral,2.471944299992174,0.3671077593907572,0.058954096090222854,-0.7689442270380421,-6.104841388463208e-05,0.0003328437459135526,0.007401843969196489,-0.5955857317204372,0.002807011632822509,0.06488618057779523
P02,S02,5,neutral,2.539804800064303,0.36708973944373674,0.05829447672160872,-0.7670502484002477,-2.1554720123540376e-05,-0.00026044271998613,0.0038510348694574224,-0.5932496466591429,-0.04150354534038958,0.6162989084534382
P02,S02,5,neutral,2.611436599981971,0.3678968168381747,0.05557934143844213,-0.7759868501259692,0.0011096782971281272,0.0004311207721513956,0.01661948373164926,-0.5916223834298371,0.0014399229048466754,0.041736641884159494
P02,S02,5,neutral,2.6723741999594495,0.3677940849674904,0.05574464959628377,-0.7687241319463323,-3.617985576707181e-05,0.0004643824264302095,0.007643715434699473,-0.5883736406238097,-0.0023827819371558495,0.04902335183321842
P02,S02,5,neutral,2.742900599958375,0.36784511597872976,0.05653701604683209,-0.7655229790092265,7.166101439672438e-05,5.9305667086944314e-05,0.001318919115857126,-0.5800052910849164,0.03372122258356323,0.48783937250806797
P02,S02,5,neutral,2.811067800037563,0.3679578561485394,0.055393150009330795,-0.7661548993511121,0.00015963887288884194,0.0004420644181772193,0.006894897711582273,-0.5812682294540454,-0.051443973639780795,0.7550504472550285
P02,S02,5,neutral,2.884473899961449,0.36789955913545747,0.05761592116537818,-0.7676347045663966,0.00017213919805360517,0.0025718811289430167,0.035114730784607834,-0.5789603300855637,0.014503410578808728,0.20032776068911032
P02,S02,5,neutral,2.9310781999956816,0.368056616499553,0.057437488244189615,-0.7680520014535377,0.0002636452038743713,0.0007212995934007677,0.016478577901981956,-0.5772172674781048,-0.02234126720602015,0.48819762154866786
P02,S02,5,neutral,2.977282900013961,0.3684018909498446,0.05741739027801229,-0.7685867855850892,0.00029972051490214453,0.0002181771197546785,0.008023435649643734,-0.573638440448736,0.014993615736528246,0.33073613998031387
P02,S02,5,neutral,3.0568603000137955,0.36872689709018885,0.05566210258137466,-0.7705599851095706,-0.00017336945589290832,0.002575647762675669,0.032439813379703995,-0.5731571092862436,0.0003428820811167737,0.05674944207995528
P02,S02,5,neutral,3.1270552000496536,0.36885222126000794,0.05322997226195735,-0.7706228177010213,8.689766763088632e-05,0.00012628642910932154,0.0021838532148029596,-0.57564882823991,0.02445543017973741,0.3490271816701787
P02,S02,5,neutral,3.1802210999885574,0.36917976523299517,0.05427096932231384,-0.768778994993164,0.00018336859622012573,0.00043922893772119925,0.008952516441000553,-0.5781158971299283,-0.0075766650564955814,0.14433956544914642
P02,S02,5,neutral,3.2662369000026956,0.36901251295293197,0.05419017236744378,-0.7689530726287115,0.0002709577266380428,7.979321428267847e-05,0.0032838440082359624,-0.575151282231799,-0.0075362769832756265,0.09875781437729136
P02,S02,5,neutral,3.346318500000052,0.3690447378071259,0.05453708950056613,-0.7685843875927141,0.00019490294187664146,-5.144113278451237e-05,0.0025171468695316854,-0.5753702408272487,-0.021073336480746857,0.263269023167539
P02,S02,5,neutral,3.418156799976714,0.3693927390449099,0.05500528490140858,-0.7680115047401266,-0.0005052133490070008,-0.00028592719720230137,0.008080823320842305,-0.577817606511907,0.015870768463247645,0.22294530272068444
P02,S02,5,neutral,3.5019340000580996,0.3694594297131532,0.05335221666948249,-0.7686288611982494,0.00011083325439138343,0.0007288052790583329,0.008799346438688353,-0.5751298021113567,0.006622779415802057,0.08127330549517452
P02,S02,5,neutral,3.556986900046468,0.36953084954753473,0.05317068720586766,-0.7678719710385226,0.0002508992823241776,0.0001226672479637011,0.005072951464454931,-0.5761438785424375,0.0013336709441790118,0.025469789744875026
P02,S02,5,neutral,3.6000628999900073,0.36954126572702267,0.05338794295373993,-0.7680727510859827,2.9315113608799532e-05,0.0002387145427291516,0.005583336770674483,-0.5773099754442392,0.004356361366960588,0.10170574064862137
P02,S02,5,neutral,3.6625562000554055,0.3695537620888013,0.054040564347074375,-0.7684530637756032,4.330586984620323e-05,0.0009022459438348635,0.014454103710724408,-0.5773394144244014,9.57476281108597e-06,0.005794268304340529
P02,S02,5,neutral,3.73487180005759,0.36962848306748736,0.05488207711959076,-0.7679476339795642,-1.2779502432411986e-05,0.000775477945709391,0.010724978269628906,-0.5771087594897648,-0.004132437242341691,0.05888798838707634
P02,S02,5,neutral,3.792917100014165,0.369829680268064,0.05180038618619189,-0.7677036695019417,0.00033792863472237756,0.00018340898357651874,0.006624010482657323,-0.5772328643588615,-0.0033066631430442,0.07079025316437215
P02,S02,5,neutral,3.8695730000035837,0.36985383385396964,0.05244743418010365,-0.7679051811518516,0.00016212424248579786,0.00026252523957193314,0.0040251446268874,-0.5781578769374709,-0.0016674763122841124,0.057110153435364956
P02,S02,5,neutral,3.9563724000472575,0.369417149505858,0.05609595136940502,-0.769551967852605,-3.468977724464243e-06,-8.043187886722908e-05,0.0009275023964945504,-0.582306116081554,0.022563519783816828,0.26081516384918313
P02,S02,6,raise_arms,0.3824538999469951,0.36619044792193084,0.06336458855617072,-0.8449474214682263,0.0,0.0,0.0,-0.5661903941789986,0.0,0.0
P02,S02,6,raise_arms,0.46727269992697984,0.36622459898090104,0.06254254803823626,-0.8367431180216811,-0.00012735527505943292,0.0022275373445379276,0.026305194419794974,-0.5742990850203176,0.006143558047107476,0.08403715914397847
P02,S02,6,raise_arms,0.516726000001654,0.36652076139962725,0.05806342567224577,-0.8367531041698262,-0.00034520761992799115,0.0007313961939117372,0.016354214239139696,-0.5751865836887813,-0.0001745308371001887,0.06707674665229976
P02,S02,6,raise_arms,0.5835993000073358,0.3665796221018155,0.05963775400407076,-0.8359612078361541,-0.00021670078077154644,-0.0005864863749712759,0.009349626096860533,-0.5841819394510583,-0.013255917239337913,0.21244514351936733
P02,S02,6,raise_arms,0.6493857000023127,0.3650588915007614,0.059854961613650844,-0.8440030103062557,0.00010829151560932569,0.005033412503888869,0.07652915025223178,-0.5936163938097473,0.0010871827171957818,0.07516055319907286
P02,S02,6,raise_arms,0.7204096999485046,0.3639057414348742,0.05890578905915118,-0.845730703514229,0.0010158344999982082,7.026652700729302e-05,0.014336869396245263,-0.6040225258912915,0.010250404088843274,0.1480041192374062
P02,S02,6,raise_arms,0.7723392000189051,0.3627506985337906,0.05961981110347186,-0.8511968063929654,-0.000483737384732849,0.005107340057626069,0.09879157880497871,-0.6137791010594739,0.0068046791245466726,0.293796764857862
P02,S02,6,raise_arms,0.858113499940373,0.360249315117201,0.047753793462204853,-0.8538444055502512,0.0016078807470842821,-0.009653985364400828,0.11410138633247252,-0.5875737240306782,0.1452191709094746,1.738461143057226
P02,S02,6,raise_arms,0.92150049994234,0.35989132228943455,0.048169547980164186,-0.8456055158553031,9.779769769375582e-05,-0.0006378794795385275,0.01018084075399854,-0.6055818846107666,0.05144844446967691,0.8793000879510159
P02,S02,6,raise_arms,0.9679142999229953,0.35654975034005554,0.049502064102193016,-0.8449129393955208,-0.0012964917858297833,-0.008877345309626961,0.1932942113351137,-0.609406607567647,-0.008906705394024304,0.8475444106061426
P02,S02,6,raise_arms,1.0485280000139028,0.3535132493424035,0.05489723467490276,-0.8258104548605838,-0.003961031223445849,-0.027021220841829018,0.3387761729986155,-0.6070482816015471,-0.01674461809613819,0.4992037898055205
P02,S02,6,raise_arms,1.1113243999425322,0.352577790821783,0.05524385068587454,-0.8281954824436787,-0.00014838704624490717,0.00037977954928987065,0.006493033982544614,-0.5775770447594463,-0.01251017848238456,0.3710715268053719
P02,S02,6,raise_arms,1.178509799996391,0.3501616098484737,0.05922592827074384,-0.8292846182569955,-0.0035705853948718854,-0.0054429670978570245,0.09689018807708419,-0.5661937198044023,-0.0036915898703257367,0.6885727597483183
P02,S02,6,raise_arms,1.2601272999309003,0.34934733443887583,0.06059062684896517,-0.825507083820601,-0.0012694768665220478,-0.003864563640233538,0.04983893830829147,-0.5277879274266102,-0.11995477080585668,1.4724411433339462
P02,S02,6,raise_arms,1.33129589993041,0.3488212387377424,0.06340869690029993,-0.8178664785221499,-0.0010305866555099699,-0.0005788372717993821,0.016608670652524558,-0.5251301687690575,0.004097846097779634,0.08692146725397762
P02,S02,6,raise_arms,1.3886214999947697,0.3488744441802384,0.06456822780172279,-0.8210996890987973,-0.0009406059322630688,0.003444474834321266,0.06228621559871283,-0.4959061099983381,-0.038928234722754064,0.6827236115395411
P02,S02,6,raise_arms,1.4657707000151277,0.34781849808838783,0.07048358508527809,-0.8185019297138948,-0.0014841675473720262,-0.0031037150979105104,0.04459307233226161,-0.4909817836435724,-0.00507955464947644,0.08581826416994544
P02,S02,6,raise_arms,1.5086362999863923,0.347524615122161,0.07332202684388359,-0.8222922859098907,-0.0008225715932158857,0.003537435177247215,0.08472560345352774,-0.47842601747755226,-0.017657977241014984,0.420518499313749
P02,S02,6,raise_arms,1.5662287999875844,0.3470763467215601,0.07438199753418977,-0.8192417335085863,-0.0009523912012025015,-0.004729111969186113,0.08376193761110186,-0.4917451974644716,0.07943059700039977,1.3817571928541204
P02,S02,6,raise_arms,1.6568720999639481,0.3458049237742607,0.0795885197293935,-0.8380534179251555,0.00159545297152092,0.0010469446427028297,0.021052720357801914,-0.5001135148588225,0.019170618312783074,0.21154279168783716
P02,S02,6,raise_arms,1.716752199921757,0.3460626595406517,0.08332908499426003,-0.8428432622377489,-9.761507488641496e-05,0.005636441686207198,0.09414291063738703,-0.47915413036708837,-0.06807992054034943,1.1371833740463058
P02,S02,6,raise_arms,1.779134999960661,0.3461444053054539,0.08241140434590036,-0.8365581240160244,-0.0010123396514968902,0.0001415450235636067,0.01638572084707054,-0.48289409800014993,-0.0007755194272135443,0.08337120845510528
P02,S02,6,raise_arms,1.8707325999857858,0.3460664179724875,0.08306173292729127,-0.8293405534611807,-0.000653802911282107,0.00030270248065814096,0.007865674995469368,-0.48639991641071023,0.00282282610807109,0.043472957108051276
P02,S02,6,raise_arms,1.9277885999763384,0.3462208723831064,0.08304933943521016,-0.8369318401115642,-0.0003581313900590139,-0.003496353996254543,0.061599968964974904,-0.49705665383650166,0.000978922114748072,0.08454246875309004
P02,S02,6,raise_arms,1.9806602000026032,0.34504781822484326,0.084704557225765,-0.8437441052992213,0.001710243492147567,0.0036855613379843865,0.07684730815573036,-0.4919268353432609,-0.04059184387959518,0.7766540073794954
P02,S02,6,raise_arms,2.0756753999739885,0.3474147172983162,0.0770496366875019,-0.8368217395918011,-0.004259261154909702,-0.0010456963732888083,0.046158384259125766,-0.5235181470626319,-0.047264873167011515,0.5528123656121616
P02,S02,6,raise_arms,2.1391587000107393,0.3475723564418925,0.07639248836453168,-0.8369613859094746,-0.00011331099353962454,0.0005181523525992819,0.008354909853559418,-0.5151120836193079,0.0026592794950858287,0.04653533871740608
P02,S02,6,raise_arms,2.205732599948533,0.34776916875234365,0.07512046507264428,-0.836122919430201,0.00022495121274942803,0.003703253983906203,0.05572874561306763,-0.5085146212731207,-0.0017272058963876096,0.12058397175343273
P02,S02,6,raise_arms,2.2682062999811023,0.34743355741761445,0.07312173644001403,-0.8256751681246164,-0.00010422085296016951,-0.01117702169675971,0.17891540900206274,-0.5279597123423581,3.1372302603763076e-05,0.12831504060179552
P02,S02,6,raise_arms,2.335852799937129,0.3485570353356424,0.06663572440452221,-0.8256254038620028,0.0018437222998188415,0.0036812029538989682,0.060862079269271625,-0.5424571473689134,0.02050107261600498,0.31522029032758914
P02,S02,6,raise_arms,2.3993939999490976,0.3504991752887249,0.06210771833858885,-0.8246798165967169,0.004011504065907323,0.003728147509432739,0.08618701940007428,-0.5413763897739963,0.003208885849808913,0.07656163944198975
P02,S02,6,raise_arms,2.469702799920924,0.35164737574886334,0.061983106379581474,-0.836659683968569,0.000178272864994414,0.01159625365888076,0.164952664603339,-0.5246263886943164,0.04850612924436659,0.8949915011308645
P02,S02,6,raise_arms,2.536197599954903,0.3508976002116178,0.06081053019919695,-0.8452687775819409,0.0016527280099767289,0.0018154995730241044,0.03692178382024261,-0.5450910289397888,0.012982606460807757,0.3014322853473595
P02,S02,6,raise_arms,2.5964383999817073,0.35188630109639885,0.05810654319117171,-0.8486122860267946,0.001064041072787422,0.007620680202922135,0.12773079474363216,-0.5397924255330686,-0.007693973107386075,0.22776070224718042
P02,S02,6,raise_arms,2.6568426999729127,0.35453341233131913,0.05691841618413274,-0.8588477921611607,-0.002596550576658297,0.01591008226532226,0.26687786270029223,-0.5351080292739775,0.03009624045760701,0.6299341284523357
P02,S02,6,raise_arms,2.71306119998917,0.35493781652503725,0.047423717930806915,-0.865659010621761,0.0002900987695748222,0.007993543549144038,0.14228067084820653,-0.5625478401208319,-0.002208138570157667,0.17798441258342684
P02,S02,6,raise_arms,2.769496800028719,0.35687553415805107,0.04378586142867374,-0.883796975773796,-0.0005342071340470622,0.025232163724431107,0.44719677123512763,-0.5844394100598292,0.01896685345588439,0.5190923380446698
P02,S02,6,raise_arms,2.859066199976951,0.3570250715610584,0.048557387222743116,-0.8933739033142465,2.8089011899390946e-05,0.011770088989152515,0.13140785260096058,-0.5997135610869591,0.017460341068870053,0.20768024259556778
P02,S02,6,raise_arms,2.919044899987057,0.3567177009328892,0.04738902236379697,-0.8884053368239601,0.0012053593222988582,0.0034910514393748115,0.061576558125976656,-0.5979349190381483,0.009196986362835387,0.15405255664357845
P02,S02,6,raise_arms,2.9806400999659672,0.3571994965759608,0.0455099291489266,-0.8815607801847031,0.001076289195495867,0.00033490114966824885,0.018299964335758163,-0.6073383409964336,-0.07122348286542513,1.157374589655528
P02,S02,6,raise_arms,3.0513834999874234,0.35900714620753166,0.04154290483474333,-0.8770325970053632,0.0014022170141447573,0.00017939146716199392,0.019982720497748095,-0.605736241633059,-0.024503683602496603,0.4776276074419036
P02,S02,6,raise_arms,3.1212262000190094,0.35979794460595405,0.03946295654467262,-0.8751286603121633,0.000698635698028544,0.00039783594257289666,0.011511130785233912,-0.6108552985123462,-0.01798488248819189,0.2926623358658482
P02,S02,6,raise_arms,3.1850181999616325,0.361114463924941,0.03930406574111319,-0.8697155292146178,0.0002865397918583109,0.00010431632975486895,0.004780185840845819,-0.5924850139768608,-0.015598061685166467,0.2704193905407109
P02,S02,6,raise_arms,3.2590909999562427,0.3624387852589711,0.0395856898431804,-0.8575317277866518,-0.0004933220186057678,-5.871021273181402e-05,0.006706959695921666,-0.5863189654260742,0.008100341625005131,0.2808625042828783
P02,S02,6,raise_arms,3.322667400003411,0.3629018161297314,0.03892086630597154,-0.8528333280704993,0.000532357641354904,-0.00045914563406328863,0.011057678259587528,-0.5902338870849959,0.00010155165176487874,0.12768233185523656
P02,S02,6,raise_arms,3.3843701999867335,0.36309826497681474,0.03959521328235296,-0.8535514561259899,0.0004543418999471711,-0.0006858424561392038,0.013332984310173965,-0.5946023851639447,0.010873902131288813,0.1933979130821363
P02,S02,6,raise_arms,3.452349599916488,0.3637917860930478,0.03966399376109986,-0.8534253180237587,0.0009513528977803374,-0.0010815259585375023,0.021188866765112988,-0.5947095906657855,-0.016105611223983667,0.2483042314636322
P02,S02,6,raise_arms,3.5119158999295905,0.36511928325548515,0.040973702807684004,-0.8499538306659007,0.0003891401481633548,-8.790853478173742e-05,0.006697512993038975,-0.5950106469969687,-0.0024177389462893936,0.10631544352973002
P02,S02,6,raise_arms,3.5727191999321803,0.3650131424361,0.0429141256441319,-0.8485489349633961,0.0004946190918489034,-0.0015926930710955032,0.027428260871722565,-0.589721190660927,-0.005296577760157131,0.11940720187036502
P02,S02,6,raise_arms,3.658395899925381,0.36471770101687456,0.0500394867818266,-0.8510428261083529,0.0008032426949781923,-0.0014784404964639302,0.019638398279501656,-0.5895035742951604,-9.141668330911795e-05,0.038968073879545165
P02,S02,6,raise_arms,3.715047499979846,0.365166814538363,0.05403088129738425,-0.8501352089043049,-0.0003978220766376873,-0.000722192544090039,0.014554128922049565,-0.5930813741537911,0.005274297168926465,0.0931057758525007
P02,S02,6,raise_arms,3.7784944999730214,0.3649741375993573,0.05292883732121573,-0.8515830727657882,0.0008877230314699431,-0.0014159964207993635,0.02634098423943061,-0.5926358172332118,-0.011336629297206609,0.18942331978579138
P02,S02,6,raise_arms,3.850331399939023,0.36543850730744615,0.052111462293446535,-0.823951705430407,0.000323436113671952,-0.0056485515736914805,0.07875902183942854,-0.5885361909525938,-0.04215722513481614,0.5987966756684754
P02,S02,6,raise_arms,3.920889199944213,0.366317816376176,0.044513945427964795,-0.8143890290701942,0.000868073475165512,-0.0001294381348630112,0.012439030991005195,-0.5902474677659603,-0.006842982719658865,0.10453063888998182
P02,S02,6,raise_arms,3.9785087999189273,0.3668617056289838,0.04846494238357371,-0.8243169017269716,0.000692576236815661,-0.002656980936898695,0.047653265680827776,-0.5915840855187332,0.0015677099354518722,0.03176926665775819
P02,S02,7,raise_arms,0.3761899000965059,0.36289236786559226,0.04921350567012813,-0.7984385008242885,0.0,0.0,0.0,-0.6123807191525813,0.0,0.0
P02,S02,7,raise_arms,0.4600992000196129,0.36304848550519264,0.049333864545593215,-0.7970340736646804,-0.00029749088798075444,0.0009202187787704904,0.011525669597660807,-0.5975248814601657,-0.02312751776069599,0.276337177309921
P02,S02,7,raise_arms,0.5168901000870392,0.3634623896991678,0.04608379084178123,-0.799080072184181,0.0006133272046234812,0.003213326179410375,0.05760316196392459,-0.5927190438322477,-0.007318744881666746,0.12914942142146052
P02,S02,7,raise_arms,0.5826936000958085,0.36333998825119407,0.046305973030897,-0.7976712337131143,-0.000297867389361209,-9.178400349585374e-05,0.004736644713390663,-0.59986274176426,0.01938444647051223,0.2980447372165029
P02,S02,7,raise_arms,0.6539774000411853,0.36292692059951315,0.039157461815568465,-0.802461827339811,0.0005689858759532809,0.0016824868830143992,0.024915804105641173,-0.6011644899276996,0.02798004003268634,0.3974253068938213
P02,S02,7,raise_arms,0.7002120000543073,0.363081213943284,0.037388459477506596,-0.8065276189838603,0.0002313883053834796,0.0008930488693055189,0.01995341701108525,-0.6110469751847707,0.0446535515569719,0.9818821633250313
P02,S02,7,raise_arms,0.7521038000704721,0.3648287350441194,0.035034167504588536,-0.8140614723254718,-0.0006160948792063112,0.009015472719268804,0.17414118201057813,-0.6005175647459425,0.008228926313109692,0.2879299843318237
P02,S02,7,raise_arms,0.8590433000354096,0.36391208697722705,0.03451619160793071,-0.817301995143358,0.000651591927180304,0.0011315334202036398,0.012210020435441393,-0.5897774138001666,0.07439762373512555,0.7193349822174525
P02,S02,7,raise_arms,0.930679599987343,0.36255603256621544,0.03373935841290699,-0.820544609570693,0.001366256125707732,0.00041009877932470217,0.019912768574825185,-0.6054218185512488,-0.007180025155581304,0.12069919575261698
P02,S02,7,raise_arms,0.9818739000475034,0.36192787640483803,0.03610200391635198,-0.8293932961775613,0.0007755500244875754,0.0013718387649798807,0.0307824674132492,-0.6093762061929323,0.02117694282419912,0.43237731719034983
P02,S02,7,raise_arms,1.0500440000323579,0.36144786664563644,0.0354423809461681,-0.8342629960058624,0.0007502775852117687,-0.002869598417289432,0.043509690238699474,-0.6237927908446511,0.03105443208669401,0.48959631204582527
P02,S02,7,raise_arms,1.1284746000310406,0.36063006701106076,0.036410591998708434,-0.8379346604389247,0.0012118683288849393,0.0038824907742741545,0.051857692650203534,-0.6322863342733978,-0.042009152687592415,0.5496204239592768
P02,S02,7,raise_arms,1.2036830000579357,0.35790764097089073,0.04016228937021504,-0.8122098581441696,-0.004054952809998346,-0.035245177693853484,0.47172485705844347,-0.5350339780517308,0.031819505776141864,0.4608403938460583
P02,S02,7,raise_arms,1.2574736000970006,0.35626457203833795,0.04012796997350333,-0.8010236283615748,0.0009091741539650219,-0.01347428134976454,0.25106467801327165,-0.5225730065195547,-0.04129633607377129,0.8477497877407846
P02,S02,7,raise_arms,1.29767100000754,0.3548011068336619,0.04718676524629278,-0.7978620436493664,-0.0022423489723601914,-0.016191984667975102,0.40665598561175725,-0.5126032872162386,0.03630766816002791,0.9682004085654711
P02,S02,7,raise_arms,1.3468268000287935,0.35466920101174365,0.04880341902851259,-0.7932392455231463,-0.00036035623954671904,-0.005171114138208019,0.10545357599229088,-0.5174335085962607,0.0024249234052449832,0.24383119258347388
P02,S02,7,raise_arms,1.3918212000280619,0.35292658276330313,0.052594181530682564,-0.7867661293816967,0.0004614409869963881,-0.012637377785514586,0.28105274219749,-0.5384251562684107,-0.0005253020666299067,0.24568739169806506
P02,S02,7,raise_arms,1.4382746000774205,0.3527667287112301,0.05285367587604798,-0.78321638410577,-8.663595265980823e-05,-0.0007313578178215113,0.01585398155822171,-0.5500814750263665,-0.010871017461676116,0.2369791334953624
P02,S02,7,raise_arms,1.5140145000768825,0.35277703576193536,0.057405349433555804,-0.7866301993601233,-0.0006278071880325464,0.0008750355720434792,0.014219105496447828,-0.5449129963050071,-0.03039775006730262,0.42458056342826134
P02,S02,7,raise_arms,1.5872518999967724,0.35249782483081626,0.05406749554566941,-0.7874877297308027,0.00013878245127578188,0.00354730143659944,0.048472709603081206,-0.5486768260824798,-0.1444093165389047,1.9757783524235248
P02,S02,7,raise_arms,1.6347713000141084,0.35180853952981606,0.05957439597794167,-0.7877438532458055,0.0005962861150765455,-0.0011090464296891795,0.02649828735887644,-0.5547658261589553,0.01428597180028831,0.30090217133203956
P02,S02,7,raise_arms,1.7179274000227451,0.35136905027502174,0.06343958472459148,-0.7800745254815797,-0.0012536059295642796,0.0025081448540693716,0.03371950587268816,-0.5448679085683787,0.010482294635479011,0.1692784777352792
P02,S02,7,raise_arms,1.7718129000859335,0.35061767482828354,0.0656396636098157,-0.7830704361300237,-0.0013234420078898554,0.0013917815951951505,0.035641518597802437,-0.5380103802935371,0.0009784555178596174,0.10864108799849595
P02,S02,7,raise_arms,1.8436040000524372,0.34986340401747174,0.06891794532984265,-0.7834389222035872,-0.0005346068584407738,-0.00032105373637082165,0.008686347381782991,-0.5387015900952401,-0.03231493102534852,0.4554770717931621
P02,S02,7,raise_arms,1.920445500058122,0.34894327537644027,0.06961258895699621,-0.7872563066105749,0.00012200440740660608,0.0015291332938102032,0.01996307637327563,-0.5202942192140763,0.020923771879018446,0.2799498350469191
P02,S02,7,raise_arms,1.9980708000948653,0.34889090493909675,0.06974224204333337,-0.7970571112698077,0.000242123487921442,0.00961600543509631,0.12391647037090008,-0.5166675735063122,0.0022628756052721355,0.057931592182926823
P02,S02,7,raise_arms,2.078229400096461,0.3480874967831796,0.07315238929553988,-0.7936590441131455,-0.0009517222500754571,0.0018080667935492535,0.02549012205946911,-0.5107347580347016,-0.003289306441481256,0.046172996533505956
P02,S02,7,raise_arms,2.1251018000766635,0.34718677626477173,0.07518488696235066,-0.7909948354950659,-0.0022279629595763468,-0.0010020897549641407,0.05211914937187506,-0.5137448449841902,0.02761105254769656,0.5920204481509368
P02,S02,7,raise_arms,2.1997715000761673,0.3476929256168834,0.07581296790697412,-0.7933143636250942,0.0009102450446313088,1.4657178081072914e-05,0.012191866918571038,-0.5159073279021745,-0.00038210398274567066,0.025937734202148652
P02,S02,7,raise_arms,2.2792484000092372,0.34740677713454704,0.07565241441461315,-0.7960542577461345,0.0003223374837284639,0.0020791732782772534,0.026473241468757482,-0.5062950372637984,-0.016867480477165905,0.21256767541373092
P02,S02,7,raise_arms,2.325852300040424,0.3468312527693401,0.0767323465128649,-0.7919995064562549,-0.0007763544392924156,7.948288393419862e-05,0.016745648903784226,-0.5067840255255945,0.0037932683263768524,0.0857286104754191
P02,S02,7,raise_arms,2.3682722999947146,0.34679751818134585,0.07639293076144958,-0.7912925555778673,-0.00021273407450442394,0.000237612488792055,0.0075183556439294,-0.5147526154451041,-0.004341808361000614,0.11212730840618965
P02,S02,7,raise_arms,2.424917299998924,0.3465899830521466,0.07700997354155542,-0.7898117124639346,-0.00039468151547513184,4.987260979860054e-05,0.007023038740639243,-0.5156258024903781,-0.006417648655947797,0.11352494343637792
P02,S02,7,raise_arms,2.4822008000919595,0.3467088784645732,0.0765052957983571,-0.7876577028191002,5.724787550323199e-05,0.002795260755990392,0.048807194354604753,-0.5224441258950564,-0.006446792517073214,0.13052161111869343
P02,S02,7,raise_arms,2.5579166000243276,0.34722658906346204,0.07022492782063937,-0.7877450958970827,0.0010498248629757763,0.0012226427807783128,0.02128376347616582,-0.5302719872612298,-0.05851244964240651,0.7812093586155208
P02,S02,7,raise_arms,2.6133926000911742,0.3475809297634074,0.07020392500016298,-0.7958460916169945,0.0004997050183210995,0.0010895249944760143,0.02160670081019882,-0.5293544917192432,-0.003707709930251471,0.14921265435165523
P02,S02,7,raise_arms,2.669560500071384,0.34857802002041016,0.06844578502370376,-0.8152511865265545,0.0017652534439856994,0.007175152069531256,0.13155394225107836,-0.5330258346770776,0.0764154979222954,1.3871788569607564
P02,S02,7,raise_arms,2.747814300004393,0.34922882052160026,0.0712515831704093,-0.8220892108102255,-0.000545776126225288,0.005874891073055665,0.07539810025854135,-0.5122190348913951,0.07741489799105913,1.0542544089564332
P02,S02,7,raise_arms,2.805632600095123,0.34945962809364517,0.07340371155147436,-0.8211541228434904,-0.00034108199862688206,-0.0013982698961086033,0.024892968644617944,-0.5255911845145326,0.007633491315853224,0.14053888582719867
P02,S02,7,raise_arms,2.879847600008361,0.3502952943285676,0.06526196481191059,-0.8037457414010775,0.0011876423295050374,0.0003587727141747729,0.016716969574564734,-0.5676445992170077,0.0008908002835596719,0.04888357780004998
P02,S02,7,raise_arms,2.954222800093703,0.35064830709484435,0.06411750104146897,-0.8057423338412574,0.001115648291769079,0.0001963316614471925,0.0152307729658269,-0.5525312881387581,0.018461218923224443,0.7072319831781381
P02,S02,7,raise_arms,3.033701300038956,0.35193532623842166,0.06177772203115576,-0.8007277524909365,0.0018614208370810762,0.0007359647201088021,0.025184574895381354,-0.5580989677586587,-0.007925170866104588,0.16894956761186805
P02,S02,7,raise_arms,3.0960685000754893,0.352297307290567,0.06157728812688121,-0.8079752205422016,6.708323102211567e-05,0.003491965565399638,0.05600074819870105,-0.5468032213620717,-0.01782903614821152,0.3479406654765958
P02,S02,7,raise_arms,3.1478911000303924,0.3529801100544332,0.05973659121885847,-0.8176260967298701,0.00031935874351128114,0.011879723105620965,0.22932108673559318,-0.5593415620487686,-0.037404732425069344,0.733142608275003
P02,S02,7,raise_arms,3.2017029999988154,0.35358379164471415,0.056125925269490624,-0.8186147774638978,-0.000864947544455977,0.002717985136042866,0.053004881247378476,-0.5516801264351011,0.005839836504065547,0.38935640561465734
P02,S02,7,raise_arms,3.274363200063817,0.356573480375657,0.054662786380817875,-0.8348029021309717,-0.0003596018748729494,0.023147411794552777,0.3186091541994714,-0.5716337907540427,-0.0358882241275124,0.5576384225238443
P02,S02,7,raise_arms,3.35319629998412,0.355083916899134,0.049579008886991245,-0.8437257627864324,0.0012486739900666518,0.005045557760836621,0.06593388552314723,-0.5610861419911307,0.1157337874610008,1.477095460354627
P02,S02,7,raise_arms,3.430909199989401,0.355109467242598,0.04802577898332987,-0.8505232681272923,0.0007030340716632288,0.009131050499108386,0.11784497980860817,-0.5798406577036783,0.0583650607459308,0.7525547110862029
P02,S02,7,raise_arms,3.501881100004539,0.3550771138024561,0.04772011022712013,-0.8504110787087039,0.00024592067807706526,-0.000799368101708522,0.011784115175936758,-0.6044404524655649,-0.042463529227583965,0.7009393184201306
P02,S02,7,raise_arms,3.588829700020142,0.35584434060231207,0.04949831165491148,-0.8481893434032933,-0.0013090701380620606,-0.0018944478118399163,0.026483886796432942,-0.6196116281268048,-0.07393489791241221,0.8574655769518129
P02,S02,7,raise_arms,3.6640255000675097,0.35614721285572926,0.06281054909504558,-0.8462893186200355,-1.882795174350492e-06,-0.0011998007648816602,0.015955708183426023,-0.6036201877890413,-0.05463915755459119,0.7382558586905263
P02,S02,7,raise_arms,3.7108090000692755,0.35749908475313646,0.06195847827915875,-0.8420318039390888,-0.0013986703360822103,-0.0002755158815563062,0.03047117496128992,-0.5990958063792318,-0.01514335096465072,0.35406176100629144
P02,S02,7,raise_arms,3.7557789999991655,0.3587198888584709,0.06231330903275704,-0.8392532486368431,-0.0006610647655849701,-0.0013368346290093948,0.033163284294134406,-0.6003264921917627,-0.05177951333906088,1.1517881769969753
P02,S02,7,raise_arms,3.838606300065294,0.35901319103725576,0.0649178647563275,-0.8377325073849123,0.00027551608262353845,-0.003677172615840579,0.04452010189198164,-0.5947853866473313,-0.007127530455616355,0.11532295584588101
P02,S02,7,raise_arms,3.899305000086315,0.35928484394318067,0.06804722098049938,-0.8366609666746352,-3.384319639183732e-05,-0.00023881020199044032,0.00397366566495685,-0.606967912666856,0.023945175385504874,0.4236146033615551
P02,S02,7,raise_arms,3.9714608000358567,0.3600941292284018,0.06925374810114844,-0.8332148467699301,-0.00035720333375306734,-0.002328359913919148,0.03264603241105151,-0.593776178901242,-0.03283288579017283,0.4567162286991358
P02,S02,8,raise_arms,0.37720729992724955,0.36585142462372067,0.06034985476947333,-0.8112852162008946,0.0,0.0,0.0,-0.5993585989470875,0.0,0.0
P02,S02,8,raise_arms,0.4656017000088468,0.3661834809901413,0.05671010305292489,-0.8116269321144783,0.00030743678692199107,0.0011230496949666592,0.01317244319723907,-0.5985311779020676,0.004142813832877401,0.05348458139438974
P02,S02,8,raise_arms,0.5093714999966323,0.36639298928856573,0.059983730527573775,-0.8116743790594302,0.00021091403004556777,0.00044346443957132104,0.011219279368831174,-0.5969327741218995,0.004184817954672361,0.09624851282733689
P02,S02,8,raise_arms,0.5573832999216393,0.3663923193605501,0.06009340507836108,-0.8147780864158918,4.449293690031587e-05,-0.001142663213118167,0.023817668118735237,-0.5885094171776277,-0.020671213739578975,0.44102278122056277
P02,S02,8,raise_arms,0.6074121999554336,0.36697208953263777,0.06006245958118015,-0.8159670558034665,-0.0002236562348930715,5.6279510087472235e-05,0.00460990502300639,-0.585391958291378,-0.016832371750579025,0.374804047536886
P02,S02,8,raise_arms,0.6627014999976382,0.36693664132333836,0.06135075468465176,-0.8144245840936737,0.00011951414073921864,-0.0011038509594201295,0.020081679761287434,-0.5856395524469645,0.0016039139167179273,0.03340178444361153
P02,S02,8,raise_arms,0.7145477999001741,0.3669211318147915,0.06062120658633272,-0.8065601836145817,7.976068437369028e-05,-0.0007313291263754657,0.014189358269480024,-0.5890819357134666,0.004116611413304353,0.07949568198030359
P02,S02,8,raise_arms,0.7712952999863774,0.36694667147513604,0.06338133109393854,-0.8060447642881738,6.493302324606832e-05,-0.000367425887636289,0.00657508068314945,-0.5962185331319899,0.022546343934746072,0.397852277569401
P02,S02,8,raise_arms,0.8179789999267086,0.3670207163944376,0.06423385894591442,-0.8054943337478124,-5.428263753581474e-05,-0.00030263483933579886,0.006586122187449407,-0.5957519125862654,-0.00012876605519115784,0.021580826108022606
P02,S02,8,raise_arms,0.8716196999885142,0.36703739784431827,0.06450656268137638,-0.8051456849751123,-3.7756588270485536e-06,-0.0004948954957174394,0.009226387753587162,-0.5956220956154866,-5.643781009575518e-06,0.011195328833136552
P02,S02,8,raise_arms,0.9543423999566585,0.36699710173453143,0.06278996947534844,-0.7957120505860196,0.00013269040695781646,-0.00017296852314574606,0.0026353341829410217,-0.5955482654335025,-0.0257910265546293,0.3119015594220111
P02,S02,8,raise_arms,1.0147607999388129,0.3670544861507665,0.06137206025099804,-0.7926832083026152,0.00012735150891440066,0.0011859888369223147,0.01974244177572806,-0.6077361713328816,0.028617772754226393,0.47791682154882414
P02,S02,8,raise_arms,1.0947936999145895,0.3662185104595688,0.05880367493590415,-0.7979983905872529,-0.0007538499708602102,0.0023105804741872884,0.030368096794470025,-0.5981865733182944,0.05805995383465385,0.7583698725852289
P02,S02,8,raise_arms,1.1767291999422014,0.36574986749872124,0.0601139338528922,-0.80894670960527,-0.0005988578201990257,0.001269746433384777,0.01713399833257777,-0.5698581568405572,0.109092374779705,1.350146370194575
P02,S02,8,raise_arms,1.2399453999241814,0.36450352906914474,0.06116264456500296,-0.8077908727128646,-0.0009156051468442619,-0.0005933425503995007,0.0172590113505783,-0.5877510592814387,0.011793900487696782,0.22125150191757875
P02,S02,8,raise_arms,1.3069240999175236,0.3639565398883318,0.05868397224289894,-0.809912095201966,0.0006309184444594563,0.0010886516183112877,0.01878598532290106,-0.5955967770733679,0.01635507666971325,0.42525434165649106
P02,S02,8,raise_arms,1.3580274999840185,0.3636291442800465,0.056805509083769634,-0.8079189868695787,-0.0002382929248253298,-0.001532123108060091,0.03034129560958623,-0.5680029670656773,0.04100872218963779,0.8405589406896278
P02,S02,8,raise_arms,1.441658700001426,0.3643428450013782,0.06120446502132995,-0.8067187807655114,-0.0015643765850884674,0.0007634157735231721,0.02081414411378432,-0.5449249193530661,-0.008411078083730058,0.1087722443252424
P02,S02,8,raise_arms,1.5285228999564424,0.36085313045686795,0.05529602195238318,-0.7928383817579341,0.0028163920751283836,-0.012304201402776325,0.14531208505901128,-0.5496696575415605,-0.008932707203591558,0.560599148877781
P02,S02,8,raise_arms,1.591169499908574,0.3581212323714922,0.06196526613021315,-0.7873046278787661,0.0005375500921532131,-0.011685379493764204,0.18672581019836398,-0.5487534874086195,-0.044168816138039746,0.874800866967707
P02,S02,8,raise_arms,1.6754720999160782,0.3544147765636435,0.06381824727720482,-0.7897836940418274,0.0017684300498172858,-0.005813060523709325,0.07207490827459995,-0.5700949030619573,0.003638329873529833,0.1104496863970877
P02,S02,8,raise_arms,1.7232614000095055,0.3534862401887658,0.06513262333802675,-0.7888619278953387,-0.00028054055991571185,-0.00026641868349621317,0.008095692493841742,-0.5589877776319051,-0.07031893518761688,1.4770438260737633
P02,S02,8,raise_arms,1.7918438999913633,0.35196076394787157,0.06778912850169988,-0.7911380861005184,-0.0013945146666281471,-0.004614794421715588,0.07029332411527049,-0.5614127920319101,-0.0032689645939560255,0.13311275724629332
P02,S02,8,raise_arms,1.8774199999170378,0.3513556433022045,0.0659962613715556,-0.7975511143650608,0.0005857311279079682,0.005339055223541678,0.06276388502029269,-0.538700441345894,-0.08602083066756022,1.009971167771023
P02,S02,8,raise_arms,1.9406132999574766,0.35113035568931555,0.06691702276542812,-0.8001484712724538,0.00022971521611667864,0.0008434066515985352,0.013832642775175614,-0.5398560609524532,0.011109396526402459,0.18125580774534328
P02,S02,8,raise_arms,2.0318875999655575,0.350728186433692,0.06911331359310706,-0.8026943938867647,-0.0008495570950882504,-0.00097072817106303,0.014133054610405208,-0.534549994426517,-0.05850332740002088,0.652761837577628
P02,S02,8,raise_arms,2.103646899922751,0.3506980484950391,0.06313453603689852,-0.803639518901402,7.60571056823677e-05,0.004483715094986687,0.06249169276044503,-0.5186391959424181,-0.01858628154460353,0.26793861502600963
P02,S02,8,raise_arms,2.1724693999858573,0.3492863593042158,0.06870253919075682,-0.7981845458953307,-0.005659078803711056,-0.009711346118066866,0.16331727052919612,-0.5211139551788664,0.00033052263996718523,0.13107079457087936
P02,S02,8,raise_arms,2.2509826999157667,0.34917199878743216,0.0702800152490296,-0.7947436785141374,6.550720708415361e-05,-0.0038318515466359304,0.04881225787959088,-0.540841716969947,-0.029033932455002357,0.47267657188971235
P02,S02,8,raise_arms,2.341784799937159,0.34902751491112777,0.07893035163960649,-0.7921364777241445,0.00019749953438568155,-0.001895329513514472,0.020986208240301306,-0.545781013368235,0.07913128812354274,0.8719325309953034
P02,S02,8,raise_arms,2.40198149997741,0.3487087702107277,0.08034263027885175,-0.7903219008221826,-0.0005005245522160604,-0.0006602155153878711,0.013763183891903239,-0.5472382598894437,-0.010438459124484163,0.21090337621679583
P02,S02,8,raise_arms,2.4612573999911547,0.34791620891020364,0.08221297316391722,-0.7861570319885421,-0.0014113256326795623,-0.005714601052012117,0.09930339464099404,-0.5517702144170704,-0.038520957067875276,0.6689853105309413
P02,S02,8,raise_arms,2.5473342000041157,0.3455870153287525,0.08346166803940781,-0.7852984514060685,-0.0006456118912431777,-0.007537787242340704,0.08789110499826759,-0.553860873437274,0.03607430262179607,0.4254911260174446
P02,S02,8,raise_arms,2.603096899925731,0.3446948636173518,0.08409308367933162,-0.7926539864172246,0.0010566710488194321,-0.0009200209982807002,0.025125546076560472,-0.563832312442588,0.06764849512157149,1.2315044317502972
P02,S02,8,raise_arms,2.6877483999123797,0.34482161951341883,0.08653881534834888,-0.7938796827617525,6.158011417960577e-05,0.0028772822191624643,0.033997520640981514,-0.5699615275042046,-0.07217722025967949,0.8668163913790666
P02,S02,8,raise_arms,2.737915699952282,0.3448613113277216,0.08672377160021456,-0.7933362571375924,0.00010547351436478237,-0.00028034090995440725,0.005970538012851666,-0.5659197198140462,0.0002893682419292004,0.11658972761368704
P02,S02,8,raise_arms,2.7930245999014005,0.34517370992361274,0.08637067787572632,-0.7913488784444265,0.00046282594695463546,0.0015206213184898872,0.02884281576405642,-0.5589701188626461,0.02761485044805843,0.5200319412246325
P02,S02,8,raise_arms,2.8765435999957845,0.3460070769404003,0.08584030240676799,-0.7896347103778231,0.0004322540342965619,0.004473529945859287,0.0538124816893752,-0.5498658420341782,-0.0055513681119349675,0.14830755681221844
P02,S02,8,raise_arms,2.946844199905172,0.34627798244091534,0.08689280565992252,-0.7909741493560398,0.00034567900340184797,0.001648397846920352,0.02395788056341315,-0.5395705487108645,0.007111183444072094,0.12462509054850002
P02,S02,8,raise_arms,3.0131749999709427,0.34651535664120764,0.08553652918602941,-0.7937832636133395,0.0018356642950759531,0.00454256710816064,0.07386382849258484,-0.5255892877081612,-0.0008278904629871644,0.3215209092047095
P02,S02,8,raise_arms,3.0553459000075236,0.34670544484876586,0.08395823623406726,-0.7968320449539003,0.00023445214235933367,0.0019338970848030391,0.046194340473902674,-0.5206719201742579,-0.006108182896544403,0.1485931021523436
P02,S02,8,raise_arms,3.0952311999863014,0.34730200636535113,0.08103799314720803,-0.7979182048342117,0.0008861269917709261,0.0026373143819384734,0.06975507372594371,-0.5167868717491474,-0.00595182012580332,0.1664879784659178
P02,S02,8,raise_arms,3.17453179997392,0.348990671431738,0.08025574318967765,-0.798234015538241,0.00033394010567379287,0.0041265791398733395,0.05220728479664211,-0.5271585215395317,0.029832531982238043,0.41391631502751497
P02,S02,8,raise_arms,3.26097129995469,0.3500507295888916,0.0798659709471742,-0.7948620816422363,-0.0012616048960124133,0.002136346570546242,0.028702768049282745,-0.5400400172975225,0.05403359718197339,0.6347997849416253
P02,S02,8,raise_arms,3.3314412999898195,0.35033239857968473,0.07881189889378791,-0.7954525915929989,0.00014393624364864716,-0.00025894912864449286,0.004204113685889453,-0.5450272429633417,-0.016533955530876908,0.2569792143214449
P02,S02,8,raise_arms,3.3730339999310672,0.3504560259991066,0.07635938883216174,-0.7986115464983623,0.0002118313841404407,0.0036907643127576345,0.0888819035558785,-0.5376230267090965,0.024081405667632696,0.6262755935958483
P02,S02,8,raise_arms,3.4505318999290466,0.35201727995462045,0.07647747147694595,-0.8015845331623852,-0.0019884454138445547,0.005043202829535755,0.06995095964902931,-0.5508488743613149,0.08719189152225731,1.1529025076461916
P02,S02,8,raise_arms,3.524728399934247,0.35207553970059224,0.0764439084191413,-0.8064603155050553,-0.00024505457943982466,9.548240608225293e-05,0.0035446322864304634,-0.5688621280237282,0.02028985948812098,0.27999904392051067
P02,S02,8,raise_arms,3.5766759999096394,0.35381829194377984,0.07476635392862858,-0.8030555947682559,-0.0024920461441333757,0.0033752880784057534,0.08076555360265839,-0.5662664277714867,0.023730627500785015,0.5330841689887104
P02,S02,8,raise_arms,3.658419599989429,0.3542016672000226,0.07013083654836158,-0.7994338590797898,-0.001811732033578097,0.002898350556631358,0.041813822950518505,-0.5311048887327792,-0.010411735423004031,0.3129787782996475
P02,S02,8,raise_arms,3.6979700999800116,0.3543963039917131,0.06333749118651644,-0.8007473912869225,-0.00018454254670028004,0.0018123768359464276,0.046061313829544925,-0.5358023630023879,-0.056422453347552096,1.434657269417163
P02,S02,8,raise_arms,3.781254999921657,0.35600103273176825,0.06367950906004298,-0.8041867155654185,-0.002082975377797162,0.007324904050392809,0.09143690997754299,-0.5284622228752273,-0.007656918601218073,0.2914696735840039
P02,S02,8,raise_arms,3.849454000010155,0.3582586459935259,0.06515483112832714,-0.8160429287557391,-0.0020235142966899644,0.017724903813069577,0.2615879165082447,-0.5617362211505125,0.012084047464212471,0.3028282095086321
P02,S02,8,raise_arms,3.8910396000137553,0.3587596897075805,0.06665197642151383,-0.816951012575281,0.00018242266854652165,0.0020845694191741412,0.05031876867684252,-0.5753065025918931,-0.0010362506819938215,0.21118491849626617
P02,S02,8,raise_arms,3.9387609999394044,0.36003545686514105,0.0636050541237676,-0.8136730181472098,-0.001525728635265382,0.0001845078736982713,0.032204514213516784,-0.5834848554311952,-0.0035433928322050686,0.1499109697205682
P02,S02,9,raise_arms,0.3741092999698594,0.3596780750676818,0.08006537679671774,-0.7985967272219007,0.0,0.0,0.0,-0.5886966110622218,0.0,0.0
P02,S02,9,raise_arms,0.46980959991924465,0.359816902866852,0.08017881017459673,-0.8043635872422344,1.171992917581021e-05,0.0017337212544739173,0.018116566700515747,-0.5812158616483561,-0.008050245860558055,0.08613059402149288
P02,S02,9,raise_arms,0.5172116999747232,0.3596859361751074,0.078375798335049,-0.8050443186371882,0.00021451551173293557,0.00037318573381426873,0.009080754998002668,-0.5835420706237405,-0.0007330486413154471,0.0651345681862122
P02,S02,9,raise_arms,0.5681593999033794,0.3605731385965038,0.0751243497004031,-0.8055868649689296,0.0006067943681575913,0.0024957791651415416,0.05041414205719481,-0.5865710452636393,-0.006581296287651013,0.160961927647759
P02,S02,9,raise_arms,0.6570458000060171,0.3607636393257459,0.07195561680664635,-0.8060683575335692,0.00021428773813837233,0.000489706134034029,0.006013725707300849,-0.5883979993262847,0.01999483628739788,0.24011461248735883
P02,S02,9,raise_arms,0.7014892000006512,0.36210922979458526,0.06826804716580559,-0.8065757981801233,0.0007371380746544685,0.0030425412096049117,0.07043934028454182,-0.5897343658508468,0.004464328293719022,0.14309470393232027
P02,S02,9,raise_arms,0.7622162000043318,0.36237780471805675,0.06945739850985799,-0.8099386531749179,0.0004297093598126454,0.003984084253926086,0.06598696989781652,-0.58799649259488,0.04088765923776208,0.7427975050311524
P02,S02,9,raise_arms,0.8606673999456689,0.3625177008646622,0.0658524765983183,-0.8170120257236119,-9.515725185688436e-05,0.007368171932766285,0.0748470955369808,-0.5883716380892993,0.027591905247257503,0.29087580936176727
P02,S02,9,raise_arms,0.9180356999859214,0.3614730430676712,0.058584687397206826,-0.8154642208820954,-0.0013785529544734852,-0.00011089104534953127,0.02410749158779286,-0.5719271439637041,0.013537906932186322,0.4011421371282016
P02,S02,9,raise_arms,0.9742550998926163,0.3605361686112383,0.05472736301853519,-0.805943492803908,0.0012797594121654416,-0.0007313029013969553,0.02621817701327621,-0.5649608130624423,0.17363191518433257,3.1277254945790296
P02,S02,9,raise_arms,1.054563399986364,0.3592962329166466,0.057492293586295075,-0.8075989824202471,0.002232170071099319,0.00044907170914985375,0.028351920174974017,-0.5571419278300145,-0.003094029394248513,0.4444825750491885
P02,S02,9,raise_arms,1.1336329999612644,0.35870854926744405,0.057898999021264684,-0.8007007741184814,-0.0006626226854321486,-0.008636402501494809,0.10954633467843465,-0.5519016944956444,0.0764534638691873,0.9826940555442959
P02,S02,9,raise_arms,1.2192048999713734,0.35512093161495073,0.06341058545178087,-0.7971726873664106,-0.004587113559153693,-0.009923898912303306,0.12776117353111013,-0.5572731326936653,0.006190525413474863,0.11714197588674968
P02,S02,9,raise_arms,1.272501299972646,0.353946881493835,0.06232663977204062,-0.7963877150774661,0.0008869205501850323,-0.0012952483812119762,0.02945429276435327,-0.553465622780608,-0.02923331621725355,0.5625428553196834
P02,S02,9,raise_arms,1.3427360999630764,0.3538465131097414,0.06228447763285366,-0.7932648690153438,-4.2743613548240975e-05,0.0015286632234494063,0.02177354663545127,-0.5323532238923433,-0.03250963112175726,0.4634593454033577
P02,S02,9,raise_arms,1.4260928999865428,0.35316266286375203,0.06342861223732851,-0.7888511290298762,-0.000479402301793762,-0.006004047592030342,0.07225753009066763,-0.5347610602021592,-0.005149484682254859,0.4770999949186492
P02,S02,9,raise_arms,1.4905670000007376,0.3522475717340738,0.06800230390095093,-0.7817813484467439,-0.0009067244593244562,-0.009080443157735988,0.14153902410205035,-0.5363851602123829,-0.05035232824847273,0.7875297594240448
P02,S02,9,raise_arms,1.5304240999976173,0.3519795736351241,0.06844127968256476,-0.7829683614942077,-0.00038262645039057375,0.0005571325610909439,0.016957319562390903,-0.5314397266944347,-0.0684809864060519,1.7334246321781135
P02,S02,9,raise_arms,1.5966466999379918,0.35178604535206154,0.07200426741737484,-0.7844719547731301,-0.001650036551518771,-0.0020277057483494266,0.03947643911849604,-0.5285843722641499,-0.033976725819550475,0.5559707356574095
P02,S02,9,raise_arms,1.6604454999323934,0.35231795629879664,0.07358146584953694,-0.7890370494595182,-0.001531615805171064,0.004376226420375279,0.07267390309493317,-0.5279083727621071,0.007798858704221022,0.1453710362705517
P02,S02,9,raise_arms,1.7146189999766648,0.35211424032094635,0.0752495134729092,-0.7889489005381745,-0.00018425740401432203,-0.0013531958545617735,0.025209427289655063,-0.525251716912497,-0.01000096880720216,0.24201001189223442
P02,S02,9,raise_arms,1.7710158999543637,0.35193800072510734,0.07949751570590906,-0.8013242546872479,0.00016190931439023863,0.0005035108699604387,0.009378218833303887,-0.5246734101112369,0.004808293288801497,0.12336341221840844
P02,S02,9,raise_arms,1.8540078999940306,0.35197169556568214,0.07950290250374704,-0.8026927327540102,5.914373925536432e-05,0.002037474298785729,0.024560590518977923,-0.5242576082239958,-0.04046028850742863,0.5007047906739508
P02,S02,9,raise_arms,1.9420159999281168,0.35227424668919777,0.08061423832638234,-0.7951974564333786,-0.0005997701124998098,0.0008487049536071786,0.01180848319554121,-0.5236400809715366,-0.07696579751995064,0.8966595360681248
P02,S02,9,raise_arms,2.0127149999607354,0.352141607377606,0.08093078476081308,-0.7977333703770498,-0.00017751486873052248,-8.01461648094421e-05,0.0027549036136221942,-0.5269386717895882,0.09657693444400763,1.3719265943737649
P02,S02,9,raise_arms,2.062013699905947,0.35206757410243555,0.08139898450855929,-0.7965758472901285,-0.00041529014424796965,-0.001864657826639681,0.03875039579508332,-0.5255455586790968,-0.0021307186930298013,0.04642843765944858
P02,S02,9,raise_arms,2.14636699995026,0.3517910325452119,0.08541124493748864,-0.7989975029525187,0.0003590263269795556,0.0008565632827018139,0.011010392232022772,-0.5371286239081247,-0.035614955175846015,0.4317964335178954
P02,S02,9,raise_arms,2.225083699915558,0.3523363074155791,0.08684701250938648,-0.7966539293897681,-0.0011111914979155565,-0.0011594048764503716,0.020401210987218966,-0.5424256794751814,0.019678418567135685,0.2506929084050888
P02,S02,9,raise_arms,2.2751857999246567,0.35208559956579577,0.08772787926330129,-0.7948948127556072,0.001305227512244173,-0.002336035595519759,0.05340983530993961,-0.5461177590876071,-0.0002641977221854217,0.06178708859366067
P02,S02,9,raise_arms,2.3175701999571174,0.3521055588690384,0.08688073531004846,-0.7957254423024646,0.0005444064507625471,-7.812300280687669e-05,0.012976077528865758,-0.5531393152077709,-0.030782150851537182,0.7278789737979704
P02,S02,9,raise_arms,2.3869185999501497,0.3523665008464445,0.08692482504727775,-0.7905907192850313,0.0007013176810086743,-0.0054286995505574975,0.07893206886657014,-0.5533301399738105,0.0019499681787471797,0.06427500171398441
P02,S02,9,raise_arms,2.4624790999805555,0.3538462663614396,0.08078759153863024,-0.7896018497731492,0.00044554457802267934,0.003054633413180819,0.04085409256003971,-0.5535830574940851,-0.047744906380275245,0.6361867526614209
P02,S02,9,raise_arms,2.502594399964437,0.35345047262253265,0.08031278796819064,-0.7868977986056129,0.00042597575718459615,-0.0011607249155588183,0.030821689439609366,-0.5518057100655771,0.0008194892188032102,0.15574318095605824
P02,S02,9,raise_arms,2.5687172999605536,0.3547983118964463,0.07915792361140718,-0.7848464663444104,0.0020537912924259404,0.009554428103649454,0.1477956032737346,-0.5322503216981262,0.022204754832323887,0.5111012840347531
P02,S02,9,raise_arms,2.651879399898462,0.3537032037037749,0.07642714022444913,-0.7852187821133207,0.003244985990902593,0.00014357562164227247,0.03905818538656433,-0.5348254284861348,0.048396186667685186,0.6187960033228276
P02,S02,9,raise_arms,2.723534099990502,0.3532922304915648,0.07459441552576916,-0.7877452568467967,0.0026069380857537032,-5.904920592892804e-06,0.03638204849022049,-0.5513476892368083,0.03505262755414997,0.5034823089428054
P02,S02,9,raise_arms,2.779301199945621,0.3531563430813039,0.07220310987966955,-0.7925096459656941,0.00020295426302425568,0.004610985834363963,0.08276295935558371,-0.5526031811733131,0.04360115157064458,0.8590961561190044
P02,S02,9,raise_arms,2.862729199929163,0.3545374766671276,0.07474321654774516,-0.8012471166347693,-0.003498565707174745,0.011844183211733203,0.14803287336672577,-0.5516687719764057,0.01169432548937828,0.33108822410798316
P02,S02,9,raise_arms,2.9058321999618784,0.35451421467035343,0.06606577893097196,-0.7974518575540066,-0.0003489548094604754,0.00576174745497748,0.13391886499901653,-0.5525831530301727,-0.0030563903508220164,0.18627763991399104
P02,S02,9,raise_arms,2.9999784999527037,0.3556787936433371,0.06536817378496337,-0.8109833664332047,4.893335387283948e-05,0.016951217617463463,0.1800526228574039,-0.5417961373023598,-0.045493018632082265,0.5901624146221933
P02,S02,9,raise_arms,3.0555900000035763,0.3559372977586218,0.06202759051344667,-0.8141678001313121,-0.0003474340495544378,0.002255076818086438,0.041028995757408995,-0.5724040277007528,0.026549662293225595,0.561633259962754
P02,S02,9,raise_arms,3.1276434999890625,0.35601274923712917,0.06391573967456086,-0.8164933649943534,2.172310591735509e-05,0.0024277140451222155,0.03369456351859064,-0.5886413050087436,0.017729695470960673,0.34309226646884594
P02,S02,9,raise_arms,3.1852073000045493,0.35740628786235307,0.06874334232972369,-0.809673077795281,-0.0019278611401176014,-0.0034325434183798036,0.0683915464476377,-0.5913342496201035,-0.005709143233243659,0.20246044596090038
P02,S02,9,raise_arms,3.260042899986729,0.3575527753325004,0.0699123049160083,-0.8127864991060308,0.00023617459102927258,0.0029316155693247135,0.039300993692273245,-0.5755555043040825,-0.052268277568300235,0.7029092729528973
P02,S02,9,raise_arms,3.3294346999609843,0.35779220770015563,0.06829020225876446,-0.8155084199286156,0.0003175624053788999,0.0019779244270497986,0.028868758008328926,-0.5694420752195084,-0.005508419601755476,0.08952147661543038
P02,S02,9,raise_arms,3.37743049999699,0.3583811504024743,0.06839705833093011,-0.8160335819263117,-0.0002395371228128176,0.001786403913301492,0.03755311950942893,-0.5644678181118059,-0.03791235623622991,0.7910116609298221
P02,S02,9,raise_arms,3.452579699922353,0.3586858217238694,0.06579984752212048,-0.8188128292986422,-0.0003181006450517824,-0.0004017282535785211,0.006818693610563853,-0.5716407095665196,-0.01783940334448067,0.24596325212840525
P02,S02,9,raise_arms,3.505358299938962,0.3591718640322681,0.06536591914856507,-0.8184829273485933,-0.0006385349045990557,-0.00019648504373862176,0.01265819345198571,-0.5803191972900705,-0.0005092307602927445,0.20209587599225778
P02,S02,9,raise_arms,3.5824680998921394,0.3593514490868853,0.06554701412942363,-0.819242924938306,-0.00012004643856537974,0.0002804815580159684,0.0039565901421516865,-0.5856629383979652,-0.00275753060266594,0.10014275817321376
P02,S02,9,raise_arms,3.6608870999189094,0.3599854336110751,0.06662731909326818,-0.8264229469984276,-0.000557615735805556,-7.649572264632674e-05,0.007177320006253452,-0.5856988610499921,0.003354617744273904,0.08047520244129933
P02,S02,9,raise_arms,3.714139199932106,0.360432192796812,0.06602402533536283,-0.8253267345375918,-0.00022692887990485082,-0.0002454089690499535,0.006276725750294843,-0.5872347308432911,0.0007373991976307397,0.04142460417408036
P02,S02,9,raise_arms,3.7580652999458835,0.3610116481188078,0.06662321227601341,-0.8283199906048917,-0.0007063170168548277,-0.0009164124829482751,0.026340151381003377,-0.5880540171832136,9.123607666602073e-05,0.024902643198644298
P02,S02,9,raise_arms,3.850771199911833,0.36110011305793055,0.06495571354230079,-0.8242751971200004,-0.00013184490475832506,-0.004288281318521322,0.04627869049555856,-0.5883938543348225,0.0009407437842570851,0.01139553620118906
P02,S02,9,raise_arms,3.9051788999931887,0.3612059666976851,0.07107344563862623,-0.8187097376051925,4.0263823596711694e-05,-5.3217553729260336e-05,0.0012265346021278162,-0.589373082001274,-0.040565844504206285,0.7500099393292844
P02,S02,9,raise_arms,3.98328359995503,0.3613364075015747,0.07878756992494264,-0.8158722960722982,-9.938605059335558e-06,-0.002645978331191237,0.03387756431689096,-0.5923254514716876,0.012227797214589728,0.15753256454626466
P02,S02,10,raise_arms,0.37679580005351454,0.3622823527486291,0.06257389981673322,-0.783272880131657,0.0,0.0,0.0,-0.5899641877271096,0.0,0.0
P02,S02,10,raise_arms,0.46382229996379465,0.36112100964335125,0.06896434699450682,-0.7856961887840916,0.0017512281594789178,-0.0001808171959198072,0.020229909860167723,-0.5955422316783607,0.02464538255930963,0.2854514835340109
P02,S02,10,raise_arms,0.5365032000700012,0.36092118189473316,0.06821441241207638,-0.7787737836878604,-8.236650568875876e-05,0.0020795994443823453,0.028635170223388958,-0.6043539098664349,-0.006185706314110878,0.17570364671613836
P02,S02,10,raise_arms,0.5990780000574887,0.3603269661577325,0.06410584551380413,-0.7821516763762966,0.0008605882811119581,0.0025385079792300067,0.042835405569417374,-0.5948393229962369,0.008904583565449785,0.1578035560319177
P02,S02,10,raise_arms,0.6593843000009656,0.3607548722375495,0.05678093913842957,-0.7859334224925872,0.0003183002004867671,0.004878592873019992,0.08106890129042012,-0.5870260527923872,0.028500652382224035,0.5228729691172412
P02,S02,10,raise_arms,0.706267400062643,0.36084217890531994,0.05701964029041307,-0.7860452166918257,-0.00033189200020426984,0.0008028672723617537,0.018530396393563922,-0.5852025190533435,0.008418653567525441,0.17957767392222032
P02,S02,10,raise_arms,0.7604234999744222,0.3601397889841496,0.049547072704916865,-0.7957858620924972,0.000341476524101138,0.005438136740053407,0.10061373246436284,-0.5682060818896809,0.07021434623901174,1.2966385297933523
P02,S02,10,raise_arms,0.8570485999807715,0.358907358147376,0.050695750209271376,-0.799467734741385,-0.0007388981021058111,0.0008830905563741417,0.011916596050959733,-0.5917004142754935,0.09665404987329881,1.0714694841082597
P02,S02,10,raise_arms,0.9088941999943927,0.35792580048492956,0.0510401878866749,-0.813485553257357,-0.0011779353548906223,-4.179851192161536e-05,0.022734363611930188,-0.599278069194624,0.0016437115771981725,0.039978699870301636
P02,S02,10,raise_arms,0.9712434000102803,0.3577711147477144,0.05006382218064414,-0.8108024870255124,0.00023240691054755172,-0.003770323148818382,0.06058584980766069,-0.6285428967669792,0.08850809964087417,1.4255817093088154
P02,S02,10,raise_arms,1.0528764000628144,0.35637950050943557,0.048918467554994856,-0.8032777438529175,0.0005559406165342914,-0.007991897238409922,0.09813690976975314,-0.6021171837635024,-0.030890925380346927,0.5444420353721907
P02,S02,10,raise_arms,1.094814500072971,0.35554733532042904,0.04953718718602158,-0.8055092079427054,-0.0017870211615335458,-0.0008900110552856863,0.04760320126859224,-0.5548873161090846,0.04351503248742972,1.1402693068625191
P02,S02,10,raise_arms,1.1338160000741482,0.35441993748847195,0.049666762131508856,-0.8070545500348587,2.8505696832468195e-05,-0.001604055081935585,0.041134529429989436,-0.541248381511921,-0.007060208964770864,0.3589368944059523
P02,S02,10,raise_arms,1.2166044999612495,0.35027051223781697,0.05985674579080255,-0.8105336665710459,-0.0058271295528876796,-0.016636677367453483,0.21292404340950855,-0.5504107064714772,0.014877827522076793,0.23415601313202183
P02,S02,10,raise_arms,1.2982683000154793,0.34899729466114515,0.05887204085642909,-0.8112227711471246,0.0011060675444530877,-0.002221955414527647,0.03039326687222096,-0.5389849292135948,-0.06833155143140457,0.8390447888657949
P02,S02,10,raise_arms,1.3595817000605166,0.34895344321706323,0.06016994928877301,-0.8100084541346725,3.9755965562553884e-05,-5.534235377988167e-05,0.0011113697616268491,-0.4933179580846605,-0.05379152496246836,0.8810801504879823
P02,S02,10,raise_arms,1.4495371000375599,0.34977562935120154,0.0646392485895573,-0.8112930336007257,0.0003975623931230549,0.0033429833892376893,0.03742454962568146,-0.4973601693052433,-0.1315589869867247,1.5225712392138722
P02,S02,10,raise_arms,1.5014514999929816,0.35046650016498776,0.0678249619541927,-0.810105315408572,-0.0010084862381725063,0.00042288478118233263,0.021064698236314367,-0.5119500368097213,0.020597014975041374,0.4618667121547635
P02,S02,10,raise_arms,1.5627637000288814,0.34991700326339154,0.07070570408497834,-0.8075088124648476,-0.001191098102421144,-0.005473685580722352,0.09136486428430608,-0.5069153623346996,0.040572381265535896,0.6809842732724964
P02,S02,10,raise_arms,1.658590400009416,0.350146548453959,0.06901201552631754,-0.8116707402278296,0.00044195368962334896,0.002477408963671992,0.026261167908821582,-0.5055076968921798,0.011886381023301472,0.14900108780403748
P02,S02,10,raise_arms,1.7509590999688953,0.35039247078717517,0.06924204674656052,-0.8120074922909674,-0.000429012968759936,0.0019616881664312378,0.021739527998885653,-0.5010014860428719,-0.04283172575979466,0.47369369902920294
P02,S02,10,raise_arms,1.8207716000033543,0.34782001128988604,0.0692935675797162,-0.8114815166658176,0.00017937772380393903,-0.011946033737983752,0.17113526080159455,-0.5275648957087925,0.08467368435536045,1.2634686674378952
P02,S02,10,raise_arms,1.8836000000592321,0.3476406608185493,0.06828798619802688,-0.8160400269942352,-7.072508696755052e-05,-0.002401481043905446,0.03823943096751737,-0.5406018692093462,0.06478377902484829,1.0313750549603213
P02,S02,10,raise_arms,1.9672148000681773,0.34782420660991037,0.06695665107998981,-0.8133095251142075,0.0008812836516074332,-0.0033990104962585074,0.04199496339169212,-0.5296115189423926,-0.05144311242598583,0.6346296820322638
P02,S02,10,raise_arms,2.0307601999957114,0.34795033556513727,0.06813847557683424,-0.812836553271896,-0.0012583428570278263,-0.00018303636017210392,0.020010657800360123,-0.5336895949193416,-0.005085569693693914,0.13953936697339442
P02,S02,10,raise_arms,2.1045726999873295,0.34617275938010167,0.06611277039497133,-0.8123462734449115,0.002316705961754481,-0.004682828096754858,0.07078147907450583,-0.5409911660117412,-0.01186695899534465,0.19286857778133976
P02,S02,10,raise_arms,2.185747600044124,0.3458313792012707,0.06572763400599915,-0.8138528241444715,0.00043212893508464204,-0.0012373132415884516,0.016145418266445777,-0.5511487505779243,-0.01599569811588519,0.2114256008487644
P02,S02,10,raise_arms,2.2356380000710487,0.3458136256563596,0.06775546981605605,-0.8112637800570232,4.248688844821285e-05,-0.002172950112237807,0.04356279838540936,-0.5536173048580969,-0.003910841000234763,0.09573033460736267
P02,S02,10,raise_arms,2.307126500061713,0.34568331501669347,0.06907148740067931,-0.8141558096276578,0.00012531028750526553,-0.0002107040541196209,0.003429232698958731,-0.5529327058337176,0.017118857587662344,0.24251388135880603
P02,S02,10,raise_arms,2.395177699974738,0.34532807014824424,0.06951730657882409,-0.8112179148785554,-0.00042102175391058575,-0.003294817776119369,0.037723603695379505,-0.5557174276288073,-0.0017256913344901735,0.10975699859324754
P02,S02,10,raise_arms,2.4834563999902457,0.3447663632823623,0.06808748928502945,-0.815133191127035,0.0007554173581973481,-0.0003374698897359477,0.009372250808892181,-0.5576178230104725,-0.0008862142584595309,0.05478391037544935
P02,S02,10,raise_arms,2.5553153000073507,0.3447621371394139,0.07164602108608913,-0.814528658848068,0.0001923792125902607,-0.0017310239191732062,0.02423751612874425,-0.561245908508391,0.01067799170846264,0.14984438894460958
P02,S02,10,raise_arms,2.5980505000334233,0.3451040595707722,0.07189304707173476,-0.814466386641825,-0.000766897741779978,0.00031019612504630154,0.019357737436033202,-0.5677277618106759,0.02765228612222636,0.6491927291096411
P02,S02,10,raise_arms,2.63798790005967,0.34470372047000225,0.0718639324248723,-0.8141723307299522,0.00048040271837344444,-0.0022098611502969928,0.05662551545007217,-0.5652661981871471,0.0004940926758845607,0.036309100328940774
P02,S02,10,raise_arms,2.698524900013581,0.34487235780099,0.07133825438576201,-0.8212390442860564,0.0001830712683988594,0.0022633951672895564,0.03751072599714686,-0.554638179311433,0.03714643035036052,0.6465722126682545
P02,S02,10,raise_arms,2.7399227999849245,0.3448434394560435,0.07679306225531578,-0.8218477958466291,4.645223440716815e-05,0.000377321777528737,0.009183325757381063,-0.5488221987398425,0.0032906384799072283,0.13954591455119753
P02,S02,10,raise_arms,2.8070126000093296,0.3455552521147295,0.07719727741229217,-0.822373768132339,0.0011983706427345457,0.0027753556878875626,0.04505941079173867,-0.5432290558679073,-0.06476798265564923,0.9818004578214367
P02,S02,10,raise_arms,2.8572820000117645,0.3486772043073047,0.073740569498485,-0.8203863576819849,-0.002136855956309982,0.006569333091179333,0.13742221332246268,-0.5177198707506606,-0.16845372151821322,3.3608332713216793
P02,S02,10,raise_arms,2.9408927999902517,0.34962054341903753,0.07305802683122314,-0.8206477213003159,0.00026280080404526244,0.0024941782440364513,0.029995946974969052,-0.5198796894934165,0.0029929157918762894,0.1440996074810026
P02,S02,10,raise_arms,3.0097440000390634,0.35028138115073154,0.07293534064331615,-0.8155016704895344,0.0008150768605975757,0.0008344753495554303,0.016942191332737017,-0.515819376932658,0.026116351715617166,0.5955752368758496
P02,S02,10,raise_arms,3.0671602999791503,0.3502956512023396,0.07217135010014387,-0.8142712369112568,0.0005052760205643693,3.335042937552328e-05,0.008819367707686702,-0.5436563304453365,0.06925715843618711,1.26778279490159
P02,S02,10,raise_arms,3.1523702000267804,0.35049944783460424,0.06886115902600631,-0.8196686360439396,0.0005374629859660041,0.005706239675396066,0.06726325506205301,-0.5298241363933381,0.10919388219035521,1.3507342940475071
P02,S02,10,raise_arms,3.228724000044167,0.34924105297193014,0.06473349721084168,-0.8264833906844969,0.0043288502231280295,0.004527765021072191,0.08204112962890948,-0.5346622140312104,0.04029474529720345,0.5295044150434036
P02,S02,10,raise_arms,3.3157934000482783,0.35027890473237944,0.06488725570902604,-0.824565828616269,0.0002416745501900139,0.0031116076921489837,0.03584472679959328,-0.5307226888255395,-0.00669909599829444,0.13148678955733284
P02,S02,10,raise_arms,3.389336399966851,0.35153168226220227,0.06381038958377634,-0.8360335047893066,0.0008807212599791949,0.01427372911742765,0.19445595861547701,-0.5346918814696727,-0.0004031117095240101,0.3454178014998042
P02,S02,10,raise_arms,3.454900600016117,0.3527082559831603,0.06430268782469542,-0.8376924940218714,-0.0014346943242690422,0.0044844389924279795,0.0718127880091674,-0.6132603462597763,-0.028675875860287615,0.7770352430594758
P02,S02,10,raise_arms,3.548108399962075,0.35427359517351475,0.07213494512932427,-0.8333286464121546,-0.00042372420612746736,0.0012397949870769534,0.014056803510826004,-0.5867558364831351,-0.09115075984284401,0.9792688138257943
P02,S02,10,raise_arms,3.590208400040865,0.35452954528777925,0.0711722704827416,-0.8470539861369596,0.0004649027031903916,0.005612793326466404,0.13377705807780918,-0.577444744830164,-0.0013411687928167192,0.048609344218155735
P02,S02,10,raise_arms,3.6479376000352204,0.35550873461836635,0.0692614104433046,-0.8528154654546919,0.0015932743253371374,0.0044468499348539305,0.08182451098386685,-0.580962790743,0.002422701317639658,0.10816850828485376
P02,S02,10,raise_arms,3.7184156000148505,0.35731320357677343,0.0648190738516829,-0.8525400387887012,0.0025163390444998927,0.0023487332402962256,0.04884029729834635,-0.5857599296280499,-0.016663392077797885,0.23742257348439014
P02,S02,10,raise_arms,3.7629252000479028,0.3587711363992294,0.06233543389945344,-0.8501759006053087,0.002116733209658733,0.0005248222438828928,0.048996734220606075,-0.5862817359306092,-0.027917127341962507,0.6272415470275381
P02,S02,10,raise_arms,3.8175476000178605,0.36005266774635764,0.061129651918947855,-0.8397694204404139,0.0013330449821634142,0.00036212802216485174,0.025289193554963944,-0.5880131776095873,-0.004489530246313726,0.12139616255709228
P02,S02,10,raise_arms,3.857866800040938,0.36114166177655455,0.06241632560103778,-0.8297557526371542,-0.0011790405986935068,-0.007570203976983296,0.19002039112664687,-0.5830482507703865,-0.03526205685426754,0.8926520269919157
P02,S02,10,raise_arms,3.9113664999604225,0.3612481536622724,0.06306253146970688,-0.828308821224598,0.00010180277865391562,0.001027102588526134,0.019292359122962226,-0.5838339139874974,0.008578526101222225,0.1658107218516465
P02,S02,10,raise_arms,3.9781483999686316,0.36155693761787266,0.06291796183691427,-0.8318779288300119,0.0003841544969457893,0.0007512464510597412,0.012634693995627548,-0.5785831068034826,-0.02918665750159303,0.4380401935262854
P02,S02,11,lean_left,0.41218980005942285,0.36394640266634215,0.05228621234219731,-0.8208390792037958,0.0,0.0,0.0,-0.5965983006252316,0.0,0.0
P02,S02,11,lean_left,0.49491350003518164,0.3641000231001301,0.05428295005882482,-0.8226389940577703,0.0009406434143103797,-0.002020517114710383,0.026942024072802735,-0.5887736665554129,-0.05494800832067778,0.6911982639553956
P02,S02,11,lean_left,0.5580165000865236,0.3640394579203794,0.06137847537102199,-0.813336175268952,0.0006609422263497677,-0.0008757985926165621,0.01738759006051376,-0.5940918696743018,0.018841039376808928,0.2986378602551433
P02,S02,11,lean_left,0.6382180000655353,0.36351795381488805,0.07171638204566089,-0.8161945470810409,0.005458761563322362,0.0015662867906294866,0.07080946905386287,-0.601831973533488,0.015262935701470956,0.20021684502556011
P02,S02,11,lean_left,0.6956732000689954,0.36278447806431535,0.09930007467193178,-0.8209957899552524,0.013089924033913708,0.0028769343658480518,0.23326601268131344,-0.6119622593377134,0.0442914246338394,0.8321126159402416
P02,S02,11,lean_left,0.7584122000262141,0.36120752052308347,0.11560510851513003,-0.8169382454303312,0.02711340191105626,-0.006187565978433143,0.4432725308063946,-0.6144314039221528,0.007878616919540825,0.5098595803527582
P02,S02,11,lean_left,0.8121933999937028,0.36174112853470275,0.12724383728877278,-0.8082157169292151,0.007494057041102707,-0.003977667491194,0.1577551942053432,-0.5890807132161209,-0.0411686140894261,0.8007790030367757
P02,S02,11,lean_left,0.8710709000006318,0.358959533814333,0.13032962055169114,-0.8110417503341221,0.026543744894154987,-0.0017152796416552514,0.451770346515271,-0.595280692346112,-0.00013944399730720617,0.4047293690273179
P02,S02,11,lean_left,0.9122367000672966,0.36024282879904185,0.14860846440360112,-0.8037549769360031,0.0071541888676451846,-0.003461688278842539,0.19306524936397362,-0.5906241443304046,-0.019408105532656237,0.5082944496596132
P02,S02,11,lean_left,0.9655177000677213,0.35685253139319933,0.1777858146660343,-0.8016868070872218,0.030213711663591415,-0.005692424510306871,0.5770401679135906,-0.5844718602083084,0.0014544276810120663,0.4349282763574745
P02,S02,11,lean_left,1.058740200009197,0.35618792274237393,0.198972221223476,-0.7939036415486256,0.04561277940982279,-0.0026192126135034387,0.49009540383624894,-0.5792403864276645,-0.036504732466750324,0.5046839574308448
P02,S02,11,lean_left,1.1360787000739947,0.3596934207380655,0.2142433856620009,-0.7873122190448261,0.007865032248875341,0.003916463009118609,0.11360714172401748,-0.5795045860872278,-2.690306562670992e-05,0.09228150806836227
P02,S02,11,lean_left,1.1907123000128195,0.35729881659174517,0.2214188933599753,-0.7867958445722365,0.03204010498042024,-0.0033868662429270588,0.5897216295350578,-0.5919466550510679,-0.020539725405565222,0.4773124684040948
P02,S02,11,lean_left,1.2683049000333995,0.35830666268663247,0.2503494087174247,-0.7822595689310048,0.039722687856899176,-0.009412384863488572,0.5261146428201149,-0.5850134127199007,-0.02779437956775221,0.3787741934791438
P02,S02,11,lean_left,1.333817300037481,0.3618270397070704,0.2578366343377083,-0.7319303688144662,0.008338919959154421,0.006339150716267969,0.15989105748162685,-0.587900247557185,-0.015293899847373182,0.2507435682640466
P02,S02,11,lean_left,1.4043676999863237,0.363552136419171,0.2725881208726786,-0.7252949929783721,0.02800811619176329,-0.004059256574667392,0.40114222559686324,-0.5865208575344648,0.0015680957253469067,0.198601585411044
P02,S02,11,lean_left,1.4757358999922872,0.3616411194031506,0.3091619603391992,-0.7056862196426494,0.021943420618769444,-0.002235744120338352,0.3090595380171314,-0.5895962975449373,0.0093966599640807,0.30097003131377464
P02,S02,11,lean_left,1.5377040000166744,0.3626570000535888,0.30862308032887026,-0.6810528805331653,0.0053069544423258955,-0.002935223505644193,0.09786638884254704,-0.5875323109429166,-0.017592794788550824,0.2873421991604064
P02,S02,11,lean_left,1.5961583000607789,0.3642827754466091,0.30265284419597693,-0.6685445762300537,0.011380558571908481,-0.005506940931872183,0.2162873112855601,-0.5823713057736323,-0.004472684186959819,0.07711700534648834
P02,S02,11,lean_left,1.6710670000175014,0.3626638788979969,0.32690092748398203,-0.665276029030504,0.012479434941777388,-0.0026103254989764306,0.17020070504538812,-0.57254065921108,0.006311426585944739,0.15776076529176142
P02,S02,11,lean_left,1.7318533000070602,0.36180835065228184,0.32613964051964073,-0.6662678454004021,0.00538328060967973,-0.0017717063497326322,0.09323370783461317,-0.5643069117835335,0.0053293294499566,0.14604126545164436
P02,S02,11,lean_left,1.8086595000931993,0.36211920321665947,0.33473689587625366,-0.6685991099363461,0.007150655526729534,0.0019021942808558356,0.09633778243718805,-0.5615176821059842,0.005039182291908177,0.10599233207304389
P02,S02,11,lean_left,1.8701854000100866,0.36419699752890544,0.3291744379239975,-0.6644648668923185,0.0035913649311382968,-0.000597524305668334,0.05917399153135846,-0.5656477178215564,-0.008138525018107468,0.13366208060874593
P02,S02,11,lean_left,1.9333083000965416,0.36414515036397876,0.3392885933158223,-0.6638259249874583,0.002385608855179369,-0.0005855786256409615,0.03891498421001095,-0.5650065555028999,0.0007869032161668467,0.036577458485295644
P02,S02,11,lean_left,1.995617700042203,0.36328749740383137,0.33830261905375886,-0.6723784621527242,0.004444250977232684,-0.0008139521586728692,0.07251189610484743,-0.5665777090796164,-0.002234813027259974,0.06848099466580337
P02,S02,11,lean_left,2.067381800035946,0.36418794816205485,0.3355487169218384,-0.6700367241064688,0.0010637784469091074,-0.0002631725439639747,0.015270151782136051,-0.5985779882785078,-0.055014265836394544,0.7701586258403599
P02,S02,11,lean_left,2.119691700092517,0.36466834613467647,0.33403870466515606,-0.6666034270330223,0.00035991450639079634,-0.00047784289710876165,0.01143615791435905,-0.5964120179382442,0.003766451913584983,0.0721257976814507
P02,S02,11,lean_left,2.181885200086981,0.36490362431453677,0.33331765647607825,-0.6639964982838855,-5.3454168999793984e-05,2.3276452505639857e-05,0.0009374316651481807,-0.5850126111074042,0.01007881232059137,0.17376252996749922
P02,S02,11,lean_left,2.259394000051543,0.36552877584898474,0.32695979504460926,-0.652439864320001,-0.0010970957050300914,4.419038883221681e-05,0.014165944081976127,-0.5867237315088757,0.004084876450215235,0.09281989116487972
P02,S02,11,lean_left,2.3016999000683427,0.3654925659502663,0.3275432766165705,-0.6484811479338416,-0.0008625725849130781,3.9220817066993485e-05,0.020410009036392975,-0.5842406722510406,0.0012233533913685027,0.031153147169320185
P02,S02,11,lean_left,2.3530751999933273,0.3655799360075891,0.3281581264732186,-0.6482036416605916,-0.0009023115681637349,0.00023836644760453186,0.018165648234549372,-0.5806403500908396,0.003889166729883374,0.08856268384165493
P02,S02,11,lean_left,2.431360400049016,0.36670924774472446,0.33021587075571396,-0.6379142044725156,-0.002175181464913412,-0.00017781793555877247,0.027878034930837545,-0.5762191625001875,0.01464825607483768,0.18901271019909932
P02,S02,11,lean_left,2.4946373000275344,0.3645023626473317,0.33132159446019427,-0.655427067328776,-0.00690436433868573,-0.0018819901515527047,0.11309443665657706,-0.5736998605879753,0.005880825884282044,0.16164111084588242
P02,S02,11,lean_left,2.5609688999829814,0.36401166783153316,0.3245276364167839,-0.6763662608740203,-0.0022272428328041394,0.00021843419636529348,0.03373849775957955,-0.5739289109735641,0.010648180472924594,0.18210256207196457
P02,S02,11,lean_left,2.6201424000319093,0.3629335590913465,0.3137270707267859,-0.6924025803293509,-0.01163377875094105,-0.0022052828954362428,0.20010560985864878,-0.5645220492049691,0.009728432193518342,0.16446650007611893
P02,S02,11,lean_left,2.711965100024827,0.36659407467458927,0.2760411156530188,-0.6978809470417849,-0.03283629217616253,-0.000992369965907181,0.3577686599388484,-0.5596851238588891,0.0058611514238552,0.11654965875670656
P02,S02,11,lean_left,2.7841580000240356,0.3649198466056204,0.24156894586441888,-0.7362434413277211,-0.03797372158143286,0.0016781167867917536,0.5265169119010632,-0.5655887522625129,0.003964148926478173,0.08727234121908257
P02,S02,11,lean_left,2.868751800036989,0.3599785112570342,0.19656889426539706,-0.7744858196412234,-0.04524188085743134,-0.0073797438798226655,0.5418814667146884,-0.5705471430457703,0.01319163329865117,0.6650573411645131
P02,S02,11,lean_left,2.933949900092557,0.3601084955448263,0.18466245260196748,-0.7754276238205814,-0.012413148238810078,0.0004245551430758892,0.19050258266397424,-0.5760490799261493,0.002219770245141656,0.1419522333198712
P02,S02,11,lean_left,3.0013611000031233,0.36090617077528,0.16979403254833664,-0.7882097246847185,-0.04070321521656677,0.013922376399859526,0.638149419251199,-0.5690820908076875,-0.019452272643918404,0.46938778588472696
P02,S02,11,lean_left,3.0627986000617966,0.3599259728087789,0.15182959831971218,-0.8040714814928144,-0.04429444875723168,0.008096058346002782,0.7329116851100128,-0.5734723840743583,0.007942445314989529,0.1538206543817969
P02,S02,11,lean_left,3.120718099991791,0.3541923221987259,0.13957827313593818,-0.8159435992576946,-0.006187944389732378,-0.007214472381284621,0.1641018506774992,-0.5719815628746504,0.04207325015974909,0.7859724294558791
P02,S02,11,lean_left,3.178998399991542,0.3584109820767495,0.11959977379805414,-0.8228702915100842,-0.038121440476995776,0.007086232964976273,0.6653099286716093,-0.571968385715075,0.008032935022116,0.19172633849825826
P02,S02,11,lean_left,3.2683001999976113,0.36059578386729385,0.08470285181026047,-0.8397384343898708,-0.03988859385011551,0.014771165684790893,0.4763142221161188,-0.5797569787083372,0.02968458546243561,0.38708993214336307
P02,S02,11,lean_left,3.324534500017762,0.35641117086221547,0.06662541857550183,-0.8551806053426902,-0.001000027226232565,0.00608679141094085,0.10969095311761896,-0.6025810018707618,0.058113146695328535,1.1118159315148872
P02,S02,11,lean_left,3.386721600079909,0.3617860501131372,0.05259756687869916,-0.8463871236310684,-0.02681262148372888,0.0019053463134132095,0.43224775932052023,-0.597708499000789,0.006322740306655631,0.13162427579828842
P02,S02,11,lean_left,3.4592388999881223,0.36286398133851044,0.028758440986199816,-0.8464100965262468,-0.020420395250379336,0.002717709385679878,0.28407633381719916,-0.5963086271787671,-0.00461252529978528,0.13609615510645198
P02,S02,11,lean_left,3.510898100095801,0.3627033680212756,0.019411016430956836,-0.8477448656750438,-0.004421992529841956,0.0015022630288403383,0.09040412379364716,-0.5945383881495561,-0.0022453413190487797,0.19070521486405903
P02,S02,11,lean_left,3.572094800067134,0.3625476078099674,0.03081155480916342,-0.8442352043284531,-0.01316818405386382,-0.0038668881472096483,0.22426386341852597,-0.5770687957786825,-0.07033713094481393,1.1536811549521133
P02,S02,11,lean_left,3.66877700004261,0.3632661484831634,0.02953974147190336,-0.8337029452011978,-0.011245661781347808,-0.002721263838448934,0.11967278802856374,-0.5775599064813334,-0.0024118291064688375,0.09282002212136631
P02,S02,11,lean_left,3.7294364999979734,0.3639773824408803,0.021215782148136113,-0.8346369978955406,-1.3182615557707896e-05,0.0009616758989147778,0.015855162814847452,-0.5768578727957476,0.0009614559412865864,0.042999310520505304
P02,S02,11,lean_left,3.7912737000733614,0.364698917876096,0.012199784797319884,-0.8362828594672467,-0.0056629075019228895,0.0017919853764463449,0.09605341890998048,-0.5776115336166643,0.004174087845435888,0.07298627490458078
P02,S02,11,lean_left,3.858647600049153,0.36505921425918425,0.0130582390234898,-0.8342267286465389,-0.001833729267266593,0.0015506123097881609,0.03564362294741691,-0.5756352164064934,-0.003627937004935153,0.07171918190761421
P02,S02,11,lean_left,3.9173154000891373,0.3655721504257137,0.01336771854790882,-0.8275331591369283,-0.0009048172181492413,-6.391356870249618e-05,0.015461151431319875,-0.5744042032329367,-0.0029706217230726613,0.1341274151721088
P02,S02,11,lean_left,3.977538699982688,0.36504092618198275,0.009652543116834528,-0.8282461890580947,-0.0022843572371202977,-0.00048617241818592853,0.03878099609922693,-0.5776564276813103,0.00029699716939906424,0.10381267074663762
P02,S02,12,lean_left,0.3919141999213025,0.3652598328528659,0.013920063622659733,-0.7995700928552497,0.0,0.0,0.0,-0.5771710314149134,0.0,0.0
P02,S02,12,lean_left,0.47675249993335456,0.36447262728683744,0.023104912402689068,-0.814907301655393,-0.001206900725897856,-0.0015874505889282504,0.023505228287271477,-0.5761835053848737,-0.0013774923348654476,0.02262300633702109
P02,S02,12,lean_left,0.539662400027737,0.3643688666295899,0.022389149193601538,-0.8101665121976869,0.0009650185097967652,-7.721129577896736e-05,0.015388713464450515,-0.5746845032418721,-0.0015860500365768783,0.031668875586281224
P02,S02,12,lean_left,0.5910545999649912,0.3643777686511261,0.02244871758699449,-0.809906993821997,-1.6357925730770684e-07,-0.00028683622768906395,0.005581319240719563,-0.5834492131645229,-0.018458381741001544,0.3667191420333415
P02,S02,12,lean_left,0.6670567999826744,0.364638396061928,0.025365431774483742,-0.8129946500699502,0.0010423175987910216,0.0011703086095105966,0.02062017185581182,-0.5763060322656344,0.02118356290438337,0.28230851513678373
P02,S02,12,lean_left,0.7372476999880746,0.36479965235420153,0.028468270776630784,-0.8180592521753927,-0.000365258526249939,-0.0018235149998713685,0.026495410955519758,-0.5785208094590525,0.0020085609979319683,0.04266649449123185
P02,S02,12,lean_left,0.8199153000023216,0.3650923638371935,0.02792048685989651,-0.816320478625043,0.000630751469763449,0.0003890463963883264,0.008964616593959565,-0.5768839422191906,-0.0020573265634003463,0.042635417402794674
P02,S02,12,lean_left,0.8785413999576122,0.36472416014647313,0.03148075446958148,-0.8169867194523295,0.000566018678599901,-0.000939278866826312,0.0187056823941099,-0.5799239376361855,-0.00893716603040677,0.15525523688429219
P02,S02,12,lean_left,0.9478437999496236,0.364424918709053,0.030885696954639257,-0.8097095507020418,0.0002455415872384258,-0.001871186363897559,0.027231782484537205,-0.589889161795336,0.013186042613524665,0.19664572627046625
P02,S02,12,lean_left,1.0215962999500334,0.36291881456956726,0.034819609302567854,-0.8167967702244289,0.002837807560719237,0.0007277335051173806,0.03972248680908298,-0.5988647864529785,0.05320255072405488,0.7546764990471231
P02,S02,12,lean_left,1.0816766999196261,0.3603262476107696,0.07163309626109753,-0.8278071839494351,0.010764446608684527,-0.005603801449720339,0.20199146993992684,-0.6012429334586076,0.011478264113347144,0.5121903802985774
P02,S02,12,lean_left,1.1573633999796584,0.3605047918640521,0.07764393808483049,-0.8128360889726957,0.005737552817153142,-0.008948762038542321,0.14044923287181196,-0.6022879346216805,0.0037967318241117908,0.1684367873563662
P02,S02,12,lean_left,1.2086951999226585,0.3575247434698604,0.10905898979811895,-0.8183834048134538,0.01917352885788731,-0.006458195611582138,0.39414100592040124,-0.6083090767485912,-0.0013827924772551361,0.3986448869077408
P02,S02,12,lean_left,1.2839611999224871,0.35714291749708504,0.13197375093855634,-0.8134472187581193,0.044674329360650765,-0.007420812783266205,0.6016855924904236,-0.6089684211118137,-0.00525966346377816,0.49087430585066205
P02,S02,12,lean_left,1.347001599962823,0.35641386832871563,0.15779222338559765,-0.8148639631618593,0.01070722163758776,-0.006537441941199166,0.19900298638333735,-0.5872197887691266,-0.06063706914599919,1.0347877664194067
P02,S02,12,lean_left,1.4114777999930084,0.3555442861135008,0.1628844424868718,-0.8213601754998189,0.03798476207934414,-0.002198726710241881,0.5901145675270617,-0.5773440691963139,-0.022167355815910342,0.5137513950263991
P02,S02,12,lean_left,1.4597198999254033,0.35134511237045696,0.1966131132894274,-0.8292716107853049,0.05060035664148743,-0.0029549114706428205,1.0506707281414147,-0.5820013899462028,0.026998836366904328,0.8048010896236297
P02,S02,12,lean_left,1.4979580999352038,0.3556165875129099,0.19835818143208156,-0.822061817634079,0.017691244669897396,0.00433932078845016,0.476373058674334,-0.5832475640394787,-0.004202123530750024,0.1614180481704216
P02,S02,12,lean_left,1.540517900022678,0.3564104231618024,0.20512550155585335,-0.8237759012966663,0.007873553341827544,0.0036053567765803062,0.20347275545336824,-0.5873748271093137,-0.007986378273086863,0.22569484457127942
P02,S02,12,lean_left,1.6006475000176579,0.35555740650325957,0.20367809711550663,-0.813370201294313,0.03450522397366883,-0.009222811504716091,0.593992527120773,-0.588708699163796,0.005079292036224964,0.3313353858532017
P02,S02,12,lean_left,1.6695672000059858,0.3586840412720732,0.21380241649441548,-0.8107296941306918,0.011611624373451273,0.006236083145916751,0.19124043552872522,-0.5909144241183667,-0.0015992864382607256,0.22812546201665734
P02,S02,12,lean_left,1.7389649000251666,0.3541991014587041,0.24694509298611653,-0.817987982663098,0.037279754017701505,-0.006841257413469882,0.5461604697329364,-0.5883872542429103,-0.006409689005175658,0.10376451868496579
P02,S02,12,lean_left,1.798442899947986,0.3554817014065907,0.265553912181908,-0.7935609198436802,0.030555911313648057,-0.002444670759103898,0.5153762752705864,-0.5783891712117434,-0.018361959672083792,0.3532970003921464
P02,S02,12,lean_left,1.8788196999812499,0.35874547578552624,0.2880385301166187,-0.7684543703571042,0.03325619751887366,-0.0028225958962952787,0.4152412818210841,-0.5736267641786563,-0.016599561504888585,0.27284690001019263
P02,S02,12,lean_left,1.9389926999574527,0.36058466283969104,0.28051567038760167,-0.7628499127022561,0.005373324450720266,0.0009570043501282815,0.09070316806835707,-0.5781155973222388,-0.02395164946248059,0.4024240298655581
P02,S02,12,lean_left,1.984755799989216,0.36383822407280825,0.2765606600873817,-0.7504646223505403,0.01341324021881237,-0.0022174923312022208,0.2970800446271631,-0.5748521296610808,-0.009796952285355032,0.246607021527538
P02,S02,12,lean_left,2.0237396999727935,0.36333005476138286,0.2766988506950369,-0.7402054019850505,0.005834062313443727,-0.0006611253742897214,0.15061096291365875,-0.5746670625601731,-0.011513372635213123,0.30531144450142456
P02,S02,12,lean_left,2.078645100002177,0.3624996079559487,0.2899223207502223,-0.7308236166403056,0.006393653286517004,-0.00261972973774723,0.12584450937390015,-0.5780771201312112,-0.009535905577991444,0.266743073421878
P02,S02,12,lean_left,2.1642488000215963,0.3616313298344827,0.3136008982464381,-0.7122001170755892,0.007538856356698383,-0.0009604153082233404,0.08877871352719653,-0.5742836492891261,-0.0006572832959039729,0.07505487773538236
P02,S02,12,lean_left,2.237127700005658,0.3617588198185257,0.3147621481049971,-0.6762486674216928,0.00283051314207431,-0.0009651021278402882,0.04103413779957407,-0.5766622663207742,0.0034593950339709763,0.0543679539284863
P02,S02,12,lean_left,2.293115900014527,0.36251556772880095,0.31146841208678333,-0.6759687864934831,0.0024084586030365665,-0.00014074313069474518,0.04309064056481149,-0.5799758891496187,-0.01417384998859424,0.26083127486082025
P02,S02,12,lean_left,2.358147499966435,0.3616529838493913,0.31749915993830524,-0.6865416148080327,0.002189811917324664,0.0002232374540061533,0.0338475653395869,-0.5652248085617937,0.020346109442315127,0.32265477583463226
P02,S02,12,lean_left,2.3970938000129536,0.36184528943855776,0.3155219575876827,-0.6882709667711325,0.00040979241506792255,0.0016204734733115016,0.04291769937210679,-0.5671784541434017,0.010349764859170458,0.2688464319657687
P02,S02,12,lean_left,2.4696850000182167,0.36175624526276007,0.3157315155754021,-0.6723502053680551,-0.00020752108934588327,0.0004818542483461974,0.007227340562917366,-0.5701027751168989,0.01813138022572628,0.2527466278408825
P02,S02,12,lean_left,2.519490299979225,0.3620789080161256,0.31531977748323103,-0.6721887664752115,-0.0004426573496898839,-4.4693741331648745e-05,0.00893294334386359,-0.5716010708918591,-0.03736762744798681,0.7570473009585246
P02,S02,12,lean_left,2.561052899924107,0.36239629330041084,0.3145096578934117,-0.6724266285095954,-0.00016208879205465335,0.00046439137936713724,0.0118343406789705,-0.5726817768413467,-0.009062866384271456,0.22827653886860644
P02,S02,12,lean_left,2.6221269000088796,0.361925107733329,0.3093104654861495,-0.6750810094149591,-0.001490218605692076,-0.001342946552851613,0.03284630227911359,-0.5762076425860319,0.010290137209653777,0.18078081766413523
P02,S02,12,lean_left,2.664070399943739,0.3607622819946205,0.31180478434892567,-0.6849654842073576,-0.002058252207922598,-0.0034320036916033925,0.0954112317825764,-0.5675850700290072,0.008292480525158352,0.1977678664508475
P02,S02,12,lean_left,2.74092439992819,0.35989399340804007,0.3138883658652977,-0.6983255294967485,-0.0016254502627522946,-0.0020683935331920534,0.03422923960987651,-0.5667319336196492,-0.0056071387888940285,0.08191853019140413
P02,S02,12,lean_left,2.7963822999736294,0.35957037086470983,0.2905996950174278,-0.7032119131701406,-0.007019166154147809,1.9146005982088786e-05,0.12656794181517197,-0.5624160983618652,0.0471217720842649,0.8547596162712245
P02,S02,12,lean_left,2.8692779999691993,0.3609428685627641,0.25927905241330773,-0.7151253752255928,-0.024243568055957527,0.002644156888163027,0.33455109166775143,-0.5701683457004907,0.032745520249783236,0.49361057224361155
P02,S02,12,lean_left,2.9134749999502674,0.36016895261293647,0.24593809827524513,-0.7424632621197867,-0.007763172994587391,-0.00039494377215056086,0.17587647789504807,-0.5748768925519866,0.004943821207124397,0.16461911751366673
P02,S02,12,lean_left,2.997001999989152,0.3604828738173982,0.21873401682382268,-0.7674246826179795,-0.03354549219721191,0.004714612433055551,0.40555960335734786,-0.5739332223292515,-0.003134156135113541,0.05240668758857942
P02,S02,12,lean_left,3.061109700007364,0.363313650646286,0.1875847486780642,-0.7753542866229653,-0.039363057541645353,0.0032838743328919362,0.6161475001895568,-0.5766266451022155,-0.0028930711114729707,0.26671963095924867
P02,S02,12,lean_left,3.1209460999816656,0.3610296980390276,0.19401201802795898,-0.7939569690237845,-0.017515637674201282,0.0012894841630670033,0.29351763852870455,-0.5771487911051797,-0.0014875560585534589,0.22748157247528483
P02,S02,12,lean_left,3.196778399986215,0.3619859875542392,0.16839083337195326,-0.8078060932245862,-0.045297208232930264,0.002940582191905477,0.598591306407175,-0.5610880558241709,-0.008716082714459545,0.6458716271741595
P02,S02,12,lean_left,3.2739754000212997,0.3608488102274786,0.1198237768201474,-0.8148754017636521,-0.05973904923641111,-0.0010868778045154946,0.7739800197814144,-0.5595232903713077,0.014164882482553353,0.2606479941966398
P02,S02,12,lean_left,3.325476699974388,0.355888909418555,0.1135572534851052,-0.8356721913617291,-0.007039353733967846,0.0008884869187130713,0.13776746053994138,-0.5666500475692048,0.013513850082160566,0.29273459565252613
P02,S02,12,lean_left,3.3972341999178752,0.3551526046662482,0.07867453317445154,-0.8530973264434895,-0.04769133795351969,0.0032709728477538728,0.6661795402771752,-0.5736002198929654,0.01130899031456355,0.26103140343677195
P02,S02,12,lean_left,3.459774399991147,0.3592777692999805,0.04637131793764313,-0.8529390858861231,-0.04425176307864331,0.009887633830538499,0.7250209933199084,-0.5796121672355674,0.015423807337686645,0.2938576973071225
P02,S02,12,lean_left,3.5211014000233263,0.3592262840951291,0.0550912699258618,-0.8593389401723589,-0.008865625145828431,0.009103063914788323,0.2071989679991032,-0.5924143036051488,0.05009173515066939,0.8465723026928778
P02,S02,12,lean_left,3.6028261999599636,0.35978016640233534,0.037766585840362125,-0.8654072535296753,-0.0347169394076613,0.008992712842972261,0.43882299066541625,-0.5962152322543094,-0.00077805497870335,0.12947799118165942
P02,S02,12,lean_left,3.6684549999190494,0.36240583147930966,0.01603851466648493,-0.8489355088918017,-0.019726616069678994,0.008647961910937804,0.32819365951180146,-0.5942872808658343,-0.0032406492366653323,0.28480493606127555
P02,S02,12,lean_left,3.7337852999335155,0.36219460362527545,0.016200008721184492,-0.8503198269318331,-0.003936565297773588,0.003586699580493096,0.08151655411487385,-0.5942503336984097,-0.0027758203294059457,0.13021893806589233
P02,S02,12,lean_left,3.8015339999692515,0.3601666044032383,-0.0010742077263884767,-0.8492679499660639,-0.01371501458460179,-0.005090116183083281,0.21593199053617235,-0.5854103343183663,-0.03313496081255972,0.5663178339412841
P02,S02,12,lean_left,3.864119999925606,0.3597182537046832,-0.020338369378370278,-0.837173851418371,-0.000750446866144757,0.0011725628722175697,0.022243749894434423,-0.5779525813904295,-0.010900572997229028,0.1800352552262734
P02,S02,12,lean_left,3.9356721999356523,0.3609773090369872,-0.020479445369022582,-0.8335030652267886,-0.00821539033593638,-0.0008907409086145598,0.11548964036313088,-0.571695223935592,-0.01348581506610584,0.32104257626148924
P02,S02,12,lean_left,3.992791899945587,0.3625162194742412,-0.023405655648564633,-0.8290463319125685,-0.0009240361827769127,0.0021224058835188214,0.04052599227334781,-0.5677839366701017,-0.0011580453962756303,0.08836164282696486
P02,S02,13,lean_left,0.38317139993887395,0.3635590845596258,0.07435098110471752,-0.8187147133039075,0.0,0.0,0.0,-0.5798310369432494,0.0,0.0
P02,S02,13,lean_left,0.4672006999608129,0.36376287267848656,0.08192739229905341,-0.820266479303575,0.006469599205274582,0.00023349446901911635,0.07704230976318902,-0.5870660948390054,0.0015407235696144443,0.10755686612965219
P02,S02,13,lean_left,0.523573899990879,0.3635822093371422,0.0816451046285003,-0.8179504977692548,0.0004611962923600559,-0.0042010543634653135,0.0749699122457641,-0.5860923237901186,-0.05661912793925396,1.0517144429604308
P02,S02,13,lean_left,0.5777135000098497,0.36380033066880685,0.08291583457178879,-0.8135834925251445,0.0006172220833809798,-0.003303729431371894,0.06207824654246721,-0.5923643881755053,-0.0029241559677563684,0.08723292900568426
P02,S02,13,lean_left,0.6551476999884471,0.3633343033294857,0.08046798320166364,-0.8147923892030682,0.003162004292896686,-0.00027109104367173495,0.04098452450599357,-0.5934262987807785,0.03530619972515541,0.45860575152359895
P02,S02,13,lean_left,0.7117155999876559,0.36307852550060354,0.08337674328166496,-0.8127262905046021,0.0005957123309082602,-0.0027356390719270405,0.049493599254343816,-0.5887723677440495,-0.06135211622002331,1.0884363449173784
P02,S02,13,lean_left,0.7842030000174418,0.35989173727877927,0.09598679763369311,-0.8098184087681806,0.007289936319720779,-0.0050306547706318915,0.12219003104574029,-0.5937803852857494,0.007829779460058698,0.10987664451528951
P02,S02,13,lean_left,0.8634483999339864,0.35980500516385094,0.13066865150079032,-0.8018975264644935,0.013506401875796359,-0.005332205718362885,0.18323912496506511,-0.5961791718235783,-0.002148078914347395,0.30410560376748846
P02,S02,13,lean_left,0.922907599946484,0.358954066225544,0.1376120242979808,-0.7978511482048182,0.0027678608938657852,-0.007067375264148099,0.12765138466650025,-0.5800498933811585,-0.005653780076779082,0.3840785023938073
P02,S02,13,lean_left,0.9948287999723107,0.3600381143660936,0.1440328273149487,-0.7956363638205519,0.022244209361514167,0.0008820553566180674,0.30952891036843283,-0.5831252006023488,0.001637198860533914,0.6784627031193391
P02,S02,13,lean_left,1.0652663999935612,0.35892344676839355,0.16378727301263316,-0.7984498731233475,0.03986151041343214,0.0016151488020773636,0.5663767518222957,-0.5887835026569497,0.009528167318496253,0.23545956957322156
P02,S02,13,lean_left,1.1363304000115022,0.3602466127285025,0.18252495387591047,-0.7948110483001438,0.011085947713640576,0.0007051697005799931,0.15631476916718448,-0.5871532330951981,0.001949267980887736,0.03705295632832241
P02,S02,13,lean_left,1.2087573999306187,0.35902270737609177,0.19499389139876114,-0.7923050607930454,0.02889106756292081,-0.002299199210900259,0.40016030276702214,-0.5941299088414128,0.0073809672061048055,0.14479268180253477
P02,S02,13,lean_left,1.281110699987039,0.35830166114329004,0.21469138347476935,-0.7906606808862934,0.039435409641249315,-0.0066875668869902805,0.5528212050292935,-0.5909337235823605,0.00021087345338218738,0.27224739949942905
P02,S02,13,lean_left,1.3438870999962091,0.3576347243273089,0.21721591933530424,-0.7871513270885886,0.00825063350320539,0.002048127404357987,0.1354178602468125,-0.5879318693330876,-0.0080817472566016,0.14238632439121446
P02,S02,13,lean_left,1.4053973999107257,0.3564357805573833,0.23622503862449465,-0.783830842286021,0.02803407152878611,-0.005988377845768751,0.46604435650032944,-0.586023339007741,-0.0016648891385967598,0.09811536386561477
P02,S02,13,lean_left,1.485539799905382,0.3572623422260974,0.28659575883687355,-0.7177873904196169,0.03109023522649416,0.00012095696174664318,0.38794034768097596,-0.5705508157719245,-0.0133866379412263,0.22682929437325894
P02,S02,13,lean_left,1.5359500999329612,0.3577883629925194,0.2805394759802722,-0.7151807949518807,0.005371714310511156,-0.0031974817177616785,0.12400910471242105,-0.5715770449874921,-0.012038724088543746,0.25726480273697155
P02,S02,13,lean_left,1.600249100010842,0.3598002382782515,0.28737073265254265,-0.7055192373380816,0.017778216587991735,-0.00042011472775483006,0.27657008214687695,-0.5703242164735725,-0.00946367767039688,0.1518050259489585
P02,S02,13,lean_left,1.6608838000101969,0.36231837909206,0.3039058371923294,-0.69867313683709,0.018404694395918717,6.794222902499121e-05,0.30353609076082566,-0.5722329239816083,0.004767522190760206,0.3433226864579203
P02,S02,13,lean_left,1.7271509999409318,0.36285014841203855,0.30467829418607434,-0.6844448579664948,0.004695475735306142,-0.0032681105767657257,0.08632992679027793,-0.5765058981280999,-0.006610234039901967,0.10060627443033802
P02,S02,13,lean_left,1.779970399918966,0.36274999397342966,0.3202486551489926,-0.6853135135388084,0.006621948801762823,0.002335138313710101,0.13293628816982192,-0.5736207190486416,-0.004338480522158493,0.10730783941428824
P02,S02,13,lean_left,1.8523653999436647,0.36531449714190845,0.3276629600765066,-0.6823105136058172,0.008990962245424387,0.0023739752686164177,0.1284494041395656,-0.5737262945243429,-0.003832769817580663,0.06464009985594879
P02,S02,13,lean_left,1.8908505999715999,0.3655205982203828,0.3239762424335538,-0.6732535160870142,0.0011180744639076713,-0.0011478343398885872,0.04163620464539746,-0.5778514044976787,-0.0035818370778776753,0.1711713044337026
P02,S02,13,lean_left,1.959679799969308,0.36361254016707234,0.32510605995925146,-0.6802010249521443,0.006610174660923564,0.002330746462565588,0.10183251358166949,-0.574995093270135,0.00510156116138317,0.13838068804940473
P02,S02,13,lean_left,2.0600099000148475,0.36523626124346675,0.3201099938094428,-0.6855199976782259,0.001371284787499649,-0.0001192137737369901,0.013719282712090641,-0.5720716650093417,-0.0048933120771663735,0.11803834126235913
P02,S02,13,lean_left,2.1397760999388993,0.3654357845363841,0.3379697290806123,-0.6792589845508138,0.002669958099173544,-0.0005141090398970653,0.034087173484409955,-0.5642431114323384,-0.009848669658483326,0.18626768870151095
P02,S02,13,lean_left,2.2213369999080896,0.3651774198018029,0.33575591738345384,-0.6828741422693848,0.00035929035366709947,-0.0003319100212070627,0.005997184797218606,-0.5623538424516212,0.02229108677774022,0.2834824623101157
P02,S02,13,lean_left,2.2844953999156132,0.3647595768721832,0.33370395858772506,-0.6808516594134627,-0.003914929641529885,-0.0013751602971155666,0.06569872667413976,-0.562497750779116,-0.009958936262539445,0.179755262710321
P02,S02,13,lean_left,2.3404820999130607,0.36537986439773534,0.333569415586963,-0.679908696313343,-0.0009419162150612441,0.0001800146420713687,0.01712842024846301,-0.5629049334779823,-0.0028606963135587252,0.055964704208315
P02,S02,13,lean_left,2.4299011999974027,0.3642400302227829,0.2997726044914078,-0.6793938093632861,-0.007861319178066173,-0.0027561254841086493,0.09316197744917544,-0.5671834892753358,-0.0004882903831892187,0.005883578388547506
P02,S02,13,lean_left,2.511359199997969,0.3603330869560142,0.2945419433318665,-0.6795915890868944,-0.01730877886861902,-0.007813148697449705,0.23313242092157374,-0.5678528950767636,0.006084808112764416,0.12787862533045052
P02,S02,13,lean_left,2.5724906999384984,0.36273949086816315,0.26561157873187846,-0.682261677345054,-0.021791736178793052,0.0013152016496478422,0.35712175323259554,-0.572287293856299,0.018897907922008583,0.3358480286321158
P02,S02,13,lean_left,2.6173950999509543,0.3616339138485926,0.2530377517411994,-0.7018780954622346,-0.007304881142072641,0.0015088483123426423,0.16611028088792792,-0.5790783622204476,0.01086125534757535,0.28107131128068646
P02,S02,13,lean_left,2.696337700006552,0.35855101659372274,0.22437673105078215,-0.7611721796036367,-0.031272151921071016,0.003742422984192631,0.3989644217633404,-0.5778670137816977,0.0011735534810764557,0.1288478792971926
P02,S02,13,lean_left,2.7684768999461085,0.3570799741930982,0.19044618478255768,-0.7764882652844189,-0.04605939743323123,-1.5189938015474922e-05,0.638479494873377,-0.5761706064145854,0.0009215637886028568,0.5993612315887455
P02,S02,13,lean_left,2.831360899959691,0.35702116770473874,0.16418728696906845,-0.7913807949196772,-0.007819765910752372,0.005102739921415719,0.14848580744782053,-0.5798242622255028,0.014036259731092519,0.23545640785843014
P02,S02,13,lean_left,2.8855655000079423,0.3594318643378211,0.15716280111477474,-0.7941812152108103,-0.04696990129667244,0.006265643976835356,0.8742056490565036,-0.5759805168779663,-0.010673817565417198,0.6018405397748977
P02,S02,13,lean_left,2.968871399993077,0.35966287407613323,0.12256523522934705,-0.8032058609881834,-0.05818797700971175,0.0035004149654859927,0.6997483874915801,-0.5823847243719922,0.0006962231193063412,0.1928648414089779
P02,S02,13,lean_left,3.035434199962765,0.35466451957202927,0.11290004551119026,-0.8238354868276155,-0.0067773664360869425,0.00761972129339253,0.15320401770454645,-0.5916910185569625,0.05837961047708742,0.9133229124136226
P02,S02,13,lean_left,3.103501099976711,0.3535501121105019,0.06378306103573818,-0.8416762391927453,-0.04252934621197774,0.0054837773105430405,0.6299894770740218,-0.5956446931777376,0.023733060695283765,0.40616855309338157
P02,S02,13,lean_left,3.15990560001228,0.35906760582297637,0.03012078151733204,-0.8423454715319832,-0.049119836845654415,0.007743575935879901,0.8816045733210778,-0.5933091579947846,-0.002291110553517905,0.05933682825771759
P02,S02,13,lean_left,3.210185599979013,0.36052282539558445,0.03262870767205754,-0.8469212690746091,-0.004563517183048416,0.00945727775029367,0.20884550432496923,-0.6020448418009682,0.022744738465558585,0.5376462238906756
P02,S02,13,lean_left,3.3016976999351755,0.3591716904383087,0.009431784508615622,-0.8552638805384427,-0.040653671329253314,0.004315039338313072,0.4467390893933602,-0.5962977656103035,0.006692514356950392,0.2464038661574586
P02,S02,13,lean_left,3.3461642999900505,0.35741634024888363,0.009510250087399018,-0.8569852197681338,0.0006365014755286716,-0.0016217092025358137,0.03917876841705981,-0.595176390488952,-0.004986509969662502,0.19557913467945476
P02,S02,13,lean_left,3.3878498999401927,0.3611132204762149,-0.006844420983758263,-0.8508744238623674,-0.019525377220368123,0.0019411652222440642,0.47070530189138665,-0.5913927136043919,-0.005588304351584051,0.48948520995335826
P02,S02,13,lean_left,3.454170599929057,0.3607716180306582,-0.014631918899882876,-0.8544037290844583,-0.01348884218478305,0.0028028612786512802,0.20773257411930188,-0.5718418061195242,-0.021700500326493555,0.4173275398031551
P02,S02,13,lean_left,3.5453200999181718,0.36399773208568176,-0.007566439237180089,-0.8432976634417249,-0.006085361023469371,0.0013502828657794399,0.06838620596309572,-0.56542523513643,-0.012650941453312269,0.20505357475391764
P02,S02,13,lean_left,3.6121342999394983,0.3636040197842062,-0.019911395041172494,-0.844359718486964,-0.007595246081209941,0.001487230916879485,0.1158359211241647,-0.5622032743602935,-0.009685218547197899,0.23397443569429574
P02,S02,13,lean_left,3.6910282999742776,0.3630032249157612,-0.016237646991613952,-0.8431591575110357,-0.0033224778787778624,-0.0005361907392398681,0.04265806976264877,-0.545702626727259,0.004622625634233071,0.11795996676517062
P02,S02,13,lean_left,3.7693605999229476,0.3625221358568745,-0.013077118223339405,-0.8387749766288964,-0.0011801410085630422,9.823889834786913e-05,0.01511793753243277,-0.5429205807734305,-0.00543185477250544,0.08836822913679429
P02,S02,13,lean_left,3.814464599941857,0.36355802608439397,-0.016185529478909964,-0.8363138096202358,-0.001212150219576097,9.484397132951541e-05,0.026956701451796898,-0.5425433102960247,-5.668971011563915e-05,0.017299170834280304
P02,S02,13,lean_left,3.905870799906552,0.3635906408976381,-0.01516842831312045,-0.8366366569131855,0.0006798317505458943,0.0005937667230473183,0.009874866533300799,-0.5484827903798164,-0.002112950132906652,0.07065717662507662
P02,S02,13,lean_left,3.967987100011669,0.3636630969939846,-0.01479789976357909,-0.8350348510090707,0.0003279243729157798,-0.0013480834523215237,0.022335433019381217,-0.5515326579838231,-4.5657690086482194e-05,0.08354270639876775
P02,S02,14,lean_left,0.3741815999383107,0.3592819868554547,0.09170533990133405,-0.7963683475152598,0.0,0.0,0.0,-0.5901750717326487,0.0,0.0
P02,S02,14,lean_left,0.4655532999895513,0.3619048573659381,0.10821622343722695,-0.7905578763166904,0.004057887067300471,0.0035363740125850082,0.05890883654566461,-0.6014625201476028,-0.051058982263976004,0.5777797749953071
P02,S02,14,lean_left,0.5201844000257552,0.3639054192728992,0.11051280188304534,-0.789578046684321,0.0036680306110568875,0.0018762325861107257,0.07541557967682937,-0.5944441713379597,-0.04519123324911022,0.8419507348036603
P02,S02,14,lean_left,0.5868187999585643,0.3634751387468385,0.10804826934787198,-0.8051183589341633,0.00156552837278313,-0.0003449434553276574,0.024057842087423238,-0.588001966119972,-0.006038799280305411,0.10275832534905147
P02,S02,14,lean_left,0.6565966999623924,0.3639678245095206,0.11345600775183236,-0.8019033499438825,0.0008738829760880644,-0.0019961951814524174,0.031229052043090382,-0.5895880928027246,-0.017305274941043846,0.2802150868628586
P02,S02,14,lean_left,0.7044236999936402,0.36400714917192506,0.11552434597042902,-0.8042244365494116,0.000193179117041338,-0.0014260622422657449,0.030089428608928225,-0.5858082763380718,-0.014353887642763572,0.3058515240746901
P02,S02,14,lean_left,0.7674964000470936,0.3623471772255542,0.11978356887011851,-0.809984001775568,0.003929931724792356,-0.0005661128273860339,0.06295111959273643,-0.5862947470629201,0.04472196056946741,0.7281155957210432
P02,S02,14,lean_left,0.8668454999569803,0.3629554455949996,0.1368990748882072,-0.8108405046171026,0.016270247371339523,0.003267983564996041,0.16703925961501884,-0.5911303237221306,0.004535390046650946,0.2627691348449377
P02,S02,14,lean_left,0.9338506000349298,0.3617584174012784,0.14434566237878882,-0.8180400094300944,0.004611858717018119,-0.005105284719993746,0.10267742026337429,-0.5785239840323295,-0.009577759645999776,0.24609584686790142
P02,S02,14,lean_left,1.0083252999465913,0.3614363796342465,0.16076520211051928,-0.8138480323487366,0.014661942899537324,-0.0035430190839470877,0.2025379118538099,-0.584543205237029,-0.0009620623776399896,0.2113980709396234
P02,S02,14,lean_left,1.0567871000384912,0.3568240772193227,0.1731765586887247,-0.8229674217432715,0.038022040292737674,-0.0031257753794286243,0.7872243329787627,-0.5840255613744328,0.01438857239173249,0.40557448131886714
P02,S02,14,lean_left,1.1103455999400467,0.35728325826727003,0.18045964099627032,-0.8176064292791607,0.008232349362444946,-0.004018038450436941,0.17103875375923164,-0.5829037114931105,0.0013223990372088798,0.11454127082879624
P02,S02,14,lean_left,1.1550507999490947,0.3560176610666342,0.2030347405005264,-0.831153239822339,0.03299857498651074,-0.005691626358403952,0.7490364940669605,-0.5824919455930352,0.008631905616988221,0.4181679808031383
P02,S02,14,lean_left,1.262597499997355,0.3579259458083653,0.23673351969960302,-0.8263463367686962,0.050348618558367544,-0.004659782811604154,0.47015660210461524,-0.5827474457121248,0.004197258291266527,0.33193296862254057
P02,S02,14,lean_left,1.3280863999389112,0.3600504250533156,0.2369392334258161,-0.8156354193805128,0.008464412420112614,-0.0012826447508049506,0.13072509824641138,-0.5820265398539993,-0.00825280546814849,0.1495651950692325
P02,S02,14,lean_left,1.4013616000302136,0.3591695119914914,0.24909716342957242,-0.8080288751095287,0.03304451179610507,-0.007691510509152706,0.4630195653720829,-0.580998085997947,-0.002072348600881804,0.057558337971098855
P02,S02,14,lean_left,1.467589100007899,0.360615366275385,0.2686814462204355,-0.7950772868936994,0.03575502342409016,-0.0054660055756384825,0.5461540138653961,-0.5789454239645226,0.0013011596350022453,0.39190290179743337
P02,S02,14,lean_left,1.5344959000358358,0.3610992074107595,0.2663355049913713,-0.7863980251217662,0.00800154084348777,0.003365994417365617,0.12974318383040612,-0.5750558645089353,-0.03557564605522097,0.550912721266401
P02,S02,14,lean_left,1.6114825999829918,0.3609133437505834,0.2902782146885648,-0.7773332527183945,0.023352546889141026,-0.00010957666845313958,0.3033355629727318,-0.5761780715703749,-0.001722298496558526,0.0643164466925825
P02,S02,14,lean_left,1.6641112000215799,0.364218480580181,0.31377233790604964,-0.7432970122747042,0.018880269758138744,0.001337517967164283,0.35964450400266873,-0.5660278321731895,-0.00888196278667112,0.3801247955430661
P02,S02,14,lean_left,1.7037630999693647,0.3657631761182718,0.31282633637592855,-0.7225251865332529,0.007168188279319022,-6.534682580294238e-05,0.18078543880099956,-0.5667209119255853,0.006931202350879515,0.1771403860473411
P02,S02,14,lean_left,1.7518602999625728,0.36542837659684857,0.3102643262231006,-0.7069590334976787,0.0028570982087687546,-0.00025763061232268134,0.05964360176528028,-0.5677064729151416,0.0015526861263254815,0.03448856783351772
P02,S02,14,lean_left,1.8062966000288725,0.3659826120705416,0.3202658416611036,-0.7039982554543041,0.014315240379391208,-0.0015504458396300746,0.2645102240743366,-0.5753492219538345,-0.026560563127866907,0.4976646954881165
P02,S02,14,lean_left,1.889716999954544,0.3619871742308243,0.3455334526613531,-0.6927595231544582,0.01226474882114568,9.896038882075778e-05,0.1470281617644415,-0.5736676994277926,0.0026920675752123337,0.2790649221979943
P02,S02,14,lean_left,1.9390792000340298,0.36274917896200115,0.340372950606166,-0.6937752349335314,0.0036916349693763995,0.0020482519121716967,0.08552676468034065,-0.5661984154740881,0.007502846922084023,0.15268708448859175
P02,S02,14,lean_left,2.000353900017217,0.3611709726572727,0.35286235902771357,-0.6837005830444354,0.005333410637505999,-0.0007791144618137486,0.08796481216134529,-0.5716773811755105,-0.012856455992809587,0.25350628018178567
P02,S02,14,lean_left,2.047613100032322,0.362184440269339,0.35409831543211,-0.6774270030321482,0.0020385269292179115,0.0022094327349814376,0.06361070689523199,-0.572201411517725,-0.0008836606280045969,0.10616508780327075
P02,S02,14,lean_left,2.1184965999564156,0.36331647664066824,0.35448070241404633,-0.6791599418240004,0.004820981717000302,0.004792599840016669,0.09590184376108857,-0.5684185944702463,-0.00418622804105273,0.09595167389935182
P02,S02,14,lean_left,2.1734637999907136,0.3630418388124293,0.35872328022188865,-0.678541444457475,0.003380901362642639,-0.0018907107001186175,0.07047230084112902,-0.558071309517043,0.025053503048754016,0.4661853278680084
P02,S02,14,lean_left,2.2138301000231877,0.3629504490765364,0.3609949735742111,-0.67145670080642,-0.00013581204088510023,-7.899104191745249e-05,0.0038921823673292175,-0.5580100701058117,0.0039007956350161814,0.11644080157827165
P02,S02,14,lean_left,2.2633738999720663,0.3639829839841036,0.35954490195471506,-0.6709391993226251,0.00044746512616058987,0.0015234283874371337,0.03204809351474175,-0.561602030806547,-0.01046623427876812,0.22674552527080635
P02,S02,14,lean_left,2.352559700026177,0.3646296800786997,0.3596728999613277,-0.6680566307560364,-0.0018229755690532064,-0.0019914275349704707,0.030271850100324692,-0.5612309668966636,-0.002710090712877677,0.031705601993775534
P02,S02,14,lean_left,2.440361600019969,0.3653116489355051,0.35620520293534313,-0.6667686215133931,-0.001445280885399916,-0.00025020752289012997,0.016705549681917543,-0.5650427243506213,-0.004569046766563879,0.06676962594384636
P02,S02,14,lean_left,2.513944200007245,0.3668045319557807,0.35688681044304255,-0.6644283121523311,-0.00606459205114652,-0.0011311417829796945,0.0838401756007633,-0.5690982886184973,0.004238689430227403,0.07031401764818904
P02,S02,14,lean_left,2.5634330000029877,0.36672902207493996,0.334912749470761,-0.6732372575575253,-0.007803779202459696,-0.0015005626764285425,0.1605765110570167,-0.5652365227504889,0.02275328123078802,0.47062303106899983
P02,S02,14,lean_left,2.605097100022249,0.3649919025850438,0.3316610736139223,-0.6770014717248916,-0.004397695592999861,-0.0034313440576361643,0.13387974044777107,-0.5693855185369885,0.027128871048129503,0.6976217225657285
P02,S02,14,lean_left,2.691645000013523,0.36501932822413347,0.308951215420371,-0.692359386404395,-0.022068920793171954,-0.002609810389376792,0.25676763446843537,-0.5684400701281401,-0.009678664177574724,0.20624626262368154
P02,S02,14,lean_left,2.751539899967611,0.3635170919006744,0.2951023303291697,-0.6900500439610635,-0.029207813121245336,-0.006533739232428536,0.4997034118601183,-0.5722125902221006,-0.007943419960656969,0.24683771422610554
P02,S02,14,lean_left,2.7911154000321403,0.3633899013131061,0.28267587142613937,-0.690009120072682,-0.007987679024498194,-0.006159509152124942,0.25487365027205416,-0.5751964643251575,0.0019020959169982585,0.32093952216955024
P02,S02,14,lean_left,2.873170100036077,0.3608535338598872,0.2534937922631518,-0.7432675141797073,-0.02875158844690495,0.007952769095272368,0.36355258144953534,-0.5787813575647683,0.003908449752273156,0.10089435505758376
P02,S02,14,lean_left,2.9616669999668375,0.35969445313702425,0.226392644941629,-0.7735816230395111,-0.041187494396011666,0.005807358329432462,0.47001525265452915,-0.5683152877448308,-0.005363697133630553,0.4493219353573973
P02,S02,14,lean_left,3.0294389999471605,0.35981251772392603,0.21154978460318027,-0.788074538741216,-0.009444514424447912,0.004229330862046623,0.15269198231186026,-0.5695253334562369,0.0011316157691601348,0.09491731338170317
P02,S02,14,lean_left,3.0965077000437304,0.3625113140704591,0.2092518116051988,-0.7854240371286093,-0.03623594444268551,0.004173181443793919,0.5438521843864653,-0.5698398420555121,-0.0029073474347328,0.321098498456885
P02,S02,14,lean_left,3.153064199956134,0.36275839051450615,0.1669138737536153,-0.7932490656321834,-0.03815356640755221,0.00844928671101915,0.6909539306290006,-0.5752124079396248,0.005928414908715596,0.29635751467780896
P02,S02,14,lean_left,3.2040254999883473,0.3599117036204021,0.15091069111940683,-0.806813386922995,-0.010777673074585062,0.004735425926868656,0.23100090989484087,-0.576349074276949,0.00724868766956548,0.1543449941044269
P02,S02,14,lean_left,3.258152600028552,0.3587120545297891,0.151505694814168,-0.8108785710665076,-0.0018243858522380785,0.0008580653527899665,0.03724751864641058,-0.5834330556291986,0.020986155829343843,0.41483632262159736
P02,S02,14,lean_left,3.321349099976942,0.35883993194913777,0.13199311063241145,-0.8093557852452735,-0.02369947002428975,0.0017761469943473034,0.37606407238075557,-0.5863415500974953,-0.011143608075582255,0.26439923351472067
P02,S02,14,lean_left,3.369481400004588,0.35777750949943804,0.11878246497885815,-0.8112637127263272,-0.02652777508558256,-0.0001650142870428728,0.5511535558380087,-0.5847109041410384,-0.004564738369770138,0.4460182763912108
P02,S02,14,lean_left,3.451502399984747,0.3569021272471273,0.1088411234744116,-0.8144346652644013,-0.011544677846253942,0.0012936251795173125,0.14163360084279178,-0.5928012761619394,0.04910172492554084,0.6396890440586268
P02,S02,14,lean_left,3.522037100046873,0.3594093018250756,0.0903224564275771,-0.8046410498948223,-0.021136837168154364,0.003165150267631025,0.3030069898475444,-0.6055004609262825,-0.027773438691997433,0.4324122577688767
P02,S02,14,lean_left,3.5970622999593616,0.3611705961006588,0.07197557999880283,-0.8057258317073065,-0.017574611004083657,0.005160627871072289,0.24413973812090878,-0.6048372857710017,0.01169180311247049,0.1780360705635114
P02,S02,14,lean_left,3.6498765000142157,0.3605026722052873,0.0708629491525202,-0.8117515414863467,-0.0027852771235893875,0.0032192056413894794,0.08060110884233204,-0.6085587934089207,0.047217783694630616,0.9067568306901559
P02,S02,14,lean_left,3.6904858000343665,0.3617308890572329,0.06221793135145067,-0.8156090348579043,-0.010942458523684086,0.004704937499337633,0.29330917689168057,-0.607385520290732,0.018614676450065707,0.4767090196459243
P02,S02,14,lean_left,3.732273899950087,0.36152444219592766,0.05372175210963922,-0.8243916671239473,-0.005957258703139075,0.0026910131058211603,0.15642864212285787,-0.6021539864555226,0.008723177996894382,0.24265168797201775
P02,S02,14,lean_left,3.7835947000421584,0.36292832142703946,0.04663058982471845,-0.822892133664682,-0.009580464919738192,0.0011538158009354745,0.18802696422415893,-0.5996594631999359,0.004752615083347217,0.0975538909606003
P02,S02,14,lean_left,3.853912799968384,0.36331585523503673,0.03718823820891766,-0.8230116118281358,-0.008234531722475376,0.0010347918801329556,0.11802502594102988,-0.590808775919398,-0.012339000603900443,0.17557607580315251
P02,S02,14,lean_left,3.9252824999857694,0.3627275868818272,0.03432889196378103,-0.8291515928799006,-0.006097180151754479,0.0018861044416641512,0.08942507328209454,-0.5953945008759662,0.0031054100142839805,0.08089084392890811
P02,S02,14,lean_left,3.988347199978307,0.36233407693527014,0.04090656456654691,-0.8302898736524772,-0.004620570545760328,3.306488227987952e-05,0.07326902135783801,-0.5867141386219804,-0.01860231785642244,0.2987126934953366
P02,S02,15,lean_left,0.38428130000829697,0.36603625587769145,0.1968697038399408,-0.7966163933606873,0.0,0.0,0.0,-0.595494247395768,0.0,0.0
P02,S02,15,lean_left,0.4649371999548748,0.3655865619373208,0.18378054253221424,-0.7969259481410942,0.0007145972671044936,0.003135146736889313,0.039867573950447065,-0.5864804277093001,-0.0756077956208228,1.0218940316548053
P02,S02,15,lean_left,0.5089850999647751,0.3642193903600217,0.1826580539575387,-0.8004416258313536,0.0019658502932988577,0.0024668659580592703,0.07161206937721445,-0.5857482387985902,-0.024641683668618138,0.5844964109380381
P02,S02,15,lean_left,0.5575041000265628,0.3636879161042548,0.18380178979372197,-0.7925134308101757,-0.0006963666496360445,0.0013374205799846885,0.03107757541685323,-0.5800189360784871,-0.019489561809888943,0.4660468898368521
P02,S02,15,lean_left,0.6082511999411508,0.36327994125257035,0.17810204792823395,-0.7916090575957875,-0.0005209336538355495,-0.001105609898069559,0.02408391141852245,-0.5733397242030436,-0.00870697476855795,0.18412956910242656
P02,S02,15,lean_left,0.651750799966976,0.3634213382827603,0.17787157283919103,-0.790028267050275,-0.00017110317725357416,-0.0011989933163788677,0.027842565965131252,-0.5720169354870438,-0.006743058706442191,0.1629882696766179
P02,S02,15,lean_left,0.7120409000199288,0.36320661933516013,0.17811769386791487,-0.784452657241102,-0.0013295925962312609,-3.282134278526934e-06,0.022053316316852718,-0.5718446179277192,0.0009489737581201517,0.03168012424450662
P02,S02,15,lean_left,0.7710880000377074,0.36284744846384503,0.17731652314819918,-0.7859605698021124,0.00030956522790711027,-0.0009653277059146371,0.017168490565887286,-0.5723982090377191,0.001673889202815313,0.07322721159758948
P02,S02,15,lean_left,0.831132399966009,0.362433998324545,0.1766829482988842,-0.7894123234420234,-7.342984933874947e-05,-0.000131236326477765,0.002504522756404991,-0.5724198186211226,0.00041982011831765364,0.09289525593354173
P02,S02,15,lean_left,0.8911406999686733,0.36211214329297337,0.17587455274439123,-0.7892024868111159,0.0019721463735541244,-0.0010356803323862329,0.037120758400961726,-0.5722180756670154,0.001108010350341775,0.035851853753757906
P02,S02,15,lean_left,0.9557083999970928,0.36088040021524387,0.18198737263042375,-0.7903579849845124,0.011634850754026229,-0.002641724211931073,0.18478259770167435,-0.567232825985957,0.003446064325327324,0.1138491031663015
P02,S02,15,lean_left,1.018137100036256,0.3605909872996377,0.18463227459952022,-0.7915058274220101,0.006492663498064437,0.0012709694080544176,0.10597518726628186,-0.5680345233933434,0.001052499515058786,0.05651391216523856
P02,S02,15,lean_left,1.062927299994044,0.3598852596214541,0.2062810122839393,-0.7906469229845581,0.011555187240920074,-0.0037682973781103138,0.2713564828707378,-0.5712809060278607,-0.0024411784702361512,0.14145244052143957
P02,S02,15,lean_left,1.1507780000101775,0.3575067903337942,0.22788131805568737,-0.7893674978789783,0.036643322612279025,-0.006833980375763266,0.42430105003573937,-0.5781182860806597,0.00633210501911642,0.49737250298448354
P02,S02,15,lean_left,1.2193491000216454,0.3581452245282102,0.22546450252956368,-0.77981206567228,0.009774027247257596,0.004266078554761321,0.1555243443052167,-0.5785730518201864,-0.0011082229767301558,0.11044143268811227
P02,S02,15,lean_left,1.2728539999807253,0.358584864989542,0.2359697636967665,-0.7811563269331573,0.029545063718039506,-0.005274302865796332,0.5609233654652754,-0.5750383422002889,-0.004180442228393675,0.34294467588668986
P02,S02,15,lean_left,1.3592968999873847,0.35782650247006625,0.26715694891101954,-0.774547134045953,0.03817933608413452,-0.00721307704311887,0.449484362624852,-0.5770065809475361,0.021255906375065622,0.3284366835432028
P02,S02,15,lean_left,1.4292650000425056,0.36095016322849205,0.26166278604083154,-0.761929652426454,0.008683911454949667,0.0035084901303083075,0.13385937339948237,-0.5793143827200792,-0.00866537272204714,0.12590181691669794
P02,S02,15,lean_left,1.5040756999514997,0.36028144958787567,0.2707152232222551,-0.7609946245352645,0.02967233277183401,1.8694620184646332e-05,0.39663228250859284,-0.5821331664110498,-2.5897925013987583e-05,0.1345968966451265
P02,S02,15,lean_left,1.5488152999896556,0.3628337538506731,0.2979634244838206,-0.7457365295478341,0.02125719024462267,-0.00024986281938003035,0.4751642538976937,-0.5805254361894131,-0.023846920843070312,0.537073457271505
P02,S02,15,lean_left,1.6183778999838978,0.36244276219112226,0.3185470182913998,-0.6914942898915496,0.006191844935824727,-0.002961461932985802,0.09866816715480932,-0.5827623184745482,-0.03681574324544044,0.5645436095713967
P02,S02,15,lean_left,1.6781303000170738,0.3636605287249912,0.3321894899080383,-0.6860268944318523,0.01625632125830569,0.0006547060644443702,0.2722819452127358,-0.5789014392687462,-0.0003594540179317966,0.050749712258973616
P02,S02,15,lean_left,1.7585160000016913,0.3624020472010569,0.3476802018665629,-0.6491270162784366,0.016438017850407577,0.00046167023386515117,0.2045699633050469,-0.584233948718001,0.0012384615480055833,0.06319635756975575
P02,S02,15,lean_left,1.816314399940893,0.3622853686211189,0.3476884031432128,-0.6502470453265997,0.005523852798111286,-0.0006414791490580244,0.09621330713552816,-0.5858154786604272,-0.0025679668540501523,0.12592584332087714
P02,S02,15,lean_left,1.861096499953419,0.36490884029648224,0.34957318099119505,-0.6470307214114881,0.00443173237340804,0.0027929710340432916,0.11697553195917795,-0.5791714354529899,-0.01014610790169646,0.3153620620025068
P02,S02,15,lean_left,1.9516519999597222,0.36501967955938264,0.35711226281733777,-0.6477877083031042,0.007310482951201361,0.0012689389654516083,0.0819364436379976,-0.577912185755533,0.014674060767534995,0.1725703948175816
P02,S02,15,lean_left,2.0064768999582157,0.36484477149637207,0.3519567891044478,-0.6484397850814791,0.0024964550624560645,-0.0002166284544739704,0.045706172573492444,-0.5893862300883989,-0.013408968741782204,0.2600432720208555
P02,S02,15,lean_left,2.084022399969399,0.3651674809858487,0.35166807538801254,-0.6492504835130156,0.0011285819154149038,0.001054763182906477,0.01992043733075977,-0.5886205373304177,-0.04031639074106841,0.5369032846569886
P02,S02,15,lean_left,2.158086400013417,0.3650031301629282,0.34038161165368935,-0.6556711894440964,-0.00035795139973001294,-0.0004315175975303646,0.007569903455738156,-0.583871681850011,-0.00013372424073465755,0.11829049173772703
P02,S02,15,lean_left,2.2373068999731913,0.3663320377913854,0.3425723855573427,-0.6585616021219868,-0.00023535511441317357,0.0014409297568220292,0.01842987833402017,-0.5659594960393795,0.016768710324180803,0.25476102965382985
P02,S02,15,lean_left,2.295674000051804,0.3660011003633684,0.3451942953510375,-0.6568350222179768,-0.0013278686098343304,-0.0016173818302706918,0.03585314373417879,-0.5754685117948934,0.017495199075056738,0.3810740841064634
P02,S02,15,lean_left,2.3724848999409005,0.3670001077017842,0.3296959309650249,-0.6615005989345428,-0.005155800260022551,-0.00020374388263528026,0.06717567965615569,-0.5751646609837968,0.008739519643707656,0.15112825807645125
P02,S02,15,lean_left,2.4164822000311688,0.36686126638096467,0.3331928921891281,-0.6615494835102693,-0.0038901457934170606,-0.00035288895371611735,0.088780877416822,-0.5634838061577511,0.03757685632056166,0.8571968466507152
P02,S02,15,lean_left,2.471819799975492,0.3672901859220692,0.3235401170279467,-0.6623998322567436,-0.013587763558209478,-0.003344635320807213,0.25287240769327574,-0.5748923532857924,-0.013289924882420178,0.2827436116740978
P02,S02,15,lean_left,2.5577766000060365,0.36229781837403985,0.31860474414970513,-0.6683262451058544,-0.025857515968592388,-0.009626380840691107,0.320989996005351,-0.5740478924721631,0.017770177433481776,0.20941309252507864
P02,S02,15,lean_left,2.6170187999960035,0.36417414764985184,0.31828537445266747,-0.6676319325492176,-0.006044564260167194,-0.0007302987504854565,0.10277338525406071,-0.5672958322695292,0.030256952724244043,0.5543242673522173
P02,S02,15,lean_left,2.7038766000187024,0.3671590983413286,0.29705713928763433,-0.6698503996221727,-0.026105505645969508,0.0014542426166478234,0.3010205133331867,-0.5818649664552288,-0.00883781367370471,0.14857325582180209
P02,S02,15,lean_left,2.7782020999584347,0.3676728886908434,0.2597600898360848,-0.7141529353276839,-0.029182126666194023,0.005697794192495289,0.400039954527639,-0.5841674761834074,0.008723792376192864,0.13535288437909845
P02,S02,15,lean_left,2.8261205999879166,0.36528313228304277,0.2543092977885183,-0.7197160794658873,-0.010837107795516316,-0.0034821293596476403,0.2375449930069835,-0.5857395877503273,0.0019430983700274827,0.22079494399874539
P02,S02,15,lean_left,2.879328400013037,0.3666722024076633,0.23290106428831217,-0.7309861795718898,-0.029403516244078557,-0.0027145983766721253,0.5549667387904573,-0.5853616415963744,2.2560693520882122e-06,0.10619729547252031
P02,S02,15,lean_left,2.95864209998399,0.36427151776371064,0.22113342341243922,-0.7576301788933367,-0.05217867726749922,-0.002632921577203689,0.6587142360257296,-0.5812352544404844,-0.0004564343327171051,0.30468145747735337
P02,S02,15,lean_left,2.9984879000112414,0.36550715111078114,0.20391609779905587,-0.7630982814387092,-0.00934514869074193,0.002797938944903997,0.2448190867299972,-0.5843686988087139,0.009775861830768257,0.2814996376544838
P02,S02,15,lean_left,3.071939400047995,0.3642512278905654,0.2207399237096,-0.7841591723523451,-0.039181637753394935,0.005451290707306923,0.5385735581195707,-0.580543110697648,-0.0033524756079216693,0.431361879729881
P02,S02,15,lean_left,3.1494406999554485,0.3586916860386152,0.19558989703928203,-0.797589118981636,-0.05141883866900432,0.0018616289738781792,0.6638924509914486,-0.5838206779329672,0.010061097120166599,0.2702811580062799
P02,S02,15,lean_left,3.2111001999583095,0.35909596329249394,0.17666697447698268,-0.79693633782458,-0.007951856910540565,6.788798038723131e-05,0.12896871848535021,-0.5843008364340466,-0.004570863403607026,0.1475670732337005
P02,S02,15,lean_left,3.2731950000161305,0.35940485548159473,0.16544074714923723,-0.8109803053090656,-0.026163415487216637,0.006947147573438883,0.43594700186400154,-0.5869317703793604,0.004801366429704858,0.10374772442405371
P02,S02,15,lean_left,3.3562207999639213,0.3605581348156295,0.1310450998366604,-0.8185701984388389,-0.03800629923354632,0.010037010568935738,0.4734587450090929,-0.5917460025558171,0.027285714592867796,0.34344695872649117
P02,S02,15,lean_left,3.435520999948494,0.3595725131730219,0.13900336085127354,-0.8212864893335136,-0.006556722035848546,0.0005723046911208557,0.08299665706873345,-0.6003360038334642,0.025551682428301647,0.41673909264477416
P02,S02,15,lean_left,3.496656500035897,0.3626697273918572,0.12111184968212693,-0.8193171354720153,-0.0198029008714004,0.004474830246497121,0.33208515006032024,-0.6030454169843773,0.019121573834358026,0.3194085459525778
P02,S02,15,lean_left,3.5787118000444025,0.36241228556387195,0.10793551713733221,-0.8261116141598654,-0.022172085750677403,0.006054748369442044,0.2801030170125777,-0.6061617386985824,0.012657618863581145,0.23505322641724333
P02,S02,15,lean_left,3.636255200020969,0.36203785327515464,0.11065490767820794,-0.8275232200956673,-0.005355213730808437,0.0007695109977034398,0.09401978733512154,-0.611329662195932,0.02670870768169289,0.4819619321675801
P02,S02,15,lean_left,3.6843909999588504,0.3635994738712976,0.09724775792799582,-0.8258283842459774,-0.010419516800262534,0.0035880867784356184,0.22893591658113416,-0.6104893758287587,-0.002895356107438525,0.06034205747865859
P02,S02,15,lean_left,3.7574922000057995,0.3615994402398364,0.08095212581394291,-0.8284706524033953,-0.013997099411731596,-0.0014569039501219122,0.19251006679808907,-0.6094515876794165,0.006755516797104169,0.2713179424952408
P02,S02,15,lean_left,3.8248458999441937,0.3597873355977786,0.08006636800442003,-0.8242168752817415,-0.004015130409016209,-0.0006809714186914696,0.06046390680289285,-0.6038000891057546,-0.012234948389066011,0.18797606913260823
P02,S02,15,lean_left,3.8795566000044346,0.36033351242395534,0.05841257798646006,-0.8166328245645111,-0.003082016252067171,0.003480170670204015,0.08496875448388974,-0.6067505545097602,-0.0130721574349042,0.26118492108721547
P02,S02,15,lean_left,3.9477355999406427,0.36142698352809877,0.05430865729955825,-0.8167638565067251,-0.005018603563508653,0.0029199807664914384,0.08516201806556768,-0.5980772249774782,-0.0112448315501328,0.16502158989346477
P02,S02,16,lean_right,0.39021979994140565,0.3686492411203672,0.01900315267687595,-0.8193968356243138,0.0,0.0,0.0,-0.5858180361013555,0.0,0.0
P02,S02,16,lean_right,0.46405829989816993,0.36711476086110334,0.01699167388969741,-0.8134127120219238,0.0022886630108370602,-0.0008977679963411208,0.03329493198568569,-0.5831028300856007,0.004478007061374499,0.11243168910932165
P02,S02,16,lean_right,0.5130906999111176,0.3661895918256019,0.017994945372339276,-0.8095507677608138,0.0002251107774893398,-4.297125470512343e-05,0.004673959639846099,-0.5865469475080428,0.04474478383783134,0.9262855475938845
P02,S02,16,lean_right,0.565862699993886,0.3657641399151535,0.022226824986247347,-0.8068655240517872,-6.901323642124529e-05,-0.002788151047341904,0.052850091552408204,-0.5787942962035649,-0.021298613727750527,0.40659556942471253
P02,S02,16,lean_right,0.6619910999434069,0.36300488164294614,0.019088910731236926,-0.8112879422102997,0.003782873669474579,-0.0033805887772197568,0.0527764310881705,-0.5813489249031915,0.0009777219528633633,0.11256796047030174
P02,S02,16,lean_right,0.7147824999410659,0.3629366633883998,0.01886339957310186,-0.8125542329838139,0.00042748750953360075,0.0008190089166515815,0.0175002386406013,-0.5820426735245792,0.0013324428614475152,0.042027208708097494
P02,S02,16,lean_right,0.7833031999180093,0.3630903328491291,0.01866293933537554,-0.812132034504579,0.0005298240509545824,0.00022949466250488183,0.008426531398057652,-0.5774957504161176,-0.015224035096086604,0.24506687667626173
P02,S02,16,lean_right,0.8634431000100449,0.36317832601314093,0.01800226780376765,-0.8087972190957557,1.3786037884187095e-05,-1.0585707661072234e-05,0.0002168878508063394,-0.5769998026880783,0.005885457196067754,0.07434267207474711
P02,S02,16,lean_right,0.9301666999235749,0.36306895144216694,0.016428960381318067,-0.8082531867955434,-6.607799820612371e-05,-0.000471903617002491,0.007141512524804474,-0.5780189923434839,0.0013317428033775187,0.07458796527046806
P02,S02,16,lean_right,0.9876734999706969,0.3632595953852825,0.006146705073441185,-0.8082156647883442,-0.0022378430139112036,-0.0015627244099050705,0.04746356561246032,-0.5768400549407553,-0.0007978867686504181,0.13876577458118403
P02,S02,16,lean_right,1.0561822999734432,0.36189603096651146,-0.007916889717118217,-0.8096346299516678,-0.008436274377948022,-0.00545530947465839,0.1466446422765938,-0.5759918033608037,-0.003209777743358963,0.12126365677657354
P02,S02,16,lean_right,1.0964296999154612,0.3615515943707054,-0.015002194603746468,-0.8089390325947764,-0.0005644735271217864,-0.003351314280401646,0.08444073264051097,-0.5721076087932414,0.0009810114062771332,0.08298406022410051
P02,S02,16,lean_right,1.1401119999354705,0.3608855767665083,-0.01632900562412569,-0.8158576793423633,-0.001002823402247325,-0.0034404931514331167,0.08203927062726815,-0.5582374830632715,0.03148314180232902,0.7277560844620454
P02,S02,16,lean_right,1.21476309990976,0.3581820672390157,-0.038233834212275344,-0.8332217133338445,-0.021477384204602247,-9.385455813701471e-05,0.28770626661509635,-0.5672330577301153,0.041068969885331895,0.6760908628006358
P02,S02,16,lean_right,1.2776824999600649,0.35735793943832944,-0.058244836850878105,-0.8385060515710219,-0.024064121373570634,0.0005496648742883127,0.3825592451504335,-0.5709141388644801,-0.004236381715213527,0.3215207910765321
P02,S02,16,lean_right,1.3335439999355003,0.35655833271148085,-0.07852149613497167,-0.844817878840843,-0.0061909733010828616,-0.0056577536334158985,0.15013550975683929,-0.5543027994096427,-0.012294058708885199,0.2791764078985767
P02,S02,16,lean_right,1.3912108999211341,0.3575612083559007,-0.07945143440562676,-0.8472101663308776,-0.029349428940646433,0.004733632328705178,0.51552469350003,-0.5518804123295362,-0.003214402549568682,0.5838386570772325
P02,S02,16,lean_right,1.462230599950999,0.35820010701431293,-0.13282114029939496,-0.8482642803799847,-0.03846191563621411,-0.0015602534471440524,0.5420122780218335,-0.5404180257509171,0.019964954772236504,0.5148890847376265
P02,S02,16,lean_right,1.517301099956967,0.36039060342107015,-0.1324230929149494,-0.8461413341238976,-0.005413264961133181,0.005934901895717561,0.14586464129519525,-0.5411536342407958,0.00528877048198487,0.14887223168628685
P02,S02,16,lean_right,1.555829199962318,0.36119129073080514,-0.16543715915500412,-0.8423576229258697,-0.0322710331353507,0.0022472747083932994,0.8396257748456766,-0.5383347023886167,-0.00020704666056145293,0.47940036293905086
P02,S02,16,lean_right,1.6244300999678671,0.36225270075523647,-0.14757950656446214,-0.8389301489445742,-0.013132504210968976,-2.9781532841173035e-05,0.19143390216068462,-0.5395449907195633,0.01491363999969942,0.24021344748069698
P02,S02,16,lean_right,1.673676099977456,0.3667809934030226,-0.17066800773662488,-0.8240786218142483,-0.028466592919871588,0.005558404897107899,0.5889653070439372,-0.5284180015849631,0.002976926414978112,0.4096894764527475
P02,S02,16,lean_right,1.7560611999360844,0.36984145606607804,-0.18348455111658007,-0.8144451740225177,-0.035421202758190676,-0.0008544040131084603,0.4300717718112946,-0.5191146522922783,-0.00876691323527796,0.5518097852647809
P02,S02,16,lean_right,1.8258217999245971,0.3714764733611824,-0.1881783657031007,-0.8112400258002042,-0.003859284155757505,0.004208129796370388,0.0818492646996188,-0.5252179598530653,0.008863086531791102,0.13585834178502948
P02,S02,16,lean_right,1.8754182999255136,0.3730202650310647,-0.19023031291039297,-0.8012704452013489,-0.016736969804666206,0.004028447889573052,0.347100125388005,-0.5320394970389065,-0.008212723927006489,0.22100594923226805
P02,S02,16,lean_right,1.9678802998969331,0.37284778013329556,-0.21706341212541436,-0.7892867356551541,-0.019322287101708233,-0.008351254342866736,0.22765896822052267,-0.5370389140857909,0.004618251432798415,0.1899786821058943
P02,S02,16,lean_right,2.0426039999583736,0.3748636640397355,-0.21201478631438075,-0.7863966234151422,-0.002539345954597181,0.0009872528999534387,0.03646110168758816,-0.5382285712302037,-0.0010002443686444814,0.17478358630763563
P02,S02,16,lean_right,2.124359699897468,0.37456092623200293,-0.21189588982161892,-0.7866609712063442,-0.011801709577520811,-0.0026987998541046637,0.14807966401697084,-0.5374224890463167,-0.002405343733570298,0.24765466556527124
P02,S02,16,lean_right,2.179064199910499,0.37540949613251157,-0.2157023081635856,-0.7817553965431934,-0.006056966368193747,-0.0026192673200587766,0.12063076350393863,-0.5381618834404714,-0.0016582408837680185,0.06624546180053258
P02,S02,16,lean_right,2.2353665999835357,0.3757027849210582,-0.2306620979682794,-0.778177608388128,-0.004184331653811535,-0.0017383104917393158,0.080476914751672,-0.5399892301242558,0.00021522821725102366,0.1630021316565296
P02,S02,16,lean_right,2.3208492000121623,0.3774064819552132,-0.24174831504743932,-0.7733014701521762,-0.0061443334051723055,-0.0033836978837694927,0.08205682967022931,-0.5397969639446526,0.001470906070806241,0.05227385959405817
P02,S02,16,lean_right,2.406541800010018,0.3789158178621484,-0.23447671655201408,-0.768646966235378,-0.005188643796948911,0.0002862130480081414,0.06064154621055679,-0.5409908293589009,0.011819676047315989,0.13813689441753413
P02,S02,16,lean_right,2.458450499922037,0.3806928715063868,-0.23023793720531088,-0.7639550752803347,-0.0026517674560204126,0.0012644500258208247,0.056595639567266834,-0.5405650833441262,-1.990264691519667e-06,0.08954332828595332
P02,S02,16,lean_right,2.5291118999011815,0.381005788654893,-0.22456799913177264,-0.7633583853144216,-0.001068838968836577,6.0933481409762044e-05,0.01515076745992078,-0.540617941805987,0.0002452765315515461,0.030234939317769507
P02,S02,16,lean_right,2.5719739999622107,0.38168887878706775,-0.2237032415512733,-0.7617168510539171,-0.0010786771809919457,0.0004224135757630421,0.027027084663451308,-0.5432054816312262,-0.001608079719923892,0.1326504055544466
P02,S02,16,lean_right,2.611254999996163,0.3814717380652142,-0.22248001826162164,-0.7643623757414527,-0.0009981392680280272,-0.001986630149432322,0.056599416007089155,-0.5470052859804386,0.002908415669849931,0.07515881475430428
P02,S02,16,lean_right,2.6946160999359563,0.38183840864451196,-0.22086064461789265,-0.7589408753732327,-0.0008601647634666616,0.0001962946605375001,0.010583813185919153,-0.5514960049981191,-0.0013517337060909313,0.06301663104130899
P02,S02,16,lean_right,2.751449599978514,0.38169580501787825,-0.21268867638319364,-0.7596592402360403,0.0030755210390544727,0.000941863678449203,0.05659531859935729,-0.5568642634797769,0.0017557263491525437,0.13173756801499215
P02,S02,16,lean_right,2.817564999917522,0.3808351446365605,-0.21165596078202967,-0.7537966890702454,0.003732537269590638,0.0021171938660455524,0.0649046034104989,-0.5480916496937412,-0.025402052500939798,0.4065036184355591
P02,S02,16,lean_right,2.8736045999685302,0.38044917405254275,-0.20678046896439312,-0.7533314160984711,0.0068799294308464435,-0.0009212145410805747,0.12386473515721316,-0.5475726474399842,-0.01875477489220057,0.3401819539942956
P02,S02,16,lean_right,2.9591025999980047,0.3803780170734866,-0.1863073244133114,-0.7643656254706704,0.020125486767880053,-0.0024151931728105397,0.2370802637718725,-0.5474175439507315,0.0022404339801814772,0.2742304397751316
P02,S02,16,lean_right,3.030076799914241,0.3792404840647912,-0.18279209179743838,-0.7923026565560151,0.0014702127605014284,-0.002490334329139588,0.04074629162189922,-0.5334731292836236,0.026507709548988335,0.3840180276083261
P02,S02,16,lean_right,3.0768224999774247,0.37941338535867375,-0.16878795005577937,-0.7959933619852282,0.013312916620397366,-0.004866388884677406,0.30322502601150536,-0.5431978173089538,0.005998183122113142,0.45369576124007716
P02,S02,16,lean_right,3.1491625999333337,0.3757150202410455,-0.13561937861203668,-0.8077929300318636,0.03749056836823659,0.008249527337645933,0.530652630501674,-0.5387381008482995,-0.006595113171097767,0.49147607585767494
P02,S02,16,lean_right,3.2033819999778643,0.3758934478187802,-0.1275101190443444,-0.8087344044727126,0.012523675049662723,0.0050141557021065155,0.2488067321996376,-0.542305111217524,0.00048436960981285485,0.4177268087351914
P02,S02,16,lean_right,3.2761529999552295,0.37266461673559204,-0.10081562681330195,-0.8144266186126295,0.02473417766744837,-0.0017760735744277358,0.34076572344047573,-0.5456029604107533,-0.03519404540366285,0.48680475154311637
P02,S02,16,lean_right,3.3564725999021903,0.36292192896384406,-0.05237394458978589,-0.8224341226103068,0.045281518982846915,-0.01344702347385148,0.5881003681646477,-0.5578770477786072,-0.012873609381919353,0.6199976100729412
P02,S02,16,lean_right,3.435545999906026,0.35918932817729043,-0.06064927904166106,-0.8425494631878494,0.006596448866708683,-0.00057324711294027,0.08373625372991324,-0.5572455963448152,0.013436255496152745,0.17594146275692393
P02,S02,16,lean_right,3.478553899913095,0.35932258290836344,-0.044268181843762196,-0.8495568999033852,0.029596291809061485,0.00707107517317088,0.7075275000727812,-0.5604360352322855,-0.01905237603125571,0.6578410042724049
P02,S02,16,lean_right,3.549591999966651,0.35393877748038133,0.0005919815540932239,-0.8401085111284133,0.04135366485371376,-0.003956479519768495,0.5847918260582611,-0.5704382491968002,-0.010397190390720668,0.790689768192498
P02,S02,16,lean_right,3.6284330999478698,0.3571886812563738,0.008407324673645838,-0.8333510692538687,0.01295386641924915,0.00824237210249148,0.19474367837623624,-0.5741830052308049,-0.005710718219218494,0.13676076320422154
P02,S02,16,lean_right,3.6933178999461234,0.3599115262673393,0.017832711315625634,-0.8134383992240374,0.02617369935668399,0.0056720308527112425,0.41275049903262084,-0.5792989271217298,-0.05918128704542915,0.9400101134549771
P02,S02,16,lean_right,3.7613179999170825,0.35961218900793473,0.03785363343952978,-0.8174431162941797,0.023880414708181256,0.002786870211541425,0.35356536489763085,-0.5748606108525065,0.008012392094942157,0.2674513955576042
P02,S02,16,lean_right,3.8072663999628276,0.36042515386910845,0.053241763167623773,-0.8143103134885593,0.006387000642552121,-0.0014056718160542448,0.14233039676566056,-0.5865223144343659,0.015230743672842927,0.376452394944812
P02,S02,16,lean_right,3.853740999940783,0.36149653809915056,0.054478796057043415,-0.8076876874048644,0.017368531125325427,0.00866666429913961,0.41766347643278245,-0.58606048459258,0.02117115860325183,0.5185366305031796
P02,S02,16,lean_right,3.948757299920544,0.3622381720445715,0.05061739054167705,-0.8039282027474997,0.019886182079686156,-0.004671280917131943,0.21498900231642795,-0.579785688851541,-0.020247170297074346,0.2320670027975289
P02,S02,17,lean_right,0.39345169998705387,0.3619881751490475,0.028997783636944618,-0.8164080245750627,0.0,0.0,0.0,-0.5776454034317293,0.0,0.0
P02,S02,17,lean_right,0.47452819999307394,0.36213242251812094,0.02797040305112455,-0.8051234504094399,3.254836565688533e-05,-0.0007098094912531883,0.008764011188945214,-0.5811112200487709,0.0020936370560486893,0.03128423727249176
P02,S02,17,lean_right,0.5186456999508664,0.36179332625154403,0.028817103830726394,-0.8048707966556063,0.0004602640907352472,-0.0010633645006355805,0.026263967975209614,-0.5820740173186952,-0.0025594025332586886,0.05980270289731035
P02,S02,17,lean_right,0.5790787000441924,0.36207563320931513,0.028679731120702868,-0.8030686053205706,-0.00018437363916683482,0.00025655921128706435,0.005227890816589994,-0.5818349415568612,0.016770757977046167,0.28046382777543666
P02,S02,17,lean_right,0.6597331999801099,0.3625822114848865,0.029574790179835338,-0.8018754251072755,-0.0012208373174503891,-4.602901082422526e-06,0.015136737510087187,-0.5857505339845067,0.02058385373355437,0.296846127113743
P02,S02,17,lean_right,0.7162690999684855,0.36294159861203995,0.030704780211727428,-0.8067820346854812,-0.0004685383328736688,-0.0016393093721503546,0.030156990617428138,-0.581284535364351,-0.03242582093933322,0.5787224704169504
P02,S02,17,lean_right,0.7705053000245243,0.36290231739098755,0.031607177168334694,-0.8102932815133235,-0.0005781400105619316,-0.002288087638391554,0.04351333744437806,-0.5785483051779858,0.007584167931146166,0.1766073996835545
P02,S02,17,lean_right,0.8683512000134215,0.3628079378492683,0.032587855448396846,-0.8063715918872716,-0.0008916268763988158,0.00014925478229459193,0.009239353881348897,-0.5811768763442678,0.0072799260299903825,0.0849434828953042
P02,S02,17,lean_right,0.941302299965173,0.3628044770242264,0.02529079463900027,-0.8050340066217165,-0.00046000811991068515,-0.0003841067801254221,0.008214920470918053,-0.5779450163828943,0.0047969171923461,0.06625535551872837
P02,S02,17,lean_right,1.0094012999907136,0.3624673454891133,0.02670290210863947,-0.8092622684242451,-0.004582036820286647,-0.003713416132704561,0.08660685690014185,-0.5785554045821752,-0.001698718406704188,0.03126268382306209
P02,S02,17,lean_right,1.0815703000407666,0.36304915359329337,0.003470351239304714,-0.8161239510485219,-0.015023139063542131,-0.0033007144322646275,0.21313117279009564,-0.5761440505272207,-0.0037496819349644413,0.21029520143586092
P02,S02,17,lean_right,1.1453279999550432,0.3610553204742798,-0.005520096226200023,-0.817957567429256,-0.0038128333771269896,-0.0036572824868483554,0.08286551496997137,-0.5743120007692202,-0.009877683270449942,0.22221271812197635
P02,S02,17,lean_right,1.218870299984701,0.3576162981057903,-0.03928793777262018,-0.8223744401013668,-0.02791481981138907,-0.008118846007173714,0.3953032779366341,-0.5720886211732925,0.04508568589881301,0.6478709506438544
P02,S02,17,lean_right,1.2813104999950156,0.3586454300299889,-0.07686670722215172,-0.8472194000009526,-0.036658279244084706,0.0017255901647795493,0.5877442821942517,-0.5609959892691748,0.03370329247800113,0.8125715448864343
P02,S02,17,lean_right,1.333706900011748,0.3597211272928449,-0.09278897319870277,-0.8457985593519777,-0.008447720675883095,0.0008037952454486572,0.16195530255052631,-0.5486451583105114,0.010199687366041689,0.31136978648159497
P02,S02,17,lean_right,1.3803281999425963,0.3590352572949538,-0.12103074406924624,-0.8452954716426809,-0.03706667156772735,-0.0006052846633737232,0.7951647278731122,-0.5505855956991923,0.003015284782540681,0.42339574971897215
P02,S02,17,lean_right,1.4584166000131518,0.3608216481946345,-0.14528524500908166,-0.8382854793560047,-0.050995999197138236,-0.0040888183257913715,0.6551505170415239,-0.5440218964926747,0.010491919952306536,0.5562670979305376
P02,S02,17,lean_right,1.5018832000205293,0.3626886389209751,-0.14834732927835206,-0.8379774979413258,-0.004709317073189473,0.0005365736455672467,0.10904434125737507,-0.5408108358471138,0.012565204809013367,0.32848512942868335
P02,S02,17,lean_right,1.5585568000096828,0.3696839870741669,-0.16111664449578664,-0.8207811909376268,-0.031184217094718775,0.005487669903236009,0.5586972503394125,-0.5280399982347405,-0.012946877894265952,0.354649336212967
P02,S02,17,lean_right,1.6691853000083938,0.3720340622095011,-0.1733058460414819,-0.8239154305885399,-0.030937545746603203,0.010502914893569975,0.2953284692699967,-0.5443056072872857,0.0005239615589609968,0.1482612189315055
P02,S02,17,lean_right,1.7401774999452755,0.3736251619913628,-0.1788495517692923,-0.8170833280327053,-0.006620220614389288,-0.0021505521994614166,0.09804966113465573,-0.542926481994278,-0.0021598314457882193,0.2761814537902973
P02,S02,17,lean_right,1.7900544999865815,0.3710565470867115,-0.19049934022893739,-0.8126135899536955,-0.01442509759004911,-0.00028167336066225817,0.2892685482280806,-0.5453917881674909,-0.0022590428004190433,0.11640300382217332
P02,S02,17,lean_right,1.8588268000166863,0.37362488440102143,-0.20344704751644704,-0.8059892120244676,-0.02044126869315086,-0.0013714855528306783,0.2978993899629104,-0.5371605332200649,0.012586769841382494,0.28103611049378313
P02,S02,17,lean_right,1.9198816999560222,0.37490816206157906,-0.21002562512049275,-0.8002799446230511,-0.0045321954311401975,-0.002564342991675794,0.08528987879282068,-0.5390064052494302,-0.0005679013918863152,0.030096192291539002
P02,S02,17,lean_right,2.002815500018187,0.3760848944141784,-0.22179555677031948,-0.7999404870488421,-0.010252913873495875,-0.0010046504096362261,0.1242197696207751,-0.5318122596702638,0.0011757104103320034,0.19316465339728364
P02,S02,17,lean_right,2.0658906999742612,0.37761259680317383,-0.22853625232877972,-0.7961579520421819,-0.004264604792987089,-0.0001064671391827442,0.06763250185481204,-0.531859431251747,-0.0028800836081604255,0.17484202163574075
P02,S02,17,lean_right,2.1367698999820277,0.37648219918641124,-0.22395477726600352,-0.7938525880258193,-0.004280694519105898,-0.0027303067812909773,0.07163306897030793,-0.535339288054198,0.0015482845534592542,0.0697938979763499
P02,S02,17,lean_right,2.191149999969639,0.37731068960747616,-0.2269725748877969,-0.7894631908592696,-0.0029136809522735435,-0.0017825596522197795,0.06281171219653736,-0.5390765168280348,0.0012190497640196503,0.055847594724765935
P02,S02,17,lean_right,2.2580969999544322,0.3767416939968987,-0.22800020883565156,-0.7869946013660227,-0.002424641465173673,0.0005738309564486945,0.03721779309855099,-0.543871249775241,-0.008145949088917135,0.13382220632001862
P02,S02,17,lean_right,2.305033199954778,0.37713652469825115,-0.22615573202450523,-0.7886809162703096,-0.0007572344113543098,0.0002623551521728472,0.017074137781308382,-0.5456874094019221,0.003589434098558447,0.080196426787066
P02,S02,17,lean_right,2.386006599990651,0.3767857842638871,-0.22417679290984005,-0.7876127936192255,-0.0009602278241294511,-0.001550206352974721,0.022519825565489468,-0.5455222151824879,-0.0008015254211068694,0.023996178630210075
P02,S02,17,lean_right,2.4672142999479547,0.37839207547577886,-0.22023200014755906,-0.7684947308495176,-0.002231066376840339,0.0010874452502461255,0.030563282584629824,-0.5483093157195935,-0.0004757447044576493,0.032846696062871904
P02,S02,17,lean_right,2.5459981999592856,0.3783818459816239,-0.2210213461856387,-0.7684244574666763,0.0007522808896050971,-0.00014767979772381176,0.009730913652094966,-0.553380935940014,0.0011015487013919583,0.04336891158285457
P02,S02,17,lean_right,2.6187914999900386,0.37883195697699223,-0.21502292452847124,-0.7661810792203009,0.0008761560604891577,0.0005946587946968545,0.014546663990234628,-0.5522570422491149,-0.001827415219356228,0.0627895365789216
P02,S02,17,lean_right,2.667455999995582,0.3792989649445919,-0.20381524468591572,-0.772307174202474,0.006518067766190714,-0.00023194488733004631,0.13402363795730624,-0.5596288893513294,-0.002952461143254262,0.17541400887756456
P02,S02,17,lean_right,2.7386249999981374,0.379884204856075,-0.2017791726813315,-0.7713821498405301,0.005619999309253164,0.0031877807827267067,0.09078588506335827,-0.5508287951195778,-0.014173235111647005,0.2484743203753124
P02,S02,17,lean_right,2.783136500045657,0.37910328161171425,-0.1864990746948842,-0.7759124301797811,0.011052607748543268,-0.00019558833093017143,0.24834791411385498,-0.5444468209902965,-0.0038288258481319784,0.11221275733856986
P02,S02,17,lean_right,2.8662694999948144,0.3792364052549876,-0.16990964136493397,-0.7838833213646097,0.029319817455933785,-0.0024891823373221207,0.353954393260094,-0.534662126594041,-0.0004877518415325304,0.36994525722767985
P02,S02,17,lean_right,2.9319430999457836,0.3769707657464378,-0.16016002099571836,-0.7958516266458476,0.005732272996893087,0.002801319326167336,0.0971494227332192,-0.5435766135767314,0.0046584274347444676,0.21994584916557397
P02,S02,17,lean_right,2.9897083999821916,0.3757766293084054,-0.14437777664013687,-0.8004054982441821,0.023103926703515836,-0.0065972867774749125,0.4159485563542234,-0.5478651074395878,-0.006395133050978158,0.5071191074010463
P02,S02,17,lean_right,3.0847000000067055,0.3687303851746485,-0.09871421993205315,-0.8163222033412317,0.041873237599445216,-0.010591439950903362,0.4546925633028674,-0.548556195076756,-0.006049525274509952,0.4330974440281356
P02,S02,17,lean_right,3.1558824999956414,0.36466021870077936,-0.08963354051101527,-0.8296605740509789,0.008931497147959988,0.0014971436856076883,0.12722378901559098,-0.5521708811578626,0.01469808779739428,0.24008893258039427
P02,S02,17,lean_right,3.2046967999776825,0.3652821091737003,-0.055887190538159284,-0.828634234119501,0.031571122664273275,-0.007196230462828121,0.663348281401576,-0.5590179567186765,-0.013457838462952324,0.5370268112279916
P02,S02,17,lean_right,3.2848692999687046,0.35907921646805896,-0.00452812368485413,-0.8337602154066304,0.04927345205740468,-0.009072348692976372,0.6249237887845431,-0.5650237470942867,-0.034652575755585564,0.67333176912876
P02,S02,17,lean_right,3.3277344000525773,0.3600001451478101,-0.005604407249603183,-0.8315361994940157,0.011039769172042158,-0.00040464914749199185,0.2577197444873871,-0.5700072099877087,-0.0007491176510252157,0.4247836220992562
P02,S02,17,lean_right,3.412234300049022,0.36082583597540846,0.007622794053005224,-0.8220445587846928,0.04039209886375937,-0.00018963756300092636,0.47801883823935576,-0.5890288368070978,-0.0690692912460541,0.8249537972922341
P02,S02,17,lean_right,3.4604137999704108,0.3630404530106918,0.034708530729716795,-0.8089819809803692,0.023428869819863647,0.004190741128915016,0.49400096748512784,-0.5905556609479056,0.036321164897752146,0.8062767723952828
P02,S02,17,lean_right,3.5046283999690786,0.3654798155322754,0.03750566433086304,-0.7996544946134058,0.009627171015649583,0.004828813663989302,0.24359200947734438,-0.5861225398653025,0.0008769107602391631,0.33555712371354923
P02,S02,17,lean_right,3.5569640999892727,0.3656220352751222,0.041238475244429806,-0.8010931660966172,0.0026771566865900725,0.00032286620495625617,0.05152420438775593,-0.5905724739096362,0.0057302957018511074,0.23560545645829592
P02,S02,17,lean_right,3.623734000022523,0.3666376544923209,0.038466286640100975,-0.7978377573633606,0.024280545667869358,-0.0005751761463435526,0.3637470972198371,-0.588573172554705,-0.003960613261312907,0.08439034637880646
P02,S02,17,lean_right,3.686578599968925,0.3674903676460045,0.052994662264387524,-0.798390515510337,0.016042179393395167,0.0006757803042497381,0.2554938179964818,-0.5835837939287545,0.001439306595680625,0.27790279346700997
P02,S02,17,lean_right,3.7582492999499664,0.36746757423078275,0.060214032491818274,-0.796917593306342,0.006216339801722587,0.0008446763998635426,0.08753178990217828,-0.5764257222807501,-0.02614634985038897,0.37299926522146476
P02,S02,17,lean_right,3.8294532999861985,0.36578917110159537,0.0547492528197637,-0.7951315760881026,0.010407575633421979,-0.00016115565560711654,0.14618312534746009,-0.576126909018977,0.0012790089727830216,0.034548691300768375
P02,S02,17,lean_right,3.901202499982901,0.3666224347087396,0.06376741763239681,-0.7941393129616034,0.007777515586338846,0.0002509387328789738,0.10845504559637884,-0.5806838195898539,0.012353175138559552,0.27329368546366056
P02,S02,17,lean_right,3.9764622000511736,0.36549100429168946,0.07531815241154546,-0.7965466420337664,0.00335363880897081,-0.00010078406866012427,0.04458100222715308,-0.5686095416033115,-0.017441049214164388,0.3149178156846599
P02,S02,18,lean_right,0.3827730999328196,0.36403607826618395,0.050844927398752494,-0.7977499784398631,0.0,0.0,0.0,-0.5804579632813723,0.0,0.0
P02,S02,18,lean_right,0.46777829993516207,0.3639893544457742,0.04707709251176882,-0.7977655109344323,1.1462766927978719e-06,0.004519195861355609,0.05316375947124901,-0.5856142142777011,0.010192155304122905,0.125311056921397
P02,S02,18,lean_right,0.5246472000144422,0.36392736399596687,0.04664146780453557,-0.7980592858219624,0.0002833014070944512,0.0001650100694595517,0.0057650779442514665,-0.5903998126537415,-0.027126998628011136,0.48226520071388645
P02,S02,18,lean_right,0.580382699961774,0.3636568779155585,0.04711193798535046,-0.8003390356675705,0.0003643985155910005,-0.00082009129551763,0.01610114119817379,-0.588390653806202,-0.01219360407894181,0.23645398481256724
P02,S02,18,lean_right,0.6614193000132218,0.36350641813035506,0.046575206322748676,-0.7982746021784615,0.0006047673992209953,-0.00052503632137345,0.00988292614799699,-0.5896737021221232,0.0027181130836620346,0.03610751007670469
P02,S02,18,lean_right,0.7193260999629274,0.3635659169509239,0.046541598920428556,-0.7940562507425267,9.0907244015438e-05,0.0007766872290768936,0.013504273166167792,-0.5907248718861994,0.006177625144431963,0.10709464636791044
P02,S02,18,lean_right,0.7760858000256121,0.3638389096738144,0.04313555887068249,-0.7982860694889262,-0.0005515870722531023,0.003284785383352229,0.058682043391907204,-0.5879195180283856,-0.0004255801723193378,0.06349416184688011
P02,S02,18,lean_right,0.8676802000263706,0.36306787561897075,0.04480134387416968,-0.7979296532051209,-0.00218160646107459,-0.002855645082281024,0.03923407450804579,-0.5892088407425708,-0.01446226284529997,0.16328683975807798
P02,S02,18,lean_right,0.909911899943836,0.3630004927961875,0.04429107589375911,-0.8050470713534007,-0.00021670281860054806,-0.000586604144307981,0.014807633349628563,-0.5923457631367902,0.005751735807657743,0.1601068731290543
P02,S02,18,lean_right,0.9554614999797195,0.3631838097387079,0.038500622149238245,-0.80261527382411,0.00018893971993695676,0.00011783602077284251,0.0048885968256233885,-0.5900684299728833,-0.002288081061808567,0.11360295114070565
P02,S02,18,lean_right,0.9958761000307277,0.3629393083467874,0.0373699450722475,-0.8028607727287306,-0.002585311642019331,-0.00022835845182409624,0.06421880708120092,-0.5806230519801955,0.012921773130695872,0.3799819996965201
P02,S02,18,lean_right,1.037339000031352,0.3626581389210043,0.03195614094192852,-0.80088527393076,-0.0007801927445792446,-0.0017483253255659815,0.04617400940188122,-0.5803890464122007,-0.011263760037914301,0.27961309837702564
P02,S02,18,lean_right,1.0774228000082076,0.3628254033418236,0.023755133090425214,-0.7960524331248837,-0.007686045924839892,-0.004325962560542226,0.22003456909134125,-0.5833405400079409,-0.00033932154954407925,0.1012197015308823
P02,S02,18,lean_right,1.1559131999965757,0.36255887086879407,-0.025138841930794954,-0.7970331091619013,-0.02016266223555862,-0.0061162519526483565,0.26843943967883815,-0.5848859944682127,0.028778365572672646,0.4094185800364414
P02,S02,18,lean_right,1.2235990000190213,0.3609145399004426,-0.024353230633086687,-0.7965026488922865,-0.0072247695970029165,-0.00672271689453443,0.14580236285477763,-0.5889651711162065,-0.0008121816731810765,0.08440305191158434
P02,S02,18,lean_right,1.2852527999784797,0.3573149903261173,-0.039382704794602104,-0.8197880422899471,-0.02720792843327373,-0.0033242416166192517,0.4445833459990532,-0.5806941993233578,0.05881017825679787,0.9803242893256023
P02,S02,18,lean_right,1.364246299955994,0.35593574900702124,-0.058975166558747294,-0.8323731313490316,-0.048153547298127035,-0.0023165440835899325,0.6102937155226603,-0.5615602855016443,0.01651152982231849,0.6390985079512994
P02,S02,18,lean_right,1.4170266999863088,0.35859145058249714,-0.08406424977684314,-0.8397906263588435,-0.0047228166494581525,-0.0016996704582909147,0.09509875315610045,-0.5651760493912465,-0.0019919935994771676,0.3995193320228829
P02,S02,18,lean_right,1.4808863999787718,0.35999117594276925,-0.11111981347587895,-0.8386185850876778,-0.03806508005873901,-0.002144329656038029,0.5970186322561649,-0.541416356558286,0.012096988264179617,0.5845623258851242
P02,S02,18,lean_right,1.5537598000373691,0.3614688882939623,-0.13746673688385966,-0.8455944214734941,-0.041870095562008616,0.0006163799136959685,0.5746216345369244,-0.5307044806469954,0.004923260660115019,0.26128191120030764
P02,S02,18,lean_right,1.596172499936074,0.36318691183819973,-0.14591700194444712,-0.8382929800526843,-0.007193761976549523,0.0034489717868337343,0.1880997998981333,-0.5356189941160937,0.0006506973840355908,0.21483262555615365
P02,S02,18,lean_right,1.654619300039485,0.3647467866531535,-0.1423050757237127,-0.8373705214052037,-0.004894037920379159,0.002649100504270346,0.09521497123512386,-0.5346570644798391,0.0008788744124570276,0.028815891860393853
P02,S02,18,lean_right,1.7006477999966592,0.3669386553362723,-0.1556238161594181,-0.8283212825120827,-0.02492572913342234,0.000311392932777036,0.5415704220307025,-0.5292211213453614,-0.003798042891901384,0.5586960986670126
P02,S02,18,lean_right,1.7710799999767914,0.3714942583867781,-0.16800480585477803,-0.8168390083924234,-0.031247656411655986,0.011628861412591096,0.47338237970256636,-0.5275239747350177,0.0010325983579658746,0.0957478850531568
P02,S02,18,lean_right,1.82136589998845,0.3713877187441346,-0.18780999039899265,-0.8092731970713021,-0.00761775840195091,-0.002279704292794166,0.15812701497674075,-0.5257044032912875,-0.0043478919291533,0.3332594504636466
P02,S02,18,lean_right,1.8653030999703333,0.3727970040777149,-0.18258881695291468,-0.7986948285789224,-0.01624315568330783,0.000995843651968106,0.3703844100864376,-0.5267251594084194,-0.000484281416131358,0.16257901354643178
P02,S02,18,lean_right,1.9328439999371767,0.37343883409854284,-0.1868428454534928,-0.7937063009510964,-0.005691899032481188,0.0011776040116834438,0.08605808642423873,-0.5304368892793999,0.000948259852070484,0.09313316584627974
P02,S02,18,lean_right,1.9996129999635741,0.3731390743984625,-0.1931644984772535,-0.791300824858796,-0.013747267805884405,0.0012498732377382068,0.20674218299635416,-0.528922391979596,0.00020553095146205584,0.25057114676138503
P02,S02,18,lean_right,2.0675909999990836,0.3740521656334757,-0.22140344180746477,-0.7866398754957638,-0.015305481449953404,-0.0035966545867925893,0.23128651067100475,-0.5230542388585748,-0.003490480225731112,0.17642701182921885
P02,S02,18,lean_right,2.122223199927248,0.37627129754283706,-0.2207327331371493,-0.7844190211807059,-0.001625035585816197,0.004427206175599851,0.08632318237431096,-0.5249555722991168,-0.006434372281659131,0.1770589202297
P02,S02,18,lean_right,2.1911248000105843,0.3747713664914535,-0.21642646009472144,-0.7853352889398648,-0.004937619350272268,0.0013439902183293528,0.07426916582859526,-0.5273633969503029,-0.0004886091839385566,0.04257918530926142
P02,S02,18,lean_right,2.2635281999828294,0.37574858303338804,-0.2316669959924761,-0.7843146614955766,-0.008180758431074416,0.0004276639475714916,0.11314288086782953,-0.5209035816412269,0.003244845479221428,0.08829697723747328
P02,S02,18,lean_right,2.338300699950196,0.37585702731310056,-0.23452433098477096,-0.7845682398767972,-0.0015903723684076694,0.00041976997436588774,0.021997896466692327,-0.5215198860752948,0.007192158385271039,0.10187660183642241
P02,S02,18,lean_right,2.4027784999925643,0.37657372050013765,-0.23545473754675939,-0.7825388750941272,-0.0037238685301448316,0.0009012547314781361,0.05942166044287708,-0.5288492060498894,0.008475026737132102,0.1324070611149118
P02,S02,18,lean_right,2.4671220999443904,0.3767449139822847,-0.23891232644980623,-0.7782070074788966,-0.0025512477138097517,-0.0006600502588725661,0.040955865913167216,-0.5342752716600291,-0.003852925076929175,0.09581423761607316
P02,S02,18,lean_right,2.541163499932736,0.37730545359610357,-0.23519043877211818,-0.7681372401369182,-0.0019435209232237024,0.0001939927003083625,0.026379547479480764,-0.5436391507153256,0.006124831461665762,0.08373555299374506
P02,S02,18,lean_right,2.591395499999635,0.3775426234381929,-0.23445482534098533,-0.7645756598237996,-0.0006179435532519923,-0.000951514270865074,0.022586462676061465,-0.5454576033428921,0.0006940179169263129,0.029916938843919244
P02,S02,18,lean_right,2.6575557999312878,0.378043687400133,-0.2329064173286384,-0.7664162729361962,-0.0007253228313223017,0.00048679384652503476,0.013203293997462262,-0.5469426228270013,0.007124944266670835,0.12186482088067985
P02,S02,18,lean_right,2.7067788999993354,0.37793273780271225,-0.22518157583635032,-0.7700196248992736,-0.0003142614899838677,-0.0009382305270254207,0.020101596328306492,-0.5489041381529313,3.425338300605671e-05,0.0426181230529487
P02,S02,18,lean_right,2.7490290999412537,0.37863792906717114,-0.2233054366320755,-0.7668979806734956,-0.001319482529756529,0.0008007096024345723,0.03653066753379933,-0.5499147315047586,-0.0001862303884633475,0.06366929095090569
P02,S02,18,lean_right,2.823680500034243,0.37839139953218714,-0.22128256731435406,-0.7668407139938761,-0.0006029121649166912,-0.0005634531192441553,0.011054268706103947,-0.5466894366476258,-0.005157582255468871,0.15259227362166508
P02,S02,18,lean_right,2.894985100021586,0.37942390539434917,-0.2120405714801683,-0.765237168100842,0.0025079226389500245,-0.0001159342551137354,0.03520952179329059,-0.5445029529191497,-0.004015106312750029,0.08671639860627246
P02,S02,18,lean_right,2.9483155999332666,0.37912872762147687,-0.21371739779358281,-0.7661737208985615,0.00028978616886011745,-0.0003717343801816073,0.008838115970539776,-0.5467759982121249,-0.0003189144966598926,0.08889108662617341
P02,S02,18,lean_right,3.028428699937649,0.38010899690673744,-0.20281774266206504,-0.7645113633019659,0.004737190865613098,-0.0026530573944879947,0.06777318956941912,-0.5499902606507445,0.003314183185550631,0.0417590831671696
P02,S02,18,lean_right,3.0797852999530733,0.38023593436477515,-0.20291899870945343,-0.766779300535849,0.011456487451097657,0.0024865579296947755,0.22827110848283944,-0.5370808109395039,-0.02376794150191753,0.47213247079755205
P02,S02,18,lean_right,3.134330000029877,0.38103443036924733,-0.1987756124809771,-0.7657013220880583,0.003607788733015689,0.0008492503319765941,0.06795151928387161,-0.5311847702096674,-0.0050041289901440805,0.09324288848503058
P02,S02,18,lean_right,3.2038949999259785,0.3814060984900543,-0.18539424354844278,-0.7666208389396425,0.016506190685963755,0.0014264879341564934,0.2381616557471045,-0.5347238898479172,-0.0062758104789595775,0.14541237703478482
P02,S02,18,lean_right,3.268008299986832,0.3802460600573239,-0.17720117421976883,-0.7689561644764359,0.02734041656595689,-0.004050963301758348,0.4310946083885669,-0.5378216940283675,-0.003040779328330887,0.47562214021993987
P02,S02,18,lean_right,3.3085491999518126,0.3788066057753549,-0.17095523242249894,-0.7766602323590959,0.004515999805376131,0.002182580807922208,0.12372114256761574,-0.5441959730291802,-0.0001631466691307164,0.39720650466412954
P02,S02,18,lean_right,3.362354399985634,0.3756627924167077,-0.14946813464352096,-0.7983920623037869,0.021972603605413876,-0.008762766470637744,0.4396503054840262,-0.5413954256171822,-0.0023421297333385575,0.4195251800631098
P02,S02,18,lean_right,3.4068444999866188,0.37056132500547667,-0.12876081688318636,-0.8145543301957657,0.00986870668101556,-0.004276749867480238,0.24175164563445808,-0.5512410784294562,0.007788214854965222,0.49447029454107966
P02,S02,18,lean_right,3.4465575999347493,0.36922970600357596,-0.12959417796506603,-0.8151354519642725,0.0007191290055914402,-0.002112388484800896,0.05618905620843225,-0.5639251369394401,0.022633632178604392,0.6094372594724865
P02,S02,18,lean_right,3.487402500002645,0.3686897389321457,-0.10334483372403724,-0.8273585319828749,0.031551470020235714,-0.0035670015827759588,0.7773910733225144,-0.5699222546420531,-0.03052708074700022,0.7997146898059052
P02,S02,18,lean_right,3.557477599941194,0.3628386731799089,-0.04752717362235503,-0.8360825546362642,0.05863515844587111,-0.005450336066298351,0.8403545231567113,-0.5710191291985385,-0.02395592500276859,0.7202934352977761
P02,S02,18,lean_right,3.6204023000318557,0.36025582046544086,-0.04669694086272908,-0.8464071086055522,0.012796798797577886,0.0013203807977771067,0.20444654082127656,-0.5805746332702428,0.010284420246598149,0.2102973231279026
P02,S02,18,lean_right,3.696274199988693,0.36044357279421313,-0.030796902381967122,-0.8582445508319909,0.03892333735531855,-0.0014364405025388848,0.5133631003202872,-0.5754764561606875,-0.03792108528094703,0.5862784467880321
P02,S02,18,lean_right,3.7910754999611527,0.35682084347897985,0.0039242722026364835,-0.8524825505221456,0.04979290463111809,-0.0015191781865224008,0.5254788095450958,-0.5733482607334319,-0.039492449304684915,0.5237055876589243
P02,S02,18,lean_right,3.8530480000190437,0.35949509012509573,0.030301666072480155,-0.8424294002043196,0.007905267241391609,0.0025333563513445178,0.1339509244138636,-0.5758714742416962,-0.014583212056244731,0.2575003707777646
P02,S02,18,lean_right,3.8961673999438062,0.36041184901899703,0.03589308762749652,-0.8400101295526008,0.022989081476236288,0.0017836153157903098,0.5347516173751785,-0.5794269058481192,-0.0026579850143481475,0.20272140471468864
P02,S02,18,lean_right,3.9666756000369787,0.3614167792359226,0.05585288812076387,-0.8292258817519673,0.033437123327894856,0.001425563446522094,0.47466107959546006,-0.5806303121364933,0.006657182956716861,0.18459631108060878
P02,S02,19,lean_right,0.371508999960497,0.3629144235622689,0.01847428299560505,-0.8187760408442912,0.0,0.0,0.0,-0.5857767891108662,0.0,0.0
P02,S02,19,lean_right,0.46225990005768836,0.3607617859030432,0.014202913902887549,-0.8190812521421268,0.003783841936664726,-0.00445975222235573,0.0644474292501527,-0.574417964931338,-0.047924991901966536,0.5510793021210505
P02,S02,19,lean_right,0.5123589000431821,0.3603143487910353,0.011484272467325316,-0.8191220518952959,0.001965568097960833,-0.0012888184692150186,0.046915663643302935,-0.5748219084055338,0.0019844178502928973,0.05855341918172764
P02,S02,19,lean_right,0.5923249999759719,0.36090344382887807,0.011540424268668371,-0.8176642061949878,-0.0008400557845432375,-0.0002941392612349368,0.01113050042275319,-0.5760391052739775,0.0027039883667126603,0.06456165283590685
P02,S02,19,lean_right,0.6545013000722975,0.36085489920347236,0.009924612605328552,-0.8174749045840456,-0.00031057256971239093,0.00011149394205869639,0.005307152730274063,-0.5725645919706066,-0.0036704411031644115,0.06479885177564221
P02,S02,19,lean_right,0.7047513000434265,0.36073850846856803,0.007245520280889527,-0.8179892299037901,0.00012123714845307011,5.039499867555214e-06,0.0024147630347907028,-0.5719014977329565,-0.00427279566401836,0.0917211005764329
P02,S02,19,lean_right,0.7762480999808758,0.36176815693407594,-0.005835689723257375,-0.8178140142003695,-0.004697491738229558,0.00034105161640177775,0.06587506212310777,-0.5685909211556041,0.02344126919194314,0.3391541988029428
P02,S02,19,lean_right,0.8583166999742389,0.3615760435943836,-0.021024310438591893,-0.8299828248517126,-0.012290233748275524,0.0005379774508587183,0.14989901732783023,-0.570116928412867,0.04206131840823858,0.5277966627098271
P02,S02,19,lean_right,0.899214299977757,0.360676326923897,-0.019033547666944418,-0.8352737041147692,-0.0034146845298570713,-0.0017304164117619095,0.09360226687613954,-0.5686656098414095,0.021916119892903648,0.5591657396140766
P02,S02,19,lean_right,0.9740327000617981,0.3613132776670078,-0.04019858090661887,-0.8345370533881897,-0.028871598828476525,-0.00038635191865995307,0.38592356570995834,-0.5725809056860218,0.005507475428464745,0.24220651534565615
P02,S02,19,lean_right,1.0485233999788761,0.36105597787336147,-0.08972149935391921,-0.8569015919020342,-0.03542018151923527,0.008226394349207137,0.48815398472001525,-0.5592640066081277,0.005965168030539586,0.7148379460878364
P02,S02,19,lean_right,1.1355834000278264,0.36152376460979746,-0.11326269023700188,-0.8557700683892073,-0.006797697819572725,-0.004265614941290921,0.09218034280972136,-0.561168808915515,0.004369499904725846,0.08228946893445531
P02,S02,19,lean_right,1.2132335000205785,0.3602289259947527,-0.15647184222966418,-0.8521518948007002,-0.04289626190630433,-0.004438634110258908,0.5553797278253225,-0.5484566394169226,0.010741670851355075,0.5120849322608795
P02,S02,19,lean_right,1.2562939999625087,0.3639946563036654,-0.2077784148256004,-0.8438755449724273,-0.04223354018913967,0.0052059854008360525,0.9882187309171492,-0.537150145821442,-0.0014953669175368771,0.6793310228049423
P02,S02,19,lean_right,1.3185034999623895,0.3690179340051583,-0.21387182756357281,-0.8274621322189691,-0.008246079514910243,0.007042616847824709,0.1743171352285167,-0.5292452792540141,-0.010532045686568956,0.20096512691167515
P02,S02,19,lean_right,1.3951576000545174,0.3730588932322914,-0.23487844271472078,-0.8068633250527079,-0.04151770765401304,0.005985886027704317,0.5472244902807543,-0.5252953086341037,0.008470532403572076,0.21260592187640107
P02,S02,19,lean_right,1.4491983000189066,0.37500828694095495,-0.2529842777476156,-0.7961350777798307,-0.03945368761743829,-0.0017592518183479136,0.7307990264842655,-0.5236919814849226,0.00074806000320965,0.6930502807309048
P02,S02,19,lean_right,1.5154370999662206,0.37725289981156745,-0.2629065425757106,-0.7863025377379729,-0.010990316827172152,-0.004516883469980967,0.17938595507587654,-0.5250606089163805,-0.0015272080045920199,0.4431960168379643
P02,S02,19,lean_right,1.5726820999989286,0.378298848038315,-0.27501508103340927,-0.7732552389980986,-0.021052887866880025,0.0027916423790521542,0.3709873205724629,-0.5226997757378411,-0.0010457456773083997,0.08070422758620466
P02,S02,19,lean_right,1.6598435000050813,0.3806583859199405,-0.28087780376817173,-0.7589403475391753,-0.02753269939510193,0.006496943223892747,0.32455724275986225,-0.5245435028973078,-0.0035700395673925775,0.1884291778237288
P02,S02,19,lean_right,1.7331884000450373,0.3828923354266273,-0.29127465259980784,-0.7497299816395089,-0.006060192790069606,0.0012859076106041948,0.08446556805514635,-0.5315318128303019,0.004704716989765366,0.08988386890986379
P02,S02,19,lean_right,1.7971564000472426,0.38254535679022145,-0.30661966278615493,-0.7305547422172768,-0.013413837158217813,0.0016434908486827862,0.21126413288246135,-0.5465516042458299,-0.007945320381056623,0.31852882818035444
P02,S02,19,lean_right,1.8598475999897346,0.3832170051068821,-0.3097628463239568,-0.7321841266738593,-0.00805161658294388,0.004740163223362612,0.14903722686023052,-0.5457663828808059,0.010124532411341649,0.17815481525929772
P02,S02,19,lean_right,1.9123629999812692,0.3842896235609295,-0.31233366992255274,-0.73077919079804,-0.004788004594049061,0.00038845657984907145,0.09147291507069727,-0.5497732588755019,0.003798122100448106,0.11979756883906557
P02,S02,19,lean_right,1.960950499982573,0.3848582384405587,-0.31727449372684946,-0.7185377772132848,-0.0011331764299173158,-0.001111610185633175,0.03267048294399611,-0.5552235196465832,-0.011593431297831577,0.3362024750330908
P02,S02,19,lean_right,2.058478599996306,0.3861492782994601,-0.3214179337725143,-0.7051400870844833,-0.008192547549766243,-0.0029949788529192267,0.08943912889120696,-0.5529133909024645,0.0014944810170441326,0.14274609397352847
P02,S02,19,lean_right,2.1467734000179917,0.38672652733163354,-0.32353214840159383,-0.7014682609538856,-0.0006475607369159107,0.0001441078874250569,0.007513487002894068,-0.5544368391178597,0.005993140491008962,0.07508479843565619
P02,S02,19,lean_right,2.217233999981545,0.3874311732418524,-0.3128915529202321,-0.7052042121866804,-0.0013189966561178313,-0.002765839141970767,0.043488820913183096,-0.5569338493911195,0.0019312976747293384,0.034761152632692596
P02,S02,19,lean_right,2.2818068000487983,0.38745277214221047,-0.30157457677939953,-0.7066882726986184,-0.00029459821416112647,-0.0005991189269193248,0.010339203689285745,-0.5609092969421553,0.0039653205697485535,0.06827755198242283
P02,S02,19,lean_right,2.3378382000373676,0.3873055230576872,-0.30254246804307866,-0.706097901758042,-0.0009585392096983473,-8.518125593128927e-05,0.01717459518768106,-0.5636890318521234,0.0038800637146148807,0.09952312906647057
P02,S02,19,lean_right,2.4100550999864936,0.38721320039276125,-0.301954002035413,-0.7130308135284064,-0.0003787890740353604,-0.00011167793283050045,0.005468373837979584,-0.5631486713095583,0.014058342480953933,0.19538170181141262
P02,S02,19,lean_right,2.493924100068398,0.387672886749883,-0.2983909652456605,-0.7127874925504695,0.002065436929222251,0.001271511186725078,0.028919413718558756,-0.5652226348407277,-0.02193267482389283,0.28277101371463914
P02,S02,19,lean_right,2.580051500000991,0.3892251425490901,-0.29857731636206425,-0.7091210497915643,0.00409085489426668,-0.0008442424980428508,0.04849863191908684,-0.5600967729832286,-0.0023200682379845455,0.04097825632196978
P02,S02,19,lean_right,2.640861800056882,0.3884428132965775,-0.30069392557129676,-0.70844749201238,0.005826540462625896,0.001671170540496389,0.09967829799293795,-0.5592507356460625,-0.017448308949724448,0.36111274352578965
P02,S02,19,lean_right,2.6891078000189736,0.3887325085458341,-0.30435690786914626,-0.7058146876766519,0.004293778324923019,-0.002895881097676926,0.10734692470054706,-0.5470346314952865,0.014151603398343362,0.3287688401641011
P02,S02,19,lean_right,2.761350700049661,0.390409427365446,-0.2824575907612277,-0.725923149495946,0.011445239119776464,-0.0038539029608442117,0.16716763137575932,-0.5460009250238407,0.0008410474055544967,0.055519746419515896
P02,S02,19,lean_right,2.8136147999903187,0.391049994094535,-0.2840083631188788,-0.7270830900978212,0.006931583602866852,0.0010124635184748756,0.13403342331168147,-0.5484618469944177,0.005246705029897098,0.12113945908191899
P02,S02,19,lean_right,2.87707050004974,0.38853377266353467,-0.2658940522110939,-0.7352758994875794,0.017763497440072065,-0.00426155341880522,0.2878784838781307,-0.560167385570466,0.003430832029699739,0.5140259521888206
P02,S02,19,lean_right,2.9498433000408113,0.38824728745836,-0.25854649058106943,-0.7361153671682268,0.011661655383818356,0.0001144509288679047,0.1602551640081015,-0.5470041867542171,-0.008448600273299038,0.2501900155774526
P02,S02,19,lean_right,3.019795599975623,0.38473655109135096,-0.22234159806411943,-0.7456993818225744,0.019828300179154965,-0.007978935738849705,0.30554338627969063,-0.5551355506369688,0.0036543421047231187,0.3471449833272562
P02,S02,19,lean_right,3.0748207999859005,0.37707545761313044,-0.1859900556786581,-0.774250236596981,0.03694189286055994,-0.015230365209735327,0.7261822162538021,-0.5352432683343751,-0.012111971989084957,0.6878120095420461
P02,S02,19,lean_right,3.1306532999733463,0.3771997178437138,-0.18727715968138356,-0.792473025470877,0.005346881956312959,0.0004662344537666278,0.09612986507276837,-0.534815929076999,0.0024690899818970613,0.0847978647376626
P02,S02,19,lean_right,3.170594400027767,0.37472419461001016,-0.15836523691882765,-0.7938776759749124,0.02467780356131706,-0.0037029002877511006,0.6247716500598148,-0.5407094147408716,-0.023199876128642806,0.8725357247301285
P02,S02,19,lean_right,3.258165600011125,0.36533097832031386,-0.11261116675170532,-0.8123321410893167,0.04387795522308836,-0.004745533784817282,0.5039765480498476,-0.5530343593661197,-0.002577300835220926,0.7124331926643492
P02,S02,19,lean_right,3.3415295999730006,0.36584432422498825,-0.09383075024361284,-0.8278212437500883,0.007480877768507115,-0.0007539285850133759,0.09019207982821385,-0.5513373254016569,0.03157929008473731,0.38417212159987296
P02,S02,19,lean_right,3.4029468999942765,0.3639695779750578,-0.045992634535054554,-0.8417413166173228,0.021435351577539417,0.0014095056527415138,0.34976534948482413,-0.5558716799650245,-0.005040781207649072,0.3406683196533282
P02,S02,19,lean_right,3.480456699966453,0.3617468980382232,-0.021222772064667796,-0.8592097637710148,0.04610209594506313,0.00311775745571361,0.5961491110088735,-0.5491865761530329,-0.02558387976596692,0.4034247894426218
P02,S02,19,lean_right,3.5455331000266597,0.3612047515758807,-0.00676892432023198,-0.8524944485000137,0.008475315855149644,0.003377387089443206,0.1401963070125357,-0.5572242559991325,0.0029239671374030577,0.21137219906495253
P02,S02,19,lean_right,3.622072600061074,0.3627408867970968,-0.0039153553608155724,-0.8552278607006596,0.02639336152066815,0.0034990571903175767,0.347850353850757,-0.5694763391979294,-0.013036382864373698,0.24647372695735578
P02,S02,19,lean_right,3.6843206000048667,0.35856504618334656,0.008765238689539443,-0.8561834218747847,0.028116527894803418,-0.002672912197849381,0.4537220961810609,-0.5700249895852607,-0.030668703509710675,0.5320593345662101
P02,S02,19,lean_right,3.7586875000270084,0.3526309320050737,0.022407335318100675,-0.8602213983947692,0.030156907475490418,-0.0013502834311238388,0.4059214782052563,-0.5709732197030728,-0.015281961741065223,0.2534502167961772
P02,S02,19,lean_right,3.838054300053045,0.35668816181500823,0.030894679191607866,-0.841735001951937,0.011314312943816776,0.010294215859069452,0.192732399126072,-0.5799072301344633,-0.016318591790449675,0.281684944339788
P02,S02,19,lean_right,3.898198000038974,0.35532319917628724,0.0416085136991114,-0.8428526983076401,0.012808668194207335,0.003283996467083748,0.21985607520805237,-0.5858324569105388,-0.0036903776463000004,0.20528543078258396
P02,S02,19,lean_right,3.945977700059302,0.35758172116063747,0.04575190372222815,-0.8361879831403654,0.0038678741017302517,0.005945100475659035,0.14844334505510384,-0.5850147635236803,0.010550049932832187,0.31186560532015273
P02,S02,20,lean_right,0.3716388000175357,0.36097348807147456,0.0167294125117171,-0.8115522378492231,0.0,0.0,0.0,-0.5837462100902052,0.0,0.0
P02,S02,20,lean_right,0.47261359996628016,0.3593689950334431,0.014299051132382112,-0.8077578965690718,0.0033792977462153684,0.00047477188635507584,0.03379542354937894,-0.5785841849534581,-0.05476213876180031,0.5611033762273147
P02,S02,20,lean_right,0.5202139000175521,0.3594008946255328,0.026149772892800148,-0.8082431904419546,-0.00013657290704208248,9.867744953253077e-06,0.0028766400184735354,-0.5719684200750225,0.011939811955760252,0.25126828419740405
P02,S02,20,lean_right,0.581879899953492,0.35944421026460105,0.02766014302646344,-0.8130545271527378,-5.492935487071493e-05,0.0007515164868651473,0.01221939551861809,-0.5711495621523787,0.019710677772480183,0.32010960745369743
P02,S02,20,lean_right,0.6578621999360621,0.35974569644467286,0.02855560558593122,-0.8126466906268053,-0.0005239803866039108,-6.287764639246931e-05,0.006945559174345932,-0.5700376102846957,-0.00044498519534608795,0.0165284402943659
P02,S02,20,lean_right,0.7173479999182746,0.35925939070366414,0.0287517492799052,-0.8143502136585493,-1.5471086543955682e-05,-0.0003889754681212236,0.006544133552511294,-0.5734599314402871,0.003948978030810512,0.07505096525428698
P02,S02,20,lean_right,0.7844536999473348,0.3602766964853044,0.025303295441037175,-0.821081280573965,-0.003370494230390421,-0.001384826395822018,0.05430083655806225,-0.5681504705922169,0.0002862144729335738,0.028200468473107306
P02,S02,20,lean_right,0.8649505999637768,0.3618095879088122,0.01931531396492883,-0.8228023592108594,-0.00505864130504472,0.0027262883554001996,0.07138809928873263,-0.5741948810096047,0.010883144609399492,0.1381240095742064
P02,S02,20,lean_right,0.9441487999865785,0.3614959698821614,0.016853875236816997,-0.8254700533849384,-0.0016798309568143417,0.0023566768615770894,0.036542372963984514,-0.5796310777456279,0.005558403721674267,0.07303297545286441
P02,S02,20,lean_right,1.014475299976766,0.3531555326440174,-0.011830235359603992,-0.8417001803164187,-0.023660259747556454,-0.01295754128239504,0.3835826052266646,-0.5880864971111128,0.02742582905271402,0.45118241651720775
P02,S02,20,lean_right,1.066875100019388,0.35941368427835285,-0.03876065689947472,-0.8285386071305246,-0.02636866135913976,0.0016396457582786054,0.5041925744033604,-0.5858109458232287,0.021332011712332673,0.5176077352496223
P02,S02,20,lean_right,1.107157599995844,0.358289098360331,-0.04763717209513062,-0.8426582319999542,-0.005654254000633218,-0.0007192534823575124,0.14149610890639688,-0.5845156611814446,0.0010043181400276198,0.3672846627501533
P02,S02,20,lean_right,1.1733729999978095,0.357921019904326,-0.0727967444245433,-0.8503944229218134,-0.03821883829078681,-8.542997217081248e-05,0.5771910125087849,-0.5666775761645894,0.04051199408321756,0.7782628071255364
P02,S02,20,lean_right,1.2650843999581411,0.3599180746758808,-0.11564562758972474,-0.8595436686609575,-0.04599259393877815,-0.002514812111205566,0.5022417702636981,-0.5363984629090016,0.021515314869272825,0.5502193728060085
P02,S02,20,lean_right,1.334953699959442,0.3605314054389731,-0.1356800966094907,-0.8576053738597297,-0.008463907572890292,-0.0003389150569026745,0.12123622733851758,-0.5434252821871223,-0.0014844955383622365,0.025667606930514973
P02,S02,20,lean_right,1.4222093999851495,0.3633681236384857,-0.17666749154698627,-0.8446787979802418,-0.04433324414231544,0.0012409975193554846,0.5082832414170944,-0.5209065006194166,-0.011693581035254344,0.4458781429010221
P02,S02,20,lean_right,1.4712809999473393,0.37045922555539734,-0.20628202118345643,-0.823700794583311,-0.039973717515640654,0.006326591100604259,0.8247391954540394,-0.5068910426103969,-0.006355381004789772,0.44348448023837866
P02,S02,20,lean_right,1.5417088000103831,0.37066914489505565,-0.2016405286177689,-0.8088793635471457,-0.012826115544539081,-0.00040868037381299697,0.18220965019831495,-0.5103848457701468,-0.0033204197393870215,0.10046826920278543
P02,S02,20,lean_right,1.6168338999850675,0.3762041701286613,-0.22960355378988997,-0.7771274229933393,-0.03259549308822147,0.0027411970506034927,0.4354144463940147,-0.5110930181736663,-0.0030302460301618026,0.22111386941430522
P02,S02,20,lean_right,1.6710177999921143,0.3808285869972917,-0.2517902760020182,-0.7698502222465976,-0.025525302947635733,0.00676918953711313,0.48737045140245366,-0.5155573805574044,-0.01099495001834481,0.3693657617841434
P02,S02,20,lean_right,1.7485321999993175,0.3822930024408351,-0.2469719538910536,-0.7645344590770163,-0.013584451997325152,-0.0033295330572404563,0.18043787673677855,-0.5235472532101888,-0.009657952078997067,0.3946890819183134
P02,S02,20,lean_right,1.815864700009115,0.3812633183374984,-0.2777144277609903,-0.7669274743155372,-0.015911206999969334,0.0014238172837055729,0.23725222217881442,-0.5372395550771141,0.007765318175828406,0.3034784927392934
P02,S02,20,lean_right,1.9062501000007614,0.3833761910349094,-0.2748043884296663,-0.7529338726419278,-0.020042082136075424,-0.0029065676485227044,0.22405991901674902,-0.5487710206087206,-0.012649551396356148,0.22815885481913634
P02,S02,20,lean_right,1.996248299954459,0.3871205876344898,-0.27353019897226777,-0.7369160385547202,-0.014972079880481617,0.0038035009940538037,0.171643954442535,-0.5484810768899195,-0.00023019416330910222,0.022661410558358016
P02,S02,20,lean_right,2.0649420999689028,0.3855808838954418,-0.2834946954345508,-0.7364109310067184,-0.012524127137182692,0.005555286085899589,0.19944901961080225,-0.5487474723820881,-5.78748616541107e-05,0.03136973101707159
P02,S02,20,lean_right,2.1594432999845594,0.38570930498492306,-0.28622597290080365,-0.7267673835684193,-0.012937233790156018,0.0011619302886241762,0.13745124023809732,-0.5557226233068145,0.02199834184731478,0.339487148215347
P02,S02,20,lean_right,2.2304635000182316,0.38564900198860497,-0.2897117222127316,-0.7221396899202662,-0.004542170842834772,-0.0004600380767462542,0.06428323328398255,-0.5649027407503067,0.006761445015488121,0.2154597978186019
P02,S02,20,lean_right,2.2781584999756888,0.3886026096336003,-0.29246288898072326,-0.7100302709818044,-0.004302959405045721,0.0028623381596040026,0.1083556104948352,-0.5578942919660405,-0.003445420926595231,0.1245947160982037
P02,S02,20,lean_right,2.351068399962969,0.3891451109639316,-0.30007942158761935,-0.7017265717552454,-0.009037994247311668,-0.0023863600991935836,0.1282093366637828,-0.5638549725021831,0.0030229564127764647,0.06588049839204925
P02,S02,20,lean_right,2.4372020999435335,0.3891935055979939,-0.2978256189319901,-0.6999257293440473,-0.0007513113191793706,0.0021408716161256526,0.026341331777301663,-0.5694579409956296,-0.011418485710705983,0.13618326533333874
P02,S02,20,lean_right,2.5135166000109166,0.39075526319231046,-0.2956909989941376,-0.6995691107312901,-0.0012429479362207302,0.0020478095408680494,0.03138990425394824,-0.5641709893477742,-0.015729851068730004,0.239868649413238
P02,S02,20,lean_right,2.5850363000063226,0.3917090769507214,-0.29713282541343383,-0.7044131894849316,-0.001796904491086225,0.00248136435825962,0.04283663981652463,-0.563041202856035,-0.006566698249746406,0.14021583034986457
P02,S02,20,lean_right,2.638730000006035,0.3911936881693876,-0.30435929971718045,-0.7010890055565231,-0.004026063889663695,-4.410997719115525e-05,0.07498655371481014,-0.5613909978820368,-8.610928529453698e-05,0.1495668662654892
P02,S02,20,lean_right,2.7303333999589086,0.3928552386916451,-0.3007794458683142,-0.6997533707871642,-0.0024507218717563875,6.93367937591227e-05,0.026764318014695858,-0.5666074583851582,0.01124855459932619,0.13137834300213916
P02,S02,20,lean_right,2.7843317999504507,0.39310315732696005,-0.2978185801318958,-0.713607201016024,-1.662199619034723e-05,-0.001192993076630805,0.02209526335038758,-0.5652854643384894,0.00916696186187978,0.17076933972309719
P02,S02,20,lean_right,2.8513295999728143,0.39319395628030146,-0.2962709793431046,-0.7173644469283924,1.7300316997095833e-05,7.117195031883017e-05,0.0010932364419496878,-0.5637431616974476,0.0045851317304241,0.07117599330296577
P02,S02,20,lean_right,2.8949157999595627,0.39366128426734126,-0.2898808637573587,-0.7164442513147588,0.002846091305394251,-0.0032144553176892713,0.09850278688186632,-0.5649335405942917,-0.0035663986805647635,0.16477688386834463
P02,S02,20,lean_right,2.9632754999911413,0.39173269367873886,-0.27471853276997027,-0.71987082047655,0.0202638308169018,-0.002235862532756261,0.2982284519282814,-0.5597691918008917,-0.015871130464552345,0.4953292781672239
P02,S02,20,lean_right,3.043188799987547,0.39236717124830156,-0.27218444896123045,-0.7210365264263306,0.005009719390462225,-0.0013734976706184542,0.065002844641094,-0.5542036798401416,0.005646680543097666,0.190313435511108
P02,S02,20,lean_right,3.1143836999544874,0.39030979597366755,-0.2553327961191389,-0.7144966788067472,0.016065953936337866,-0.010446203933184578,0.26916894583735196,-0.5601960686133158,0.012713036240820229,0.1970952844119609
P02,S02,20,lean_right,3.189523799926974,0.3874140297147405,-0.23520044580460767,-0.729589434210997,0.0377966343471916,-0.0059109388775472884,0.5091295092057935,-0.5521493973613261,-0.008228049194451316,0.40496058901212206
P02,S02,20,lean_right,3.284016099991277,0.3847152187067587,-0.18939951333963304,-0.754300716027567,0.04303048456688779,-0.0001318470136803203,0.4553882859155804,-0.5462623262640314,-0.0028628914332218683,0.4082114885239599
P02,S02,20,lean_right,3.3478291999781504,0.3815112599649189,-0.20257997488475518,-0.7673977759099148,0.005964858374691447,9.217746396453451e-05,0.09348504557766658,-0.5334828805589348,0.011368963744367005,0.2074983579097881
P02,S02,20,lean_right,3.4000857999781147,0.38288320848292356,-0.18023190283129278,-0.781304206920922,0.03371814812606257,-0.002533269579183415,0.6470604177947543,-0.5357213842404339,0.003866337347580157,0.6080661183960641
P02,S02,20,lean_right,3.4722912999568507,0.3700745077792601,-0.13439304993576617,-0.8136676595803817,0.05179913452621459,-0.010185751958930574,0.731122928576984,-0.5509317322982261,-0.02302736109082769,0.8446445831467078
P02,S02,20,lean_right,3.5192346000112593,0.3654526624803591,-0.11978342350657056,-0.828261218589792,0.012198231245543683,0.0031735633561073926,0.26850048571479934,-0.5455680832157617,0.0005367821573457819,0.2896603317079577
P02,S02,20,lean_right,3.588079100009054,0.3666964841345021,-0.07901555659727146,-0.8334625672646255,0.03661872549476807,0.004554183117568008,0.5360026615338443,-0.5515668040775196,-0.012711381626944374,0.22122838729743186
P02,S02,20,lean_right,3.6297372999833897,0.36321031812136595,-0.08580420879952588,-0.8362893902137087,0.011877964019079399,-0.002324137667667796,0.29053603033524955,-0.5515567651738112,0.002603797472469214,0.48217082069889095
P02,S02,20,lean_right,3.7085104999132454,0.3599305896423495,-0.06586800915071564,-0.8431330056616535,0.041685136302463226,-0.0011837115630484402,0.5293924784037081,-0.5564004499173698,-0.03308804920549224,0.45250153695676626
P02,S02,20,lean_right,3.7708389000035822,0.3593422164711763,-0.037639568557390896,-0.8451363669378849,0.04154007915372082,0.0038724368391540977,0.669360776447428,-0.5505808433801477,-0.013324894764516766,0.46032013433685987
P02,S02,20,lean_right,3.851481399964541,0.3577543984905279,-0.04388780569290221,-0.8421188890842758,0.010563845812243988,0.005481310695443157,0.14758029401724465,-0.5668178828597107,0.010458208286777406,0.3116820109040765
P02,S02,20,lean_right,3.9077106999466196,0.3573571904559558,-0.027857626298774942,-0.8272417820597104,0.025537286767520866,-0.0017449873971879496,0.45522237838652435,-0.564339077851589,-0.01215942604422837,0.2667972646355361
P02,S02,20,lean_right,3.9879949999740347,0.357020228068961,-0.01008446771345757,-0.8298934772376017,0.029848757278832204,0.006339270967944133,0.38008052992954067,-0.5644350406052859,-0.0008712758223566517,0.14708850494047795
P02,S02,21,lean_forward,0.37026929995045066,0.3565321792504209,0.01938794185405877,-0.8026039101494914,0.0,0.0,0.0,-0.5830001719114056,0.0,0.0
P02,S02,21,lean_forward,0.4633147999411449,0.3576593614104135,0.026858301521033152,-0.8062083385189346,0.00044583573964498236,0.0034976919927740924,0.03789535105692518,-0.5811302042110815,0.009310664917920687,0.1198488954280664
P02,S02,21,lean_forward,0.5127089000307024,0.3579811744100798,0.03152423175428773,-0.8051723085997816,0.000726573873800016,5.619448465368213e-05,0.014753659282000021,-0.5825260193536271,-0.004933801142972154,0.10406980032639518
P02,S02,21,lean_forward,0.5595856999279931,0.3581814788936389,0.03213587845342388,-0.8047654678786648,0.0003378936051921585,0.0002742421380727295,0.009283464081574199,-0.5839236767537838,-0.00075688756636735,0.09067311401018395
P02,S02,21,lean_forward,0.6187130999751389,0.3583684900325669,0.031905841981786046,-0.8066397575609212,2.1497147632927057e-05,0.0016912475489780949,0.028605759179786618,-0.5882550582700116,0.01683667367428414,0.29594064903471556
P02,S02,21,lean_forward,0.6659427999984473,0.3585772697373716,0.03221780415369753,-0.8074918370100396,-2.2357314305398402e-05,0.0015129834558196005,0.032038074194016185,-0.5852607111042236,0.0005465677350902228,0.013412318632482665
P02,S02,21,lean_forward,0.7120899999281392,0.35861922285143305,0.03352585707709821,-0.8067964549043499,-1.5083188989028518e-05,0.0006735495689040008,0.014599334999621618,-0.5858164687201679,-0.00038118909108896177,0.04403181630449057
P02,S02,21,lean_forward,0.7745782999554649,0.3588192059855342,0.03741178974095245,-0.8034555954800151,-0.0003107564683091611,-7.05981553020946e-06,0.00497431760573113,-0.5897655426422368,0.007113144376101707,0.1296965478863672
P02,S02,21,lean_forward,0.8412745000096038,0.35901473012653334,0.038813483416846775,-0.8019712490013672,0.00010102489759415214,-0.0005555124196385095,0.008465607297348281,-0.5894302354376444,0.0034599996475754794,0.0899524784792959
P02,S02,21,lean_forward,0.896850400022231,0.360422495974966,0.04081526380632258,-0.7984906523977892,-0.001877701990022247,8.417555654678414e-05,0.0338201953876564,-0.5857145691109219,0.001476803199825695,0.1384088710497948
P02,S02,21,lean_forward,0.9574561000335962,0.3619728062416875,0.03986985809350495,-0.8257142121264195,-0.0015865988927041702,-0.0052512014414089914,0.09051384881600753,-0.5854809134909419,0.0032164278866038064,0.20173396816189806
P02,S02,21,lean_forward,1.0378907999256626,0.3633180909171564,0.035900618072491314,-0.8298310460519855,-0.0012826746777183,-0.0018307049598591176,0.027790714459853448,-0.5844417174322393,0.028911312969494514,0.3653642812369351
P02,S02,21,lean_forward,1.107740700012073,0.3664589932904693,0.039097296442920475,-0.8557824710991516,-0.0035548024137478018,-0.01742740439818942,0.2546354391793259,-0.5797829893446235,-0.0048565747724190035,0.1495813761578769
P02,S02,21,lean_forward,1.1617653999710456,0.3686268282844811,0.027476695432454838,-0.8523290956999943,-0.0006828325980989687,-0.030271571458535984,0.5604708918896952,-0.5787539736892453,-0.007055811671307114,0.13608109419228723
P02,S02,21,lean_forward,1.2413190000224859,0.37054587951578083,0.027698210833533653,-0.8400035006872203,-0.0002148638229705029,-0.023168698069116173,0.29124633384057963,-0.5737009882120478,0.0007847319741307695,0.07962558164701845
P02,S02,21,lean_forward,1.307529899990186,0.37506445020720974,0.025065882426177466,-0.8469239831433822,-0.0009423464211593746,-0.03291375009616582,0.49730841004370463,-0.5731660465368881,0.00718794843126656,0.11838758385507703
P02,S02,21,lean_forward,1.3706732999999076,0.38306203701918085,0.023147908492866364,-0.8475970060732377,-0.00010207392848667587,-0.04146971185472246,0.6567564855709169,-0.5741531088108471,0.010925683046406582,0.24620655776354544
P02,S02,21,lean_forward,1.4407879000063986,0.3847094831150107,0.021894987152813426,-0.8265612904233505,0.001147907271651132,-0.02678680119539367,0.38239376411947557,-0.5753183417465751,-0.0049263336618209285,0.1635645858100066
P02,S02,21,lean_forward,1.5129903999622911,0.39649421235975113,0.0205325965660667,-0.8104583272869588,0.0001508929016573247,-0.03506217365972382,0.4856133564564393,-0.5602403744402517,-0.00026425495686212177,0.15250736521246266
P02,S02,21,lean_forward,1.5684099999489263,0.4028822173759383,0.02593101422149232,-0.8087674643643216,-0.0014183173236640432,-0.026887630365108425,0.48583916824120305,-0.5492930438031661,0.002666407744278504,0.07575720762461952
P02,S02,21,lean_forward,1.6451405000407249,0.4084176415711245,0.02429006918047158,-0.8010435407905799,0.0025892385607432884,-0.01028573531487177,0.1382321973538273,-0.5463104909569866,0.001070101384852833,0.027820205145096828
P02,S02,21,lean_forward,1.7235647999914363,0.41198621762664916,0.030488831893936058,-0.8034893524192798,-0.0011374451308679145,-0.010832132169394182,0.1388815464750182,-0.5458994059392598,-2.2041990373150657e-05,0.013411706390536317
P02,S02,21,lean_forward,1.7733323000138626,0.41834907967664964,0.03069271959679761,-0.802663294333719,0.0008318096878063895,-0.0008494410754424175,0.023888866947231295,-0.5463990160086062,0.00019896689006192444,0.18331975011192425
P02,S02,21,lean_forward,1.8127865999704227,0.4249098045671823,0.03164528209112834,-0.7958712065640584,-0.0008514752775713299,0.0007818983850383184,0.02930015157714131,-0.5477599995861807,0.0013052212501810027,0.07357608360377428
P02,S02,21,lean_forward,1.8859867999562994,0.42956005004220055,0.025858069840769195,-0.7916334970170699,-0.00025552179105831345,-0.001634458353148867,0.022599817820619473,-0.5473862840494264,0.002531234976939289,0.12886872446344377
P02,S02,21,lean_forward,1.9489580999361351,0.4307908253671446,0.034627189706952326,-0.7876061300317375,-0.0014655887790675259,-0.0045676421589772665,0.07617771977853441,-0.5464195438115758,0.0027467970466221597,0.06632826345314516
P02,S02,21,lean_forward,2.021475199959241,0.4315438379112295,0.039953948551589694,-0.7894465474856845,-0.0003695734111966596,-0.0016213509784863266,0.022931670087538814,-0.5458045350963445,-0.0006763860429027977,0.028579841716695566
P02,S02,21,lean_forward,2.0750497999833897,0.43352440835987566,0.03682115382914787,-0.7950162650255127,3.471586031966334e-06,-0.00010761916699095636,0.0020098170720205194,-0.5432558245929126,-0.005884426274776893,0.11449256657325194
P02,S02,21,lean_forward,2.1577254999428988,0.43425027634806945,0.03812004566770192,-0.7932295003578882,-0.0007635017284303551,-0.00022832991015620595,0.009639016548895417,-0.5444584707644002,-0.0038867080907743086,0.07965058778412328
P02,S02,21,lean_forward,2.2115650000050664,0.43480716684383464,0.03834641643792308,-0.791161096940113,8.944661836705844e-05,0.00017032555298248292,0.0035732818637114645,-0.5478015362409469,-0.0024224718665529247,0.04933760573895749
P02,S02,21,lean_forward,2.250877199927345,0.43486791042829487,0.03853575921797945,-0.7893378704341958,-0.00019716626463643665,-0.0015749315007333856,0.04037487553081047,-0.5542890914921592,-0.007367858461823409,0.1876389082382011
P02,S02,21,lean_forward,2.3159556000027806,0.43535980382907036,0.034507895730161685,-0.7964548975281287,0.0007041226254323411,-0.0023486042344894216,0.037675834892770925,-0.5419015382406895,0.007809196003863591,0.1205045507057157
P02,S02,21,lean_forward,2.39462919998914,0.43547834630771676,0.03488838119070142,-0.7956054720424043,0.00011353504315516503,-8.212299685726223e-07,0.0014431526360342568,-0.5363253009856578,0.006062639148373379,0.10787051302675553
P02,S02,21,lean_forward,2.4600412999279797,0.43547027358267654,0.03889629386643589,-0.79516552484658,-5.748716347434269e-06,3.20627810568209e-05,0.0004979822446850487,-0.5384810555152844,0.002001215376348994,0.037142358745168684
P02,S02,21,lean_forward,2.5275915999663994,0.43600195012700355,0.03852220025113596,-0.795818894368054,0.0008078717267149111,0.0032168250500713923,0.049099978463530085,-0.5366619032851865,-0.006484301567786772,0.09658484965352995
P02,S02,21,lean_forward,2.5937273999443278,0.43433578208421997,0.0368585177229051,-0.7785730603069256,0.0018522164733308887,0.000907959342200155,0.031190193697230337,-0.5373755284935808,-0.0002605366038450448,0.017330782772970628
P02,S02,21,lean_forward,2.645600299932994,0.433746345617739,0.03775929374528732,-0.7812077986928563,0.0007282477839376735,-0.00021976606631990268,0.014664404543589919,-0.5353177684246374,0.0005517545395814918,0.11257362214425694
P02,S02,21,lean_forward,2.6968647999456152,0.4329883806989012,0.03759429837686114,-0.7859784334776768,0.0007722312443789697,0.0040177430645315215,0.07980734169730863,-0.535107618838961,-0.0009507761239859486,0.022073837692953572
P02,S02,21,lean_forward,2.7542047000024468,0.42911597858353584,0.04211315551794203,-0.7702389061966972,-0.000688185076478537,0.005357759382877862,0.09420623382766055,-0.5409649506686959,0.0027999176772268122,0.12707428457470638
P02,S02,21,lean_forward,2.81509459996596,0.4252504277265279,0.047788580338056975,-0.7679453657456543,0.00016367608213488559,0.006844365391350145,0.11243773088452222,-0.5451466182961168,0.0012474414508220756,0.08545097561578245
P02,S02,21,lean_forward,2.8933527999324724,0.4192638052321254,0.04797795557655044,-0.7701676261357271,0.0005639330696144342,0.0121399681301116,0.15529438647137192,-0.5751370291557779,-0.0074564798759121035,0.17145386568764964
P02,S02,21,lean_forward,2.9920677000191063,0.4075862937067765,0.05519482850806085,-0.7513532192039787,-0.005769458601306254,0.031210025412757865,0.3215199970937578,-0.5942189421791385,-0.016898015097205572,0.17692917821068982
P02,S02,21,lean_forward,3.0636867999564856,0.3996539101181101,0.05339190603527286,-0.7751787106417706,-0.0015963642550777014,0.04443071538260709,0.6207755234689739,-0.5945781661916877,-0.019470674232132928,0.2937774297484117
P02,S02,21,lean_forward,3.146443299949169,0.3912048202411233,0.05844359956953933,-0.7635791897130736,-0.003922324300169678,0.04712769358264548,0.5714431459069744,-0.6070087490885677,-0.028341991196320068,0.3517719963820267
P02,S02,21,lean_forward,3.1900128999259323,0.3897937636243553,0.05459057785639133,-0.7781027665150005,-0.0013494597380212057,0.013979561862833502,0.3223473047241671,-0.6092978589986184,0.020943090024404563,0.5073373136212342
P02,S02,21,lean_forward,3.2344611999578774,0.38747252320884085,0.054979954209254556,-0.7866168203378049,0.00019347885972766454,0.0018007263223788837,0.040746004971419024,-0.6019028530508272,-0.016005054163036315,0.3601326627387315
P02,S02,21,lean_forward,3.295082399970852,0.38396374424145774,0.05502338662642308,-0.802018422680163,0.0012744412455178047,0.01894310466563165,0.31318955668921866,-0.5980478753116167,-0.0011213404003686158,0.02459901813077219
P02,S02,21,lean_forward,3.3638656999683008,0.38150446575325003,0.05599978309681747,-0.792369013440436,-0.001985639486856203,0.024454413642146473,0.3566984395513268,-0.600070844193426,0.01126651454898692,0.16547062279645908
P02,S02,21,lean_forward,3.4049392000306398,0.3807823462357368,0.05716887347072156,-0.7916438275702992,-0.0002442291454163934,0.006686579974204183,0.1629040316820367,-0.5951204322789656,-0.006981136238371851,0.23247946760833463
P02,S02,21,lean_forward,3.4739082999294624,0.3779238656904049,0.055780604683530674,-0.7985560687510536,-4.195245907873461e-05,0.010663100684525216,0.15460812491176876,-0.5879881587526657,0.016201009674076394,0.23553934826517708
P02,S02,21,lean_forward,3.531522599980235,0.3731043479646389,0.05927322093804158,-0.7994067100002833,-0.003601198461014428,0.0037935014763499034,0.09078666696204599,-0.5939437825692104,0.02740467001871313,0.4901682466591025
P02,S02,21,lean_forward,3.5845562999602407,0.3706760364958261,0.054582096322248724,-0.8078395475438176,-0.0006678821064748614,0.0039035767465471862,0.0746751637747934,-0.5941660140306235,-0.024019085186153127,0.4795911541677458
P02,S02,21,lean_forward,3.6614230999257416,0.3676095313230772,0.05925141512659254,-0.8047950647167941,-0.004517537142178249,0.009505608001247981,0.13691843802158235,-0.5958543531217563,0.007156969315179794,0.10134011307336473
P02,S02,21,lean_forward,3.7476596999913454,0.3653100693900902,0.057944951727128324,-0.7975571819985185,0.000533212729260894,0.004387991595586858,0.05125746961745871,-0.5940420602215819,0.0009175177182191646,0.013374073987304605
P02,S02,21,lean_forward,3.8287934999680147,0.364145615279171,0.059488819798834774,-0.7974968343134878,-0.0014122616160785234,0.0031588468704092936,0.04264773608735768,-0.5825991453057388,0.0022875073768229633,0.028692806514919872
P02,S02,21,lean_forward,3.8869576000142843,0.3620338055749161,0.06001643727356512,-0.8004448553719579,0.0002714886226675323,0.0020962576641081593,0.03634140215291357,-0.5871803004787693,0.018336217378831007,0.318120788390814
P02,S02,21,lean_forward,3.9384087999351323,0.3627380538975686,0.058395250300841826,-0.8030285997725513,-0.0011765218785463013,0.0045549964712629535,0.09143590166675779,-0.5854341769860391,0.004792320811117907,0.10025104713815117
P02,S02,22,lean_forward,0.398325499962084,0.35679878083888733,0.041249294805956155,-0.8180950878418093,0.0,0.0,0.0,-0.5700156910132091,0.0,0.0
P02,S02,22,lean_forward,0.465258099953644,0.3598563627096027,0.04148735397885677,-0.8197410967350672,0.00043673688559548536,0.005328132032174295,0.07987141266932803,-0.5729893891982485,-0.00862924628560499,0.14610770019364858
P02,S02,22,lean_forward,0.5203500000061467,0.36094525217781726,0.04115606650539351,-0.8215787227849873,0.00046605186715262324,0.004313322622030834,0.07874892436143209,-0.5685900928865657,-0.0038666336407426507,0.14166826752503492
P02,S02,22,lean_forward,0.5796310000587255,0.36117483070565093,0.04120350924213298,-0.8202697113660039,0.00018136785578378177,-0.000930191009213181,0.01598669988199453,-0.575418064717963,-0.002561092809907636,0.06083950607612027
P02,S02,22,lean_forward,0.6528448000317439,0.36200197512124754,0.041106687040987605,-0.8162515189509691,5.4870551092286186e-05,0.0016837397013344893,0.023009781478036465,-0.5755641951621828,0.01432537337351486,0.21747218623472722
P02,S02,22,lean_forward,0.7044284000294283,0.36202557690525566,0.042577142174378066,-0.8155385836775336,-5.186225587912454e-06,-0.00014274468522920943,0.0027690752023057275,-0.5804548140197017,-0.006400791886607077,0.12500413643510896
P02,S02,22,lean_forward,0.7663487000390887,0.36224602520143484,0.045305086748194445,-0.8156859677077423,0.0005124657090432549,-0.0011938336657451713,0.020981433117385637,-0.5764951104928749,-0.004484260636918156,0.07288249972115245
P02,S02,22,lean_forward,0.8595711999805644,0.36351943465487185,0.04229116973825414,-0.8114747546932888,0.0003624457311370194,0.0026267272620742145,0.028443939747292195,-0.5812806399520638,-0.007514508580119873,0.08181363452794024
P02,S02,22,lean_forward,0.9105045000324026,0.3635350135356408,0.04222332312415681,-0.811059268294469,4.3899880463773295e-05,-0.0003001259801640972,0.005955232408041503,-0.581759650399257,0.0006130271405263572,0.012783659725958447
P02,S02,22,lean_forward,0.9705403000116348,0.36400508835519946,0.0426358427066175,-0.8135442958096326,-0.00039958297031061094,0.00016677604969218615,0.0072122055886417935,-0.5810357259227598,0.0037582513128556296,0.06566702137272251
P02,S02,22,lean_forward,1.050319500034675,0.36389103096213654,0.04057257461394949,-0.8128028262706433,-0.0003788649118417641,-0.007301953698657156,0.09165015282651688,-0.5795084281249414,-0.0035840764671915175,0.06141545586128304
P02,S02,22,lean_forward,1.1285709999501705,0.364678883202463,0.043076002374289546,-0.8115115189199429,-0.0004189074596746336,-0.00041261485834904896,0.0075141295218338995,-0.583056003231851,-0.0025069693695929382,0.033294875278937104
P02,S02,22,lean_forward,1.1987481999676675,0.3651780349444477,0.04295546632892344,-0.8319320052842039,6.622683267709077e-05,-0.005092161986099514,0.07256762349934333,-0.5775590906156256,0.00968064551045903,0.13798685256629936
P02,S02,22,lean_forward,1.2596260999562219,0.3684728669599429,0.04309506681615513,-0.8391350529468006,-0.001301612186922082,-0.008799005146041962,0.14610812936319253,-0.5761811988291505,0.000521897451497438,0.19052989825761313
P02,S02,22,lean_forward,1.3335177999688312,0.3700187662576396,0.04307751514391484,-0.8433294427509368,-0.00017248226093703381,-0.008588674244697923,0.11625671094664915,-0.5751755894418834,-0.0038124495557252005,0.06288734509133624
P02,S02,22,lean_forward,1.3851192999863997,0.37362379875288443,0.039528555540146476,-0.8617854298718296,0.0014566393042935047,-0.010515178541072505,0.20572253242730953,-0.5763981687399279,0.0015639408193407237,0.2057377459386044
P02,S02,22,lean_forward,1.4521985000465065,0.3812285580235163,0.03564136090896496,-0.8622047028228036,0.002889170309052505,-0.03005861269611049,0.4501714975064012,-0.575151561178475,0.0003184692190811816,0.17876428146016554
P02,S02,22,lean_forward,1.511886200052686,0.3840153872870988,0.043223160581151415,-0.8435253968141362,-0.0017267192771869004,-0.02224118732965515,0.37374726307930217,-0.5662969900127134,0.0051051761031646135,0.10575902448053215
P02,S02,22,lean_forward,1.562143599963747,0.3920396133988263,0.039477435483580535,-0.8467950486182777,0.003464778056508622,-0.02609370588899931,0.5237583156694713,-0.5660499332120061,-0.00016867492331772212,0.24106917980508769
P02,S02,22,lean_forward,1.6603617999935523,0.40614176596127993,0.04077446144572549,-0.8520217539278385,0.005491252514456769,-0.027035726877808718,0.28088233972784027,-0.5603394919409449,0.003053021823604076,0.17936326570647784
P02,S02,22,lean_forward,1.7295644000405446,0.41122412560565036,0.0353516555722928,-0.8270166577077698,0.002000124368202943,-0.011459886084214539,0.1681023579103319,-0.5594422089413429,-0.0014240144173780307,0.09779701246551464
P02,S02,22,lean_forward,1.7712237000232562,0.41658218908544614,0.03661199428499832,-0.8061092373154873,0.0007114660777896048,-0.016597369684591867,0.39877318184777344,-0.558478952246924,-0.0011034126653067466,0.05766951483352219
P02,S02,22,lean_forward,1.8512225999729708,0.42568083704608556,0.04012607936925866,-0.8080469570556568,0.0031910293672949724,-0.011429428602418632,0.14833365012308172,-0.5543973436812722,-0.003194138592402475,0.049901991399978106
P02,S02,22,lean_forward,1.9208593999501318,0.4305311697031961,0.04734990056841387,-0.7962492573887022,-0.0011619295364457,-0.010080173963360702,0.14571203870082397,-0.5489783590663672,0.004116803827272278,0.1173239070906434
P02,S02,22,lean_forward,1.9739395000506192,0.4380127339368278,0.05599639145348758,-0.7923394407032562,-0.0025803774361390116,-0.004850629218573384,0.1035089481885463,-0.5457320954341469,0.0001597715889152666,0.1638147583583965
P02,S02,22,lean_forward,2.0590084999566898,0.4449532768241576,0.08362408456506593,-0.7816785166662876,-0.004143192230378381,-0.015649871571232096,0.19030463222257407,-0.5429098170446105,-0.0007398987924266341,0.1134590974487027
P02,S02,22,lean_forward,2.1237035000231117,0.4476706312820768,0.09787533010755907,-0.782666052906153,-0.0009322407868501157,-0.002105106012167025,0.035586847136287486,-0.5459604582367348,0.005066538998782799,0.12395176345476851
P02,S02,22,lean_forward,2.1797703000484034,0.4529084065301005,0.10362369293300129,-0.7719371851812215,-0.005483683461582899,-0.002480475805988156,0.1073469482575055,-0.5444806125216699,-0.0004527845526263034,0.04154289170883135
P02,S02,22,lean_forward,2.261716500041075,0.45666570870946116,0.10709339091239778,-0.7674652404928767,-0.00043352680931735195,0.0007057944366652358,0.010107927794963592,-0.5476838071771473,-0.0017355760567790062,0.16627883862619677
P02,S02,22,lean_forward,2.3226755999494344,0.459147216924831,0.10550595600865131,-0.7553052835893368,-0.0019893324930004225,0.00011994996319770236,0.032693158229763854,-0.5543855649434091,-0.0032461649945303285,0.05395167032385042
P02,S02,22,lean_forward,2.36897539999336,0.4594325470768528,0.09999670368748231,-0.7533474563150803,-0.0002836987884116586,-0.00031434876612390476,0.009145579097524293,-0.5533132172197602,-0.0008254172156020791,0.042517229683760344
P02,S02,22,lean_forward,2.462856899946928,0.460323812047274,0.0930897923105514,-0.7657018302220959,-0.00032869555474308236,0.00013602311611487413,0.0037891268029277936,-0.5498047823834701,-0.005443886272764505,0.05805094477394704
P02,S02,22,lean_forward,2.526979099959135,0.46059577343066205,0.09221829661036769,-0.7643676419285668,-0.0002892585862042186,0.0006460679975951511,0.011039329278497054,-0.5498171584895567,-0.0013653925859200909,0.036810466293524295
P02,S02,22,lean_forward,2.58572400000412,0.46217207856325515,0.09733186952068629,-0.7619271826453055,-0.000514994866174618,0.000452284979822046,0.011667498312117067,-0.5502218045990601,-0.0012242088368464592,0.03518306659644045
P02,S02,22,lean_forward,2.6509804000379518,0.46348722095231126,0.09589320751725537,-0.7595229032243985,0.0007917283993412386,-2.8838641038296556e-05,0.012140624481009771,-0.5335849231107419,0.01331908017099783,0.2149699293924504
P02,S02,22,lean_forward,2.7133871000260115,0.46523707846016815,0.09422042507014365,-0.7639735658334725,-0.00014893567765649182,0.0015688211671597047,0.025251694083785702,-0.5233886622972321,0.00535938678742869,0.10763336336947275
P02,S02,22,lean_forward,2.76535690005403,0.46528797050874005,0.09919094455908833,-0.7617677589059249,-1.9215404830975852e-07,0.00028144162942435964,0.005415485433254104,-0.5386085681307674,-0.00658934805051793,0.13584685232568705
P02,S02,22,lean_forward,2.859074900043197,0.46550016127484195,0.0953760095796374,-0.757662482978725,0.0002677086313415268,0.001264981703303015,0.013796699462111681,-0.546637385102105,-0.005680498768945725,0.13392609662394261
P02,S02,22,lean_forward,2.915821800008416,0.46539594856253763,0.09316162848496129,-0.7446676475313284,0.00018861947738069046,0.0009106308871472105,0.016387858573636914,-0.5570060878958499,-0.0017123177430649953,0.04444013502563732
P02,S02,22,lean_forward,2.961632900056429,0.465572460809111,0.09982310560211405,-0.7427764071647063,-9.701050508885336e-05,-0.00013836239310429334,0.003688687007561392,-0.5548950574599706,-0.0033293037097505435,0.08540441209200819
P02,S02,22,lean_forward,3.050566600053571,0.46578872575252833,0.09934989871687185,-0.7375625977862107,0.0009283539355437435,0.002932893349280793,0.034591088054365934,-0.5566343817307169,-0.007749914944149512,0.0928657659969062
P02,S02,22,lean_forward,3.1020681000081822,0.4658818532786838,0.1005572338779986,-0.7399404624568884,0.000904659497339711,0.002447992479436859,0.05067432644812877,-0.5567470679898787,0.0004948523448574844,0.02328237469185383
P02,S02,22,lean_forward,3.1863727000309154,0.4657511454008667,0.0955558327070025,-0.7390843877832102,3.3913455761625107e-06,0.000657313159077913,0.007796987442050691,-0.5588565586492614,0.0019104299559294768,0.03811160506912949
P02,S02,22,lean_forward,3.25893809995614,0.465512539306527,0.1004693733237791,-0.7393398182017575,0.00019561448589818094,0.0009068816887549279,0.01278486549066987,-0.554260697974168,0.016584711893393375,0.24078847923187882
P02,S02,22,lean_forward,3.320543200010434,0.4648254519304239,0.09552201655635648,-0.7428151667391353,0.0006975721020256424,0.0002790608983517103,0.0121957443889045,-0.5558035496323717,0.0006910451675409035,0.014278931563405498
P02,S02,22,lean_forward,3.3617754000006244,0.4647178186806217,0.09567817196065306,-0.7468521928669186,-0.00013877717413563408,0.005042183885317542,0.122333839155815,-0.5537975935770236,0.003104484307177629,0.07640101690620997
P02,S02,22,lean_forward,3.452124399947934,0.46238168011342556,0.09882984096580144,-0.7386276185387566,-0.000837385625585245,0.001935616357908751,0.023342669124137478,-0.5515976993836077,0.009704824126327184,0.11314678236996724
P02,S02,22,lean_forward,3.521309099975042,0.4602652492200314,0.100357816701158,-0.7418164494737485,0.00016190817633248528,0.004792333093704485,0.06930820444728174,-0.5516749025567665,-0.0005217893904389012,0.011976216194610936
P02,S02,22,lean_forward,3.596412600018084,0.45809933432623395,0.099534957127027,-0.7426272667090057,0.0004592986286840795,0.007154129121689922,0.0954530422178609,-0.5548132959024699,0.0028994071425342827,0.03984811327190415
P02,S02,22,lean_forward,3.658214500057511,0.4527278287226596,0.09739454618996168,-0.756196134992536,-0.002173059401088611,0.010197336818146514,0.168705272860245,-0.5562960067410556,-0.001300013779713526,0.18376497449091134
P02,S02,22,lean_forward,3.734628399950452,0.44837982409550514,0.09563190677712016,-0.7666084478089354,-0.0015528944918730555,0.00556233134790971,0.07557569311610145,-0.5537426230528424,-0.007647082469555313,0.14249806366806622
P02,S02,22,lean_forward,3.789744899957441,0.44039044772760333,0.08527980120732628,-0.7738587518775824,0.004167577050218528,0.008742474875392854,0.17571902376183549,-0.5545253161720877,0.0006524087300314568,0.07506618907031662
P02,S02,22,lean_forward,3.850307899992913,0.4225792025622156,0.07746700167865178,-0.7862939529559225,0.005640434090156562,0.016694847071996446,0.2909685773287234,-0.5612231770526553,-0.001775697419316484,0.100622461647391
P02,S02,22,lean_forward,3.900746600003913,0.41617992005249793,0.07246735621993457,-0.7943434681600519,0.0009031713761379754,0.004715754037993279,0.09519404356332534,-0.5638339150058341,-0.000696812928416075,0.07035690378543885
P02,S02,22,lean_forward,3.943675299989991,0.4124126122690576,0.07121503858775315,-0.8061360076573654,0.0012879137905903244,0.004930890587792441,0.11871574910559068,-0.5616763137263248,-0.001680013001901182,0.04318045896393148
P02,S02,22,lean_forward,3.989631799980998,0.4078862236972789,0.06725703144161099,-0.815262099507069,0.0003751902284750696,0.014503750947072097,0.3157029569671853,-0.5634399204767846,-4.4559223685206064e-05,0.10638877269969385
P02,S02,23,lean_forward,0.38516289996914566,0.37455605224422994,0.06865885024959327,-0.8137298947997005,0.0,0.0,0.0,-0.5800305423814417,0.0,0.0
P02,S02,23,lean_forward,0.47392450005281717,0.37450437167041406,0.06804849165943912,-0.8205231613044565,-3.254741674229254e-05,0.007150802740942947,0.08056272988349347,-0.5731119472141718,0.0020019505916631557,0.03490842191233523
P02,S02,23,lean_forward,0.5242017999989912,0.37441076045045185,0.06782241324719115,-0.8301412438779482,0.001130927423065904,0.004169260099434754,0.0859219183530023,-0.5648477167484194,-0.006009632850898371,0.12437093803231734
P02,S02,23,lean_forward,0.5718019000487402,0.374337761035671,0.06890206148716856,-0.8311453600336041,0.00021201062991577273,0.0010227144393158154,0.021942357062527538,-0.5721892585961728,-0.02914542728703347,0.6143012332568977
P02,S02,23,lean_forward,0.6548634000355378,0.37425327576828066,0.06870261083117883,-0.8314267915682758,0.00034209661014913723,0.0028603608558093597,0.03468207827907945,-0.5642272480386872,-0.004409226693123229,0.08451339119489844
P02,S02,23,lean_forward,0.730578999966383,0.3730541450980533,0.0702910780112788,-0.8197738105085879,-0.0014246717890274898,-0.00018757559428247657,0.018978480707147347,-0.5601056885285942,0.0012939600047754897,0.018236151737774854
P02,S02,23,lean_forward,0.7892343000276014,0.3725456038681046,0.06831096080769382,-0.8209149170427702,-0.0001537531594371725,0.000919239102545551,0.01588959367711715,-0.5665899752569837,-0.008500577026107998,0.15497625111775132
P02,S02,23,lean_forward,0.8639734999742359,0.3730738414759005,0.06791000382088107,-0.8203559360373923,-0.0010860516846182713,-0.0012270055441680444,0.021924404909996878,-0.5617043549358431,0.001504461521863431,0.08661828066275398
P02,S02,23,lean_forward,0.930486400029622,0.3728273126898673,0.06453416769123752,-0.8280130125381034,-0.000517545602834203,-0.0010541159725962832,0.01765543585086095,-0.5602516739756784,0.00076219576981391,0.036877167034576094
P02,S02,23,lean_forward,0.9937651000218466,0.37255290703707417,0.061251594088495794,-0.8427627032541298,0.0003859752609750007,-0.0027130261090087355,0.04330595327992866,-0.5639074528405734,0.005438349582361195,0.08723126510551024
P02,S02,23,lean_forward,1.055241100024432,0.37382298129260394,0.05999341739624118,-0.8713373953731223,-0.0013243997973416829,-0.005680588903523508,0.09488149065823166,-0.5587613373944885,-0.0017679271822707225,0.10646498816759732
P02,S02,23,lean_forward,1.1175305000506341,0.37424153363202495,0.058823390793311586,-0.8755839292680176,-0.0004094776446384672,-0.005386597984954337,0.08672646340444862,-0.5562131227568294,-0.003430440150621969,0.07249946068755264
P02,S02,23,lean_forward,1.1791974999941885,0.37617206027760147,0.05758284666939477,-0.8798194425956423,-0.0006692948416888079,-0.018196215832689433,0.2952717129146537,-0.5522193959956481,-0.003389200226323309,0.10281555778178486
P02,S02,23,lean_forward,1.261060900054872,0.38172488747735,0.05588437736560864,-0.8875409429757886,-0.0017405545121830781,-0.021234156080965343,0.2602551675829634,-0.55298953009883,-0.0041344647115852595,0.19275221879235255
P02,S02,23,lean_forward,1.31903350003995,0.38411822953855423,0.05798057217010801,-0.8710548992829393,-0.00259072382272564,-0.01404265958613433,0.24631706515925036,-0.5563802229306116,0.00039310355114462696,0.07055236243940757
P02,S02,23,lean_forward,1.3815141000086442,0.3887805294849118,0.05589365135589016,-0.8858422407865446,0.0011440126898927584,-0.018630067280091568,0.2987352764655983,-0.5507191308957282,-0.0021684568041147965,0.11703119201270473
P02,S02,23,lean_forward,1.4521641000173986,0.4003148730719227,0.04840452875325639,-0.8754950058740325,-0.002068738860872871,-0.027008551671885244,0.383406426756786,-0.5434465096173494,-0.003704834565446509,0.10813471001416906
P02,S02,23,lean_forward,1.5116122000617906,0.4058054738109126,0.049088235375971664,-0.8548473396506977,-0.001205259281676326,-0.01121295418730188,0.18970402208805756,-0.543733758486918,-8.998812256265751e-05,0.057544758312192766
P02,S02,23,lean_forward,1.5745965000241995,0.41976457503685405,0.06193971321116565,-0.8461868476362586,-0.0015711082624335507,-0.008084295924737726,0.13075554128305444,-0.548105159231211,0.002796163136979965,0.06802384529751572
P02,S02,23,lean_forward,1.66000959998928,0.4337202476735992,0.0686005134355857,-0.8321901078208078,-0.0020912873833644602,-0.009424638942496665,0.11302569492574066,-0.5465079831772844,0.0005108952533006979,0.008222711746800624
P02,S02,23,lean_forward,1.7143551000626758,0.4396901083360333,0.07444346363635593,-0.8247295723049585,-0.0018413193170254043,-0.002481978603800201,0.05686609880181754,-0.5451578815424579,-0.0003066783691026251,0.036603258642974194
P02,S02,23,lean_forward,1.7650491000385955,0.4456323746988578,0.08208893370520307,-0.8236610659986853,-0.0013658516881687754,-0.0018907317025929748,0.04601077435143959,-0.5436184392228482,-0.00045471062196102895,0.04628835725236722
P02,S02,23,lean_forward,1.8521722999867052,0.4492560005651889,0.08090192572148006,-0.8120430994332446,0.0003233600003028592,-0.00857864229750035,0.09853557310075717,-0.5464340916501299,0.007818566498864301,0.09281197465963623
P02,S02,23,lean_forward,1.9063556999899447,0.4494336651837284,0.0824384942490402,-0.8140371032650964,0.0003255530528683845,-0.005140018197380579,0.0950534231179902,-0.5447712263451189,-0.0013593440670320869,0.04546952387327776
P02,S02,23,lean_forward,1.9768499999772757,0.4524482983500222,0.0825414798910939,-0.8062604854390756,-0.00025046691808207984,-0.0016942827263398443,0.024295524795125284,-0.5417032140519271,0.0017871550415779185,0.08380707594664492
P02,S02,23,lean_forward,2.0610355000244454,0.45625433073947236,0.07996947008918204,-0.7999958566247332,-0.0025215628099984717,-0.00014533597348029582,0.030002170439669674,-0.5384665730236857,0.00020095105414372346,0.08699325947528745
P02,S02,23,lean_forward,2.139518699957989,0.45957138323519137,0.08204935900751273,-0.7944738162691416,-0.0022035377999496406,0.0004420045216143835,0.02863582480093444,-0.5437172982877744,-0.007205621322253971,0.11449927545636138
P02,S02,23,lean_forward,2.198970500030555,0.46145728812535963,0.08531483196666548,-0.7907314751774549,0.00014915457036986782,0.0011856157622212745,0.02009966075175337,-0.5476672571084165,-0.0002208605396564511,0.038550842701385674
P02,S02,23,lean_forward,2.2551614000694826,0.4632413679539666,0.08648639104926643,-0.7873697698057426,-0.0007937408627014642,0.0006087314172260951,0.01780162277534393,-0.5480202545748409,0.0001459651431410728,0.04021871548922241
P02,S02,23,lean_forward,2.3071995000354946,0.46336784450877283,0.0887126654907755,-0.7833107399361441,0.0002912745653647096,-0.002677056855462392,0.05174778015141165,-0.5459432924467335,-0.0025475549111092983,0.05486154282789085
P02,S02,23,lean_forward,2.387802300043404,0.46410828248862446,0.09956183594532549,-0.7805268419599366,0.0006230699710361135,-0.0003392433945154888,0.008801654477014606,-0.5483668567232545,-0.0006968831529321504,0.08036902160380745
P02,S02,23,lean_forward,2.4605979999760166,0.46531372819186545,0.09989489530402311,-0.7793473833656971,-0.0011123342212553053,7.897094213578956e-05,0.015318679499348302,-0.5364264877836606,0.007691447886654137,0.1063902356611811
P02,S02,23,lean_forward,2.500409599975683,0.4654836569575822,0.10267356568098077,-0.7788358133638107,6.480872182305988e-05,-0.00015666776221390718,0.004258642739752398,-0.5262263558709774,0.007071141151742498,0.18676136749928496
P02,S02,23,lean_forward,2.5719292999710888,0.46595062682767574,0.10433512317425353,-0.7742007728882423,-0.0004275583358209,0.0009178936650384436,0.01415817213719379,-0.5410764535743293,-0.005631840850330251,0.11005287376423348
P02,S02,23,lean_forward,2.6532874000258744,0.46604178393151074,0.10054961587545255,-0.7725021565483633,-7.943908950351805e-05,0.0011373746394925113,0.014013914359796042,-0.5530315084130425,-0.007340122781394915,0.0950894814997044
P02,S02,23,lean_forward,2.709407199989073,0.46588874868552693,0.09617933931761952,-0.7731839231665584,0.0003264485398158121,0.00037210623741901314,0.008820536941328318,-0.5527849260399714,-0.0006447553850458181,0.020656581080715407
P02,S02,23,lean_forward,2.756759600015357,0.46633382502557014,0.09627608793603801,-0.7725291601368791,-0.00039177018052926265,0.00037341269358223266,0.011429656919841512,-0.5503496792462272,0.004848270802346112,0.10944330967050166
P02,S02,23,lean_forward,2.860925800050609,0.4665742457683196,0.0967623073650286,-0.7655044919370595,-0.0005629123746203892,-0.001146360487624422,0.012260321284183815,-0.5498367549493338,0.0019636842065415133,0.036925588672628615
P02,S02,23,lean_forward,2.9397068000398576,0.4663435981525869,0.09784476082895792,-0.7631996406716393,-0.0007278455233409233,-4.792977083703426e-05,0.009258856089993606,-0.5543043995729695,-0.005536629887149358,0.07777541482996383
P02,S02,23,lean_forward,3.0257084000622854,0.46615545400569824,0.09699367686458998,-0.7710529790873948,0.00048524505072044567,0.0006109356659663477,0.009071872877413198,-0.547751666924739,-0.0006555041031094078,0.04405971378271864
P02,S02,23,lean_forward,3.0874508999986574,0.4661886524256859,0.09450140840206207,-0.7707278485708612,0.00036270922890844213,0.002323384748261453,0.03808601908168427,-0.5483844773334077,-0.0003095596909986713,0.11283106348153765
P02,S02,23,lean_forward,3.1301386000122875,0.4660601555794173,0.0957962164966786,-0.770083414969642,5.619186811974672e-05,-0.0010107182560463348,0.023713600673005403,-0.5416569187117658,0.005633340498528173,0.14599441318697612
P02,S02,23,lean_forward,3.2020720000145957,0.46603153512546286,0.09733134773501595,-0.7693305444115105,6.83296710010828e-05,0.0002582266836709147,0.003713353471034403,-0.5432891565299848,-0.0005032983934720129,0.052718456350040334
P02,S02,23,lean_forward,3.2630752000259236,0.4650415683751006,0.0975385758749079,-0.7631854348606518,1.6245620260739832e-05,0.0012076231486918398,0.0197978534912488,-0.5484825687096138,-0.0036089482200931497,0.08023427949885492
P02,S02,23,lean_forward,3.3427331000566483,0.4639495548473882,0.09742568076177857,-0.7645985050008104,0.0003158811530484147,-0.00037077092331376705,0.006114712889378033,-0.5519661822977058,0.0007665823783499149,0.05674634467267121
P02,S02,23,lean_forward,3.412788499961607,0.4615459358386299,0.10651516777092597,-0.7654640069702431,0.000502198252377939,0.0034898500734516836,0.05032872163489464,-0.5495738378725474,-0.008709439640256302,0.13790157005880996
P02,S02,23,lean_forward,3.495069900061935,0.45366714807711334,0.101589363365438,-0.7824228929190831,0.006740430743187254,0.004788884337226273,0.10048957654906993,-0.5407736418064705,0.008922047075910404,0.2610483634102567
P02,S02,23,lean_forward,3.5565126000437886,0.4460017575305225,0.10005843073131843,-0.7908014414633404,0.0035545143297866164,0.010463848169884767,0.17986017131877108,-0.5479628744043384,-0.0016396094316373658,0.06901675318107886
P02,S02,23,lean_forward,3.632376000052318,0.4416060324463833,0.09289211777221103,-0.8003523678846668,0.0010999916624037914,0.0016690692226491958,0.026349242881044278,-0.5481239089255235,-0.00424530539010082,0.08394163559570215
P02,S02,23,lean_forward,3.7088078999659047,0.43177705669032357,0.09055369487352653,-0.8112629768098535,0.004421821518074437,0.006903145090217965,0.10725785379225915,-0.549793381964904,0.0010683138734372403,0.043385630979476175
P02,S02,23,lean_forward,3.7545968999620527,0.42970349829579807,0.09037309032678972,-0.8164983362706837,0.000646289691080354,0.0026874582003190038,0.06036552558743055,-0.5505349287553245,0.0016645114418709168,0.18227447005677958
P02,S02,23,lean_forward,3.7961184000596404,0.4222382950937592,0.08576047445580921,-0.809867652844485,0.0024911832510126413,0.0073287865614292845,0.18642423971688774,-0.5573912745047701,0.007346177985484821,0.23298774599050998
P02,S02,23,lean_forward,3.8547155000269413,0.4101844705069421,0.0919963935845895,-0.8182803672742092,-0.003713697409072642,0.010826528502711092,0.19532968822920083,-0.5575307903176673,0.006806461578046167,0.12380551439016092
P02,S02,23,lean_forward,3.895111500052735,0.40933872849460856,0.08956108399654068,-0.8286251908705015,0.0003959191199432811,0.010763568733595942,0.26663154428235336,-0.5519096844115395,0.0046123861369882415,0.14627427382323707
P02,S02,23,lean_forward,3.944437099969946,0.4067501964884713,0.08702310568079787,-0.8307336751950047,0.0012023500286027313,0.0027093540132645823,0.06009374539727285,-0.551598364585937,-0.0009198479961801127,0.02480698747752955
P02,S02,24,lean_forward,0.4255257999757305,0.3789947000207575,0.06211004860435538,-0.8264831140938597,0.0,0.0,0.0,-0.5703411756116104,0.0,0.0
P02,S02,24,lean_forward,0.5095374999800697,0.37885665565151416,0.05901743399342987,-0.8216367343285346,-2.3599154410877143e-05,0.007910515222374055,0.0941601041657262,-0.5850946363297694,-0.028842727914220434,0.3555248498895043
P02,S02,24,lean_forward,0.576198700000532,0.37676559612025473,0.056909321811005525,-0.8242473317320976,0.0027707300224487537,0.0023373387413879814,0.05437836710043179,-0.5772409280124507,-0.007641939916990914,0.27640823464545367
P02,S02,24,lean_forward,0.6497564000310376,0.37573308308463077,0.05334130133952876,-0.8280289165395349,0.001203211401425398,0.001448105115911763,0.025595475392778348,-0.5724477850021678,-0.015392230907147671,0.21950835339234825
P02,S02,24,lean_forward,0.7113749999552965,0.3746193715345178,0.0527779315078942,-0.8257009716446307,0.001753122845109273,-0.00025258270332721976,0.02874497191375636,-0.569690302491203,-0.0025224829758814043,0.09676340749212219
P02,S02,24,lean_forward,0.7739291000179946,0.3729367613732958,0.052181447615143914,-0.8190340505209142,0.0007679594714426018,0.00023662101924469762,0.012846264196558084,-0.5739653684957983,0.0052207863128840674,0.08459571218744638
P02,S02,24,lean_forward,0.8360644000349566,0.37195176552205916,0.0515109804943995,-0.8182673324283737,0.0007456754854001021,0.0005249734895332799,0.01467663310543109,-0.5739176344006259,-0.0013931734488683927,0.025722964108009783
P02,S02,24,lean_forward,0.8997405000263825,0.37197822759909466,0.051414178357505294,-0.8160429591124326,0.00030513115121314654,-0.002492485260401993,0.03943540744788195,-0.5675921273194746,-0.02279494909417338,0.37163799394884534
P02,S02,24,lean_forward,0.9474840000038967,0.37161973814306765,0.04836974383725746,-0.818660075720956,0.0008435790595048482,-0.00020955148611903875,0.018205966798008025,-0.5629593390223391,0.0003712709771587111,0.0966376348927466
P02,S02,24,lean_forward,1.008176099974662,0.3717042244337157,0.04818825217168218,-0.8192554089626707,0.000544285085371547,0.000783815422345473,0.01572297513541578,-0.560840037116936,0.0038553495441080972,0.1491877110685318
P02,S02,24,lean_forward,1.0718716999981552,0.3721253816015182,0.05075755759047974,-0.8261677416691119,-0.00026865109286357817,-0.003494986940696542,0.05503201176034496,-0.5596389590653875,0.0056154385208487334,0.09073276626665841
P02,S02,24,lean_forward,1.1337753999978304,0.3724358929124001,0.050855514517014824,-0.8260986950437177,0.0005895073842461047,-0.0019331233050926292,0.03264765763170129,-0.5504465074959761,0.0004883940345248309,0.05699072140457386
P02,S02,24,lean_forward,1.2115829000249505,0.3729661851691319,0.0526013933230354,-0.8370999200824135,0.000747442890802783,-0.0027706686760418744,0.036882267405886494,-0.5501408254752299,-0.00014213887235803633,0.02979197849699533
P02,S02,24,lean_forward,1.2652454000199214,0.37417497878821554,0.05153812854303159,-0.8410304662198697,-0.0011924912035369563,-0.008075041956945684,0.15211028787608946,-0.5551908800897243,-0.0007399754003150922,0.277481064568352
P02,S02,24,lean_forward,1.3202282000565901,0.3751283356726063,0.05002201347946318,-0.8425095049372793,0.0007127071157145284,-0.0056592329373323725,0.10374034251103344,-0.5545069948107876,-0.0017080751704965748,0.06487905071076626
P02,S02,24,lean_forward,1.3712479000678286,0.37722644472529293,0.045571366619859124,-0.8510864424808595,-0.001209943188632848,-0.011797953387613302,0.2324559762656951,-0.5586543090799169,-0.0025499167074122917,0.2800949750998522
P02,S02,24,lean_forward,1.4582799000199884,0.3846209504590397,0.043136628092287826,-0.8603199139879678,-0.00015442743939920181,-0.019674195252308745,0.22606399166565683,-0.5586505098907166,0.00037037453951380974,0.02940818576373331
P02,S02,24,lean_forward,1.5066483999835327,0.3856749584755173,0.04179859716501529,-0.8616920438166211,0.0004772390299695601,-0.01083941510523803,0.224317810036215,-0.5573705704512405,0.004013111759564906,0.0881385431779981
P02,S02,24,lean_forward,1.5486992000369355,0.38690526009700915,0.04257849749387493,-0.8655075262713803,-0.0009551787915107555,-0.002128961462728581,0.05549047405675966,-0.5571609452409555,0.0019345202836842693,0.04686979006293202
P02,S02,24,lean_forward,1.5953695999924093,0.39221805679891564,0.03978681419506068,-0.8513236425195714,-0.00139947451225578,-0.01964985917265208,0.42210120018923064,-0.5598196277798618,-0.020072437361928017,0.4752333522188499
P02,S02,24,lean_forward,1.6409841000568122,0.39521158742952495,0.04066679885796072,-0.8457272560965582,0.0016606465106209982,-0.010486912584644492,0.23276773014802452,-0.5607710122692565,0.002147062418100073,0.06485518138638861
P02,S02,24,lean_forward,1.7087619999656454,0.40389923667989064,0.04441808798833125,-0.8351776477705033,-0.0047635475760774565,-0.026255534089906322,0.393700028740329,-0.5580892905015401,0.0013761915565195372,0.10120058358697462
P02,S02,24,lean_forward,1.7603865000419319,0.4164386037192813,0.04322889877277006,-0.8266490543332068,0.0038225592771639902,-0.01409038259783611,0.2828053795555578,-0.550994624832026,0.0024581513848475085,0.06757839109929724
P02,S02,24,lean_forward,1.815896900021471,0.4253234193863611,0.04018110026470265,-0.8154499959400143,0.002009391348223851,-0.0031293167908664496,0.06699479849911635,-0.546192616175336,0.0016743472950269509,0.030657362001461658
P02,S02,24,lean_forward,1.8579145000549033,0.43155065243743895,0.04141256227961522,-0.8041604671527035,-0.0017051971541246866,-0.013189173759942625,0.3165089720502955,-0.5305669217413514,0.0061550060297122025,0.1504709602766977
P02,S02,24,lean_forward,1.9528431000653654,0.44563161879794927,0.03998210155110127,-0.7909267074485331,-0.00023065735369591362,-0.005613487084525253,0.05918368040426859,-0.5286246343524689,0.00026633122096544047,0.04001279782185926
P02,S02,24,lean_forward,2.0054509000619873,0.44938706145472435,0.039739928202074074,-0.7875527569832708,-0.00024288862565735223,-0.0004030790625925971,0.00894550729271479,-0.5238668756809637,0.0043738795205469,0.09399860571246728
P02,S02,24,lean_forward,2.0726183999795467,0.45531809320252403,0.04086346065853578,-0.7856991520169792,0.00047480223129236143,-0.0015393436552982845,0.023983404955926452,-0.5291991779124339,0.009831904089243872,0.1776475647566438
P02,S02,24,lean_forward,2.163568799966015,0.4611869776646546,0.04431598645698189,-0.77431169114552,-0.0022099382062706263,-0.0009383602407490318,0.026397964345789827,-0.5310073735588948,0.006423119780994763,0.09635908881810196
P02,S02,24,lean_forward,2.2127461000345647,0.4666457993224233,0.04845857175111492,-0.7644301278955813,-0.002078549481937496,-0.000227295446636009,0.04251840293419,-0.5377262473739672,-0.0013816016565607971,0.07131427696372916
P02,S02,24,lean_forward,2.287276600021869,0.4689011880915986,0.06555328027135644,-0.7558616950059357,-0.001197714739262327,-0.004615884366203746,0.06398377744937796,-0.5395784950195558,0.0007740439615829855,0.08639406548331097
P02,S02,24,lean_forward,2.3529614000581205,0.4707032513748304,0.06584608913968643,-0.7528541728020711,0.00011722672350286727,-0.0011065468250929579,0.016940585247577022,-0.5395369566538475,-0.005075628504612712,0.09174688616775584
P02,S02,24,lean_forward,2.4129661000333726,0.47264412914499154,0.06687361019288049,-0.7480208484470777,-0.00045600988612236613,-0.0004407507057515679,0.010569126899343341,-0.5400891518484329,0.00047620857741887464,0.04391613784903294
P02,S02,24,lean_forward,2.4792686000000685,0.47365822598531776,0.06776363510114336,-0.7484282999849603,-0.0011524958487522103,-0.0005543834101302465,0.019288879806086998,-0.5407479169322953,-0.001894715248992342,0.06676575523824675
P02,S02,24,lean_forward,2.5603430999908596,0.47589468798993534,0.0675499501989786,-0.7526654269445302,-0.00041400578379479735,0.008203714669054372,0.10131612976258621,-0.5419030557831802,0.0004787677468930645,0.03137070281252541
P02,S02,24,lean_forward,2.602651400025934,0.4788363808040884,0.0707536810290654,-0.7491892066349566,-0.0016820881781745632,-0.0007506029667003462,0.0435366675159343,-0.5436910829316604,0.002158929946867052,0.09154437789138993
P02,S02,24,lean_forward,2.6727990000508726,0.480948796209374,0.06961518023114903,-0.7487572001761008,0.0009413827111790215,0.0003867898159017544,0.014508642024316194,-0.5511773365866723,-0.0022519090954688284,0.05398964157342376
P02,S02,24,lean_forward,2.753822800004855,0.48169139876299916,0.07135494468341912,-0.7474508589862466,-0.0008343964026204432,-4.578391605814277e-05,0.01031365545496216,-0.5531976438119699,0.0006896060414356742,0.013799824106569459
P02,S02,24,lean_forward,2.8224800999742,0.48184067563215066,0.07188052904109082,-0.7433777296992702,-0.000606077842419372,-0.00013601032508217157,0.009047129424918624,-0.5584745448783796,-0.0005941497049325156,0.026399221874799077
P02,S02,24,lean_forward,2.8676408999599516,0.48183356236888253,0.07193943719809107,-0.7393682686178843,-6.996996439046234e-05,-2.344187094274937e-05,0.0016339921522440155,-0.5586394416954074,3.6560452196592016e-05,0.03288814800230997
P02,S02,24,lean_forward,2.9409215999767184,0.481785828438115,0.0837969241203898,-0.7410772968174796,0.00022606017183799803,0.0016924357098064375,0.02330035732559348,-0.5580944010103931,-0.002173358379686613,0.2116703396682692
P02,S02,24,lean_forward,3.0208119000308216,0.48183608383942905,0.08095689718507933,-0.7402605669910926,-7.07891316501816e-05,-0.0005564786522120436,0.00702166711677295,-0.5532099163801548,-0.009180837235090613,0.126966011748085
P02,S02,24,lean_forward,3.097949899965897,0.4821735532323881,0.0868634380303856,-0.7413040200930245,-0.00031491323310327957,0.002299268355533268,0.0300854804381,-0.5497881021368508,-0.004442520286725088,0.08522989588119412
P02,S02,24,lean_forward,3.1722317000385374,0.48176561200453605,0.0788248202354497,-0.7462891913076423,0.0008214008583922951,-0.0005143092453202448,0.013046671084655159,-0.5500755184085531,0.006335898181669861,0.1047250015921504
P02,S02,24,lean_forward,3.2211461999686435,0.48065690496326413,0.07865526867609936,-0.7458157325311523,0.00022625010328523564,-0.0019515543987127409,0.04016448262889544,-0.5509105045052368,0.0011239110951357248,0.031391247636845795
P02,S02,24,lean_forward,3.2894252999685705,0.4805678975568063,0.07897401924924317,-0.7454215632345145,5.0045944161360036e-05,-0.00011478939608758045,0.0018340107900234133,-0.555997500408857,-0.0006335163679124439,0.02719717741025727
P02,S02,24,lean_forward,3.3608206000644714,0.4805267583481263,0.07896346131510021,-0.74589707030105,7.73545821378043e-05,1.1907861110810526e-05,0.0010962312044918623,-0.5530647349429956,-0.002177934043399135,0.04923403811505589
P02,S02,24,lean_forward,3.4412774000084028,0.4803331691862696,0.0819125848766484,-0.7394080009349296,0.0002156067432792263,-0.00025500538557629354,0.004150514830985731,-0.5508102685398572,-0.001866794732219072,0.023257173240287726
P02,S02,24,lean_forward,3.517532499972731,0.47810814349080955,0.07640173005918877,-0.7409577022829357,0.0011472078007269601,-0.0002460317149283079,0.015386424975042796,-0.5530156658473072,0.00250206900001206,0.03905550272838581
P02,S02,24,lean_forward,3.570155299967155,0.475536625721557,0.07553409088422124,-0.739233320525583,-0.001846865291797391,-0.005671029747599756,0.11333839929339871,-0.5560207854438048,0.003549694687365978,0.07001375272096404
P02,S02,24,lean_forward,3.6371128000319004,0.47330312033626365,0.0740918441238403,-0.7425026197420633,-0.0009465307568522873,-0.0019352177006834105,0.03217406933616747,-0.5550246235939649,0.00174093780787622,0.028957543613258373
P02,S02,24,lean_forward,3.703318199957721,0.4668307337826899,0.07340091136006911,-0.7526051002500999,0.001993585375114089,-0.0001398088885455314,0.03018608329894013,-0.5575688201432493,0.0018522787302074509,0.06127583188745964
P02,S02,24,lean_forward,3.776987800025381,0.4591919125276044,0.0705412691441199,-0.7628081920458035,-0.0013192562644235711,-0.000646810052208654,0.01994425995615696,-0.5566655359224612,0.013595198364369622,0.18791888621316205
P02,S02,24,lean_forward,3.8599096999969333,0.44644847811389843,0.03394318858855923,-0.7736406868572488,0.0050592026202486255,0.0030626838665101823,0.0713202926292997,-0.5571899815303994,0.008313140196818706,0.14036635689230775
P02,S02,24,lean_forward,3.939320100005716,0.43061976078410413,0.031164282717590034,-0.8002169888166424,0.0005958114717459568,-0.0007499376359436854,0.012061503740043986,-0.5645150624418522,0.0017694533555381905,0.12952807938295258
P02,S02,24,lean_forward,3.995524500031024,0.4202945302667578,0.033546236965624095,-0.7946934165865197,0.0005730090445433853,0.0026176465645790883,0.04767650301299032,-0.5671956414840343,-0.0036697792983365497,0.28065200451649885
P02,S02,25,lean_forward,0.39074729999992996,0.37187803081366994,0.08726714039437493,-0.814501831905693,0.0,0.0,0.0,-0.580158644498229,0.0,0.0
P02,S02,25,lean_forward,0.4736015999224037,0.3680568736643399,0.07416554647116863,-0.8381890562724694,0.0028425240833137265,0.030148569135805436,0.3654882701251174,-0.5720997538618612,0.017201173273101673,0.581905809329651
P02,S02,25,lean_forward,0.521883099921979,0.36783180574174795,0.0739686720918011,-0.8456306494966969,0.00038663508759743124,0.018249872920381098,0.37807375527665954,-0.5652898896395292,-0.024722507910232498,0.6515157141663367
P02,S02,25,lean_forward,0.57359359995462,0.3658631405020837,0.07186704083339239,-0.8430431660113045,0.002680483528088861,-0.0005778600017705432,0.053027215798143,-0.5680915860064047,-0.030001507914664056,0.6014389022416305
P02,S02,25,lean_forward,0.6592370999278501,0.36432173260191064,0.07240828841930359,-0.8421310788869828,0.0011688308583607983,-0.001203883104769281,0.019592207276239178,-0.5654321313829817,-0.01093682489441592,0.13373192010829638
P02,S02,25,lean_forward,0.7129420998971909,0.36325725024269,0.07150326648454222,-0.8431161827140836,0.0016691838902974702,-0.0005115313733260292,0.032507330367522104,-0.5642473198089908,0.0015549098944123891,0.03337881731224809
P02,S02,25,lean_forward,0.7549026999622583,0.3633073409175251,0.07151855041722215,-0.8422033395812533,-0.0001431023971991164,-0.000868786178696384,0.02098380107875315,-0.5626734136116694,-0.0064888958088781075,0.15925260797330734
P02,S02,25,lean_forward,0.8657977998955175,0.3633861693392323,0.07186372843992178,-0.839545331831323,3.608563824657984e-05,-0.0037628299281621124,0.0339329957550864,-0.5720181526428387,-0.015018124215364453,0.14760028412251977
P02,S02,25,lean_forward,0.956928399973549,0.3635065677857639,0.07285335079519151,-0.8408279415460987,7.026170240012686e-05,-0.002036277599197142,0.022357906410282805,-0.5718494639343784,0.001408359938445854,0.03648438576761296
P02,S02,25,lean_forward,1.0205970999086276,0.36593470828950253,0.0733999693475406,-0.8500171359007822,-0.0008666612007674305,-0.012553007017834695,0.1976306829690987,-0.5716439338624543,-0.011372614925275366,0.20160263492725797
P02,S02,25,lean_forward,1.107145799905993,0.36852027335143656,0.06989319534764071,-0.8547773943869802,-0.002307308773844478,-0.03630281179055532,0.4202958687233368,-0.565521354708444,-0.0024344995148979664,0.07511886468679713
P02,S02,25,lean_forward,1.16377369989641,0.3714049891336358,0.06703145560718166,-0.8644367656372491,-0.0015446206205795591,-0.03242928966793344,0.5733225900400045,-0.5605876357015341,-0.007169627704885047,0.2586597878072052
P02,S02,25,lean_forward,1.2268932999577373,0.3761988819992823,0.06315413695366694,-0.8555213811489466,-0.0004568197840868992,-0.007234570908205653,0.11484513952492756,-0.5584569912672106,-0.0036484700301833515,0.10893018543050845
P02,S02,25,lean_forward,1.3133188999490812,0.3831553385543233,0.05637519009183161,-0.8616863074471469,0.00021984885959478256,-0.030077252968939136,0.34802253557787016,-0.5492851054854033,-0.010442138727062043,0.18525677347854858
P02,S02,25,lean_forward,1.398089199909009,0.3951681303355961,0.058416244629781226,-0.8489200436893075,-0.000853982322082691,-0.02825966157588832,0.3335196636700903,-0.5525641193764567,-0.0015290145521596474,0.17338166204673314
P02,S02,25,lean_forward,1.4425484999082983,0.3976396488892,0.05790776078408998,-0.8400255235867745,0.0009833186172929003,-0.008439152157559495,0.1911016705895665,-0.5475168727952802,0.007143221506819056,0.1626493693443379
P02,S02,25,lean_forward,1.5221655999775976,0.4101150110655471,0.04930541456816034,-0.8403428449060102,0.0026311704275589327,-0.018344943440576595,0.2327725330315089,-0.5434287409911858,0.006715083632187206,0.09700275526803884
P02,S02,25,lean_forward,1.5616701999679208,0.4207620465758101,0.04666506339127602,-0.8317620492494423,0.001065628290317032,-0.011582235620971222,0.29442530996515265,-0.5417984762452883,0.0012408138218592795,0.068221449684286
P02,S02,25,lean_forward,1.6106231999583542,0.43019355786952984,0.04567166920989814,-0.8129777210938075,-0.00015175026681837358,-0.009506196467968062,0.19421501460985452,-0.5427273761784215,0.0027228194276717145,0.1695476616719379
P02,S02,25,lean_forward,1.665852699894458,0.43821139642499174,0.04984305390180392,-0.8165258419491067,-0.0022774176526182107,-0.004993289380143986,0.0993695384619302,-0.5354201630834718,0.0012431096659536107,0.03639067677397401
P02,S02,25,lean_forward,1.7082085999427363,0.4419705931129657,0.04863954737770728,-0.8101271071212566,0.0009296650617977541,-0.005195456832266276,0.1246102128618532,-0.534071643394997,0.0008158899888238691,0.051576350921440285
P02,S02,25,lean_forward,1.7858915999531746,0.45249921403484034,0.04906149160004485,-0.7929317471522189,0.0013393615044588964,-0.0054538674007293605,0.07229278124545259,-0.5298520791994646,-0.002863603071985242,0.045022574135378135
P02,S02,25,lean_forward,1.855980099993758,0.45868067595528345,0.057043736317901335,-0.7890526175260081,-0.0019317422628786528,-0.0021297830424438923,0.041024478307235775,-0.530715654094803,0.0009213895760924578,0.025299743515151508
P02,S02,25,lean_forward,1.8958468999480829,0.4614661563279747,0.06186298610640957,-0.7871083193128678,-0.0006365183782716301,-0.00021454079267637532,0.01684865269783133,-0.5303653522359474,0.000967936100015671,0.11080278226390179
P02,S02,25,lean_forward,1.9350409999024123,0.4623237345522442,0.06079819332089584,-0.7861976014909392,0.0009504280408829526,0.00010133429735946836,0.024386703341198412,-0.5326097921331001,0.006266607051157957,0.1760222625593037
P02,S02,25,lean_forward,2.0098991999402642,0.46547149056324777,0.060385764356235806,-0.7887046645102984,0.0006960917168244855,-0.0006209891060964574,0.012461288747914112,-0.530288477624184,-0.00039107215323793825,0.029584451924400235
P02,S02,25,lean_forward,2.0829106000019237,0.46930606075904596,0.07775138480563362,-0.7729224890429264,-0.00184204613654952,-0.008453894594430406,0.11850549602523218,-0.5256779935022488,-0.008332321779326043,0.11734228737490676
P02,S02,25,lean_forward,2.160430899937637,0.4707424749517925,0.07166938434984826,-0.7815097236914155,0.0012338168772483857,-0.001816150587268267,0.02832304390435536,-0.5290919691617538,-0.00023040916757554515,0.0554161834786652
P02,S02,25,lean_forward,2.2324644998880103,0.47501407722573413,0.0715025773500552,-0.7744794250837885,-0.0008906395374764399,0.00043070922105389,0.013734112313464128,-0.525928711966858,0.0002305760708467703,0.1199180738854548
P02,S02,25,lean_forward,2.276852799928747,0.47657529096125134,0.07152223137574203,-0.7782050898493053,-0.0003738302984074095,-0.0005579314022065753,0.01512994506925777,-0.5262923993368787,0.000649700344442784,0.03660883232941401
P02,S02,25,lean_forward,2.320858299965039,0.477927248886356,0.07251488100614467,-0.7769499818851894,-0.0009575141654090415,-0.000234089850503609,0.02239978336976969,-0.5284897191928875,0.0018515509260820075,0.049494663923977944
P02,S02,25,lean_forward,2.3731012999778613,0.4793791103244472,0.07397342366157877,-0.7694636283910877,0.0001094322569613759,-0.0003529932424523178,0.007073997250494418,-0.5316620249542086,0.004223874231515101,0.27746311358793424
P02,S02,25,lean_forward,2.4456520999083295,0.48184558032472935,0.07296358575890889,-0.7627330364371107,0.0007039189419684564,0.00136528483657075,0.021172308109533956,-0.537824494963124,0.0027631638390304245,0.060171776036164734
P02,S02,25,lean_forward,2.5008341999491677,0.48208116379447696,0.07457070725100978,-0.762171505292321,0.00015025383691235462,6.596208351593598e-05,0.0029737021738655395,-0.5360697206158379,-0.0014923235959299396,0.16103214640787888
P02,S02,25,lean_forward,2.561714499955997,0.48232808759071566,0.08305654657406493,-0.7552478343813721,0.00014256148480276394,-0.0007848991402966781,0.013103431378983139,-0.5322032135185085,0.01178630340030741,0.2241306379301007
P02,S02,25,lean_forward,2.6125106998952106,0.4819403279787175,0.0813445191005143,-0.7578442392135216,0.0009256096370904235,-0.00013975433199100477,0.018428557176320214,-0.5322489781248575,-0.0008512431317950616,0.03680305958975229
P02,S02,25,lean_forward,2.684992099995725,0.48277422424632893,0.08243979785375674,-0.7604587995250194,0.0005840560836295029,0.004044578733605116,0.05638041435071287,-0.537015748957596,-0.002557906519034164,0.04363120518901118
P02,S02,25,lean_forward,2.754089399939403,0.48280310177549624,0.08828557215318752,-0.7592577106205542,6.935106481181071e-05,-1.0925801932968843e-05,0.0010160517675316747,-0.5342529095518446,-0.0033484158266835987,0.05141674420534736
P02,S02,25,lean_forward,2.8223580999765545,0.48237992243859834,0.09033838921314687,-0.748795734083553,0.0005468156791008848,0.00020919333270464038,0.008575891660876526,-0.5340923362851544,-0.0016138611641321092,0.061694863669477094
P02,S02,25,lean_forward,2.8742467999691144,0.4813770139118686,0.08881591990314178,-0.7590761066395898,0.0005532018438753412,-0.00011236767350833689,0.01087902940006596,-0.5261802950824072,0.011293422911107397,0.22608558894001765
P02,S02,25,lean_forward,2.9620426999172196,0.47956228445338106,0.08884347792132842,-0.7597854170781071,0.00017517077333566343,-0.0011633514418957409,0.013400006493573733,-0.5293299924282201,-0.0005353105442920882,0.02209601025848501
P02,S02,25,lean_forward,3.014377399929799,0.47925123797063207,0.08931865091159111,-0.7577615303512926,-9.526768901272412e-05,6.970958184286145e-05,0.002255637633332952,-0.5328867439089352,-0.0010794966358375303,0.05484771250849662
P02,S02,25,lean_forward,3.0912509999470785,0.47858481247022716,0.08914714210885201,-0.754399490461115,0.0004901722214374229,0.0020753934823180367,0.02774025310367561,-0.5511008197765533,-0.004651757363402374,0.07029135496427609
P02,S02,25,lean_forward,3.1518076999345794,0.4733866575905711,0.0894194340782478,-0.7552945431973979,-0.0001735055248885499,-4.828691494539832e-05,0.0029740623000668945,-0.5497429851752064,0.000759747905766562,0.044022225854101295
P02,S02,25,lean_forward,3.2009749999269843,0.47266788999018966,0.08917235834177588,-0.7605693875106557,0.0003734685808392445,0.0038999747772305113,0.07968336637209286,-0.5499441553076257,-0.0003785032052202211,0.009836450807343215
P02,S02,25,lean_forward,3.2581788999959826,0.4689388053240046,0.08889156018974305,-0.7662795336051029,-0.00016687347500581273,0.0009470621820571728,0.01681094226631409,-0.5505149287033454,3.8107506780721253e-06,0.027515117454228348
P02,S02,25,lean_forward,3.328613799996674,0.4606162375035213,0.08911848409007472,-0.7763349384568203,-0.000873301489778337,0.0013002309122863835,0.022237375272078086,-0.5490726428233251,-0.003266955734449299,0.09155839101953145
P02,S02,25,lean_forward,3.3804332999279723,0.4473269876735745,0.06367931682105253,-0.770771075940935,0.001449585981574303,0.007180973665961313,0.14137193504375972,-0.5555733705490586,0.004577354907546583,0.10988509788721343
P02,S02,25,lean_forward,3.4339086998952553,0.4389520260359667,0.04956895324003091,-0.7840979610568205,0.002313530810400455,0.003335305455853101,0.07590683930931329,-0.5568332603221997,0.00011358757683699456,0.1986596677072314
P02,S02,25,lean_forward,3.5116468999767676,0.41960928562577626,0.05596831836771204,-0.8103771014572022,-0.005082014502581258,0.02007642004177499,0.2664024611426401,-0.5660492285122847,0.016046833762171062,0.25210295768321356
P02,S02,25,lean_forward,3.5678277999395505,0.407193372894866,0.06000859681455242,-0.8209743571070945,-0.005587587254161075,0.02696100141451618,0.49009395754211077,-0.5602844725427651,0.023343602946611218,0.41849809928333326
P02,S02,25,lean_forward,3.640156799927354,0.4031409730047376,0.054697708302670005,-0.8394433980863487,0.0020266624406075078,0.015361827776148872,0.21422857102894738,-0.5597232088256436,-0.005982517209029339,0.0984934924815159
P02,S02,25,lean_forward,3.708418099908158,0.3959511405581799,0.057021850928525346,-0.8396396844651673,-0.005591372256012537,0.026614650437509282,0.39840501387867183,-0.5458319384450718,0.018938481108062576,0.2813097020245831
P02,S02,25,lean_forward,3.789506100001745,0.3881306345505684,0.04860539447571764,-0.8214212422744126,9.628745826117165e-05,0.037951079721159214,0.46802488438322837,-0.5695900092009489,0.04112967323582895,0.5437484053705431
P02,S02,25,lean_forward,3.8464618999278173,0.3864052468630576,0.05052651373379289,-0.8329921370911877,-7.73970611394187e-05,0.015593251851443064,0.27378149285140924,-0.5656404913788319,-0.005664656637646401,0.10008064841016223
P02,S02,25,lean_forward,3.931962199974805,0.382759091609382,0.04671958811414232,-0.8385066346036096,-0.0013195243916497286,0.026223629936534702,0.30709607971327685,-0.564400107214456,-0.012850019963497269,0.15839212186852036
P02,S02,25,lean_forward,3.993372399942018,0.37857952585768384,0.0391606848232826,-0.840386395972277,0.0015615970458660049,0.029496290785382122,0.4809884844598409,-0.5650370298073816,-0.0016924807416210988,0.1583005426110804
