participant_id,session_id,trial_id,movement_label,timestamp,shoulder_width,head_offset_x,head_offset_y,torso_dx,torso_dy,movement_speed,head_offset_z,torso_dz,movement_speed_3d
P02,S01,1,neutral,0.4187301000347361,0.4017341059457601,0.03153466391575498,-0.8106107667031769,0.0,0.0,0.0,-0.5652135782641228,0.0,0.0
P02,S01,1,neutral,0.5532447000732645,0.3982419935093359,0.03833145878789775,-0.8033448035800508,-0.0062444323489912485,0.00107208199407558,0.047101167843891366,-0.5771304499913463,0.033212175258712895,0.356371016963403
P02,S01,1,neutral,0.6123859999934211,0.39818376502653957,0.03774368788974107,-0.8043997600474846,-0.00011406476935547693,5.912806285487321e-06,0.0019312716928075375,-0.5615822701380894,0.04380211484002354,0.8280699449391064
P02,S01,1,neutral,0.6693412000313401,0.3979217584119536,0.030641201148988495,-0.8029915755998894,0.0003080054011334385,0.0012260300101044105,0.022195110124107735,-0.5557690906114447,0.03249638163973367,0.6993476981266281
P02,S01,1,neutral,0.7654646000592038,0.397498433088917,0.030439649769324516,-0.8084828379356395,0.00029341345513720843,0.006291576210883859,0.06552425628382987,-0.5568513589039882,0.008515289368196783,0.15940534372040557
P02,S01,1,neutral,0.8200028000865132,0.39755740027433345,0.03189662462729182,-0.8135362317638021,-0.00012893734205793707,0.0032645135883366534,0.05990404690281176,-0.5553037501488357,-0.0002525070515731132,0.13011688757702
P02,S01,1,neutral,0.8633713000454009,0.39758819970883835,0.031902923792408035,-0.8150498722432125,-6.798669182192723e-05,0.0019796345435690167,0.045673741002343754,-0.5560608862827355,0.0018213805125210497,0.09506724437059533
P02,S01,1,neutral,0.9179509000387043,0.3977555900554426,0.0320094921949456,-0.8153745739408691,-0.0002500662553983686,0.00223842078802285,0.04126716964535081,-0.5616971060294322,-0.0016776351042518127,0.0769781062950839
P02,S01,1,neutral,0.9582126000896096,0.39778617423569174,0.03470487934861138,-0.8178010029055311,3.824689384479205e-05,0.007202328395654054,0.17889035828225264,-0.565010622411134,0.0061174539657503435,0.21596962434395234
P02,S01,1,neutral,1.0412933001061901,0.39825423983105585,0.034399034554684675,-0.8154549234409666,0.00017555682106784978,-0.0008777841053392489,0.01077467638321094,-0.5661310634893508,-0.00200116288787683,0.03150394613797712
P02,S01,1,neutral,1.105325200012885,0.39773357791944247,0.03248175149110659,-0.8151260478648414,-0.0002331458324298071,-0.0009584343058363049,0.01540457103298267,-0.5604355542932841,-0.006667216292268556,0.1450381442859802
P02,S01,1,neutral,1.181251300033182,0.39794660238655444,0.032350193518332536,-0.8110670745704665,9.619653209103022e-05,0.0007775855139752174,0.010319419070722213,-0.5612580354484429,0.003237690986137976,0.04311974227097056
P02,S01,1,neutral,1.2224913000827655,0.3980862644462521,0.03193540199008082,-0.8079403139188078,0.0009727077002316571,-0.00021890227934098094,0.024176402563489366,-0.5601700827085995,-0.0005253082981785833,0.06192083915785332
P02,S01,1,neutral,1.275599000044167,0.3981060548873837,0.03138493901482747,-0.8126185547062824,0.00011678200407666807,-2.2682658484122068e-05,0.0022400602236317705,-0.559809238097279,0.0003241120306739693,0.06872620584964781
P02,S01,1,neutral,1.3336559000890702,0.39823765881657225,0.032479064809266704,-0.8101770504757922,8.43396313416026e-05,-0.0003484341823660175,0.006174911819193864,-0.5572070476474422,-0.022388861451311637,0.38660538452776805
P02,S01,1,neutral,1.4003398000495508,0.39821804890555096,0.032291470701891506,-0.8122926123234017,0.0001505764814247904,0.00019046577794537355,0.003641017077215586,-0.5577876523543576,0.001403825507197037,0.03549704681919048
P02,S01,1,neutral,1.4629330000607297,0.3982868022846443,0.031800423511133116,-0.8180044437360892,-1.5114909878465116e-05,0.0013928164974146024,0.022253192177527116,-0.5587030968597244,-0.0008510809580935547,0.05945807178689737
P02,S01,1,neutral,1.5258028000826016,0.39854260566387184,0.03290187334256372,-0.8169642626012037,-0.0001228232912269207,0.002766197375382801,0.04404217606062444,-0.5583761832496459,0.0032301463404633226,0.05161102143951309
P02,S01,1,neutral,1.5657045000698417,0.39859187364272175,0.03246713696881514,-0.8159774557481072,3.200113907331414e-05,-0.0006383030940861747,0.016016981099311788,-0.5601484696492969,0.012006896790256903,0.3650926497259514
P02,S01,1,neutral,1.6737993001006544,0.40018879475325103,0.03234726066257542,-0.8089943305582573,0.0020102609095526453,0.0010676113358282107,0.021057150446325168,-0.5603007320177771,-0.013875672246850698,0.14293374286854232
P02,S01,1,neutral,1.7453441000543535,0.40023658518592997,0.03240017531861002,-0.8083285837221984,-9.121566162665272e-06,0.0004694069639954439,0.006562260032279973,-0.5586278922073209,-0.003051568958049436,0.04597193768690515
P02,S01,1,neutral,1.8208299000980332,0.4001646106392287,0.03260909664463456,-0.8079687321315018,0.00017777220085952032,0.00021136049687445275,0.003658721099201729,-0.5520892371262707,-0.01691299062382715,0.23229893285059447
P02,S01,1,neutral,1.8931131000863388,0.4000706939986818,0.03299658960772449,-0.8093279745848831,-0.000279868850406074,0.00015323136153454732,0.004414181842399165,-0.5532511590774879,0.0008753805436679587,0.024339132945900954
P02,S01,1,neutral,1.9555185000644997,0.39974223613831805,0.03390239371884659,-0.809759363970525,0.00036203349166379474,0.00011488748160088709,0.006086419818781043,-0.5558110943594837,0.0011851615154224151,0.04439649716859975
P02,S01,1,neutral,1.9984954000683501,0.3994197428071228,0.03038462957968339,-0.810466852197635,0.0004625324606714176,-0.0003738909760323396,0.013838891834972819,-0.5582046922432062,0.0060991047815934455,0.14406828777789193
P02,S01,1,neutral,2.070153000066057,0.3995204625383958,0.031993672073522224,-0.8084385668770956,-0.00028771381750764224,-0.001558667414265539,0.02211907012312818,-0.5637743003736227,-0.01695106312987056,0.2397016608912247
P02,S01,1,neutral,2.1475751000689343,0.3995980341233276,0.03185839933910793,-0.8094506082427126,0.0002002120321369659,0.0011862068806624856,0.015537998379492044,-0.5562786058420495,0.010249076561145381,0.1327357007989647
P02,S01,1,neutral,2.2205044000875205,0.4000722806352716,0.03214151010284906,-0.8101390407155508,-0.0003021037054888692,0.001367753948090526,0.0192065514696976,-0.5530124805192955,-0.006097497254246531,0.08422265970416748
P02,S01,1,neutral,2.2914504000218585,0.40006709877718105,0.0327348186687205,-0.8113379630393829,-0.00012730906669468004,0.0012068661144063846,0.017105436316117596,-0.5534473273386827,0.0002760952633216866,0.022879631437555118
P02,S01,1,neutral,2.3739313000114635,0.40012108588632883,0.031767258840759635,-0.811080940364388,0.0003532740964443847,0.00024706096940881804,0.005226587255624124,-0.5583029186619621,0.020268121804425224,0.25199638562335863
P02,S01,1,neutral,2.4592973000835627,0.39933289138873634,0.03242009923664078,-0.8140323435311203,-0.0007598481165302741,-7.164506132387793e-06,0.008901458329103303,-0.5598848603754226,-5.694641679919199e-05,0.08110157590723026
P02,S01,1,neutral,2.5182244000025094,0.3995739022345951,0.03408311324102897,-0.8125303034793533,0.0003040840948198292,7.12289209107032e-05,0.0053000242526567935,-0.5617933891334002,0.00540363223803814,0.12191987501027796
P02,S01,1,neutral,2.587260900065303,0.39930377189431904,0.032099440120930994,-0.8179437685717253,-0.0005758145387164586,-0.0006484350890950865,0.012561426060348114,-0.563356660381215,0.009798961541246112,0.14315314798500567
P02,S01,1,neutral,2.630911200074479,0.3998714671786861,0.03312027772151541,-0.8160465197872897,-0.0015967627310349175,0.0020785603307350376,0.06004725611668765,-0.5554588693212356,-0.020493654407465055,0.5296253220298646
P02,S01,1,neutral,2.709398200036958,0.3996056067776414,0.039276761900587986,-0.8169237431274509,0.0002179208312892924,-4.97444197364675e-05,0.002847940117188879,-0.555211073823995,-0.001360786860837632,0.04468491923873077
P02,S01,1,neutral,2.7562275000382215,0.39971629211505066,0.04232845845841196,-0.8159395653561186,-4.085816112733347e-05,5.517342925953789e-05,0.001466067391692567,-0.554599761232852,-0.006595584490823806,0.1519220982643421
P02,S01,1,neutral,2.82602580008097,0.3993577436038944,0.04254884652671652,-0.8174437926826774,-0.0009405814145100972,0.0001702210573228762,0.01369460486282686,-0.5533842929117794,0.007526455406252344,0.10939388579606998
P02,S01,1,neutral,2.88014980009757,0.3994488664095807,0.03893308255867521,-0.817841464386398,-0.00015063477195867103,0.0005138294573944365,0.009893106985253605,-0.5543405448536365,-0.0002254958618480008,0.13610769988280622
P02,S01,1,neutral,2.92373130004853,0.39943799362958976,0.03904195469248524,-0.8179983983867167,-9.542700229264981e-05,-4.178195565589046e-05,0.0023903066038785375,-0.5505613341091704,-0.0046596925570654615,0.10764339882498787
P02,S01,1,neutral,2.9854217000538483,0.3987645640435627,0.03827816221134423,-0.8169969602975287,0.0013617015223160332,-0.0015011600865664017,0.03285356034623211,-0.5573076504670272,-0.007361398574191697,0.13663741008954344
P02,S01,1,neutral,3.0620762000326067,0.39844552567229924,0.04541066271093191,-0.8168017097811021,-0.0001546043220624095,-0.0007662899272033796,0.010198104634460865,-0.5565334291072487,0.013760985904851026,0.1824511655653686
P02,S01,1,neutral,3.112732300069183,0.39867396407210504,0.044662260988206574,-0.8179889928567666,0.0006706521102362509,0.0022867880180836146,0.04704471315593221,-0.5573213295521193,0.0019502099045833525,0.0512554756471509
P02,S01,1,neutral,3.1517173000611365,0.39854228563173205,0.04448337894852671,-0.816663337666279,3.944556356069031e-05,-0.00020496737387649692,0.005354071473408234,-0.5573766707870669,0.003188154510369125,0.09847404928779269
P02,S01,1,neutral,3.22606740007177,0.3977366187743299,0.044502040216755655,-0.8156431255736099,0.002771165987737978,-0.0018512903878497768,0.04482390949546627,-0.5580023810357856,-0.0023648462434997628,0.09565188622568101
P02,S01,1,neutral,3.305102700018324,0.39766448411768784,0.044911097278230956,-0.8141845184528199,-0.00010735639848525923,-0.0008670200168069557,0.01105381129541688,-0.5624435538320204,0.006285084078534637,0.08408691961014647
P02,S01,1,neutral,3.3637439000885934,0.3984131225267605,0.04417031457133534,-0.8143647607384805,0.00075602949637334,0.0017984032009308241,0.03326764893137834,-0.5553409262225277,-0.01704033735453067,0.291892489253671
P02,S01,1,neutral,3.436951100011356,0.3988982578678627,0.043547442278275776,-0.8167749126026542,0.0006585079386637982,0.0037334874870555163,0.05178611031888638,-0.5589246442775865,0.028516832124097696,0.40411899580621463
P02,S01,1,neutral,3.495754300034605,0.3992308329571832,0.046264980075495614,-0.8181332551765479,0.0004172898694051614,0.000670799063770086,0.013434666891541026,-0.5586045074432862,0.0009687328426157805,0.07680170855912104
P02,S01,1,neutral,3.5590160000137985,0.399593271363251,0.05093396632148132,-0.8170191801184061,0.000400727163505019,0.0006213396611130306,0.011687238987710171,-0.560822018235209,-0.01093337353323364,0.18289872612793356
P02,S01,1,neutral,3.6121877999976277,0.39924092581965565,0.05423197932122865,-0.8190952691931612,0.0006050176906497358,0.001273336430240986,0.026513360956875866,-0.5583979618098471,0.002804272800568416,0.08429395698120336
P02,S01,1,neutral,3.650616000057198,0.3992965174524326,0.054035149320416656,-0.8190179156460833,0.00034168850948499037,0.0009289329814439035,0.025756646184168164,-0.5583430217082096,0.0021123431334660503,0.120751677456075
P02,S01,1,neutral,3.6930580000625923,0.39934318545789954,0.05544057913718089,-0.8188157836272355,1.2313677491031428e-05,0.0002447063545035882,0.005772960088505985,-0.5535212837455574,-0.005505695150773134,0.14112650718725325
P02,S01,1,neutral,3.766023200005293,0.39894139535460743,0.05638807669055372,-0.8223005262265521,0.0013068631982572738,0.0016715657324914118,0.02907957787529217,-0.555346022829635,-0.0012775666529462502,0.0624191927553703
P02,S01,1,neutral,3.8375246000941843,0.3988043583086788,0.057913208344043225,-0.8226356195243911,-6.079218734020173e-05,-0.0006969990550978016,0.009785055614608462,-0.5603457026919813,0.016758054285733123,0.23439632426410778
P02,S01,1,neutral,3.90824070002418,0.39882525494563775,0.06023842636122001,-0.8218661875797142,8.612086653464453e-05,6.037801315400675e-05,0.0014873205366236937,-0.5613053548172154,-0.0030091138099493887,0.07517557164040141
P02,S01,1,neutral,3.9881870000390336,0.3986072250043755,0.05993380643111753,-0.822150199227611,0.00045495194355078567,7.394370947768727e-05,0.005765393026089702,-0.5613694664983311,-0.012700823725166887,0.18403801287085675
P02,S01,2,neutral,0.39525510009843856,0.3970841207874336,0.0678137648282528,-0.8211043777376718,0.0,0.0,0.0,-0.5651520714815585,0.0,0.0
P02,S01,2,neutral,0.4714545999886468,0.3973736116672562,0.05902999149365013,-0.8058963494282155,-0.00034671687387657565,-0.0034671687387657565,0.045728140778141815,-0.6053409157264785,-0.06711395808292196,0.9390336550566908
P02,S01,2,neutral,0.5315358000807464,0.3972953935782624,0.054966381440969415,-0.8077001966878872,-0.0003021523947117941,-0.0009880713364309214,0.017197361728638814,-0.617138793787348,0.019103925225386217,0.3212736683344632
P02,S01,2,neutral,0.5917361000319943,0.3970394374240748,0.05479554753399482,-0.810854530747652,-0.0008668837118260109,-0.0007587953452982201,0.019137225711185733,-0.6258118318719551,0.01152104376368239,0.19192347742969157
P02,S01,2,neutral,0.6545997000066563,0.3967000336357745,0.06058799607604493,-0.808769301259856,0.0004761835251767206,-0.0024853797528471165,0.040255180404126054,-0.602865888483253,-0.021920775633796612,0.3695665196944555
P02,S01,2,neutral,0.7000615000724792,0.39650728324610884,0.05377649492914321,-0.8125437408156928,-0.00013995184106478387,-0.001642818147235758,0.0362671214910454,-0.5975882724609863,0.051350443876964136,1.1533870922990974
P02,S01,2,neutral,0.7641914000269026,0.3969296055470264,0.05174855985275742,-0.8126876445431384,0.00033129992244966403,0.0009197561586421267,0.015244133265038307,-0.6276676736250671,-0.030531596694640215,0.5112236099943631
P02,S01,2,neutral,0.8640011000679806,0.3981142191368869,0.05447401961085849,-0.8183127498439414,-0.001385260684684758,-0.0001783134801901699,0.013993529342831202,-0.5774991284697025,0.08967000186255988,0.9249015030513786
P02,S01,2,neutral,0.909067300031893,0.3982337535317544,0.056131456273871984,-0.8163979761434763,0.00010454624703802399,-0.00020729642397661162,0.005151697966171782,-0.5993356263810857,-0.07143070066865151,1.5850555853716664
P02,S01,2,neutral,0.9635704000247642,0.3978295144802956,0.05478208863188918,-0.8164450683914563,0.0012944844766787208,-0.0009571544073219917,0.029538091996518537,-0.5789974477840816,0.014350066951367802,0.2728842421511357
P02,S01,2,neutral,1.051900300080888,0.3979745158710752,0.05061462303210381,-0.8187857965289543,0.00025371038652691343,-0.004183600402626645,0.047450369013086226,-0.5848140529967646,0.010471342338151774,0.12142312972701534
P02,S01,2,neutral,1.1274386000586674,0.398743227269401,0.04977696458153398,-0.8137931972220755,0.0007938202944469222,0.0007105592259963176,0.014103904135910065,-0.6044604976327846,-0.05415731306205682,0.7286137682026934
P02,S01,2,neutral,1.1842342000454664,0.39882409693038096,0.04866597814857432,-0.8128230544811746,6.1648521639204125e-06,-0.0007623493548644369,0.013423122233659233,-0.6026013085367379,-0.00025261330057394437,0.03116397149810831
P02,S01,2,neutral,1.2598856000695378,0.3996192526506877,0.050165385080303986,-0.8173364098864326,-0.0014332168128730494,-0.0001575061873653804,0.019059073117004884,-0.611197364167185,0.03500170843082996,0.4748880525308368
P02,S01,2,neutral,1.3233341000741348,0.3996654102349187,0.04958910758789099,-0.818578836295386,-1.8306488274476048e-05,-0.0006411372145985543,0.010108962627558546,-0.6114564809943365,0.00019647512952406917,0.03766045633254145
P02,S01,2,neutral,1.3970794000197202,0.39995027389457083,0.049842757299304506,-0.8233349964133433,-0.0002414288246282998,-0.0010425403349921428,0.014511162144807773,-0.5943991426963342,0.07509622800985367,1.055849775908905
P02,S01,2,neutral,1.4520592000335455,0.40008406158448256,0.04740497378225725,-0.8119095039826378,0.00010439794742369455,0.0012511365857498205,0.022835380307204136,-0.6265041854683276,-0.09830055190045282,1.801321784566873
P02,S01,2,neutral,1.5258750000502914,0.3996605395753151,0.04849846787994883,-0.8118587655941877,-0.0005205295265035876,-0.0018684776657260076,0.026276607069266548,-0.600264934627121,0.028400049408334193,0.384903795095308
P02,S01,2,neutral,1.5907953000860289,0.39995286869974606,0.048100357427009355,-0.8068902841168567,0.0004161639622098403,-4.962671420443216e-05,0.00645579980163287,-0.6122138656337535,-0.06324945110221775,0.9823571539812651
P02,S01,2,neutral,1.6612282000714913,0.39967447472831025,0.05312817612816772,-0.8182831448237545,3.266012225245049e-05,-4.988498124860589e-05,0.000846556871574322,-0.5833396569547483,0.08110649109341818,1.180554333731639
P02,S01,2,neutral,1.700311699998565,0.3996555791054046,0.0643969495389204,-0.8069061332283997,0.0004041694793874184,0.00034361862749395276,0.013573418005758002,-0.6106374735696195,-0.06031203546886658,1.5716559654909297
P02,S01,2,neutral,1.7506267999997362,0.39957953114060607,0.06433223466306423,-0.8061560413306033,-4.92255764947016e-05,-0.0009807077353467142,0.019515858475205938,-0.60061842301048,0.061653833518058074,1.2348362262663497
P02,S01,2,neutral,1.7920906000072137,0.3995389589948297,0.06422370961311857,-0.8063734003567745,8.551947650725804e-05,4.967812590827201e-05,0.0023852481252166035,-0.5970585935541369,-0.06600261412548693,1.6034366720369275
P02,S01,2,neutral,1.860064800013788,0.3994641709126888,0.05922483872430468,-0.8048354828220287,0.00016823595675853945,-0.0015502327917896635,0.02294009798767038,-0.5968899005913489,0.0030592595181394094,0.056763885988902196
P02,S01,2,neutral,1.9510281000984833,0.3986201846462702,0.05611629215979399,-0.8050116277726773,0.0015999806954678786,-0.001800235282641576,0.026477512873585338,-0.5973273219780123,-0.0065450271868410705,0.08660937748209382
P02,S01,2,neutral,2.0626550000160933,0.39954589277403113,0.05254336592233284,-0.8077020351831292,0.0027069260382119303,-0.0008284019393610365,0.02535990554315033,-0.6030496103680651,0.06790312834186411,0.6165909432355985
P02,S01,2,neutral,2.1454166000476107,0.3999342541756272,0.06779965537525079,-0.8062941011952846,0.0018643299364128187,0.002635778091446642,0.039009337914975385,-0.6014983987997832,-0.04026396802396487,0.48979077301204976
P02,S01,2,neutral,2.201874200021848,0.39960908572861165,0.06528954184093488,-0.8048207132454084,0.0004447127323789555,-0.0018278491292765084,0.033320055091923484,-0.6095555102092666,0.016227883928159156,0.28957686024590346
P02,S01,2,neutral,2.2712318000849336,0.3990887190705635,0.06545162558528232,-0.8033450913250816,0.0018098085706584038,-0.0023422106339337266,0.04267678049265278,-0.6016929715606736,-0.02042648423183269,0.2947911748978108
P02,S01,2,neutral,2.3188728000968695,0.3987215060161106,0.05876462547949461,-0.8051157573718369,0.0015724044141341448,0.0001388009220443555,0.033133618434828954,-0.6124540464252758,0.033087677195605104,0.698427854374838
P02,S01,2,neutral,2.392967800027691,0.3991160373166868,0.06629973706604753,-0.8040209081930155,0.0019392759056602175,-0.00021064638750404195,0.02632677896147316,-0.602948369320094,0.002315886896257222,0.07752626060245477
P02,S01,2,neutral,2.4665300000924617,0.39828472460606007,0.06961671983336055,-0.8025816575280732,0.0014687354268117386,-0.00313770704090973,0.04709547091250346,-0.5984270797188742,-0.04331246630355998,0.6409064333617824
P02,S01,2,neutral,2.5120573000749573,0.3986694506814461,0.06418680197245843,-0.8075783403646745,0.0004035246141228003,0.001810777459780769,0.04074905897856791,-0.5939902140838724,0.09771716664437978,2.252649732204954
P02,S01,2,neutral,2.581254000077024,0.39769245741464926,0.06318545648943417,-0.8077263356371837,0.0009022923518383718,-0.0006478399885090091,0.01605247314024003,-0.5798695655628241,-0.01126929909581884,0.1712323152525538
P02,S01,2,neutral,2.6549986000172794,0.398553088302471,0.061585530339463485,-0.8047899449913872,0.0013816789483781953,0.0018786795778137615,0.031623380330377246,-0.5823911059154997,-0.003957204760555064,0.07106663151810373
P02,S01,2,neutral,2.7352190000237897,0.3979193151396895,0.0671824008108212,-0.801541438422958,-0.000499514805143241,-0.004573337213653455,0.05734870001079629,-0.5878197167861177,-0.014254108369297361,0.17881114694922381
P02,S01,2,neutral,2.791232699993998,0.3978990855670364,0.06714046496438979,-0.8028067539989493,3.741214939320546e-05,0.0015601502940149545,0.027861019696896187,-0.6003549914615264,0.05011601362232931,0.9374879016431111
P02,S01,2,neutral,2.86052029998973,0.3974414845288211,0.06246399168224154,-0.8041851160660675,0.0001526703445496705,-0.0006229789894492448,0.00925725997913629,-0.590593008317837,-0.0005276463277144437,0.03972551781397967
P02,S01,2,neutral,2.9013050000648946,0.3974140282684257,0.060991779436536955,-0.805131376070404,0.00015609296511317016,-5.256842111185793e-05,0.004038454914344307,-0.5853339893943938,-0.0037443547580061553,0.13171780613855336
P02,S01,2,neutral,2.9416527000721544,0.39714158922376913,0.06101328338622709,-0.8064621823362564,2.3338080206328882e-05,0.00021319448831569245,0.005315496954161954,-0.5873591481442876,-0.003737583336523021,0.14453701891511359
P02,S01,2,neutral,3.0236124000512064,0.3977115003326232,0.061506970045936186,-0.8060014840194931,0.0008056210789030341,0.0005724248369212425,0.012058109881812518,-0.5821608953809969,-0.005299129347298409,0.06661581133754313
P02,S01,2,neutral,3.0975497000617906,0.397687985203722,0.05568297902200898,-0.8076430941517256,2.9900643406662162e-05,0.0004053448124978337,0.005497173157447461,-0.5753586878582259,-0.019190548254263036,0.2721360978825028
P02,S01,2,neutral,3.146252900012769,0.3971719085682862,0.05706692981707367,-0.8069214832388946,0.0007224873031537385,-0.002043239265189417,0.04449838118126737,-0.5925506640575253,-0.019576918947260075,0.5716271258271828
P02,S01,2,neutral,3.2228761999867857,0.3975108612078246,0.057323182082356185,-0.8068339221962252,-0.00031001065656088394,0.0012948474122038759,0.017376457102298674,-0.5973385525005765,0.022147346861241115,0.30680041581821554
P02,S01,2,neutral,3.2916862000711262,0.3971953617818492,0.06194997510930525,-0.808746182922537,-1.046694995236845e-05,0.0004569442667378055,0.006642408524170222,-0.5825692059047107,0.024021754007853616,0.36155234171697626
P02,S01,2,neutral,3.363860300043598,0.39762811638107215,0.06295063085306114,-0.8129310917531308,-0.00028319947836381697,-0.0002940297879108784,0.005656247406876099,-0.5768658937699399,-0.006254605939800796,0.1239257757599033
P02,S01,2,neutral,3.452177400002256,0.39735313294323404,0.05950914715051296,-0.8153524106283145,-0.0012726357598560987,0.0011180564163233654,0.01918093666902812,-0.580200766563445,0.005851545885159425,0.09089325578126319
P02,S01,2,neutral,3.494293300085701,0.3971845292129844,0.05715628274410266,-0.8164084216236094,2.4611134181216494e-05,0.000333150718794516,0.007931886559524126,-0.5813522250119433,-0.01213671451364532,0.2900614708199461
P02,S01,2,neutral,3.579831500072032,0.3964423850607605,0.0563928353900077,-0.8241029274200002,-0.001000646571233327,-9.77267329729791e-06,0.011698799974415452,-0.5820866972283223,0.009857718061279407,0.1264842078115084
P02,S01,2,neutral,3.662981400033459,0.3961947010329754,0.058345596251615395,-0.8234894994460813,-0.00036523753592911063,-0.00032104496001347837,0.005848234192012044,-0.5759985382707281,0.023255945062775327,0.2985397388894202
P02,S01,2,neutral,3.7046051000943407,0.39619131916035033,0.05774649934338279,-0.8238310035541946,-2.7155159292128936e-05,0.00043643832191947945,0.010505608612783879,-0.577091015385484,-0.004900942274694807,0.12166061757965149
P02,S01,2,neutral,3.7459286000812426,0.39569048169052323,0.058609593569677966,-0.8248373356014289,-0.000782019097425389,0.00036325513886956097,0.02086631566245584,-0.5791125003110494,-0.0009659312959241601,0.14053295172964198
P02,S01,2,neutral,3.819173500058241,0.39555741887717055,0.0588656968281854,-0.8255033470081536,9.677756320601779e-05,0.0002494593318607434,0.003653141964382013,-0.5741247931837081,-0.03014367558029551,0.41577674399046916
P02,S01,2,neutral,3.892978399991989,0.3956425240366546,0.0573137397072861,-0.8288931962069572,-0.0007180864595221777,-0.00021663869270804396,0.010162653921879173,-0.5802267524833351,0.008442713501209462,0.1449957534121098
P02,S01,2,neutral,3.9870531000196934,0.3962139371530698,0.05749803059836138,-0.8272092033765095,0.0009452615123467401,0.0004859066897238753,0.01129780919618802,-0.5818143845706132,-0.0011937062161743828,0.03487763612767717
P02,S01,3,neutral,0.37790269998367876,0.39250240166197115,0.04252560374194242,-0.8041520935923486,0.0,0.0,0.0,-0.5934396065100371,0.0,0.0
P02,S01,3,neutral,0.47153760003857315,0.3917761633190941,0.04429363906360232,-0.8041766635519194,-0.00040955963827912496,-0.0018326728836219686,0.020055330377123728,-0.5713929647569129,0.03987810473549916,0.4265035829619616
P02,S01,3,neutral,0.5203697000397369,0.39167795052340876,0.046949669941143427,-0.8066199633520164,-0.00011405717681951906,0.001357957594861879,0.027906625052694745,-0.5650741870436912,0.03319778105660695,0.6836789623331971
P02,S01,3,neutral,0.5727104999823496,0.39158037007165114,0.04206554481750204,-0.8098824066615007,9.890209239989127e-05,0.0022649682722745397,0.043314710045497584,-0.5640779659001377,-0.0031209274443470443,0.10278479695744103
P02,S01,3,neutral,0.6649315999820828,0.39190708354728115,0.04517118487270602,-0.8102727054069521,-0.0003965713246238906,0.001605220343525543,0.017929535963204547,-0.5600285258475569,-0.003471999117724348,0.05404576906600933
P02,S01,3,neutral,0.7280818000435829,0.3921777182407674,0.044674030848942524,-0.811313712017631,0.0004264664346307071,0.0016825362311401436,0.02748593717741316,-0.5579358871153448,-0.021523948549926942,0.3454512206992757
P02,S01,3,neutral,0.7730468000518158,0.39203518611159877,0.0441587445671091,-0.8132329139606905,0.00011585373182783273,0.002245540278518603,0.05000615816132495,-0.5592524504838006,0.018081246794553578,0.4049242567315898
P02,S01,3,neutral,0.8747589000267908,0.39194330724534554,0.043779785078598095,-0.8120391393587801,0.0001946555634505123,0.00015534426411304556,0.0024485132796339226,-0.5575550721513377,0.0012369447949526606,0.08204764160068038
P02,S01,3,neutral,0.9408240000484511,0.39217715891637395,0.043623315333844115,-0.8111378837733713,0.0006068340289998583,-7.606798109434077e-05,0.009257279414237374,-0.5616844999111507,-0.008166574178855449,0.12755321704525846
P02,S01,3,neutral,0.9856730999890715,0.3919853565489367,0.04369377550527018,-0.812343808104614,-0.0001554036290966504,0.0009129583063564472,0.020649026500672605,-0.5595588084588159,-0.00462159014669324,0.12097546068825274
P02,S01,3,neutral,1.0614904999965802,0.39104951535879734,0.04100348900299193,-0.8125925544419556,0.00011725081145133235,-0.0016318325478036583,0.021578681029234867,-0.5868228542201195,-0.009924080307048793,0.19528721204793412
P02,S01,3,neutral,1.1236629999475554,0.39094195148479316,0.0400663672709572,-0.8076883797812829,0.0008595168250556379,-0.001208736033532789,0.023855825530214408,-0.5839636455040483,-0.022922142267813094,0.3703034757742309
P02,S01,3,neutral,1.207629399956204,0.3910330591289473,0.04019833348754734,-0.8148909268745728,0.00042466624360135933,0.006881391804516642,0.0821100214910264,-0.5771670877392987,0.002116098089397778,0.05473857170013373
P02,S01,3,neutral,1.2700033000437543,0.39059715740051015,0.038382023477313225,-0.8135173814851994,0.0006054356097217554,-0.002125853428867996,0.03543767068617693,-0.5669609054116089,0.015312610897033911,0.27964714935889007
P02,S01,3,neutral,1.3150551000144333,0.3905560371516974,0.03980316962439385,-0.8143661079917323,1.0759345796600436e-05,-0.00013330905749404936,0.0029686393228537445,-0.5699931949048691,-0.05899877306761702,1.344741408287526
P02,S01,3,neutral,1.358749600010924,0.3903927786972916,0.03983416671558646,-0.815940616857488,-4.900984858568832e-05,-0.0019516912600338124,0.04468082980776222,-0.5823713511086182,0.004247721239022585,0.2794057508461681
P02,S01,3,neutral,1.4271005999762565,0.38943916434297565,0.04357466413210502,-0.8205562567023681,-0.00013621674116827816,-0.0007551611246340275,0.011226583993514692,-0.5899265144595941,-0.0024124825391393066,0.13021398481914082
P02,S01,3,neutral,1.5009117999579757,0.3890833745307393,0.046649023269258655,-0.8172056360655752,-0.0003441468930647824,-0.004176486421377771,0.05677514345892452,-0.598016765235616,0.01241899972301475,0.18844928320996496
P02,S01,3,neutral,1.5501253999536857,0.3889241497727513,0.046045943523957376,-0.8160441978504118,0.0006632501519317314,-0.0014510201463785184,0.03241824439566027,-0.6036246885785633,0.011730824394928181,0.25519731947232777
P02,S01,3,neutral,1.6259374000364915,0.3888446510259336,0.0433507701305579,-0.8169981632476981,-0.00035439844255826555,0.0027980922017554408,0.037203166457564815,-0.581891377342411,0.009585368574170132,0.14608158551010297
P02,S01,3,neutral,1.6885628999443725,0.38918698797178586,0.04645155834816056,-0.8181599877404899,0.00021326372775789848,0.0017924107991487,0.028822978405454794,-0.5700444788952083,0.008256467090690785,0.14442227054683499
P02,S01,3,neutral,1.766851200023666,0.38947130691610565,0.04688874315927417,-0.8171969553466991,0.00041561807294737403,0.0024596570628409075,0.031863308445596206,-0.5572643703669601,0.01377357837963025,0.19183770468314115
P02,S01,3,neutral,1.862085200031288,0.38937275258839177,0.046647189531700044,-0.8153345561819226,0.0001392250075611324,-2.3344489997880912e-05,0.0014823338289136293,-0.565512010108521,0.019832934890847448,0.2308827616342985
P02,S01,3,neutral,1.9340247999643907,0.38903229318610033,0.04711739083491696,-0.8157999638013484,-0.00036227116627562933,-0.0020121409290327088,0.028419576628071843,-0.5778808582131977,-0.015453479034384649,0.25084091598245745
P02,S01,3,neutral,2.0328721000114456,0.3891103185896523,0.047819472503009594,-0.8133590992763751,2.1905006872535623e-05,-0.004100984923017649,0.041488674170827425,-0.6087671614404306,-0.020421186801172764,0.21815509687603127
P02,S01,3,neutral,2.096013900008984,0.38902719251571,0.052934800807065925,-0.8168426369599557,-9.514626513935226e-05,-0.0016208572285172425,0.025714303789289922,-0.5999466004216713,-0.04871786153509897,0.7950854364591068
P02,S01,3,neutral,2.1739992999937385,0.38907971468879254,0.05260786279941253,-0.8175564008068048,4.021340271120212e-05,0.0010583401624012947,0.013580796851303124,-0.5964879519966876,-0.00011456174597517748,0.026809694290212783
P02,S01,3,neutral,2.2195228999480605,0.38876669647564965,0.05136549840435715,-0.8259659994210746,0.00043304460154198316,-0.0011510293312361262,0.027014453303562946,-0.6001538566346345,-0.008281004738928437,0.18958588804726428
P02,S01,3,neutral,2.284373000031337,0.38896922148815843,0.05448908562999833,-0.8255609205393488,0.00016220182217340737,0.0004916623017887365,0.007983441857451251,-0.6031628744338079,-0.0004888200725022951,0.4510598670220294
P02,S01,3,neutral,2.3286812000442296,0.3891650863096632,0.05501855243116067,-0.8244552029681671,0.00026634577692287334,0.00010529771226824348,0.006463922036774055,-0.603989236551636,-0.011305111408902264,0.2606954167146403
P02,S01,3,neutral,2.375744599965401,0.38921041480203333,0.05491371249905292,-0.8225700212043097,0.00021298289194943056,-0.0016233867669314677,0.0347892094732676,-0.6035332983156814,0.0013417121184399585,0.0822091229420849
P02,S01,3,neutral,2.471956599969417,0.38920898934274545,0.055335324956666765,-0.8235995515722562,0.0014608696696183925,-0.00031677636204163273,0.015536733549280432,-0.5990013672229374,-0.005572964399477892,0.06437078935516334
P02,S01,3,neutral,2.5291668999707326,0.38920548832388957,0.056017621626479185,-0.8240003115110152,3.4304347780873736e-05,0.0003105002907398281,0.005460372181043187,-0.5949577862301321,-0.005193095345051264,0.09974051397346627
P02,S01,3,neutral,2.590725800022483,0.389254364826413,0.05422078413643885,-0.824610869096898,-0.0004530208457563005,0.0018824444033480074,0.03145261232919871,-0.5937294966620341,-0.003132578199386438,0.06831389833976029
P02,S01,3,neutral,2.6610777999740094,0.3893223120081405,0.054135767067935756,-0.8252581652108103,0.0004541665691189544,-0.0006397218975437557,0.011151713284792347,-0.5896874115729159,-0.017808797307488303,0.25460203603372983
P02,S01,3,neutral,2.7342601999407634,0.3892983977273276,0.054866240090160695,-0.8215003786658368,9.213265506094721e-05,0.0004989785173969704,0.006933539131149711,-0.6039483134708054,-0.011583885746270667,0.2713006625466111
P02,S01,3,neutral,2.7933630000334233,0.38931923683649994,0.05486318843758799,-0.8228313942685137,5.293420920720148e-05,0.0011706765891623025,0.01982770246268981,-0.6045561281169161,0.03645747582569576,0.6306259150369429
P02,S01,3,neutral,2.869063099962659,0.38769816123917517,0.05467656698815076,-0.8222867950819026,-0.0016602362953492475,-0.004406260055825271,0.06220154972192593,-0.6049360854114533,-0.0003735228061138815,0.17493125835599485
P02,S01,3,neutral,2.9217335999710485,0.38781827605566416,0.054421640223867654,-0.8192779527092958,-0.00014254951724152346,0.00014308743994809526,0.00383471179344203,-0.6063926056273076,-0.0006505708647649644,0.049311380786550035
P02,S01,3,neutral,3.0033673000289127,0.38763356371124047,0.054270511928513517,-0.8155457439556412,-8.495540459168031e-05,0.0001655284941953735,0.002279165591468781,-0.6065694306940588,0.0009208987335612478,0.04084031671126875
P02,S01,3,neutral,3.063692199997604,0.388432151713839,0.05340488583998373,-0.8127965078106951,0.0010215120414699664,-0.0009922032236960798,0.023606546057406426,-0.60175083208498,0.0020667132070321136,0.07581658893611741
P02,S01,3,neutral,3.103592299972661,0.388501288265062,0.05313157293337562,-0.815583299085345,0.0001059378912260572,-2.1248947045342393e-05,0.0027079613122597337,-0.598313876721145,0.006355854472102544,0.16962330515312207
P02,S01,3,neutral,3.1469259000150487,0.3882930349747356,0.05113316004414533,-0.8172688644014496,6.266812442601886e-05,-8.074325400633415e-05,0.0023586645582982487,-0.5900162252122315,0.013165900341286257,0.36359999383206415
P02,S01,3,neutral,3.2007557000033557,0.38825580923841774,0.05155494351402231,-0.8221649570093545,4.904932148495704e-05,6.754836135643536e-05,0.001550781222525755,-0.5891448546992251,-0.013918606439056808,0.2677411259658219
P02,S01,3,neutral,3.260253799962811,0.38839021754028563,0.051431939655826535,-0.8208766141144904,0.00018020730432079607,0.0006177768818764017,0.01081587231539083,-0.5902733436256902,-0.0018781771338545388,0.04198330554158444
P02,S01,3,neutral,3.3102003999520093,0.38847416792694267,0.051953543438443134,-0.8199672695654339,-0.00029044812210276443,-0.0006475627571762902,0.01420950752883948,-0.5871595807293976,-0.006452980126143399,0.12980188876386511
P02,S01,3,neutral,3.372153399977833,0.38847059905201037,0.053360973263151076,-0.8169278311098087,2.800172702401195e-06,0.0003074819778417531,0.00496335492609906,-0.5962504620339817,-0.009665252021181361,0.171164318559094
P02,S01,3,neutral,3.4594379999907687,0.38843552027574957,0.053538996581881784,-0.8203977934555365,0.0001484225557386439,0.0010821918576860027,0.012514492964433634,-0.5996062578912235,0.0006763677534957741,0.01893035435703517
P02,S01,3,neutral,3.5282201999798417,0.3888738072806901,0.05393085418179262,-0.8203724144233893,-0.00017630460413963059,0.0007901327836033869,0.01176995708944698,-0.5953479319794441,0.008730732693789649,0.12943504193558625
P02,S01,3,neutral,3.603191699949093,0.3890111023813937,0.05774345439274847,-0.816429324217141,0.00010706312822910385,-0.0008198086119353419,0.01102779089348379,-0.5883237939815358,0.04210766126594215,0.605957054732039
P02,S01,3,neutral,3.6836251999484375,0.38911648797352943,0.05717227203363083,-0.8211217450194556,-1.9492083430256555e-05,0.003991396604653792,0.04962415162136226,-0.583388501122836,0.06026814443281661,0.7510734173500819
P02,S01,3,neutral,3.7395207999506965,0.3891259619746121,0.05720396602043592,-0.823666374152265,-4.2429671150701593e-05,0.0030200122613979518,0.05403484897673269,-0.5729839687987455,-0.007078227679608795,0.14655207386827848
P02,S01,3,neutral,3.7911818999564275,0.38920938886126594,0.05887727142510883,-0.8267011510902941,6.531543617455122e-05,0.003045858640271159,0.058972009345827865,-0.564845797758081,0.006858815752624657,0.1730386535639718
P02,S01,3,neutral,3.8331581000238657,0.3894519246273812,0.05862033129258648,-0.8265234003525708,0.00018277698098710486,0.0013546999767279537,0.03256546708089185,-0.5624624310797784,0.008314737859320518,0.23208597095763117
P02,S01,3,neutral,3.911463399999775,0.38952131377520044,0.049684524156494755,-0.8278101165194718,3.825505990783184e-05,0.0004855332203502017,0.006219731523839588,-0.5637699220178322,-0.0008108131534073018,0.03951917026336769
P02,S01,3,neutral,3.994406500016339,0.389525315294047,0.05025263112602126,-0.8262148855103859,-0.0005247010114876043,-0.0013376126835575658,0.017323241598553456,-0.5644247979885222,-0.0024769690506354033,0.032289604567489624
P02,S01,4,neutral,0.39972009998746216,0.3865470804820381,0.03564929767129267,-0.8468813090993226,0.0,0.0,0.0,-0.6013382699400093,0.0,0.0
P02,S01,4,neutral,0.4722310999641195,0.3883796138038466,0.03669304286157004,-0.8430159041841253,0.004186202977068379,0.00023565328559916766,0.05782337203064509,-0.6030463692476751,0.012965498040720858,0.18274075727164746
P02,S01,4,neutral,0.5317764000501484,0.3883988885929862,0.03729306328343087,-0.8436624242636631,0.0009521194014930434,-0.0009548433599693301,0.022645409021699512,-0.6042084608743397,0.07478945345495458,1.2635630525208363
P02,S01,4,neutral,0.5972496999893337,0.3879543198950553,0.038246950520789975,-0.8419237090280483,0.00044747156818690655,-0.0023626498800268666,0.03672719656051017,-0.5942128198278849,-0.017844453955907013,0.2727622458517753
P02,S01,4,neutral,0.6664716999512166,0.3887831354486214,0.03652196171044656,-0.8384377082787824,0.001269834842356759,-0.001276235567317478,0.026008340442822683,-0.5923878543298218,-0.004969605615176284,0.093733854710961
P02,S01,4,neutral,0.7203849999932572,0.3900855629953979,0.034049133790903297,-0.8350796020697732,0.002972473393360987,-0.0005108831208112916,0.05594272593534293,-0.5977984026322297,0.015602162271047994,0.29518505943406564
P02,S01,4,neutral,0.7799339999910444,0.39033765382975777,0.042224206139603,-0.8302504773854817,0.00037751311358301127,0.0011202851482664626,0.019852260978582205,-0.5938167451700455,-0.010064092720299771,0.17185990550472688
P02,S01,4,neutral,0.8674893999705091,0.38981978763267316,0.04303824053005078,-0.8331358363056346,-0.0005402065689643427,0.00016138919715308908,0.006439343137632113,-0.5919277972449601,-0.002474219711003664,0.04704661149497821
P02,S01,4,neutral,0.9215572000248358,0.38987427058590185,0.040521449847461,-0.8326757317134847,0.00014279151618944494,0.0001603729127224066,0.003971491398416986,-0.5899136953285173,-0.027333934954357104,0.509247454400278
P02,S01,4,neutral,0.9724132999544963,0.3901482648996307,0.04006881437795159,-0.831872338002574,0.00021777982570082103,-0.0003231177350804886,0.007661965832728404,-0.5935861246480403,0.0026711595424907036,0.09018557744857696
P02,S01,4,neutral,1.061291899997741,0.3900752412112244,0.03986739560112986,-0.8349080977894646,0.0001404641051804372,0.0017618943321001154,0.019886503574769086,-0.5886937119496276,-0.036083596805683835,0.4078582462006997
P02,S01,4,neutral,1.113026599981822,0.3898499108420025,0.03988722794484833,-0.8342777730092227,-0.00023774591207562359,-0.0010745197878247476,0.02127212697862907,-0.5796158367381014,-0.00926355348603896,0.1794984924651347
P02,S01,4,neutral,1.1867369000101462,0.38977080994995345,0.04020636667871329,-0.8341673881929816,-0.00018228336950473095,-0.00024414043575025416,0.004133521092233038,-0.5713392937437389,0.011925547655553063,0.16211015374154264
P02,S01,4,neutral,1.2678377999691293,0.3892022425388578,0.04027356358453098,-0.8419313545257331,-0.00023726095542487652,-0.00036777936708267935,0.005396602367796053,-0.5813157177172699,0.013448823288561514,0.17144684487728643
P02,S01,4,neutral,1.3114172000205144,0.3892382279528425,0.039344696129321635,-0.841962317187949,-5.382573224819041e-05,0.00030656931994559657,0.007142334818574698,-0.5738512470998531,-0.009109511397199534,0.22398433737850462
P02,S01,4,neutral,1.357991199940443,0.38957574253306293,0.03849290687149355,-0.8401375521105038,0.0004468331727603772,0.0008805849429283858,0.021202093830910467,-0.5663874650914849,-0.012753403702358113,0.28455500969575453
P02,S01,4,neutral,1.42041739996057,0.389447975592546,0.038919533007647444,-0.8395771471755263,-0.0001536612515790866,-0.00011677642923789151,0.003091630478587406,-0.5600850984707598,0.006805010464980401,0.1090846519723153
P02,S01,4,neutral,1.4778855999466032,0.3898152514456686,0.037936917940199634,-0.839067612822463,-0.0006457936580861285,0.0006402126308527572,0.015823574272710125,-0.57419622917136,0.0018228368270170232,0.037124347543166444
P02,S01,4,neutral,1.562013900023885,0.3891795245818558,0.03922259356806782,-0.8403268909044777,-0.0012304442702631682,-4.8779748578394206e-05,0.014637295678277163,-0.577955860602214,0.003910462616620883,0.05421163350051538
P02,S01,4,neutral,1.669717499986291,0.38920168523444454,0.039475807654631434,-0.840944462714615,-9.341900277509514e-05,0.001613238975791561,0.015003598335448062,-0.5612220085210091,0.055766226531798774,0.5416500796477691
P02,S01,4,neutral,1.750606399960816,0.3891093711222484,0.04040801947862331,-0.8411966669701986,-0.0009041581670779429,0.00012009487555935743,0.01127594888035708,-0.5611331516613892,-0.052533348684784445,0.6501186457064925
P02,S01,4,neutral,1.8196776999393478,0.3889365089570177,0.040698266261182135,-0.8395944491262373,-0.00026370548954710775,-0.0026575904384606532,0.038664999530784276,-0.5642857800580813,0.014104504741994204,0.204211759368999
P02,S01,4,neutral,1.9042763999896124,0.3885988968207392,0.04141330511756982,-0.8375290831063086,-0.0005609616725323741,-0.0033860933441314353,0.04057089595041658,-0.5787661748743287,-0.022393778016475435,0.27060816329992143
P02,S01,4,neutral,1.966574199963361,0.3886379398042107,0.040991600163928985,-0.8366016497897681,-8.734310710036649e-05,-0.0012228801834324359,0.019679594095806874,-0.5843055616556411,-0.0010933149371221674,0.05479986994080496
P02,S01,4,neutral,2.030077400035225,0.38753638461253676,0.04274009274793126,-0.8337593149698871,-0.0017414842023293253,-0.004647418462801357,0.0781533777324247,-0.5803711696180548,-0.008534006064532666,0.162894099317406
P02,S01,4,neutral,2.077020899974741,0.3877000949369391,0.03878328924835362,-0.8331633445796788,-0.00031981566141781373,-0.00018663920824959782,0.007888038103462211,-0.5943593171782339,-0.002538324428285696,0.05871499155846828
P02,S01,4,neutral,2.153963500051759,0.3875690905531392,0.038953303889221295,-0.8388991651900062,-0.0005092405065915636,-0.0018223466614893872,0.024591851557523765,-0.592366950751902,-0.00143603639278672,0.025805353374601568
P02,S01,4,neutral,2.214847599971108,0.3879186808595868,0.038894191182560406,-0.8381955490822071,-0.0008810045734935891,-0.0005118162170145447,0.016734814921526894,-0.5883908827934351,0.016403535800685102,0.27690295662234743
P02,S01,4,neutral,2.2935821999562904,0.3886329112447629,0.035065528824118376,-0.8369057181754386,-0.0010959056140624093,0.0012903021385637183,0.021501266218879128,-0.5683460350604983,0.028697546951873164,0.3977167571493378
P02,S01,4,neutral,2.3689952000277117,0.3883741939969751,0.03737405068399498,-0.8364712591406995,-0.0016826309117780333,0.0001494051937171055,0.02239999636975019,-0.5684308351265565,-0.0018739927695206279,0.030686913350218056
P02,S01,4,neutral,2.4503810999449342,0.38780516613693733,0.030435350776273788,-0.8340862663753956,-0.0009621457083998506,-0.0038191497819766275,0.0483926650940104,-0.5800323309069348,-0.007838539001820608,0.09661872813685135
P02,S01,4,neutral,2.518660399946384,0.38736355720393445,0.032977364060495236,-0.8364244714196674,0.0005362845428798644,0.0012952997007281252,0.02053225662801102,-0.583646964014086,0.0034900265939000843,0.13102327016266882
P02,S01,4,neutral,2.5770896000321954,0.3875513912214996,0.02987042483532956,-0.8368552826322423,-0.0004440918435268221,-0.0006790183512280241,0.013885980137239663,-0.588790970020786,-0.026892710982884063,0.5424743425712014
P02,S01,4,neutral,2.646904999972321,0.3868144625691477,0.03199785300412223,-0.833592335924968,-0.0010868041406949206,-0.0036219870592803707,0.05416462973005061,-0.5832392801126511,0.006575680054925881,0.13728509826426227
P02,S01,4,neutral,2.7022090000100434,0.3866453874497421,0.03245682355885211,-0.834343407526835,-0.0002521261075248769,0.00043372473465071306,0.009071349096713914,-0.5895223553567244,0.00023059609505146045,0.01266632142786083
P02,S01,4,neutral,2.783127099974081,0.3867385048777522,0.033085414145104824,-0.8353366493961831,-0.00014969032177542668,0.0012676477699901,0.01577465699862137,-0.6095706736238339,0.037126270743402225,0.4679923551498138
P02,S01,4,neutral,2.83294869994279,0.38656273514431366,0.038043255743029726,-0.8357837036763981,-0.00034588983167888233,-0.00014925726382042042,0.007561366965399812,-0.604058199813584,0.02187585283695856,0.4450380915206755
P02,S01,4,neutral,2.886599399964325,0.38655536568362675,0.03827511831370548,-0.8354970310544084,-0.00017578153371064026,0.0012543708567860164,0.02360877987937738,-0.5823897244068267,0.0008687839452975091,0.22167903584854046
P02,S01,4,neutral,2.929173900047317,0.38654630570189935,0.03872099212750422,-0.8354292605362474,-7.366806672679306e-05,0.00033399274208316854,0.00803346287359059,-0.5616985096367213,-0.053347154406844864,1.2643335431828038
P02,S01,4,neutral,2.9763211000245064,0.38640930738384516,0.03992674596302211,-0.8328178706735684,2.5027486217355653e-05,-0.0030574410127223815,0.06485100805595662,-0.5779456678871923,-0.00360778771057965,0.10186556257369822
P02,S01,4,neutral,3.0589761999435723,0.38661863869824314,0.04278392744138578,-0.8298519882380914,-0.00034348873868758406,-0.0010673897137807398,0.01356596588049567,-0.5763837038713184,0.03123710781266288,0.3791110541161523
P02,S01,4,neutral,3.122092799982056,0.3863370744957305,0.05021490983809122,-0.8271798500719446,-0.00048691226219142394,-0.0010556708346149614,0.018419098020264077,-0.5758133475583567,0.0160232905643459,0.2912911655926125
P02,S01,4,neutral,3.1918951999396086,0.3861009124134626,0.049563707648761536,-0.8266535681208934,0.00028918450393593866,-0.0011507173587820563,0.01699795793687894,-0.5806594010556747,0.00713747750534564,0.1092468274354774
P02,S01,4,neutral,3.281266300007701,0.3863162818578422,0.05132055286602581,-0.8254497304665757,0.00017978613790366185,0.0029157678044225716,0.03268736031242918,-0.5679205194088082,-0.06285581470988577,0.7209563105239071
P02,S01,4,neutral,3.338751500006765,0.3865126038757118,0.05113688149090005,-0.8272558828792484,0.00017287096493934443,0.0017508389834423254,0.030605313793684526,-0.6003963795338011,0.042733085465801394,0.7436874465078253
P02,S01,4,neutral,3.4114807000150904,0.386525220143843,0.05323565711432617,-0.824634127856465,0.00014541659145107322,-0.0009129016133513823,0.012710311776221441,-0.5939079711174631,-0.008988848639312087,0.1262377834535926
P02,S01,4,neutral,3.459533700020984,0.3865124099776094,0.05291801100593615,-0.8222486661013056,0.00045665869913814763,1.696326109082186e-05,0.009509784054085839,-0.5888547026296089,0.0020480851485324427,0.05488410109119913
P02,S01,4,neutral,3.506643799948506,0.3867661253574508,0.05345493086979023,-0.8222640748668534,0.000538576981467241,0.0010713748265713597,0.025453745843162255,-0.5780771591933416,-0.015712497243997994,0.33469570478893446
P02,S01,4,neutral,3.590210000053048,0.3869143728949297,0.0562551664284348,-0.822808781688309,0.0005660998498183136,0.0012666094197445199,0.016601930539585155,-0.575340512241908,0.011280716708242444,0.14257820712848332
P02,S01,4,neutral,3.6685266999993473,0.3851432281313918,0.056999887896732146,-0.8243153924168631,0.000914861879564234,-0.0010278364498225257,0.01756989248482205,-0.5750709589304236,0.040123240329013335,0.5148967083369431
P02,S01,4,neutral,3.7385403000516817,0.3852142489851446,0.05709092130872039,-0.8223928271559805,4.3131308810388445e-05,-0.001872633775346103,0.026753808082173848,-0.5923403082952678,-0.04728652809012484,0.6830438647848526
P02,S01,4,neutral,3.806821099948138,0.3855486801400318,0.057406403087892015,-0.8211616478909926,0.00041710253435596326,-0.00025029244000085416,0.007124065212523137,-0.5738839299827253,0.023258526735444682,0.35393198742098686
P02,S01,4,neutral,3.879612399963662,0.38563718409847747,0.05523786877691469,-0.8233964826068502,-5.085071912073672e-05,5.486931698438157e-06,0.0007026374016930047,-0.5664056008792012,-0.016800605840738937,0.2942012247127585
P02,S01,4,neutral,3.9255155000137165,0.3854849397774457,0.04369322581150381,-0.8237539155248512,2.7445493600190837e-05,-0.00032501649322592193,0.007105690676092943,-0.5802978338820124,-0.026806402441149967,0.5926591048873048
P02,S01,4,neutral,3.993712899973616,0.38581141696991966,0.04258570226795493,-0.8237098063208768,2.3173748424883103e-07,-0.0005336141803969749,0.007824553883727442,-0.6060204417039403,-0.02427994273121549,0.36041001466225636
P02,S01,5,neutral,0.38175129995215684,0.39822078479298156,0.051756268590288014,-0.7936022052646431,0.0,0.0,0.0,-0.5769910375706193,0.0,0.0
P02,S01,5,neutral,0.4658059000503272,0.3981110361046686,0.05196816503636165,-0.8014911414417603,-0.0012428144698566808,0.005772851503280797,0.07025334261568066,-0.5753590415386453,0.017464266999957113,0.20864824191884157
P02,S01,5,neutral,0.5172466000076383,0.39802566053352784,0.050666671807726125,-0.8105849850091916,-0.0003096096942793455,0.002553924319751922,0.050011424987916976,-0.5733914557906937,0.011343775102619883,0.2287358923161263
P02,S01,5,neutral,0.5830371000338346,0.3980234177383327,0.050355848351016544,-0.8187040677470717,0.0003615752450645833,0.001354128868708426,0.021303548932272556,-0.5739356563724125,0.003289713893805051,0.07066308173076717
P02,S01,5,neutral,0.653825500048697,0.39815286030717123,0.0521609500981754,-0.8196633688159851,-8.476927700086409e-05,0.0004819685427007186,0.006913087930257769,-0.571962673609262,0.010451657379919117,0.1495139521126409
P02,S01,5,neutral,0.7318270000396296,0.39817695743546716,0.052349214408804495,-0.821229260014396,-3.873328566013741e-05,0.0006828285315505963,0.008768116222521943,-0.5717978529332413,0.008241141713398032,0.10801644138511891
P02,S01,5,neutral,0.7772317000199109,0.39818566908781183,0.05396607460042222,-0.8221762731994758,-0.00010493309837912439,0.0001856911676737572,0.004697507605862824,-0.5718676321387721,-0.00010596435677379637,0.01913754669158254
P02,S01,5,neutral,0.8620154999662191,0.3983578013840889,0.05876523578488387,-0.8237509566087264,-0.00013021193995839617,0.000541870198861628,0.006573138600628349,-0.5717206245525293,-0.0027800593785137257,0.03486195272617292
P02,S01,5,neutral,0.916126299998723,0.39863689444663847,0.05846859890045614,-0.8251464172273466,0.0002194596601263416,0.0018917415226833412,0.03519498254491474,-0.5713629355135244,-0.0010805422579121737,0.0274371551416952
P02,S01,5,neutral,0.9883443999569863,0.39893943319396225,0.05640576003542838,-0.8185227615900569,-0.00027685256853287774,0.0016893534767410947,0.0237044256506814,-0.5753880786049967,-0.005720771290373107,0.08042337326768705
P02,S01,5,neutral,1.0523409000597894,0.39945611114155866,0.05413931131569326,-0.8156926404091852,-0.0002440776219763325,0.0008826037805227001,0.014309079845478653,-0.576252578835596,-0.004536013039813035,0.07593957244709575
P02,S01,5,neutral,1.119764000060968,0.3993262803729613,0.05478012373920543,-0.8189485505042366,-0.00016079358344339313,0.00032822937107637176,0.005420967324754405,-0.5700376680289185,0.023938524642401947,0.3776771541519852
P02,S01,5,neutral,1.1936997000593692,0.39978493617855854,0.057576447089756164,-0.8190091141918296,-1.673555146922625e-05,0.00030235811474023014,0.004095733424655318,-0.5708841014596476,-0.0024190832026583418,0.0357766022626419
P02,S01,5,neutral,1.2594482999993488,0.4000614364214895,0.05769514020773611,-0.8187184662498298,-0.0004272624264502711,0.0002129048931731976,0.007260527785550007,-0.5761185942740937,0.005790513862049703,0.09479280350629853
P02,S01,5,neutral,1.302712499978952,0.39912234916141254,0.056622212514631655,-0.8207451690998046,0.00014941395094279983,0.00018092453929755323,0.005423534371007102,-0.5794521331729074,0.0062129385511976365,0.1584147829222514
P02,S01,5,neutral,1.346275500021875,0.39883194897700724,0.05380139900442441,-0.8262481078928186,-8.854795138654979e-06,-0.0005117847418113752,0.0117499101876407,-0.5780729223206393,-0.00040307344098596074,0.009647387452839955
P02,S01,5,neutral,1.3990567000582814,0.3986438871979303,0.05084119417510645,-0.8265001870404445,-0.0005128485300919253,-0.0001970654118545649,0.010409147741785092,-0.573957263401474,-0.012667668397518315,0.26148058056344836
P02,S01,5,neutral,1.4660034000407904,0.39855090626480294,0.052161124148754894,-0.8318014526545665,0.0001162777717586609,0.0001733323954576051,0.003117725594621529,-0.5744542634950078,-0.003193186385665848,0.08227473952820281
P02,S01,5,neutral,1.5235543999588117,0.39868681820279483,0.05358701260768434,-0.8304354200869336,-0.00023688658700164766,-0.00016176162015511694,0.004984249211793071,-0.5747995407180773,0.005016599726195369,0.1023093447967938
P02,S01,5,neutral,1.5751656000502408,0.3993825676706736,0.05129166989357412,-0.8271514315265103,-0.00028258968722757674,0.0007575522853800789,0.015666044928090102,-0.57510729324054,-0.0026877061367258214,0.05314938226419263
P02,S01,5,neutral,1.6152104999637231,0.40001012805476394,0.051678377208274465,-0.8247183804793565,-0.0007659375446232599,0.000852324839306463,0.028615718648246722,-0.5746159467337558,-0.0006379545084759634,0.01721437097854974
P02,S01,5,neutral,1.6866594000020996,0.40011667592494277,0.05196366924989427,-0.8242521477837763,-0.00030873651044769246,-0.00021771696502740774,0.005287437082004063,-0.5742342561508851,-0.0033348657000907794,0.047300356840958485
P02,S01,5,neutral,1.7685756999999285,0.39954679986433017,0.05367798912307036,-0.8259486478793694,-0.000589972110915461,7.1979655734676e-05,0.0072555381149545265,-0.5767402041008719,0.002135598239316309,0.03781725352018708
P02,S01,5,neutral,1.8395879999734461,0.399778656708611,0.05523728206518765,-0.826088145125857,7.227337195224574e-05,0.0007038733140516805,0.009964105978500695,-0.5796928125450932,0.01644047888318751,0.24906715327288945
P02,S01,5,neutral,1.9123689000261948,0.39982318685377094,0.055604159232454764,-0.8252685671108294,-0.0003311384170817449,7.200443689385831e-05,0.004656118727313427,-0.5781982987692663,-0.013389936698471303,0.18532801418929892
P02,S01,5,neutral,1.9756755999987945,0.39964501196416363,0.05061659333100738,-0.8252037577420169,-0.00013564644321916084,-0.001585847862286242,0.02514170838600157,-0.5784754817144472,-0.0022170134016383505,0.05984906314105717
P02,S01,5,neutral,2.047730899997987,0.39934883138375366,0.0608850504141035,-0.8229659103034251,-7.772432602152196e-05,-0.0024133720395679297,0.03351069662092677,-0.5809553308057528,-0.0033149221714515865,0.059997155684643026
P02,S01,5,neutral,2.103101999964565,0.39891834386938646,0.06053324903217784,-0.824255258939767,0.00033054477797474143,8.367276558519842e-05,0.006157917161816252,-0.5831280096802594,-0.0058710932624586164,0.10604046026680344
P02,S01,5,neutral,2.187263200059533,0.39851862898080026,0.059031228683533485,-0.8251320928681761,-0.0005572063335624293,0.0006010290300417721,0.009738241416507734,-0.5803038231635401,-0.004398462849687821,0.0732160557444023
P02,S01,5,neutral,2.2335448999656364,0.39823174518915144,0.05734480373241987,-0.8236470276620037,0.00016785856457488064,-0.00040763513207283763,0.00952522045513262,-0.5823161832586816,-0.007451078385662446,0.16629849360639498
P02,S01,5,neutral,2.278989600017667,0.39798206071075776,0.05604283553373511,-0.8276876358304487,-0.00030919431121853005,-0.0005839421745899969,0.01453963300058789,-0.5813440570663868,0.004937396835417458,0.11025268043630666
P02,S01,5,neutral,2.356170400045812,0.3971952186736958,0.06286332355298023,-0.8261148646189399,0.0005270617665323615,-0.004045871531775642,0.052863635314084875,-0.580123164363187,-0.015429946595162352,0.26036877319697144
P02,S01,5,neutral,2.402487799990922,0.397357866055013,0.06180186293523252,-0.8263771022143611,-0.00027364192965655923,0.00034058051324391817,0.00943257666138938,-0.5800580037800849,0.00021529193953472473,0.03618852742984737
P02,S01,5,neutral,2.4412485000211746,0.39737463625684843,0.05652936684271094,-0.831298548094598,-5.8423480065820477e-05,0.00030869196912826325,0.0081054259246,-0.5777628112326006,0.0017465826380035257,0.04724405890546743
P02,S01,5,neutral,2.518471200019121,0.39752146039376185,0.061899455593750735,-0.8291232477601553,-0.0003109770052205717,0.0001662092624334637,0.004566115115396641,-0.5698411201927263,0.02305966242169648,0.29995649909231764
P02,S01,5,neutral,2.578798900009133,0.39731786673683545,0.06131178924361159,-0.8271253990772726,0.00016138135730904928,0.00012586470721105494,0.003392477583853288,-0.5724295212714327,-0.002519428612506304,0.10193700568542689
P02,S01,5,neutral,2.631083599990234,0.39724271502635866,0.058763530161530415,-0.8341983186941295,-0.00012641367940488098,0.00035658410576344175,0.007235936130506495,-0.5726974726806938,-1.4111793350918237e-05,0.08206889749874055
P02,S01,5,neutral,2.703324700007215,0.3978628226058847,0.05427308523639592,-0.8353351702212711,-0.0009265126185930575,0.0007351277256748538,0.016371912819718688,-0.5689538275881365,0.003815231138158718,0.0774619535035532
P02,S01,5,neutral,2.747346300049685,0.39767990526203095,0.05430104637132521,-0.83589183006616,3.7770001160862096e-05,-0.000399582631328803,0.009117427358081513,-0.5706745259666234,-0.006141949550796082,0.16279112868059079
P02,S01,5,neutral,2.8298812999855727,0.39746147137755095,0.05635228191310796,-0.8246835789525753,0.0002761949583052744,-0.0016076818517777624,0.01976414940800569,-0.5817305836422948,-0.04221549961904148,0.5159954226060355
P02,S01,5,neutral,2.921727400040254,0.39711098242299325,0.055925727135838134,-0.8248284705513149,0.0003862337204386346,-0.0006030094129455803,0.007796720209244242,-0.579639799565005,0.00014143673912857968,0.03150585582877009
P02,S01,5,neutral,2.9751831999747083,0.3965813843132653,0.057637285904035156,-0.8240532057188799,-0.0006745290029565447,-0.00016104229649463851,0.012973088808558532,-0.5839421554749441,0.00708718459891357,0.14386101202757479
P02,S01,5,neutral,3.060811800067313,0.3974815739706098,0.05083345984924192,-0.8356856612672301,-0.0006097575401969527,0.002923912055955803,0.034881048533168015,-0.5701265595928774,0.018994112021062687,0.23096585296972305
P02,S01,5,neutral,3.1480734000215307,0.39777697763667497,0.049741928465598696,-0.8368506712288493,0.0002829811124995256,0.0004515560405175115,0.006106911112455772,-0.5694291239340363,0.019353529175745104,0.2487834693979493
P02,S01,5,neutral,3.195449299993925,0.3983410472512126,0.04967209008959196,-0.8307354950732989,0.00017327408040470834,0.00037213526594689954,0.008664699679508742,-0.571675982779162,0.00045467434502638075,0.1227190099860304
P02,S01,5,neutral,3.2577027999795973,0.3985698864251167,0.04886092035623846,-0.8266297124039148,-0.0001351150661119585,-5.667804101431352e-05,0.002353622947268088,-0.5719822822577181,-0.0006506417372589793,0.06492071319875933
P02,S01,5,neutral,3.32725680002477,0.3991481463279509,0.04854011869712821,-0.8237543519290963,0.0006219952389474756,0.0005248936474162119,0.011701330266825998,-0.5705006597606461,-0.005989193353587127,0.1033170019443724
P02,S01,5,neutral,3.3853195999981835,0.39987627051224023,0.05335550864098484,-0.8240983178075032,-0.0006109130614302375,0.0018211872110661562,0.03308350676914041,-0.5718404916149804,0.0009756119558392786,0.02479076737477486
P02,S01,5,neutral,3.463082000031136,0.40031988508599214,0.054622568581518045,-0.8201803671477784,-0.0005147215131325874,-6.551271789943259e-05,0.006672555463073333,-0.5729459842639031,-0.002152875034267146,0.03721951751787949
P02,S01,5,neutral,3.5473503000102937,0.40002306225210316,0.05285543190776377,-0.8295413901695546,0.0005089570692382502,0.001453673473611467,0.018277288711883874,-0.5675478919847569,0.019596183347078446,0.23362004869733666
P02,S01,5,neutral,3.589105400023982,0.3993948938493181,0.054541446951571884,-0.8287734098483746,-5.4098547737645275e-05,-0.0015543072405174497,0.03724690924979195,-0.5747503350846551,-0.022979006289951427,0.5608494667236493
P02,S01,5,neutral,3.6740452999947593,0.39889578873287856,0.054275652548225,-0.8339589211093897,-0.0005568289137898974,-0.0005319498009102469,0.009066219543110878,-0.5749957192325171,0.014411419301805567,0.18275412022883714
P02,S01,5,neutral,3.755622399970889,0.3990758464793283,0.05046321723113047,-0.8383827496315169,1.1164412069201078e-05,0.00011179347737521079,0.0013772194543397052,-0.5734922436974961,0.003061153184769031,0.038751200072425086
P02,S01,5,neutral,3.7966431999811903,0.39898517173393233,0.049864424966508426,-0.8398128147608804,0.0002712933777506192,-5.3033672412703644e-06,0.006614820019538796,-0.5745011624613545,0.0009282487428809539,0.023649852201108483
P02,S01,5,neutral,3.8513084000442177,0.39892693288733744,0.05267374808099755,-0.8390457789925709,0.0001261414489801694,-0.0007126226128645756,0.01323878198292965,-0.5764977243018956,-0.006770664944969417,0.13014522505909884
P02,S01,5,neutral,3.950752599979751,0.3989643558671994,0.05308525536550384,-0.8402827160835803,0.0002453869063836034,0.0010933723436032886,0.011268332481022617,-0.5769141702068532,-0.005281621946219782,0.06697456073430916
P02,S01,6,raise_arms,0.3762573000276461,0.38853311400084145,0.03646388816329286,-0.8063201339987186,0.0,0.0,0.0,-0.5710707487529401,0.0,0.0
P02,S01,6,raise_arms,0.4673671000637114,0.38871086164085117,0.03655386162126892,-0.8104788432037596,-0.00023422575461380107,0.006666425323623568,0.07321428461742295,-0.5788314362510713,0.01232007857253587,0.13669233806976788
P02,S01,6,raise_arms,0.5252889000112191,0.3885900740340957,0.03795809237230749,-0.8139380131865976,-0.0006785455032029429,0.0034189950305495557,0.0601790342961266,-0.5820628923546904,0.006212594073275274,0.11242205113794498
P02,S01,6,raise_arms,0.5759809999726713,0.3884907264856096,0.0359608315318657,-0.8171901343118628,1.104668433826075e-05,0.005228917346281454,0.10315076745558047,-0.5807286358749401,-0.0020751309575155513,0.05351703602002793
P02,S01,6,raise_arms,0.657781400019303,0.3882901334381321,0.03612861639657915,-0.8251578592343335,-0.00023916146345978427,0.00874520447580482,0.1069490384005614,-0.5909916500450393,0.026572834328974677,0.3357281041104055
P02,S01,6,raise_arms,0.7000220000045374,0.3876981281619604,0.036973045742150955,-0.8283705809667313,-0.001020947783959437,0.0022487525107818675,0.05846650730399581,-0.590154667795849,0.0006792287726982567,0.12400168237512492
P02,S01,6,raise_arms,0.7733058000449091,0.38705609697702104,0.04224444415139596,-0.8250993131164275,-0.0010535942504898439,-0.00041262919489714424,0.015440164067798128,-0.5866736448942501,0.1075557763227939,1.532255228326002
P02,S01,6,raise_arms,0.8669221000745893,0.39438951386839954,0.046878621989684545,-0.8186774322095794,-0.007686279220292678,0.021541516050285193,0.24431348962267613,-0.5529536303853094,0.15155809238937265,1.6618437750605854
P02,S01,6,raise_arms,0.9067514999769628,0.39287884624758856,0.04681769107443609,-0.8221358276086645,0.0008475041353249484,0.00040469318075261575,0.02357981184649703,-0.508832223543907,-0.010175807593908502,0.2996641490606268
P02,S01,6,raise_arms,0.946777299977839,0.3944409333032147,0.04040047180314966,-0.8239481705700901,0.0016040130465952865,0.00587099224063874,0.15205605569248248,-0.49987951949769477,-0.022744674720248367,0.568859711181004
P02,S01,6,raise_arms,1.0047756000421941,0.3875001465787125,0.03470561806656372,-0.8455314821864081,0.003871493259443879,0.006274559354737813,0.12712140604790043,-0.5584517439191163,-0.017708670717363536,0.6129110574114602
P02,S01,6,raise_arms,1.0435790000483394,0.38597557685236006,0.03378723946310209,-0.8514066227246632,0.000866445393775381,0.0021337033383762314,0.05934827908185678,-0.5503004108007953,-0.034463350428500725,0.9417161358615649
P02,S01,6,raise_arms,1.113797500031069,0.38021563997137053,0.03962119267623002,-0.8450270214851426,-0.0074237807739732575,-0.02756507365619454,0.4065489249041332,-0.5397162644116431,-0.06861988276779318,0.9825390488168378
P02,S01,6,raise_arms,1.1680466000689194,0.3795785436235782,0.04110252078610622,-0.841457880608721,0.0004841973426906328,-0.006961386929191222,0.1286326540581157,-0.5211913080325221,-0.02747112648306543,1.1456347686725086
P02,S01,6,raise_arms,1.2134782000211999,0.37589547610788393,0.05363681826704053,-0.8340754806002331,-0.004401663333253842,-0.017130238567182262,0.38930414290869797,-0.5281335087516362,-0.003374732901622326,0.3860670865541171
P02,S01,6,raise_arms,1.252995299990289,0.3743429002564417,0.06204939706115262,-0.8376617651344094,-0.001205888443181855,-0.005181013276912178,0.134612575795506,-0.5223577338490435,-0.0029290682032892426,0.14405901210640146
P02,S01,6,raise_arms,1.3321355000371113,0.3782841974833702,0.06687115353465167,-0.8186735062805884,-0.005099537698552512,-0.010953736702152755,0.15267357105188167,-0.5465419718061584,-0.1645605142986158,2.1345214830352877
P02,S01,6,raise_arms,1.4024401999777183,0.3769945416731419,0.07576164388413038,-0.8105681853538038,-0.007876267052664287,-0.011996043225498453,0.2041205197657878,-0.5377805607263536,0.028351344229588557,0.6265362246423667
P02,S01,6,raise_arms,1.484293800080195,0.3773771271834529,0.07490107647733517,-0.8064453898620548,0.0007073149940421113,0.00498457073566125,0.06150621263595229,-0.5290134836737069,-0.013186779795029116,0.28920442173721767
P02,S01,6,raise_arms,1.5523203000193462,0.37827675512607295,0.07858208235062036,-0.804505262556094,-0.0011023124948517315,-8.051769786931133e-05,0.016247333982658853,-0.5346466639089643,0.012796964478843492,0.30239003868173564
P02,S01,6,raise_arms,1.636510799988173,0.37694293436436727,0.0811545218873958,-0.8041013375876421,-0.0018154101406861493,-0.0037918720618125,0.049934928398300084,-0.5142878231362581,0.06592064558883969,0.7924193081264513
P02,S01,6,raise_arms,1.7106145999860018,0.3768164080840736,0.08167477777907498,-0.8044641877045001,-1.799292227659034e-05,0.0011267128384716747,0.0152064603621815,-0.5087746562783275,-0.008144491764515331,0.11435007821084595
P02,S01,6,raise_arms,1.7616714000469074,0.3768779650084877,0.08350515382531713,-0.8045809346373042,0.00016167262026123188,0.0011498564789525912,0.022742644180164025,-0.5039233610620513,-0.01547374247731791,0.322131817435915
P02,S01,6,raise_arms,1.8237457000650465,0.3766086003942554,0.08529291609846179,-0.8051739687539268,-0.0006814177844366583,3.917103742842247e-05,0.010995576617507018,-0.5037569079623981,-0.000256855587465367,0.010015296918041445
P02,S01,6,raise_arms,1.8979602999752387,0.37655967011768765,0.08693293454537754,-0.8013899471597519,-4.432046727652328e-06,0.0015517703605192712,0.020909318269168975,-0.5054849012951057,0.02717143653920827,0.43949679695059557
P02,S01,6,raise_arms,1.9803933000657707,0.3757737835821105,0.09178046576562379,-0.8029317685029461,-0.001296507331055979,0.000259975594506897,0.01604109528134327,-0.5196941354754926,0.020864346107823832,0.2532455943406864
P02,S01,6,raise_arms,2.0433852000860497,0.3764144410289783,0.09109240252660171,-0.7999851776140444,0.000738814298942822,0.003953089978236742,0.06384214290566928,-0.5186966718080909,-0.051489446239129585,0.8176557275955055
P02,S01,6,raise_arms,2.115995700005442,0.3762259007741378,0.09049919205169518,-0.8062033102668668,0.00044462764317377065,-0.0002709907655972687,0.007171155647622936,-0.5138631396801683,0.0027187149439360163,0.038582542054569596
P02,S01,6,raise_arms,2.202065800083801,0.3765061504028781,0.08966849895256558,-0.8114589429440171,0.0008280794226741302,0.004999346963310747,0.05887600250217626,-0.5084367687209913,0.0057770207850606076,0.07228303704724413
P02,S01,6,raise_arms,2.258022899972275,0.3770401774770349,0.0914893479375577,-0.8118294552080061,-0.0008279736369212878,0.0022852072379027544,0.04343646529515285,-0.4981034510987273,0.008430213442196533,0.15376555160173297
P02,S01,6,raise_arms,2.3235793000785634,0.37656923869937103,0.09131620353273612,-0.807397093463079,-0.0002662721841532309,-0.005058577936307389,0.07727058022465917,-0.5164303268809896,0.015854734319558587,0.31071836299975125
P02,S01,6,raise_arms,2.3640997000038624,0.3782084095198822,0.08890823232469498,-0.8048125750574403,0.0020128334111811164,0.0011282394605892272,0.05694590993274515,-0.5156137955891139,-0.001176891864609928,0.05441062798169136
P02,S01,6,raise_arms,2.449756000074558,0.37875431812134525,0.08817991592120862,-0.7989238388262979,-0.0005450123632708972,-0.0021152129285278653,0.025500745141823385,-0.5166510927486584,-0.008588383080491748,0.11752709174762574
P02,S01,6,raise_arms,2.5269787000725046,0.38027557402854895,0.08456946274258687,-0.8070501391248881,0.0032460990860424476,0.01155907514480103,0.15547529999186388,-0.5256655085960422,0.016237983006852575,0.3796560446197767
P02,S01,6,raise_arms,2.576880900072865,0.38174833335274266,0.08144516488116958,-0.8168121904128143,0.0031683890889105423,0.012355741596963966,0.25561017700841815,-0.5136490800784473,-0.0003020971604655113,0.7149196934609157
P02,S01,6,raise_arms,2.6177322000730783,0.38247822069323295,0.08115918889604488,-0.8181204107127453,0.0009603906960343104,0.0003871016168024384,0.02534729415805189,-0.5182438291726902,0.017426272614277816,0.44703954733402496
P02,S01,6,raise_arms,2.700772100011818,0.37921479123745644,0.0814325340509556,-0.8251886177714042,0.0035419527368856785,-0.004351032224476662,0.06756304789342941,-0.4995941014404539,0.08568728483986057,1.0323298481712053
P02,S01,6,raise_arms,2.7536646000808105,0.37680632461855873,0.07529492060821913,-0.8263534351862297,0.003992716524327509,-0.002427804493299735,0.08834717060970816,-0.5181623334578556,0.07029437279371456,1.5603078305109241
P02,S01,6,raise_arms,2.8189706000266597,0.37502516200214003,0.07148453758887786,-0.8322638132109222,0.0030169846828634822,0.0019928071879933506,0.055365913648684595,-0.5242099186947962,-0.024222734163758624,0.49297047412267603
P02,S01,6,raise_arms,2.86788020003587,0.3750441745610747,0.05893334912517675,-0.850089546267985,0.0005271211205723796,0.023055062816936277,0.4715043255619832,-0.603321214427937,-0.01264164069830891,0.28849088915208815
P02,S01,6,raise_arms,2.961902800016105,0.37468213286670027,0.05486298882724801,-0.8468435849817845,0.0007150273621387225,0.009907298864888243,0.10564553364962213,-0.6100858404740888,0.0013338066755548415,0.34336783943302074
P02,S01,6,raise_arms,3.013903700048104,0.37240493438857414,0.054086337035472457,-0.8544589541262888,0.003941873101818243,0.0044420397154237,0.1142069055058031,-0.6141295724940014,0.004046169568925703,0.11980921772116683
P02,S01,6,raise_arms,3.0731778000481427,0.37869955593521565,0.05172381297674495,-0.8497018014568678,-0.0013448441628763094,0.008773319785238435,0.14974154827620464,-0.5982396842723287,-0.1103711862050278,1.8652494779602635
P02,S01,6,raise_arms,3.1538833000231534,0.38475025714655836,0.04817318531676534,-0.8401198965844626,0.0027283727122321844,0.004064809426087934,0.06065979343200735,-0.5867615053646642,-0.022530462467945028,0.28428294880845223
P02,S01,6,raise_arms,3.2113419000525028,0.38617500851722364,0.046032171851064944,-0.8449566913389854,0.0015374424898373135,0.007610193695805499,0.13512234625313066,-0.5740715648056827,-0.002911747428498978,0.11083733190433386
P02,S01,6,raise_arms,3.2784061999991536,0.3872413635260237,0.045725747564276616,-0.8471312633589729,0.0001752007747773283,0.004809651842613279,0.07176458712579378,-0.5755951213602893,0.00857463166972712,0.1949646220395296
P02,S01,6,raise_arms,3.359470000024885,0.38783719258070376,0.04540434048405182,-0.8452736420604964,0.0012557961509056747,-0.00023905655961251667,0.015769645324477968,-0.5744786907366135,0.0047479912340408405,0.12455639031869958
P02,S01,6,raise_arms,3.4304275000467896,0.3874505486418606,0.04514543551579294,-0.848309117724607,0.0005325104806619531,-0.0005852769388064136,0.011151396833527361,-0.5706961800067802,-0.009483361985696326,0.14949274697392292
P02,S01,6,raise_arms,3.5017189000500366,0.3877482657781686,0.053121042217573314,-0.8496910309979928,0.0004120463311416572,7.055745793472137e-05,0.005863872760349986,-0.5703502854958129,0.007619509713666517,0.12708287685606784
P02,S01,6,raise_arms,3.552950300043449,0.38821164172136435,0.051049801256419426,-0.846177558850379,0.0007896764452547248,-0.001983230572761441,0.0416671117466871,-0.5646665246630096,-0.004655714033958092,0.10156649193840674
P02,S01,6,raise_arms,3.5944631000747904,0.38820753049520257,0.05314318127924894,-0.8466641771212114,0.00020762188923720021,-2.1418564280709507e-05,0.005027937160968226,-0.5640406005586216,0.0022516341085366135,0.05816348073535681
P02,S01,6,raise_arms,3.672412300016731,0.3882038370497531,0.05554780926136364,-0.8462516108322558,0.0016563847300522787,-0.0005753894860836962,0.02249513179656647,-0.5630289202399834,0.0015065777034764098,0.020596385572971318
P02,S01,6,raise_arms,3.761153700063005,0.38803221935797877,0.05510613972286627,-0.8452148502264972,0.0009502541679447228,-0.001111119583564866,0.01647532033523585,-0.5659965203569909,0.0036701423836802733,0.0426076833661383
P02,S01,6,raise_arms,3.8303840999724343,0.38838103408575425,0.05791075825808145,-0.8463465626415906,0.00048415791864760566,-5.0031058397375215e-05,0.007030669556426477,-0.5623641849429556,-0.0011715018736967373,0.05970938233897642
P02,S01,6,raise_arms,3.9012274000560865,0.38834011501856963,0.05769323163653778,-0.8476077580742069,0.00130109806898735,-0.0015462914351790796,0.02852576833860808,-0.5601791547497723,-0.002608290278000936,0.03722476456773077
P02,S01,6,raise_arms,3.9627201000694185,0.38828248274693783,0.057603549556592,-0.8456715650606146,0.00023532846445773492,-0.0014274751408952884,0.02352706600427272,-0.5606102936061629,-0.0005987565417444411,0.03377058355631121
P02,S01,7,raise_arms,0.3757773000979796,0.38317255342159384,0.04889669302159398,-0.8141430463151154,0.0,0.0,0.0,-0.5664732172523277,0.0,0.0
P02,S01,7,raise_arms,0.47036040003877133,0.38319041156494904,0.049512602366457686,-0.8064344694712939,-9.134578159562149e-05,-0.0013533486126397697,0.014341122815706289,-0.5649943121977792,0.001033649830325153,0.025498791436272084
P02,S01,7,raise_arms,0.5173481000820175,0.38323271778193135,0.04951677945521531,-0.8019738515090131,-3.6705363384439626e-05,-0.001560988896643764,0.03323040675980934,-0.5634315062790644,0.002494409602729183,0.06090903027971887
P02,S01,7,raise_arms,0.5818654000759125,0.3839163652111443,0.0488046371473994,-0.8003442408763575,-0.0004954162904039455,-0.00024926068763507823,0.008595962755680442,-0.5626501530957919,-0.0004400488389042726,0.0213473008188138
P02,S01,7,raise_arms,0.657117500086315,0.38399346365629683,0.049091003742143244,-0.8093693381760909,-9.685919647094452e-05,-0.0016393108556564825,0.021822246028809174,-0.5546111937723194,0.026815644882651892,0.37052757817225157
P02,S01,7,raise_arms,0.7052600000752136,0.38449418644311456,0.04874105942944309,-0.8071880702281431,-0.0007389847536389853,-0.0003381781497930452,0.01688089946821945,-0.5583392827444267,0.0029485595062473382,0.06387055122719085
P02,S01,7,raise_arms,0.7670963000273332,0.3843111402053823,0.048975591262191795,-0.8109218804030908,-0.0008219246905472837,-0.001536523805878279,0.028179980466699336,-0.5596704374600829,0.020492721355536613,0.3343002081001408
P02,S01,7,raise_arms,0.8615578000899404,0.3845338381673845,0.05040473911841203,-0.8042194189730834,-0.001855564144905262,-0.005651170127387523,0.06296757520653236,-0.585939850297286,0.049079724971311814,0.6244109494166747
P02,S01,7,raise_arms,0.9175875000655651,0.38454440471850465,0.05045121055214643,-0.8132552503703063,-3.235639225064519e-05,0.0019760261873406,0.035272205275426655,-0.5930129404000274,0.08737318883431959,1.6058196857417604
P02,S01,7,raise_arms,0.979892700095661,0.37902314047347885,0.0563690271885766,-0.8165840227185898,-0.006568809262256272,-0.003447422817334666,0.11906693193108975,-0.4576407729953418,0.13720617787089964,2.2272670802825414
P02,S01,7,raise_arms,1.0537129000294954,0.38169085035309924,0.02249957502197729,-0.8499313889340949,0.002876808983494472,0.03910147495651218,0.5311169538981113,-0.5164834468447558,-0.05639682433180645,1.2080526713739534
P02,S01,7,raise_arms,1.1249509000917897,0.38289910587865683,0.02374898055716457,-0.8655541626307435,-0.0011710417564311777,0.01816716143766293,0.25554991072105226,-0.501895400852014,-0.05255353259347487,0.7573529316837923
P02,S01,7,raise_arms,1.1843914000783116,0.3621154891345806,0.01977592911402766,-0.8757975659252459,0.0055964408680958385,-0.04472996514126099,0.7583837316064054,-0.5014269129441612,0.07606709331897311,1.4211277085173213
P02,S01,7,raise_arms,1.2632406000047922,0.360953520796556,0.027149943978374308,-0.8584605062969468,-0.0025200654142668094,-0.020673172752480016,0.26412702600363364,-0.5014533802942907,0.0011323974602323328,0.4228327996869467
P02,S01,7,raise_arms,1.3064623000100255,0.36010174123542277,0.02987993209024198,-0.8618090629942596,-0.002296985718179371,-0.007107418130087957,0.17281534946631508,-0.468975414936336,-0.03880121945150903,0.9048898789002133
P02,S01,7,raise_arms,1.367371500004083,0.36374101423630645,0.03865516103850388,-0.8502940848141977,-0.005596215563315984,-0.003688860778261053,0.11004307210932267,-0.515536096772687,-0.20115061778197715,3.3946090568305425
P02,S01,7,raise_arms,1.4534415000816807,0.3679187645491369,0.047337630954773294,-0.8322247090178274,-0.010305172556148403,-0.018518861779030928,0.24623024417138073,-0.475918557151207,0.026582693997929212,0.43686158276464604
P02,S01,7,raise_arms,1.5408014000859112,0.3677452723173943,0.0490396529611041,-0.8316708560755351,-0.00039616730372676905,-0.0027527083575099036,0.03183463199470766,-0.5010040244474189,0.06187142490679561,0.7085236184606823
P02,S01,7,raise_arms,1.627667500055395,0.3673448503314809,0.05662163665660131,-0.831101596017718,0.0005001603189873167,-0.0017613107096860739,0.021077836069163986,-0.4823964251413217,-0.06279510674879493,0.7434404454558976
P02,S01,7,raise_arms,1.700561900041066,0.36599668073610875,0.05743619172740213,-0.8208948266305996,0.0007728317131530483,-0.01253272306762322,0.17225642622713372,-0.5070885355779944,0.03212310345084966,0.44495142166757534
P02,S01,7,raise_arms,1.769800000009127,0.3647463953169301,0.05514611685524401,-0.8183206229450419,0.00048676926737116347,0.002642648495943859,0.03880963507346854,-0.49633918144333306,0.006765836465473655,0.39663430108066783
P02,S01,7,raise_arms,1.8165922000771388,0.3647575002647519,0.05877158584000251,-0.8214353674910705,-0.0021414336046643363,-0.0006448117670314558,0.04779445832178098,-0.495448132487705,-0.07763527407405534,1.6874127286987741
P02,S01,7,raise_arms,1.866370900068432,0.3641926855256748,0.056993462835016724,-0.8180224235704561,-0.0007300979149518709,-0.0038454114794237073,0.0786301540199024,-0.5015383735800683,0.09333791405952795,1.8768879707736779
P02,S01,7,raise_arms,1.9384670000290498,0.3626158544322313,0.053822769606409984,-0.8271766045279925,0.0034657040398116293,0.009006219810774345,0.13384955748601415,-0.5016526824019556,-0.007183904732682462,0.106532409698982
P02,S01,7,raise_arms,1.9861162001034245,0.36281096008539415,0.05349232051822669,-0.8298356303793806,-0.0003700945624304109,0.0006334855766204259,0.015397353174481595,-0.5070095328725016,-0.08699060628569533,1.8569128319053785
P02,S01,7,raise_arms,2.061398299993016,0.36285247651655067,0.05498431405594937,-0.8289274800177131,6.0696612727961545e-05,-0.00045994726830390345,0.006162618681860138,-0.5004665031830464,-0.0026849339900269784,0.039406732975490154
P02,S01,7,raise_arms,2.132326400023885,0.3635941160739044,0.05455478803306052,-0.8286741968229308,-0.00108506470904529,-0.0005504830477374354,0.017154211999813127,-0.49726481267584766,-0.00459715014913457,0.0762303566408044
P02,S01,7,raise_arms,2.212626100052148,0.3641346119167049,0.05717618494064078,-0.8305931283734629,0.0005623927294609745,0.004530570025764637,0.056853790251503875,-0.507707803642966,0.0665045101963101,0.8316778918728772
P02,S01,7,raise_arms,2.258361600106582,0.3638711515951327,0.05669188562369254,-0.8305328195807018,0.0003518984057334808,0.0002249070224936898,0.009131440674460433,-0.5050235127127591,0.008741241771744046,0.2214716610582868
P02,S01,7,raise_arms,2.332135200034827,0.36375572637503795,0.058147778394697154,-0.8325897149475362,0.000434021491351153,0.0016998731293164178,0.023780957247519687,-0.502720313602295,-0.003997497429560986,0.07461941326873751
P02,S01,7,raise_arms,2.376358300098218,0.3651481078218161,0.05943584305340859,-0.8314615167538366,-0.0018665418148024078,0.0022829113492572268,0.06668100794507874,-0.4910935182396918,-0.014199099098049,0.32722108219737317
P02,S01,7,raise_arms,2.465982800000347,0.3654696551154499,0.04721047206028906,-0.8411435566328663,-0.00029853724032679664,0.013511154551353894,0.15078970979249787,-0.4827016931221982,-0.049824043543412994,0.5594555808374491
P02,S01,7,raise_arms,2.53291040007025,0.3671336747688485,0.048643830839898344,-0.8435604447287385,-0.00156664986202494,0.005453787454604813,0.0847833305907935,-0.4845520198030401,0.017236233134308096,0.26320913811279206
P02,S01,7,raise_arms,2.575096999993548,0.3687570674097288,0.04632852954519104,-0.8527887285516612,0.002155141420160101,0.011788805005378045,0.2840755005045551,-0.48949592045980683,0.031149386372526882,0.8471703891713733
P02,S01,7,raise_arms,2.65530750004109,0.36672639798195594,0.045341656205547656,-0.8551751224795809,0.0015352332869553826,-0.0006621539222461137,0.020844424397961466,-0.5346390541443751,0.0458865792039639,0.6188537303761226
P02,S01,7,raise_arms,2.7266107000177726,0.36402169408058555,0.04174868236654982,-0.8635398451801274,0.004016155766710825,0.0020246360165681464,0.0630775064625348,-0.5068605623079909,0.02238621691346805,0.3686866687902192
P02,S01,7,raise_arms,2.8043128000572324,0.3599017913261436,0.036264086958518175,-0.8728753707365249,0.0054216936482089145,-7.369806865176916e-05,0.06978182723440385,-0.5425369912885274,0.0708775798441844,0.9749905888533638
P02,S01,7,raise_arms,2.8625206000870094,0.3570710195522118,0.032430913640364906,-0.8851403859572048,0.002296742839822324,0.006493694424256715,0.11833284901618536,-0.5789526229721883,0.026874636405010047,0.6277414381300255
P02,S01,7,raise_arms,2.9061050000600517,0.35467034269784026,0.03542247997794096,-0.8923790839936785,0.0015691852473358923,0.0014079770812798313,0.0483717942981468,-0.5842617133016835,0.026394161072977613,0.6059179858373105
P02,S01,7,raise_arms,2.976222100085579,0.36234882471508173,0.02969159040663,-0.9019805963706027,0.003941551892457614,0.02959531958697928,0.4258110644368703,-0.5736930291052127,-0.01834341546739543,0.38576586610534996
P02,S01,7,raise_arms,3.053584700101055,0.3703994548549582,0.01626075516527351,-0.8875079496700505,0.005755219912254476,0.01356538700060507,0.19047638510709586,-0.5618899350080157,0.0023997419673706475,0.2619412674528366
P02,S01,7,raise_arms,3.132279000012204,0.37312636473014016,0.01306984304750898,-0.8835154794888856,0.0030826171509584464,0.004452380791642012,0.0688152658191856,-0.556350567512999,0.017179816854674252,0.2252429139167723
P02,S01,7,raise_arms,3.216812100028619,0.3780068062403759,0.02471100215818394,-0.8497629950543788,-0.006073375303704541,-0.02165328374877472,0.2660366074246703,-0.5254843660198469,-0.026174305343887788,0.3845212366953886
P02,S01,7,raise_arms,3.2945892000570893,0.3789334567046434,0.024384743525948233,-0.8447524254275476,8.81643011602598e-05,-0.0027858660800167013,0.03583652254515647,-0.580073489976965,-0.18126255350513806,2.3317448063028405
P02,S01,7,raise_arms,3.3514966000802815,0.3802124778246342,0.02325496407265608,-0.8454515190434512,-0.000729356941161224,0.0035868998371282935,0.06432031985915669,-0.5660140283896187,-0.03958100288580368,0.7069019007828388
P02,S01,7,raise_arms,3.4260235000401735,0.3803639751949449,0.02149558967455896,-0.8409546736517225,-0.00022874900328371793,-0.003364988334997717,0.04525553129078031,-0.5708555118287129,-0.025799419683172058,0.35784168983226045
P02,S01,7,raise_arms,3.505669300095178,0.38127576330175983,0.02137516535677658,-0.8323639294274621,-0.0005792789169250364,-0.006573029642701411,0.08284813631247638,-0.5430797168488993,-0.02412030641860377,0.34213235443659606
P02,S01,7,raise_arms,3.5746161000570282,0.3818504472266277,0.02090359058117396,-0.8419902880627835,-0.00039445007447645806,0.0001518796685657276,0.006130522327650835,-0.5443239905253408,0.011148986708248739,0.21158568864012112
P02,S01,7,raise_arms,3.661900300066918,0.3821286287221506,0.022120385816390004,-0.8411609140291375,0.00015449876353794943,-0.00010996630822236683,0.0021726463548966276,-0.5475179130449284,0.016204356226268576,0.2698589543104187
P02,S01,7,raise_arms,3.721707500051707,0.38272246049714537,0.02040689069752679,-0.8395167267779039,6.969300548062883e-05,-0.0013706550642123227,0.02294750035705425,-0.5487980059842621,0.0030409599583825727,0.08981305194339056
P02,S01,7,raise_arms,3.79545400000643,0.38297941593853163,0.019835328619529823,-0.8419954866177063,0.00017252036528283039,0.0003605263204128792,0.005419619925360068,-0.5471951870408697,0.00598660548135442,0.12258632534872548
P02,S01,7,raise_arms,3.8482317000161856,0.38321641843378323,0.02127127394613065,-0.8424337178571977,0.00029147786716863426,0.0009614570095533152,0.019035853517536123,-0.541818386153854,0.012106774671616359,0.24515041983230376
P02,S01,7,raise_arms,3.898926299996674,0.3834978483917949,0.021393213970276315,-0.841150128986512,-0.00021106535002586544,-0.00013840478217822766,0.004978783462555298,-0.5631752542510544,0.04541957725087389,0.8965729960800588
P02,S01,7,raise_arms,3.970905900001526,0.3828204852345481,0.025852325838639036,-0.8406810953489966,-0.0012474967602870719,0.0012107907961399623,0.02415219818365794,-0.5635192452399232,0.040239923464736184,0.5726762697003437
P02,S01,8,raise_arms,0.3746167999925092,0.37920976358765945,0.009929450613632648,-0.857249668994376,0.0,0.0,0.0,-0.5528890643128016,0.0,0.0
P02,S01,8,raise_arms,0.46293779998086393,0.3798522540963279,0.018175268207347658,-0.8555715430321965,-0.000721025977309233,7.877149958851686e-05,0.008212272001052795,-0.5543126324893892,0.002272973073739952,0.09687202758998525
P02,S01,8,raise_arms,0.5115590000059456,0.38036185649573034,0.021992738827466798,-0.8555889548225727,-0.0002032856978542575,0.003961034946742777,0.08157445648213203,-0.5518240983303336,0.0014457752804251111,0.12209132613737901
P02,S01,8,raise_arms,0.5760625000111759,0.3810151998498187,0.020570760359361277,-0.8523925130438343,0.00012143375257767683,0.0007379886992401809,0.011594917275842217,-0.5512227011971782,0.004970223033799774,0.08593036958838111
P02,S01,8,raise_arms,0.6503058000234887,0.38147082456479736,0.020041309501654066,-0.8506430203040933,0.00042745970712257354,0.0007508572137722844,0.011637510060675678,-0.5451942783398581,-0.005767093498180098,0.10118368079126697
P02,S01,8,raise_arms,0.6895612999796867,0.3812219895015432,0.020297595886375495,-0.8509828081779066,-0.0001268792739329474,-0.0001578368786633523,0.005158800921884254,-0.5446344463966742,-0.004945312911118563,0.14789712536010352
P02,S01,8,raise_arms,0.731219100067392,0.3813309284665692,0.023090667184588683,-0.8525680982783274,0.00015275089104621912,0.0030178167852948096,0.07253575927697521,-0.5452813370608548,5.860564870093766e-05,0.017989083564496376
P02,S01,8,raise_arms,0.7741447000298649,0.38176957136039913,0.023134550036906353,-0.8512770467092187,-2.7868719485669446e-05,-3.825118360778159e-06,0.0006553199676133913,-0.5437637136324684,0.0045448814076372,0.11091491716290619
P02,S01,8,raise_arms,0.8419173000147566,0.38204026978409505,0.02514028968089462,-0.8531340145280012,-6.0534461945389296e-05,0.001838344239954954,0.027139885939232306,-0.5405144711795945,0.0017235613629506203,0.050245917428319506
P02,S01,8,raise_arms,0.9007904999889433,0.38209044973194095,0.0244437800486011,-0.848375626648207,3.9740022989801065e-05,0.00015794611688782563,0.0027664335857470433,-0.5427749048262144,-0.0015845685551032131,0.0862491673022136
P02,S01,8,raise_arms,0.961743799969554,0.38153557044484954,0.0276169519042835,-0.8486341458354285,-0.00038505072551650794,0.0006863659042729598,0.012911453359437589,-0.5658141736157619,0.0178964491278262,0.35747203401165945
P02,S01,8,raise_arms,1.0281821000389755,0.38316154809322817,0.023329113306075375,-0.8391895153791408,-0.0024097813489126958,0.007095562369631063,0.11279037384805073,-0.5846868197626015,-0.0006120776298580151,0.2844724666252308
P02,S01,8,raise_arms,1.0892218999797478,0.38194780739127476,0.033558918505321035,-0.8358458270601038,-0.0004890355487066145,-0.00633869658879605,0.10415390203752434,-0.6295740386099016,0.11108786759122327,1.8303196031835651
P02,S01,8,raise_arms,1.1673339999979362,0.37351435900425173,0.04105967826704566,-0.849479868837029,-0.0034562183962868827,-0.0035110334120601145,0.06307273097617139,-0.6079923570406573,0.0015692930950081006,0.215020880659924
P02,S01,8,raise_arms,1.2119686000514776,0.37113949762070975,0.039152117286511356,-0.852229935243014,0.0005156433482274203,-0.0036447147757835987,0.08246987521463153,-0.5962277184012623,0.012511717233941216,0.5018976944078378
P02,S01,8,raise_arms,1.260817600064911,0.3688434593536509,0.041394733746417986,-0.8581085522361377,-0.0016477417317289206,-0.004847881928210832,0.10481801205323464,-0.5616597502442423,0.03248191040413404,0.9143529552348552
P02,S01,8,raise_arms,1.3036753999767825,0.3664449108003082,0.03909587113641988,-0.8528826622445266,-0.003344217535742621,-0.011029248951658554,0.26891507291751776,-0.5498246924931263,0.007213256595369304,0.43287803429893706
P02,S01,8,raise_arms,1.3527217999799177,0.36448076132127316,0.04054883347396965,-0.8497699758321388,-0.001985127501121242,-0.008093004558797148,0.16989858368082988,-0.5516137436641408,0.010161949674016481,0.2886495107897273
P02,S01,8,raise_arms,1.4239758000476286,0.36549095313644325,0.04413396955126022,-0.8518485126964791,-0.0015307601826613263,-0.005993717465866055,0.08681763039702213,-0.523429143876129,-0.03945805831577557,0.5547496103464221
P02,S01,8,raise_arms,1.4926333000184968,0.36597795829029867,0.04442295538652193,-0.8454750560392394,-0.0005079729061360015,-0.005927762059837143,0.0866545873988742,-0.5406103533611373,0.02095568953073127,0.33434081509596697
P02,S01,8,raise_arms,1.554874200024642,0.3719831516218994,0.05352026488724261,-0.8325559698225347,-0.009904273035345648,0.0003465878658402653,0.15922545122680676,-0.5023914303724003,-0.13271338074250927,2.170838126772577
P02,S01,8,raise_arms,1.6386613000649959,0.371073432689527,0.05954690995556092,-0.8085108056938723,-0.0031166578383005454,-0.02268230746149251,0.27325719697254963,-0.5309345275955805,0.09486843586200396,1.1941814710343566
P02,S01,8,raise_arms,1.7098826000001281,0.3707232658684161,0.06306537748336467,-0.8159698192914348,-0.0006244669855433001,-2.1222873865014317e-05,0.008773042866330304,-0.5315822066318749,0.06791370820623654,0.9588992676351759
P02,S01,8,raise_arms,1.7542784999823198,0.37099182336760667,0.06561145960064038,-0.817256412762583,-0.001592892924866574,0.00079889657258551,0.040138965562257795,-0.5298481975198845,0.018326274301034944,0.422907386689327
P02,S01,8,raise_arms,1.8021604000823572,0.371022225450698,0.07427896334668277,-0.8205179487427082,-0.0005737205834381998,0.0014811911177599446,0.03317373292283401,-0.5131623142972249,-0.023030609715319412,0.4846181045458906
P02,S01,8,raise_arms,1.8640394000103697,0.3721515531473554,0.07510394141923224,-0.8217007740267208,-0.0011820377367319412,0.00397610891680347,0.06703551397227639,-0.49532689538269714,-0.14249851833310015,2.3045867530722717
P02,S01,8,raise_arms,1.9428299000719562,0.3723321766938311,0.0785074051701564,-0.8215854251750639,-0.0008095477842007964,0.0006797992219910385,0.01341679732063227,-0.48943568999598097,0.025452177825142894,0.32660673787171723
P02,S01,8,raise_arms,2.012559700058773,0.3724359486664341,0.08132656048938329,-0.8185870145166165,-5.6334075794945955e-05,-0.0019559287139998068,0.028061744115521304,-0.4944799759782585,0.008860325200153297,0.13388338968877816
P02,S01,8,raise_arms,2.086143400054425,0.37229311055516984,0.08825669217101682,-0.8202123130961877,1.8571761329762002e-05,0.0013436509220692034,0.01826191485622343,-0.5060045442983405,0.007937625542535425,0.2480316590806642
P02,S01,8,raise_arms,2.150098800077103,0.3723392600375405,0.09031632799107656,-0.8192438105399281,-0.00012814527841595205,-2.3932191284428273e-05,0.002038309383445979,-0.505093074549805,-0.05769496236601287,0.9197744612745777
P02,S01,8,raise_arms,2.215496200020425,0.37187796185896926,0.09015740786012863,-0.8232838910502922,0.0001940190866378175,0.003013105997277432,0.04616920779495041,-0.5161630482384751,0.01231590558824709,0.19080311160539137
P02,S01,8,raise_arms,2.2591030000476167,0.3723375121415033,0.08853099391002846,-0.8205847437852108,-0.0015534786455836933,-0.0005803783733481392,0.03802968998352695,-0.5174013777889265,0.004058177928654492,0.09440943030888271
P02,S01,8,raise_arms,2.3374792999820784,0.37261349381711867,0.0855471637850048,-0.8197613344916063,-0.00039667006250267053,0.0009147525970043438,0.012721388883858197,-0.5167473268697484,0.003761826220349971,0.10471332396208172
P02,S01,8,raise_arms,2.4114013999933377,0.372243115049997,0.08591141672770848,-0.817175899795737,5.7764333934918106e-05,-0.0019787987214628356,0.026780105797476333,-0.5354413791933837,0.02480919484108345,0.33798724852849277
P02,S01,8,raise_arms,2.487061799969524,0.37130249437967283,0.0911601808911499,-0.8209833716875761,0.001177637319142674,0.0018533821794113605,0.02902274242275583,-0.519536261110178,0.038863088393521705,0.5301571013441946
P02,S01,8,raise_arms,2.5497270000632852,0.3715991361012213,0.08815352570269824,-0.8226217993444814,-0.0007670346446614928,0.0023391990256003514,0.03928410299143946,-0.5041092530663819,-0.049328839176212315,0.7900711255415207
P02,S01,8,raise_arms,2.6247520999750122,0.37073477187195125,0.08625021766797235,-0.8218251387948178,0.0008636396552595087,-0.0025211830881839226,0.03552147708622747,-0.5415521750565213,0.08670973257725634,1.1591986040451874
P02,S01,8,raise_arms,2.677041899994947,0.3710738910342992,0.08381972895617389,-0.8324893135882416,0.0010433554596347592,0.011150515121954512,0.21417603825859688,-0.5191832182569694,-0.0035101755065850494,0.9196255272874331
P02,S01,8,raise_arms,2.7252627999987453,0.3718644049062644,0.08092802279430272,-0.8317702721833,-0.0010015869201950279,-0.0005828799096282007,0.024032039200884436,-0.49485281651263946,-0.1357644918320803,2.8219363527905434
P02,S01,8,raise_arms,2.80011980002746,0.37330661083232713,0.07617855227428186,-0.8356083920413979,0.0017434009937606256,0.004397221665735656,0.06319011650708131,-0.5073311258253955,-0.005692381460071957,0.4010193288912957
P02,S01,8,raise_arms,2.858653199975379,0.3746764832341824,0.07272819639950777,-0.8335422239326136,0.002498119524315427,0.00024466959568223947,0.04288274018959544,-0.5088675868037523,0.005552085656500431,0.24147502179543337
P02,S01,8,raise_arms,2.929426599992439,0.3757555243155066,0.07028541415238158,-0.8335674662109689,0.002655242795732039,0.003480336612686468,0.06185322357032178,-0.5091328299933187,-0.00011437818276875977,0.0786698632560829
P02,S01,8,raise_arms,2.9785467999754474,0.3740637259156416,0.06348119851298438,-0.8314308605634019,0.0016159826872011263,-0.005618613176886941,0.11902200527333569,-0.5397558632606699,0.01970893917141963,0.572010998866371
P02,S01,8,raise_arms,3.050472900038585,0.37407798848036083,0.06073701826147118,-0.8396569847365235,0.0007020807802898919,0.011235682546869045,0.1565161537166613,-0.5531646839029009,0.026934269507040653,0.5366809988680433
P02,S01,8,raise_arms,3.110766900004819,0.3735126051490216,0.05065872754236188,-0.8331053412517658,0.0008401418031288088,0.0002700071097191594,0.01463601100795111,-0.5757827476558841,0.03033134054169859,0.587820566455284
P02,S01,8,raise_arms,3.1884385000448674,0.3738705279987408,0.04336834812016999,-0.8540151231334338,0.006683412652203352,0.02517071881479537,0.33529512234440206,-0.5820822350985023,-0.000898874157234197,0.30629884397183876
P02,S01,8,raise_arms,3.257755700033158,0.37159929978189565,0.04326389478977999,-0.8603070098305404,-0.0031859913587223353,0.0017945587253217952,0.052752207725293786,-0.6180082717682627,0.03245039091155441,0.6363302651502488
P02,S01,8,raise_arms,3.306320699979551,0.3700261313899678,0.04105986757252839,-0.8701323695360557,0.0026820195962440085,0.0065235092858071985,0.14523475019087045,-0.6303978500517585,0.018548945446603234,0.40433629129256987
P02,S01,8,raise_arms,3.3688435000367463,0.3713330920341111,0.03786307262168027,-0.8606439835566398,-0.0009140544081707712,0.001344395942687557,0.026001692029872146,-0.6465060297842582,-0.05001179466106176,0.823326978632823
P02,S01,8,raise_arms,3.4527526000747457,0.37440178000041274,0.0334184811042691,-0.8532860241407327,0.003768574901330574,0.00215994170217145,0.05176642494774053,-0.5993516587672034,-0.1024705747921882,1.22429309710749
P02,S01,8,raise_arms,3.5180496000684798,0.37770181625736565,0.031059677959640854,-0.8519978251414878,0.002457318673542109,0.008701415685093816,0.1384709760637757,-0.5848835296691477,0.0056547137772632585,0.15923436979397257
P02,S01,8,raise_arms,3.60884260002058,0.3818825986983792,0.032154222294678084,-0.843366816996426,0.0035081951993141377,0.0065348022558814915,0.08169071478802546,-0.5705667266008526,0.0016419876850385846,0.19660811009923596
P02,S01,8,raise_arms,3.6867315999697894,0.38430759734633696,0.030157795309962744,-0.8405737442800263,0.0007569469634089363,0.00480503511389658,0.06245158413630149,-0.5653235023547755,-0.01111270067834087,0.1849724862872501
P02,S01,8,raise_arms,3.736580300028436,0.38471631836830716,0.03299524058807154,-0.8401689111167834,0.0005232808646711828,0.0005245203160160739,0.014863132593060288,-0.5721727337130772,0.025926268663865007,0.5424111875201298
P02,S01,8,raise_arms,3.8152253000298515,0.3848448973998508,0.032546255733364095,-0.8454541156968911,0.00012781443494048567,0.0018483337977337243,0.023558367165397616,-0.5655039029530652,-0.006905488836114079,0.0886669510160734
P02,S01,8,raise_arms,3.886497400002554,0.38476879654811486,0.03162179819671998,-0.8459297588043827,0.0002118010901618475,-0.0007699815824826937,0.011204676563454133,-0.5632401689471519,0.0011887154482510011,0.07208828176622743
P02,S01,8,raise_arms,3.95371889998205,0.38313822685365817,0.033794025149708806,-0.8478962528808062,0.002044339567538325,-0.0027794835159746963,0.05132793796233407,-0.559692052827996,-0.004717313260918949,0.13596031578612194
P02,S01,9,raise_arms,0.3859443999826908,0.3851417116359171,0.03624505445776971,-0.8430577884365763,0.0,0.0,0.0,-0.545563844818859,0.0,0.0
P02,S01,9,raise_arms,0.46427110000513494,0.384790230916888,0.03561595735716007,-0.8425065554653911,0.0006124811559802802,-0.00017325750454323302,0.008126411393779004,-0.5469821745952492,0.001236760509646781,0.06952982285033855
P02,S01,9,raise_arms,0.5132893999107182,0.38481238746943425,0.035297964212978886,-0.8418731710230623,-2.4356883240081928e-05,0.00019957929446642647,0.004101734910391289,-0.5492830643268927,0.0026880108027542288,0.0619592128438447
P02,S01,9,raise_arms,0.5686188999097794,0.3844486797666909,0.03802566914404992,-0.8408120221212377,-0.0004208153535077401,-0.0018588433935271438,0.03444602803677676,-0.551192533617012,0.0016536465937254923,0.09976328640631767
P02,S01,9,raise_arms,0.6557836999418214,0.3836946251513365,0.03823861626046232,-0.8374837869801828,0.0011318749717262678,-0.0013776679618122361,0.02045557241416007,-0.5560347384090266,-0.010286024777443654,0.13877044914479608
P02,S01,9,raise_arms,0.7083760999375954,0.3836787797371748,0.034837323033704064,-0.8360232041807738,0.00015729226118896484,7.666541323136212e-05,0.0033271206306598696,-0.5551921866806734,0.0004481476525482277,0.055788372691404804
P02,S01,9,raise_arms,0.7716897999634966,0.38434358454964135,0.03583398474655164,-0.8370208993637098,-0.0005504236156743535,0.0025550480467825066,0.041281167553787676,-0.5514908901736806,0.0074012001044921226,0.17284518635003981
P02,S01,9,raise_arms,0.8597920999163762,0.38450694356301474,0.03539642006299889,-0.8353344003371823,0.00017323013706664825,0.0009768319541167642,0.011260469447313261,-0.5533899536708622,-0.004972944795080847,0.09368970210488732
P02,S01,9,raise_arms,0.9275787000078708,0.3846561255901321,0.04005460541629695,-0.837900586307445,-0.0001910603318621426,0.003306366448587565,0.04885747493448441,-0.5619977261302631,0.02997004487633624,0.4482892665559828
P02,S01,9,raise_arms,0.9741660999134183,0.38297564418155045,0.04026923337243885,-0.8373769660754132,-1.5835922461484202e-05,0.0017965017491195297,0.038563464524198246,-0.5865695492399293,0.030352147112906302,0.7125027507792964
P02,S01,9,raise_arms,1.048309399979189,0.37362850897749006,0.03463800966163305,-0.8554146960635642,0.004985126937137435,-0.0023288865433070127,0.07421157016198812,-0.6308628244882475,0.15695359960398642,2.13820213181535
P02,S01,9,raise_arms,1.1119624999118969,0.3709561064612203,0.034464760006842315,-0.8468147725165974,0.0004885025967279105,-0.004293407988115495,0.06788529484932894,-0.6261497576991767,0.020475153065141798,0.3425940589849361
P02,S01,9,raise_arms,1.1600748000200838,0.3665583200348851,0.044557749422820564,-0.8474685641995249,-0.007198128011887176,-0.01413185839014388,0.32963420721852676,-0.5247829030132894,0.011306776010908992,0.397445335985006
P02,S01,9,raise_arms,1.2574705999577418,0.3660027268733312,0.04834181597872596,-0.831828489393683,-0.0003794067939103779,-0.02058950572125296,0.2114362337885753,-0.5400279099548143,-0.09075888061747442,1.0177349873919372
P02,S01,9,raise_arms,1.3025663999142125,0.36486466045147287,0.049872266267599226,-0.8356607072347102,-0.002886016572888918,-0.006864672992253795,0.16512991230172666,-0.5543753912523537,-0.02238666491575043,0.7136046543574291
P02,S01,9,raise_arms,1.3758269000099972,0.36518693686900017,0.05253467437982154,-0.8389483286816971,-0.00035071210804855224,0.0003199049362537114,0.00647958936947267,-0.5157047947638299,0.008765066164136689,0.19241840830894366
P02,S01,9,raise_arms,1.448330899933353,0.3706832466223492,0.05669599371591391,-0.8222213301289487,-0.008512858974045905,-0.004675968190799414,0.1339586876429177,-0.537244731613155,-0.11925411800835407,1.6979755170911686
P02,S01,9,raise_arms,1.5002523999428377,0.3711150324281441,0.06235596268287668,-0.8189809818849967,-0.00047030512324324077,-0.006016918238559388,0.11623837261607448,-0.5257145856480303,0.06893119907841502,1.3278658734791355
P02,S01,9,raise_arms,1.5386652000015602,0.3713246758070568,0.0625132198170722,-0.8203123988288957,-6.709691851736558e-05,0.0020828938150271193,0.05425207844193035,-0.5185622611421287,-0.007042683109340689,0.18960537009330744
P02,S01,9,raise_arms,1.5788840999593958,0.37167530934348014,0.06546987656481869,-0.8168956704335798,-0.00399018425947776,-0.0028354579865291995,0.12170988104876018,-0.5422120356308675,-0.022199185404633937,0.5791573489363715
P02,S01,9,raise_arms,1.6277120999293402,0.3718846839331837,0.06533721069529055,-0.8156794823738381,-0.0002729921817159978,-0.0020858477926622605,0.04308258204740251,-0.5464704030210012,0.007607394163055255,0.21242184178206777
P02,S01,9,raise_arms,1.7195728999795392,0.37238051748111106,0.06892091600165048,-0.812346249829572,-0.002348576283055611,-0.002979427778214523,0.04129927506173677,-0.5396637226817799,-0.06174145944137509,0.6801440643282348
P02,S01,9,raise_arms,1.7869905999395996,0.3732004056187554,0.07040787018885657,-0.8118280348966916,-0.0017822679777289897,0.0004058286113680904,0.027112885814997947,-0.545689980121166,0.057354557074852694,0.8542487241804929
P02,S01,9,raise_arms,1.8438254999928176,0.37298429879728723,0.07159490363308788,-0.8133337022108079,-0.001036772956364331,6.016647035893348e-05,0.01827252782553784,-0.5423904529625346,0.022538298563402236,0.3997794410327225
P02,S01,9,raise_arms,1.9139349999604747,0.37285702074345173,0.07010647518432869,-0.8196194111213683,-0.0002983373307287425,0.005940849415604692,0.08484350405332093,-0.5203384773751887,0.032808348822550064,0.5410898616719346
P02,S01,9,raise_arms,1.9673767000203952,0.372808874542808,0.07148549992179037,-0.8212995178413823,-0.0017989286405103882,0.0008309757690183966,0.03707931133323452,-0.5302364899194085,-0.008407192504586079,0.21345860279826645
P02,S01,9,raise_arms,2.029442699975334,0.3731510292564136,0.07190586115988375,-0.82137569614403,-0.000372338319013353,0.0009496144601177107,0.01643414575264116,-0.5324690009317863,0.004837176288556095,0.10729181485816795
P02,S01,9,raise_arms,2.0839732999447733,0.37331689306247673,0.0734368081846658,-0.8224622511165504,-0.00033078043107132965,0.0014067847849255392,0.026501637780517086,-0.5269330124657471,-0.051262977255973306,0.9418279353883806
P02,S01,9,raise_arms,2.1565573000116274,0.3732037100122549,0.07451121417209505,-0.8222028442312932,-0.0006959795248590357,-0.0018089638203926035,0.026703275268751697,-0.5382492187755868,0.012035428909823526,0.22009753890976147
P02,S01,9,raise_arms,2.2322511000093073,0.37313024910720555,0.07461298317603951,-0.8237199701483161,-3.7579351223765106e-05,0.0018115563551673037,0.023937840229327777,-0.5331115234902204,-0.001411315724207396,0.15473918632068243
P02,S01,9,raise_arms,2.294790199957788,0.3723523546116166,0.07457928989732712,-0.825706078515616,-0.00058807890169512,-0.0015159989761153135,0.0260007852752269,-0.5270009309089156,0.03243015701489336,0.5186984803968208
P02,S01,9,raise_arms,2.3502889999654144,0.3724842047850203,0.07285720664228247,-0.8269622253522484,8.140979574417507e-05,0.0015959520350948993,0.028793902750673433,-0.5305299402607448,0.005488355652740513,0.17040686906306907
P02,S01,9,raise_arms,2.4146345999324694,0.37253613960302745,0.07229870017148571,-0.8263995080759857,0.0004997104629717538,2.5519512957334423e-05,0.007776159703260762,-0.5104896909428507,-0.11236274146639362,1.7526255023189397
P02,S01,9,raise_arms,2.4785648999968544,0.3743173849467017,0.07809215243973901,-0.8232082834626986,-0.002654218215325649,0.0007613052936660125,0.04319145204264307,-0.5374322250410632,0.0395531580391423,0.6372984056695651
P02,S01,9,raise_arms,2.556008599931374,0.3750675902607863,0.07415571358530045,-0.8377885766858902,0.0005197382973089581,0.013551494745367404,0.17511376411581278,-0.5220077582899073,0.01511130462261869,0.21842989782019517
P02,S01,9,raise_arms,2.6261813999153674,0.37466536854572585,0.080023847996735,-0.825691713549772,-0.0007834670588770477,-0.007712650337151878,0.11047501761657733,-0.5294139241996998,-0.0363778599621507,0.5199346611116042
P02,S01,9,raise_arms,2.713456599973142,0.3745993054982379,0.08013207768659279,-0.8330561720441777,-0.000263256987755808,0.0004802908537569697,0.006275637711288221,-0.5252708941186612,0.0072975933606364025,0.11518097973345762
P02,S01,9,raise_arms,2.774882599944249,0.3754349081995493,0.07082227735469665,-0.835053283844071,0.005604085845014254,0.0037368510379835827,0.10965573725171548,-0.502266128631577,-0.03653874090388491,0.5949504723757134
P02,S01,9,raise_arms,2.8156154999742284,0.37460421513315734,0.07129524746498543,-0.829433135275736,-0.00033962809048437246,-0.006559698979786358,0.16125748975645807,-0.5545233327381183,-0.01125809955921373,0.4277993303301018
P02,S01,9,raise_arms,2.900671900017187,0.36839558157226815,0.06533145434530238,-0.843034164202898,0.008525071126352878,-0.004939365424144084,0.11583634403247169,-0.5548994661212142,0.13677115744416773,1.6778867303686111
P02,S01,9,raise_arms,2.954361099982634,0.36325037356151185,0.055620060146086926,-0.8517463802603836,0.010579341817518545,-0.00016261016442536337,0.19707113261691792,-0.5539130890308831,0.008243328191878594,0.9467995437442491
P02,S01,9,raise_arms,2.9936391999945045,0.3615010497782827,0.05258252081499578,-0.8489657813107123,0.0022654645670217555,-0.0033738769070365843,0.1034650683957415,-0.5642144367906266,0.0075042710954617885,0.49177522172184035
P02,S01,9,raise_arms,3.0647443999769166,0.362312847897361,0.048217386599297515,-0.86419935752633,0.004087577120622788,0.021021613676936463,0.30117816921759333,-0.5824440452980691,0.0002544565619154726,0.11302451264001966
P02,S01,9,raise_arms,3.147677999921143,0.3652044911168901,0.03561925361622465,-0.8832706461953486,-0.00017512321288383056,0.034530282640302806,0.41636594500505264,-0.6195361692056147,0.00271977282518982,0.19434820911255005
P02,S01,9,raise_arms,3.2119216999271885,0.36630416294677104,0.03279694881036115,-0.8946937894105831,0.002739943775075959,0.015891950517729816,0.2510194586143688,-0.6271286609988792,-0.0035167908177390485,0.06779555577402638
P02,S01,9,raise_arms,3.2855823999270797,0.3707816120395272,0.025210333834533652,-0.882323424745436,-0.0012802050436616964,0.005901281073969032,0.081977858657842,-0.6246074507491629,0.015124895255058784,0.35958151767807583
P02,S01,9,raise_arms,3.352968699997291,0.37604251201422867,0.028640677402106473,-0.8693317567556904,-0.0017677277957136707,-0.0007540878716079612,0.028519902247606567,-0.6107845056240091,0.021980955831876738,0.34339015098713954
P02,S01,9,raise_arms,3.417349199997261,0.37660116333918314,0.02838421076971952,-0.8665795356705558,0.0005461895743922988,-0.0005338445188134523,0.011863053540378766,-0.5926945148218636,0.022964532813010266,0.37121008632932556
P02,S01,9,raise_arms,3.4638713999884203,0.37664974679910856,0.029236323421713034,-0.8633576789555918,1.4202895167335791e-05,-0.0021131059517485776,0.04542247965114693,-0.5965547477407751,-0.15919564269535028,3.451910279323643
P02,S01,9,raise_arms,3.5451525999233127,0.377893729792087,0.0286112562579512,-0.8567753860649278,0.0006280358090751822,-0.0029029946797334656,0.03654169361276583,-0.5752619618643092,-0.03360866350442538,0.4557212107601026
P02,S01,9,raise_arms,3.60689439997077,0.3786698096428772,0.02900189193604255,-0.8545733470963133,0.001234648024615142,0.0008299195805301464,0.024094804992567078,-0.5725153965827177,0.019039158385237974,0.4221980213119382
P02,S01,9,raise_arms,3.6696800999343395,0.37893016003256724,0.030372354773888298,-0.8565090874278674,-3.1026868330922354e-05,-0.0011717853263939473,0.018669793030356378,-0.5676627336137787,-0.012122980600141183,0.19391734289552587
P02,S01,9,raise_arms,3.7535273999674246,0.37904923748185615,0.025638382943710198,-0.8553771199597909,-0.00021456457302572343,-0.0010513585454378798,0.012797427039718492,-0.5619850487998412,-0.009045918405104023,0.12909489245747124
P02,S01,9,raise_arms,3.839355899952352,0.38048419697871805,0.026024539258312423,-0.8540809770276727,-0.00020611844588017624,-2.7492903098590865e-05,0.002422784029146265,-0.5588698592646169,-0.004103351481143405,0.049766152396697946
P02,S01,9,raise_arms,3.9096930999075994,0.38121316134471345,0.03264754370656532,-0.8508997117702746,-0.000822506318341442,-0.000507685204002407,0.013741970551133503,-0.5630577975913424,-0.0032161777703215567,0.061208108824707015
P02,S01,9,raise_arms,3.9625598000129685,0.38213225334393003,0.029428927660032408,-0.8490237967446086,-0.001088812104222302,-0.0001365597016326374,0.020756778865781148,-0.556621702313609,-0.007413297313132201,0.1404009086583144
P02,S01,10,raise_arms,0.3889157000230625,0.38266590607737494,0.028941007125217445,-0.8317188435534179,0.0,0.0,0.0,-0.5878886650187914,0.0,0.0
P02,S01,10,raise_arms,0.47533869999460876,0.38035749904042077,0.028859612925900894,-0.8391547963734318,0.0003455778924368247,0.003008615783650197,0.03504157185468836,-0.5942622179512084,0.006205474679225704,0.11287886806042581
P02,S01,10,raise_arms,0.5254830999765545,0.3800559271697222,0.028702548983058074,-0.8369544123078688,-0.00020286121727168256,0.00046139752702998844,0.010051454554438694,-0.5979765637826446,-0.0005600746891115708,0.1907724265542013
P02,S01,10,raise_arms,0.5791023999918252,0.3791406918179737,0.03648580823493023,-0.8357462578381194,-0.001061009161691995,0.0005181636089697459,0.02202148943655318,-0.6141382304036299,0.06290425305128376,1.1960887046069586
P02,S01,10,raise_arms,0.6638752999715507,0.3741020715571592,0.04760418648171568,-0.8391946552306625,-0.005843325961918528,-0.0071999972793210165,0.10938375819255872,-0.6225528942431059,-0.004832093933509561,0.27344373390725
P02,S01,10,raise_arms,0.7168036000803113,0.3710626610554186,0.05063740166219079,-0.8426320937389791,-0.0027138022141425916,-0.0035768795053668445,0.08482898653084628,-0.6322367778256663,0.006397082193142265,0.35250852776301184
P02,S01,10,raise_arms,0.7611171000171453,0.36970570570063654,0.05203451937384849,-0.836989297032546,-0.0017803730970482163,-0.007491577188000361,0.1737670122325006,-0.6084144604614777,-0.028127027126879332,0.724251897258453
P02,S01,10,raise_arms,0.8668314999667928,0.3698043423234499,0.04019728403588924,-0.8264988754011205,-0.0029467526294024754,-0.008220928093131314,0.08261030214243842,-0.555026805361266,0.0009610583764390385,0.20441358339029084
P02,S01,10,raise_arms,0.9106871000258252,0.36928582158906226,0.043703196571292915,-0.8227905090678677,-0.0008529456775788683,-0.004726589312559292,0.10951697682161297,-0.5321029057298579,0.0037557135861021216,0.22232033213864832
P02,S01,10,raise_arms,0.9605431000236422,0.36910177542995437,0.04394884790738836,-0.8198576222665047,-0.00028586999423322793,-0.0015102139167174962,0.030829431097445525,-0.5185794933710831,-0.014820520012154826,0.30333567959285984
P02,S01,10,raise_arms,1.045934500056319,0.3662006785303469,0.041743194126179724,-0.8002495502134876,-0.0039707736714604015,-0.023111487284944176,0.27461916393233315,-0.5541831396452033,0.16126838687828346,1.9074531303922748
P02,S01,10,raise_arms,1.1247530999826267,0.36594793976803647,0.0505314882178339,-0.8045347338424138,0.00013022047214729835,0.0021790551427425028,0.027695780803362262,-0.5619121963706334,-0.019092889543459047,0.24305523567477016
P02,S01,10,raise_arms,1.1720716999843717,0.3664566235299616,0.05372225923458834,-0.7971634358785226,-0.0019805235067560573,-0.004945412657407131,0.11258255302933011,-0.5580523116081236,-0.05118824085558145,1.2143734302894889
P02,S01,10,raise_arms,1.2660657999804243,0.3679257798895564,0.060541212936378895,-0.7867201076329664,-0.0031018487855267543,-0.007233867123837998,0.08373771602430764,-0.5240055603090287,-0.058371697180725955,0.6966608268127316
P02,S01,10,raise_arms,1.3216234999708831,0.3678011025289603,0.06859192990004542,-0.784867088263453,-0.0002326729532561116,-0.002077729363535857,0.03763144670511085,-0.5297353313545379,0.01557299941852947,0.3006381466139687
P02,S01,10,raise_arms,1.3723278000252321,0.3676499894774936,0.07486158777446371,-0.7891597640342478,-0.001196672914022441,0.003648747922504868,0.07573267596582933,-0.5148709630733995,-0.10199412629450208,2.0121580179086154
P02,S01,10,raise_arms,1.4588049000594765,0.36629923329787295,0.07871718614783824,-0.7948932257195668,-0.003411286891925212,-0.0028788631793522632,0.05161728067459228,-0.5233205450569826,0.011762278015008364,0.17464466797942713
P02,S01,10,raise_arms,1.5006590000120923,0.3667835204627167,0.07884868198536521,-0.7965984859526496,-0.00023039335307023395,0.0028037217566713075,0.06721377399546087,-0.5146320334011654,-0.03074810179444494,0.7347994977522131
P02,S01,10,raise_arms,1.5401476999977604,0.36667399431356457,0.08512169697340842,-0.7963014631938556,-0.00047209999147333694,0.0016049042664427152,0.04236403091591683,-0.5217345897596439,0.008178147309845424,0.23411693134871334
P02,S01,10,raise_arms,1.5849109999835491,0.3665861219700469,0.08602047359229534,-0.7948020146920586,-0.0008673161839419176,0.00047331066437735804,0.02207296779049292,-0.514506383071093,-0.003300985607792696,0.08294379120111271
P02,S01,10,raise_arms,1.6538756000809371,0.3655582540326522,0.0884114785791782,-0.7934805957606951,-0.0018825462695037302,-0.002009359197300238,0.039925603186207505,-0.5113056590311088,-0.005036718478248853,0.07996624487279529
P02,S01,10,raise_arms,1.7125802000518888,0.36529148394410704,0.08721714688295636,-0.7951512696678337,0.0006377095092068007,0.0003886711574056417,0.012721644400548352,-0.5130042228260021,-0.01810782430281572,0.31685790593545177
P02,S01,10,raise_arms,1.7613907000049949,0.36508294934401775,0.0892346143461797,-0.795190443080444,-0.002062994978908558,0.00010105997878635623,0.042316075666386496,-0.5114744207692574,0.0034059237023206126,0.07089794566649522
P02,S01,10,raise_arms,1.8296839999966323,0.36522873198899214,0.08952294424071733,-0.7961813171193522,-0.00012092981167729059,0.0010515671275878838,0.01549929099258864,-0.5165945392636332,-0.004845640823956551,0.07801289466971587
P02,S01,10,raise_arms,1.8884193999692798,0.36575995406208744,0.09021249511392383,-0.7979992446340886,-0.0006328186950306363,0.002676880523767655,0.046831439755319115,-0.5150856370476032,0.003665164180817719,0.1194727908195683
P02,S01,10,raise_arms,1.9571483000181615,0.36458296186020067,0.09511631711556488,-0.7912479288290709,-0.0013660581066126294,-0.008997027163702388,0.13240636090897645,-0.5281123687556097,0.06635902636920006,0.9666290614465612
P02,S01,10,raise_arms,2.0120904999785125,0.36490364616112414,0.09425349683170672,-0.7957361898479476,0.0007677961996658513,0.0020702974008434917,0.04018924748144492,-0.5172764387643728,-0.04056195175842111,0.7497117290670489
P02,S01,10,raise_arms,2.0796397000085562,0.36485304591952666,0.08737615104954329,-0.7967262746495127,-0.0007126440756884803,-0.00037631397291498986,0.011930553782986731,-0.5158393253261659,0.0010776465367337942,0.07058712798370327
P02,S01,10,raise_arms,2.1623799999943003,0.36483728564660145,0.08550770919122568,-0.7970918492323257,-1.0210826702812402e-06,0.0005069471241412302,0.006126979870142973,-0.5180529633849474,0.010420067728330403,0.12673731591348833
P02,S01,10,raise_arms,2.2190984999760985,0.3649692097435117,0.08805838982433248,-0.8002332433143142,0.00022937475642361194,0.0017615066733962822,0.03131919792493925,-0.5146988958608604,-0.0062337803959579595,0.12154681190436618
P02,S01,10,raise_arms,2.3006174999754876,0.36682000117618374,0.08398739157522431,-0.7984404657635132,0.00131641412163863,0.0008857339229836663,0.01946360896181428,-0.5114488024971354,-0.051166295821672224,0.6279792622140951
P02,S01,10,raise_arms,2.3537120000692084,0.36649270729749267,0.08443869334114076,-0.7951474754552937,7.029910061279645e-05,-0.003769967152700817,0.07101719627494793,-0.5245240048612313,0.07754479524369035,1.5413598601761247
P02,S01,10,raise_arms,2.42402460006997,0.3675454299529283,0.08357711365689516,-0.804636221486773,0.0009693679613715432,0.014280805026572892,0.20357186508350392,-0.5180755599114457,-0.010930965007894361,0.396877539766457
P02,S01,10,raise_arms,2.4823294000234455,0.3685379390095879,0.08039895443037026,-0.8017057973743831,0.002365179355856319,-0.0008004152511031812,0.042825731812616515,-0.5162326673208881,0.07149555717051309,1.333150164589883
P02,S01,10,raise_arms,2.562176199979149,0.36386219765280403,0.07062483625848781,-0.8216760095369874,0.009743152998084915,0.0034972018789487685,0.1296455830421905,-0.5425929596102704,-0.01789105589664311,0.26209258797304147
P02,S01,10,raise_arms,2.6061050000134856,0.36245646667489867,0.0689618945221851,-0.8311793831829245,0.0018608749526968524,-0.0020026277106700483,0.06223131798969808,-0.5482569215197086,-0.0011826904988708259,0.1391517345479618
P02,S01,10,raise_arms,2.6727390000596642,0.3622309211305126,0.05769416450767336,-0.8320200964159388,0.0024184552325135847,0.00041589696208049564,0.03682737299340242,-0.5713835025848002,0.018929064931262972,0.6814004432705925
P02,S01,10,raise_arms,2.7565207000589,0.36737635688838266,0.04906610276343239,-0.8481526694383889,0.004061131957454996,0.027886839643293502,0.3363622063561461,-0.5648582740325417,-0.08227265840883566,0.9883479729909074
P02,S01,10,raise_arms,2.7997301999712363,0.36774088377833275,0.043245396617219385,-0.8466077587170605,-0.0011634742293621394,0.010005157101965078,0.2331102809148568,-0.5561226207946153,-0.0020747358724003654,0.256642570228756
P02,S01,10,raise_arms,2.8681536000221968,0.36928423051906456,0.03194803350167059,-0.8543434957711022,0.0019022086018994184,0.014435980156999817,0.21280390151772263,-0.5950355589294032,0.10638249797222199,1.577958855869271
P02,S01,10,raise_arms,2.96257960004732,0.372082671921154,0.016859000166240777,-0.8622353556860898,0.003777646311331354,0.014351996317019519,0.1571689565039068,-0.6115969571970035,-0.027917689301642658,0.29948884148086624
P02,S01,10,raise_arms,3.0383557999739423,0.372882262471446,0.014963891214283548,-0.8663635526859335,0.0005006452873333412,0.005891693486759991,0.0780314444500924,-0.6091939076961531,-0.002717534483916941,0.03803697064399354
P02,S01,10,raise_arms,3.083089799969457,0.3729523428826076,0.01918028501480838,-0.866267880507268,1.270556238638536e-05,8.550284121655557e-05,0.0019323489541707866,-0.6105848877518726,-0.017232326911192936,0.4616985881532682
P02,S01,10,raise_arms,3.1545042999787256,0.3730280817246451,0.01765035501633279,-0.8616382017326133,-6.0478980411288543e-05,-0.004477282088809803,0.06270001951486896,-0.5993462093016243,-0.08436231560624916,1.1938483794832562
P02,S01,10,raise_arms,3.212292700074613,0.37359613812813036,0.022228087709825425,-0.860747272036439,-0.000596690781058092,-0.00037181493723419345,0.012166021721545102,-0.5936873539401365,-0.008053265546136182,0.15341407323679038
P02,S01,10,raise_arms,3.2893329000798985,0.37423424411734746,0.02366252715519081,-0.8575002386608979,-0.00028712571085595786,-0.0020816713581402685,0.0272764055798591,-0.5865257968171456,-0.009574509261451937,0.13712188972323716
P02,S01,10,raise_arms,3.3635799000039697,0.37473075015195206,0.03030715869304591,-0.8581927112038772,-0.0005777056452838076,-0.0004845760595696916,0.010155665538920526,-0.5844017070997016,-0.0029819635526797264,0.13291398584617156
P02,S01,10,raise_arms,3.4147492999909446,0.37529542499759266,0.033055013947724185,-0.856786317283156,8.882042084805864e-05,-0.00013944448726794007,0.003231022166027272,-0.5810028998845499,-0.0030363086918917745,0.0691491427846371
P02,S01,10,raise_arms,3.455887100077234,0.375655950807883,0.032172670181797675,-0.8569009749799711,-6.822731597435973e-06,9.036152662185551e-05,0.0022028094588978776,-0.5793484721476807,-0.00011375490106566182,0.12592848676761392
P02,S01,10,raise_arms,3.5253516000229865,0.37685887812102264,0.03239966363558732,-0.8557340927452757,-0.000641582978585756,-8.430019168894562e-05,0.00931551442355447,-0.5787387816455289,0.0001679425236378228,0.007273668004821527
P02,S01,10,raise_arms,3.5974518000148237,0.37765870734279944,0.029080090837128782,-0.8537270862919841,0.0008854475002150668,-0.00014780474737336306,0.012450714612192873,-0.5744857099552003,-0.005022778291819092,0.07151921857870641
P02,S01,10,raise_arms,3.6401347999926656,0.37804893792783406,0.029379906455263175,-0.8525019064106176,-0.00036262681687408347,-0.0003330648481071745,0.011535557916803867,-0.5728846837248323,-0.0022035385963285357,0.052994500113729505
P02,S01,10,raise_arms,3.7013618000783026,0.3783585895919474,0.02876420038184806,-0.8521841860414006,0.00023500253804091604,0.0003542957654124486,0.0069438158206804965,-0.566702703245504,-0.008148369418653515,0.13381055746913187
P02,S01,10,raise_arms,3.7656124000204727,0.37879089049609094,0.028767485772746144,-0.8544315733816858,-0.0004120340965432246,-0.00038308077450237933,0.008756396793717178,-0.5677334913040385,0.0013187083308079802,0.06542155358804591
P02,S01,10,raise_arms,3.819353700033389,0.37887659780612776,0.027160410426069558,-0.8540339308083501,7.464806248179794e-05,-0.00021458368224483115,0.004227605748184119,-0.5683958231138792,0.00013853871679473558,0.024414180010145253
P02,S01,10,raise_arms,3.897001600009389,0.37994564041736845,0.026129355561817474,-0.8523326687891594,0.0008631752067351818,0.00015475893342619055,0.011293787220752432,-0.5682158914825252,0.0005718442498602801,0.011432079941771823
P02,S01,10,raise_arms,3.959473100025207,0.38069330547180796,0.029925948581709248,-0.8514070445492739,-0.00042101315546483814,-6.74028127287515e-05,0.006825104283125536,-0.5666535186720484,0.0017428917814513339,0.03439391069828124
P02,S01,11,lean_left,0.3774942000163719,0.37413648187841236,0.028476484788469147,-0.7974196372368507,0.0,0.0,0.0,-0.5579940078786928,0.0,0.0
P02,S01,11,lean_left,0.4654697999358177,0.3758720839676558,0.02696529499122328,-0.8041775964293169,0.002270742487315582,0.008299282713512922,0.09780350993089877,-0.5545460737245147,-0.00847929675019341,0.09797905227372743
P02,S01,11,lean_left,0.515629000030458,0.3770037509836892,0.023045305822255186,-0.8088334642686397,0.0015993095130046695,0.006880315452803175,0.14082656207194744,-0.5504080600413163,-0.003451689145705674,0.0949164296401495
P02,S01,11,lean_left,0.5629005000228062,0.37805929576409464,0.018106879846265102,-0.8158008772752406,0.001471317998095809,0.006598917781810296,0.14302388382588502,-0.5460864663833872,0.0025709636790301007,0.147779034318401
P02,S01,11,lean_left,0.6221188999479637,0.3791427435883664,0.01780556791273447,-0.8167078934207386,0.001529014559526538,0.0030380635783313127,0.05743374518379564,-0.5456122713916107,0.0017147206225877037,0.1981964750627645
P02,S01,11,lean_left,0.6871168999932706,0.3803178420286424,0.018061961705794737,-0.8140727804431919,0.002039674618712472,-0.0003872631282675876,0.031941183124120046,-0.5466778436488975,0.00044776644806973783,0.0803922753998127
P02,S01,11,lean_left,0.7497294000349939,0.38127011873495104,0.016673763775190104,-0.8163147229207529,0.0012886821282375466,0.005426355019220497,0.08907611170396197,-0.5485821892504067,-0.010537799681517555,0.16926020778614767
P02,S01,11,lean_left,0.8602893999777734,0.3818059712347813,0.01835093403166375,-0.814840668826234,0.0029307370283151485,-0.0005198542769253828,0.0269219052885831,-0.5507632223989051,0.009792691161662571,0.0967868648584195
P02,S01,11,lean_left,0.9406514000147581,0.38198538158684214,0.019964029074871013,-0.8175094557251593,0.0004942537631721589,0.0013787612474788304,0.018225950150577507,-0.5504910467391358,0.0009414219923786314,0.020627247993966844
P02,S01,11,lean_left,1.0016127999406308,0.38179363014621265,0.03781835741679459,-0.8198088272739785,0.0006214254764742463,-0.0003426777844142622,0.011640910001512933,-0.5513543870141083,0.002176726377192605,0.09481907088366762
P02,S01,11,lean_left,1.0525417999597266,0.38380679980676724,0.059382133023228846,-0.8075334298839045,0.005591369489997571,-0.005478855680545754,0.1537088020577559,-0.5523191873633124,0.006141826535331598,0.223717271617987
P02,S01,11,lean_left,1.1319966999581084,0.3824961644092912,0.07859597918149157,-0.800821833098238,0.0014038398122228515,-0.00874451760597102,0.11146558073854718,-0.5513330663754531,-0.003483410267231815,0.0651532933234549
P02,S01,11,lean_left,1.2020015999441966,0.3824713698614255,0.09803274697935624,-0.7965882040181976,0.01377519699416665,0.0012251424598696287,0.19755146742393498,-0.5591566254816778,-0.003944953230539598,0.30548346769461876
P02,S01,11,lean_left,1.2774441000074148,0.37927293470707546,0.12931952453936196,-0.7960964801317559,0.025081665807160803,-0.00825126705047938,0.34998894153398497,-0.5679614165541428,0.002378636752155787,0.3085318735360082
P02,S01,11,lean_left,1.3397594999987632,0.3749725295485137,0.1355227564837237,-0.7915816819419087,0.009243013047945977,-0.008590532809096559,0.20249663122491623,-0.5648839781495816,-0.022888068343256723,0.46873424375274586
P02,S01,11,lean_left,1.385050000040792,0.374340715875302,0.13611285492219838,-0.7924256296132107,0.025825365882982634,-0.0005807755678136248,0.5703601293820602,-0.5603711912491841,-0.023858390681618158,0.537363789542961
P02,S01,11,lean_left,1.4534225999377668,0.3705625811491129,0.15345571834121577,-0.8207026785229895,0.03844485677123196,0.0006193493255469544,0.5623575143543335,-0.5642380513732922,0.0009344712279694716,0.17117738926186
P02,S01,11,lean_left,1.5273264000425115,0.3717005166277109,0.17321659773823908,-0.7991827610303809,0.007689180917025645,-0.008106027994612075,0.15118015641604174,-0.5627336875408642,0.0005915744586465833,0.08477769738238475
P02,S01,11,lean_left,1.572516500018537,0.3687878881675009,0.17720406076891215,-0.8012687823913631,0.022490986876558625,-0.005627312571948087,0.5130390604694259,-0.5619132090970724,-0.0028078965531765435,0.08430445322628873
P02,S01,11,lean_left,1.659136199974455,0.3661048874798428,0.21216988082099383,-0.8168564242565393,0.0308158493329493,-0.006224214562584975,0.36294459884060204,-0.5643289953387972,0.019099655069890486,0.22991666115057366
P02,S01,11,lean_left,1.7300579999573529,0.36797396717895303,0.200608602273793,-0.806992624229685,0.009626709660916598,0.0009492873188398648,0.13639531032433683,-0.5687060947294011,-0.018156668417512203,0.2717774256238258
P02,S01,11,lean_left,1.771342399995774,0.3657249686046533,0.21966507558925946,-0.8159651254954826,0.01243508069069596,-0.00244245016230217,0.30696047536265225,-0.5700701603427004,-0.010412347599132416,0.26821205241809115
P02,S01,11,lean_left,1.8497859999770299,0.3668940411664352,0.233603924813497,-0.803075974177897,0.017365637981043045,-0.00628571972985754,0.2354332753429915,-0.5930534493415578,-0.0536652008103101,0.685202054826139
P02,S01,11,lean_left,1.9168469000142068,0.3703163352960658,0.22073678069963681,-0.7735669621941629,0.006246099687894529,0.003831236227951773,0.10926622728255268,-0.5995889050672414,-0.025427319582620476,0.3809310052437829
P02,S01,11,lean_left,1.9907572999363765,0.37108573948137624,0.22790292500249956,-0.7663734028290295,0.009583810586799779,-0.006390599117795245,0.15585193794953672,-0.5925480296306458,0.006642138369301814,0.11648752446881862
P02,S01,11,lean_left,2.058523799991235,0.369609824192465,0.22637523779185229,-0.7644032840256623,0.011042128136880125,0.001794058571291999,0.16508042633423203,-0.5945370520303698,-0.03887375965991171,0.5983734432693398
P02,S01,11,lean_left,2.130134299979545,0.3716303375107779,0.2218628238438545,-0.7607109859288996,0.00194000007338212,0.00031419797397892426,0.027444002936660116,-0.5919120207557549,0.004424220581221326,0.1045250799418632
P02,S01,11,lean_left,2.2112167000304908,0.37276464795461445,0.22236827594717654,-0.7591921442214172,0.0022804376629860196,0.00036113159057296086,0.028475416582844457,-0.5789959205424652,0.03837563444731861,0.4782273947655988
P02,S01,11,lean_left,2.2772400999674574,0.37259090612132184,0.22129100403750396,-0.7579424273838213,0.002365407110937764,0.0012896257959134187,0.04080554082963571,-0.5786369260020526,0.009466842793731126,0.14449550588030838
P02,S01,11,lean_left,2.31976800004486,0.37260269082103314,0.228423193385446,-0.7581276937631621,0.0011308563933071969,0.00034665145585411407,0.027812206694907787,-0.5717199143722259,0.02935988918591835,0.6924781098296188
P02,S01,11,lean_left,2.362523899995722,0.373017114910024,0.23887322987871473,-0.7560950492817857,0.0003083160463611898,-0.0010035651356161972,0.024554692459939024,-0.5580472122350136,0.05102497284653235,1.2390357818314979
P02,S01,11,lean_left,2.4589585999492556,0.374049112942,0.23482014999988635,-0.7414293605049158,0.0021969952881747113,0.0006836902416300277,0.023859848676909153,-0.5575922232045301,0.013297772365120517,0.1680298297932259
P02,S01,11,lean_left,2.5299261000473052,0.37414983809833324,0.23849033054074398,-0.7382497651870027,0.00010685509229750316,-0.0017195585035546016,0.02427696260445849,-0.5554316888082301,0.006065940107646705,0.098185667868823
P02,S01,11,lean_left,2.5727824999485165,0.37326001839671885,0.23848635433689644,-0.7403444720535608,0.003252218391541156,8.016270214465895e-05,0.07590946040972814,-0.5849627367336782,-0.05575990166663505,1.3300905400256158
P02,S01,11,lean_left,2.650430200039409,0.3725984642132243,0.23730440967119465,-0.7406154793027653,0.0029361727371582614,-0.0002301970943785305,0.03793006980228336,-0.5964425957294544,-0.10609783341423967,1.3815793840231732
P02,S01,11,lean_left,2.703703699982725,0.37268777050612195,0.23504864196250072,-0.7491872391698117,0.0015287885584069623,0.0032231865479500697,0.06696330483414834,-0.5920644043161372,0.006105163117202374,0.11616186619776019
P02,S01,11,lean_left,2.7723133999388665,0.3729605561156863,0.23775515168161815,-0.7484073877015678,-0.00029917344660147115,0.00014982644561371751,0.004876764624007303,-0.5667731676510305,0.06981343665762577,1.0190222552368282
P02,S01,11,lean_left,2.861632199957967,0.37301687496809216,0.23625988603692677,-0.7481958007296899,0.0012029047369707408,0.00018080322926174194,0.013618820566169532,-0.5783352179852767,-0.046539080519599284,0.5271300566317884
P02,S01,11,lean_left,2.931356200017035,0.3732822968102905,0.23592527070134844,-0.7532127370238497,0.0002170810543777968,0.0014185715977141204,0.02058237062558886,-0.5760725002309068,0.016208857931173274,0.2540941914325616
P02,S01,11,lean_left,3.004495400004089,0.373658259570335,0.24309324288811143,-0.7437502249297074,-0.0022636582791425225,-0.001993237991439874,0.041238455239376394,-0.5722703797304977,0.021833611300893375,0.29964246932270033
P02,S01,11,lean_left,3.0503687999444082,0.37382345657658006,0.24223311253210988,-0.7434052096975894,0.0002059643356618476,5.110243435620062e-05,0.004625976091453613,-0.5799004396992106,-0.009196534430818038,0.21080576964966735
P02,S01,11,lean_left,3.123711399966851,0.3740389878873285,0.23802406591925973,-0.7435474866671051,0.00039922184894941565,0.0011750771037433354,0.01692115649441266,-0.5887840897287814,-0.014581995008275703,0.21348133787383128
P02,S01,11,lean_left,3.169861700036563,0.37440077405227307,0.237346828638032,-0.7515477446518692,-6.125224269469513e-05,0.0004522875152582946,0.009889779559413942,-0.5859046022344285,-0.0019148700544354238,0.0472121491524224
P02,S01,11,lean_left,3.2583462999900803,0.37438170361052275,0.23810588389702175,-0.7547427283549601,-0.0002940177809903495,0.000968861625134302,0.01144257455194701,-0.58258184136045,-0.0011118036620069275,0.019688153273918117
P02,S01,11,lean_left,3.313731199945323,0.37517730241078506,0.2385160923465059,-0.7517207305927599,-0.0012171474176374227,-0.0014643897956694981,0.03438077449967699,-0.5703288103339907,0.0036122160711163703,0.09668928876858816
P02,S01,11,lean_left,3.3724586999742314,0.37508804976507665,0.2363379596857964,-0.7510349827840928,-0.00038519398052280773,-0.00118807871096484,0.02126706804516784,-0.5810979389153625,0.017420674564993004,0.29904264722766427
P02,S01,11,lean_left,3.450700300047174,0.3761805859905792,0.23661650809623103,-0.6986448730797131,-0.001432993693518604,0.0014035225715599063,0.02563633846900224,-0.5981942181042439,-0.014269071693528795,0.2521095565538998
P02,S01,11,lean_left,3.5173253000248224,0.3760605099908924,0.23584746620161195,-0.7210050560475456,-0.00013143403884973117,0.00035043793777118557,0.005617633601656411,-0.5981858658174953,-0.0007567776109979047,0.08222322567190408
P02,S01,11,lean_left,3.5967100999550894,0.37763539238264754,0.23535784237512208,-0.7244533101541055,-0.003724230896167332,-0.0006750666670724367,0.047678130609632614,-0.5959115090924176,0.0037523159830716328,0.1083116805229732
P02,S01,11,lean_left,3.6581945000216365,0.37778617046732277,0.23565483208167173,-0.7247641864929452,-0.006542038559519357,0.00032304123262809695,0.10653124158603149,-0.5941309253237153,-0.03971426627338708,0.679546776193749
P02,S01,11,lean_left,3.697962600039318,0.3768116056101655,0.2296697278828028,-0.7400731151540928,-0.0009301075286993279,-0.000340485791756004,0.024906140415584553,-0.5905129107368313,-0.0006605936459723642,0.06238946547246303
P02,S01,11,lean_left,3.780553000047803,0.37598948354916745,0.2332711644011167,-0.7620856419406945,-0.01237690983648616,-9.701878429737756e-05,0.1498635444259686,-0.5755285230860567,0.014775199167450898,0.1828830378775951
P02,S01,11,lean_left,3.851212600013241,0.37807531329388633,0.19472020829594885,-0.7550143223617157,-0.02232781915787244,0.0014798871569582572,0.3166846240527419,-0.5749828006878624,0.02638725937402387,0.3964509707640465
P02,S01,11,lean_left,3.9106676999945194,0.37529372332725436,0.19449115989209417,-0.7826099249657902,-0.007202189544098163,-0.0013040818639643646,0.12310635707649109,-0.5432759837042618,0.04468043085622777,0.7524733050725283
P02,S01,12,lean_left,0.38386679999530315,0.37380744272370653,0.03309064239783379,-0.8068471318557472,0.0,0.0,0.0,-0.5352833050986667,0.0,0.0
P02,S01,12,lean_left,0.4683466999558732,0.37482892618284186,0.025957902729794688,-0.8097822173853934,0.001343426040652101,0.0054870046750180295,0.06686882852374808,-0.5421417038442774,0.03731719396455969,0.7751494224222479
P02,S01,12,lean_left,0.5216467999853194,0.37635826067137307,0.02353100449356909,-0.8094024613934762,0.002010771255666793,0.003239026008813236,0.07152730837542924,-0.545130624234654,0.01217888901424373,0.3899354242894608
P02,S01,12,lean_left,0.5692898000124842,0.37791738364170196,0.02167579582511041,-0.8037897031133553,0.0020333491256757713,0.0022390537619621158,0.06348350567427061,-0.5491852428281351,0.013320281588037159,0.4066311861234962
P02,S01,12,lean_left,0.6627934999996796,0.3800200225660815,0.019290458198131803,-0.7901286730126532,0.0026237209583591216,0.0007578801811807315,0.029207269235701327,-0.5508428401758089,0.0036591695939998388,0.06021420438142118
P02,S01,12,lean_left,0.7305049999849871,0.37939785612590987,0.018117777797341958,-0.7974837042629662,0.00122465928492534,0.0022127995931077787,0.037350897416448196,-0.5488529289048808,0.003757225264317923,0.07500208970806738
P02,S01,12,lean_left,0.8177612000145018,0.37935509443930227,0.021365546745864567,-0.8010684402581038,0.0008037523808640895,0.0017115188514812878,0.021670096217469438,-0.5481020062482015,0.0008112621724081065,0.040703715207176715
P02,S01,12,lean_left,0.9116106999572366,0.3794285514339926,0.028619387135522024,-0.8019264312362826,0.0023088385501708985,0.002092917571282659,0.03320480203983021,-0.5506829313007615,0.0035068377462292837,0.07782640226050887
P02,S01,12,lean_left,0.9872118999483064,0.3797965054880881,0.043601363609916316,-0.7977092636835621,0.00568332692256038,-0.0034835610148099207,0.08817305107021384,-0.5489447812947325,0.0023257089453950493,0.1122208180956724
P02,S01,12,lean_left,1.0578719000332057,0.37759792950965887,0.06475501636944951,-0.8041346813911405,0.003849145736611711,-0.00011617918194534311,0.05449899033743642,-0.5514295840777291,-0.0012494647357226233,0.06911826571081679
P02,S01,12,lean_left,1.1036997999763116,0.37816455965614,0.07350806758497326,-0.8060870681779466,0.01335134406932785,0.0009990466617293425,0.2921510685394482,-0.5492978751566225,-0.0021148085157946645,0.11727296911590235
P02,S01,12,lean_left,1.1912290999898687,0.38017676996177746,0.1063376482542936,-0.7825102936428259,0.02157347286729036,-0.005495501497571891,0.25434246920567677,-0.5628584077621849,0.0062292819350989815,0.3119976225104714
P02,S01,12,lean_left,1.2360889000119641,0.3778378990736412,0.10544195853027473,-0.7941870104043955,0.006770474727560394,0.0012128754486491395,0.1533278172884015,-0.5635996904020926,-0.008903685865585697,0.40590634328886155
P02,S01,12,lean_left,1.3150391000090167,0.37690849117275904,0.13972048224079509,-0.7992653351539013,0.019512965056293238,0.0027477770587558785,0.2495938402228364,-0.5593284938513313,-0.044714269175686105,0.5744878568430065
P02,S01,12,lean_left,1.3780228999676183,0.3758379886554254,0.13975202401295791,-0.8002615022924204,0.02903735802896197,-0.009983561824076503,0.48751733637209616,-0.5655413829257273,0.003063965309734166,0.24687613975529746
P02,S01,12,lean_left,1.4247343000024557,0.374956329131681,0.14921968454051243,-0.7965780311075015,0.006833196722101324,-0.004835056070894049,0.17920257368621262,-0.5609469723989612,-0.0015735700089037769,0.053123824828815454
P02,S01,12,lean_left,1.4854319000151008,0.3723089371944565,0.14889548845415984,-0.8041014685457969,0.02676745439175279,0.0009701731848306684,0.44128648151124594,-0.5539463441302547,-0.003415470339009479,0.09794919692054206
P02,S01,12,lean_left,1.532286399975419,0.37310190507940316,0.1636534536789057,-0.7999203622712523,0.004575204249785662,-0.0028274120051269788,0.11478854024977467,-0.5497558446113698,-0.005203608786554365,0.12347457308675983
P02,S01,12,lean_left,1.5920665999874473,0.3698416924168948,0.163116927423793,-0.8141307894010265,0.02203970931635235,-0.0002520582896414749,0.36870319275787966,-0.5514579739644283,0.0022890248426807834,0.21746361368646636
P02,S01,12,lean_left,1.6679875999689102,0.3713877234375965,0.1767122682626241,-0.8144700683795787,0.027147250244995765,0.0035278481663392923,0.36057897809980294,-0.5497137140681579,0.0018355468785903931,0.10980053527883936
P02,S01,12,lean_left,1.737382399966009,0.37244169941276384,0.19498498952135945,-0.7944050290719586,0.003411439729648788,-0.0021088143605930655,0.05779414739232847,-0.5596914084453144,0.023370399710385042,0.3799879274849135
P02,S01,12,lean_left,1.8085737000219524,0.3706611438658533,0.19917403219080948,-0.7982543417494973,0.016190218862340088,-0.0005811539455460743,0.22756496735949266,-0.5698046290382585,-0.030093039293886657,0.4425041753635674
P02,S01,12,lean_left,1.8612298000371084,0.3720024632682545,0.21684130331623755,-0.7957220262366018,0.01287523903958624,0.0001990012866061378,0.24454482649283515,-0.5783086595991559,-0.009416801446253495,0.17941126233165242
P02,S01,12,lean_left,1.9284352000104263,0.37256960525244637,0.22199006111408073,-0.7913314891421559,0.008394685661106136,-0.001812682564832304,0.12778979468395582,-0.5815153925149535,-0.0024101774260059366,0.050005958013495305
P02,S01,12,lean_left,2.007172100013122,0.36997851983673924,0.22367877070325756,-0.7949651072814262,0.014538900190134103,-0.001982936118944503,0.1863611823196833,-0.5812255863101737,-0.04482694042237646,0.5775720341399755
P02,S01,12,lean_left,2.0647592999739572,0.3741761652853997,0.2296331181950092,-0.7813529315081904,0.010471659603899246,0.007527198525387828,0.2239437406907517,-0.590788054644325,-0.0023636100956029864,0.17820602971489016
P02,S01,12,lean_left,2.146608200040646,0.3759033986046255,0.23765987632598504,-0.7911335902278422,0.005189790863131956,-0.0032779086959393634,0.07499539822907299,-0.5879487119384628,-0.01043275215989296,0.12901875937866392
P02,S01,12,lean_left,2.21821069996804,0.37600311879904724,0.2344705610489162,-0.7641265552819653,0.006091591725148549,0.00036570950777223873,0.08522830301638848,-0.5939453931194209,0.009787540649780373,0.2089142781287948
P02,S01,12,lean_left,2.30062180000823,0.37665572674391445,0.2273719235076086,-0.7643509686651746,0.007485519030926728,0.000971478430553386,0.09159318990552882,-0.5822137516991897,-0.015842933459786913,0.1996175135913996
P02,S01,12,lean_left,2.360562999965623,0.37636384775996046,0.22898039332297465,-0.7675350656271652,0.0026146844100428234,-0.00018275868014472552,0.043727248942640434,-0.5708260829016785,0.058734975972778894,0.9879464503743515
P02,S01,12,lean_left,2.432516200002283,0.37518250387459884,0.23341608868625155,-0.7718741247292006,0.004768713099851022,-0.00014131344340468187,0.0663042983594446,-0.5701485061399495,0.00046172287152005867,0.10152783608536825
P02,S01,12,lean_left,2.495223099947907,0.37425018049874126,0.2373147235919739,-0.7735289580594673,0.0018659390284270693,-0.0003918694929536364,0.030405644208013564,-0.567328722698612,-0.0010654758675124952,0.033418980257112915
P02,S01,12,lean_left,2.556757500045933,0.37417478904084644,0.23699456512606887,-0.7708980855136389,0.0011227200460346728,-0.002253643849499934,0.04091725401326071,-0.5737918224892616,-0.032499886602169854,0.5472487363966271
P02,S01,12,lean_left,2.6073468000395223,0.37409767124824134,0.23773530661941855,-0.77396897939299,0.0011098068368019416,-0.00010053666126222456,0.022027411074619696,-0.5717048614277478,-0.010200703390434602,0.20446424366774216
P02,S01,12,lean_left,2.6606830999953672,0.37462216588504876,0.2373899326109905,-0.7661363350105639,0.00031817227928301954,-0.0006247298185297043,0.013144622864227884,-0.5762388364330098,0.015544792631656033,0.29553245415616525
P02,S01,12,lean_left,2.732382299960591,0.37498565190080213,0.2361870376614807,-0.769259719386348,0.0008996671945143011,0.0011624145218167993,0.020500938300614484,-0.5725896474864923,0.02290780909049361,0.34135863832805224
P02,S01,12,lean_left,2.8093538000248373,0.37451019701367966,0.23670810955518348,-0.7695442443367835,0.0005420771496311622,-0.0008052376214206885,0.012611139669087022,-0.5654969064784086,0.0008244107922745957,0.06146205700756343
P02,S01,12,lean_left,2.8717307000188157,0.37504707525100944,0.23588016888478072,-0.7639988422537464,0.0007503680174512956,-0.00012555135736238982,0.012196808797386601,-0.5740481979871037,-0.00694142329868658,0.11577178336397136
P02,S01,12,lean_left,2.940980499959551,0.375003029255099,0.2369122838232114,-0.7689547411319345,4.970987218565234e-05,-0.0006364929917424295,0.009219249770201703,-0.5687881617961507,0.016659117497114836,0.24375760350739403
P02,S01,12,lean_left,2.999762500054203,0.37517991910700194,0.23723322576054032,-0.7578414954866087,0.00017360464209634864,5.568375845780846e-05,0.0031015677094403775,-0.5654424828405447,0.01486569386537922,0.29186763459229575
P02,S01,12,lean_left,3.071962399990298,0.3749117031979738,0.23986925064658612,-0.7609351841597493,0.00048060607236061247,-0.0016248078265052794,0.02346814105182588,-0.5716339475581356,-0.04081715895847449,0.5681413831110018
P02,S01,12,lean_left,3.113443400012329,0.3747896005868285,0.24005196306888923,-0.7647536621880408,2.5207039315144298e-05,-0.0005148756453172219,0.012427191073736858,-0.5690920733945697,-0.01322917735700637,0.3274203500435693
P02,S01,12,lean_left,3.1725517000304535,0.3748215305435429,0.24069769414251332,-0.7612514264930887,-0.0007062537955725873,0.0009604892598386552,0.020169707953202286,-0.5932908643006064,-0.04798759007522788,0.832925121586148
P02,S01,12,lean_left,3.2654685999732465,0.37450774618281935,0.2334307547537593,-0.7688146225324659,-0.006432911102355803,-0.0020254815006248536,0.07258368424577269,-0.5901239375074453,0.005914681067417707,0.12217361634425883
P02,S01,12,lean_left,3.3348213999997824,0.37489080026325144,0.23303309001399442,-0.7715644134108891,-0.0014291792476896015,0.00018546418872287463,0.020780167839774034,-0.5805182469544499,-0.0017542361893859927,0.05602477136191669
P02,S01,12,lean_left,3.417686100001447,0.37829579824302373,0.22292250819462492,-0.7650142602038041,-0.015581674877567602,0.0003029897039179972,0.18807309331323113,-0.5620345034220152,0.04276243329260298,0.5174588078661211
P02,S01,12,lean_left,3.4818515999941155,0.3779618574314488,0.2059791550812482,-0.7651296283876762,-0.015131448470880667,0.00018569193648264329,0.23583682552273186,-0.5727566979935963,-0.011091961179297024,0.2050354087572801
P02,S01,12,lean_left,3.536648800014518,0.37600471147852227,0.20221597269158048,-0.7884153151960516,-0.0038842798175309987,0.002934620106395789,0.08884078105743368,-0.572696614273311,0.001014759023779977,0.05824244215934805
P02,S01,12,lean_left,3.5856652000220492,0.3753107442910431,0.21171470347473773,-0.7934060315895863,-0.01813784277177239,0.002910189302600021,0.37476899461517943,-0.5532980119439257,0.03773603805343186,0.773637330823842
P02,S01,12,lean_left,3.665909199975431,0.376206985045239,0.19156112926704785,-0.7980266540696699,-0.04081685778313957,0.002067666065657171,0.5093115410070025,-0.5476572745917903,0.016827222009147776,0.26301383354891517
P02,S01,12,lean_left,3.709118300001137,0.37725888015152553,0.17728705798432629,-0.7964625967885666,-0.008351563577672905,0.000682613137293526,0.19392706051710967,-0.5520202229001397,0.001353756168544863,0.11501363877497299
P02,S01,12,lean_left,3.781561200041324,0.3757120645112754,0.1643614708970458,-0.8017507262118438,-0.032496576459497294,0.0010361864154053014,0.4488099202794047,-0.5477365541362775,0.009668777679829982,0.19912056273685097
P02,S01,12,lean_left,3.856534600025043,0.3753860674138477,0.13941462714590083,-0.8121246906297881,-0.039068452247959594,0.009101478018045759,0.5350510533523023,-0.545194246328547,0.013748782714424167,0.23759156230525433
P02,S01,12,lean_left,3.8957557999528944,0.37904017766435666,0.13130246539733414,-0.8003548149929602,-0.007659525064316999,0.0004759217308421053,0.19566704855337202,-0.5483166795751966,0.007636816276500852,0.19905276753038686
P02,S01,12,lean_left,3.964508399949409,0.3792758408439052,0.11095609274863513,-0.80037737905723,-0.027265440170030717,0.006489195269039979,0.4076503373983507,-0.5455995975588057,-0.0009657401575466921,0.21021445629575786
P02,S01,13,lean_left,0.39180250000208616,0.38214839296160175,0.0710110482463365,-0.8082939309352267,0.0,0.0,0.0,-0.5438415034720074,0.0,0.0
P02,S01,13,lean_left,0.4776209000265226,0.38217948845446575,0.0700494707672935,-0.8079849459026542,0.0014285139844317854,-0.0002528888504564813,0.01690459937779226,-0.5463913360344717,0.015891461794022173,0.21712914286279164
P02,S01,13,lean_left,0.5354794999584556,0.3822671677794618,0.07026331376846713,-0.7987246855308338,-5.54309995826689e-05,-0.0009577634738018106,0.016581220098644586,-0.5534189396661664,0.013027907930287427,0.24420662523619405
P02,S01,13,lean_left,0.5928694000467658,0.38103374830854675,0.07237967519234836,-0.8008771901998737,0.0029843091771044636,-0.001820439939120347,0.06091187407765812,-0.5520227960923194,0.001422562149387349,0.12892167760559595
P02,S01,13,lean_left,0.6605541000608355,0.38079221995052376,0.08624735869939927,-0.7984543391863544,0.005671596436268891,-0.0029233169363854913,0.09427030533078555,-0.5551787331094566,0.003779358653862306,0.17791965624980088
P02,S01,13,lean_left,0.7254627000074834,0.3802360821537627,0.08627204417811425,-0.797643660238483,0.001801489945509645,-9.93055215889282e-05,0.027796392695381315,-0.5564363359372286,-0.0004142332783377259,0.05317180027533097
P02,S01,13,lean_left,0.7795172999612987,0.3803035774617111,0.0923257545239763,-0.7981326960898263,0.006059774669954886,-0.001148197528245642,0.11409935299006177,-0.5573791476509007,0.00034119798485848996,0.13945365156138073
P02,S01,13,lean_left,0.8722173999994993,0.3802670816643227,0.10804958908582162,-0.7950161824892027,0.01585565156382111,-0.0015624257995741125,0.17187086949169467,-0.5579974278001862,-0.018972665778866863,0.21962179440951304
P02,S01,13,lean_left,0.9279225000645965,0.37938226932897406,0.10510365796477532,-0.793534993918675,0.0024896785668583306,-0.004690903674884289,0.09533520069980322,-0.5587936768116086,-0.002002280793635894,0.050676800002690814
P02,S01,13,lean_left,0.9749408999923617,0.379251498469917,0.1134567769451078,-0.7888089957046747,0.009853626488589088,0.0007072375523139394,0.2101086947851667,-0.5699755599010228,-0.018299141397230715,0.39706751566931897
P02,S01,13,lean_left,1.0621506000170484,0.37994222360740537,0.13115925792210964,-0.7847826278530673,0.019346530988843362,-0.0016591436381019399,0.22265349032847911,-0.5685854587280886,0.00042146146345293974,0.07095177022626291
P02,S01,13,lean_left,1.1321690999902785,0.37999778218369173,0.13735343135564834,-0.7818940585109041,0.005572282536696937,-0.004429121519738534,0.10166037836213182,-0.563447808229829,0.0005028717354611033,0.07131519318495179
P02,S01,13,lean_left,1.1780364000005648,0.3789238961238651,0.14304228350876041,-0.7834984758605374,0.010842516404349148,-0.0018089474480989889,0.23965617291031127,-0.5560854046202139,-0.01694986184221039,0.38277438849609524
P02,S01,13,lean_left,1.2679893999593332,0.3804822647289842,0.1453357432782155,-0.7773492557278378,0.022838807396170953,-0.002975828145261427,0.25604329162120837,-0.5631488727871772,-0.017419011032974566,0.2078050921351324
P02,S01,13,lean_left,1.3332581999711692,0.38009494575741265,0.16202497737738256,-0.7773220984281582,0.003371564863296002,-0.000982211672945873,0.05380398771769777,-0.5561651222097507,-0.003689240422138007,0.06344916506395006
P02,S01,13,lean_left,1.397878900053911,0.3780614251038667,0.16092184410572236,-0.7798888209684627,0.013645472312802952,-0.001404738356479572,0.21227853300086996,-0.5623124051367653,0.0011000194343280447,0.12922667141280694
P02,S01,13,lean_left,1.4716915000462905,0.3766408865324566,0.15986648469998818,-0.7987487063834109,0.02954873053117757,-0.0019155764774399838,0.40116127396522255,-0.5587517405458011,0.031182858552552317,0.5885625365469195
P02,S01,13,lean_left,1.547847699956037,0.3780480587683525,0.17945591515187895,-0.7977975647816526,0.006583426338306488,0.002096618532589321,0.09072431829584221,-0.5634219999644561,0.0077255658617842475,0.11108069451981385
P02,S01,13,lean_left,1.5962556999875233,0.3769709906865029,0.1882761136829031,-0.7995614706655049,0.010360029107338334,-0.0010230809891148837,0.21505582858666963,-0.5651130622439402,-0.0005618994886827426,0.07856399324865303
P02,S01,13,lean_left,1.6732016999740154,0.3787031541023212,0.19657359985487777,-0.7989550476769041,0.024197167313496158,-0.006009599667927358,0.3240229790560088,-0.5642489165206664,-0.018244641594866138,0.23754984666257348
P02,S01,13,lean_left,1.750025499961339,0.3785408161730289,0.20033610284291717,-0.792249739065557,0.0044624264066774645,-0.0015834073427562771,0.06163482492464518,-0.5641780524496963,0.0006479388991223857,0.010818229044704244
P02,S01,13,lean_left,1.7968730999855325,0.3790263745548314,0.19973188093277489,-0.7928599100545717,0.015012288028866878,-0.001115268406436235,0.3213325307871035,-0.5640504623551019,0.003177029740953024,0.23491587758891927
P02,S01,13,lean_left,1.860804000054486,0.37741227112717185,0.21909309086325016,-0.7948217574211437,0.019059442142528117,-0.001352510813524778,0.2988753609902559,-0.5625325139881707,0.02002995113092509,0.3464795690581242
P02,S01,13,lean_left,1.9297882000682876,0.3761304830668442,0.21484231529337275,-0.7976519183605446,0.011177025243629452,0.0004376886114821275,0.16214715585746628,-0.5619859077337533,0.02045661815993063,0.30210742315843536
P02,S01,13,lean_left,2.0039146000053734,0.376996948056725,0.22041774492908534,-0.7959727988451807,0.012498815745551136,-0.0027948796759448254,0.17277903628401886,-0.5756408299900908,-0.05622006251206341,0.7767889129456075
P02,S01,13,lean_left,2.0736571999732405,0.3800730620088208,0.22462851993402347,-0.7936898992397797,0.012466463430079547,0.0004296198301956823,0.17885573563725313,-0.5852915520820843,-0.005513951646753873,0.0982382660208887
P02,S01,13,lean_left,2.1516373000340536,0.3797141646020855,0.2227831610876149,-0.7954826095422206,0.007320015571189302,0.0022970556556264118,0.09838366418481538,-0.5786891450906124,0.007576794121995347,0.10468427645590458
P02,S01,13,lean_left,2.2136147000128403,0.37899619811959295,0.23915597105343153,-0.7980672546765005,0.006261695878498821,-0.0002454194755342813,0.10110949301571193,-0.574054561809889,0.002203184032952895,0.050906093381725616
P02,S01,13,lean_left,2.2620415000710636,0.3783228347758775,0.23957234081971757,-0.7977586771119506,0.0032886921979704813,-0.0016051162265460987,0.0755675316384601,-0.562769979706315,0.024822876930008682,0.5212518958575091
P02,S01,13,lean_left,2.3295523000415415,0.37825522118499794,0.24059092611945682,-0.7979299566357627,0.003267494917926926,-0.00011574093134886981,0.04842994246172982,-0.5655728191445527,0.00044501356411126596,0.041184659549151834
P02,S01,13,lean_left,2.3712485999567434,0.3784119923573457,0.24264102333407986,-0.798759228417282,0.0024503836462294887,3.75667475292547e-05,0.05877431814220211,-0.565959795761818,0.0016719267151038978,0.10514012228274514
P02,S01,13,lean_left,2.469006499974057,0.3780709649516577,0.24313708656760907,-0.7972981786783431,0.000952352312939397,-0.0023136607819463015,0.025593833627657964,-0.5663905128854323,0.0013470907392065033,0.04155227083379738
P02,S01,13,lean_left,2.537787700071931,0.3790595867902609,0.24124477933222374,-0.801740111029157,0.0007410098525207517,0.001770797337753304,0.02790861726224316,-0.5735791415783782,-0.008555739022834286,0.13070746595172
P02,S01,13,lean_left,2.616117600002326,0.37944373599084485,0.24122199244622908,-0.7961870753127978,0.0001453422269165113,-0.0015300008540035882,0.019620716149202286,-0.5489784818284735,0.030732542798186217,0.4084445344245527
P02,S01,13,lean_left,2.6895062000257894,0.37988807536874614,0.24065138340758313,-0.7929557247139909,-0.00015211507508796997,-0.00128164207411664,0.01758634985290657,-0.5506346892313976,-0.0005054818847324603,0.009234242802534567
P02,S01,13,lean_left,2.7360912000294775,0.38008641958866857,0.24013893029287592,-0.7920049033426937,0.0002563985167195093,-0.0009373051586743163,0.020859532099822522,-0.5513968592106387,-0.0005008489303723806,0.02161215476206668
P02,S01,13,lean_left,2.8119171999860555,0.38003584507753024,0.24529126703560805,-0.7920376852774403,1.6742620234875185e-05,-9.724051096601982e-05,0.0013012862979234643,-0.552248925703206,-0.0020626284278369403,0.027483786279947596
P02,S01,13,lean_left,2.868635299964808,0.3801443353485656,0.2451547034124704,-0.7917790304978838,-0.00030190833544784976,-1.7012232872548274e-05,0.005331406849716128,-0.5536657441045979,0.002696541690625567,0.06609504398110792
P02,S01,13,lean_left,2.921902699978091,0.3803574688272532,0.24457808138704634,-0.787874327881657,0.0001117320289670843,-0.0007761693400756922,0.014721390424203853,-0.569714272824093,-0.03243206502317368,0.6154110701265006
P02,S01,13,lean_left,2.9881887000519782,0.3804647805214529,0.24264657327782269,-0.7882097455357212,-8.463703078053785e-05,-0.0005850569022673181,0.008918130436273545,-0.5689540726624402,-0.0010157524104320729,0.02167168833658389
P02,S01,13,lean_left,3.0631117000011727,0.38063526932690767,0.2421233116740809,-0.7861932974056043,-0.0007556373161957933,-0.00168125583780668,0.024602063626268936,-0.5591778307243985,0.028828302067202636,0.3859620431480302
P02,S01,13,lean_left,3.125180899980478,0.3807833188340207,0.242199949565114,-0.7862333236542768,-0.00027439999895794933,-3.169766103193653e-05,0.004450270496669112,-0.5625195479627665,-0.0012531140413000277,0.03900661462945969
P02,S01,13,lean_left,3.2046133000403643,0.380638515271731,0.24141419848557574,-0.7881821913892132,-0.0003250441992297929,4.84649787602654e-05,0.004137322655818993,-0.5610847886088349,0.0010976079662308761,0.045001585689744154
P02,S01,13,lean_left,3.271622800035402,0.3806876310662495,0.24473120505953436,-0.7949807419438815,-0.0035216341747020758,-0.00260236666486115,0.06534652087715459,-0.5622516360099266,-0.00972010455990921,0.15170340208945052
P02,S01,13,lean_left,3.3389130999566987,0.3804069768046881,0.2289755672339608,-0.7936711159221711,-0.00030075977209299257,-0.0016125393042433097,0.024377174093278234,-0.5866726473023588,-0.06384453180640107,0.9583571977336935
P02,S01,13,lean_left,3.3838680000044405,0.38049719607458155,0.22302980989761842,-0.7912779329556034,-0.005332461927630539,-0.0002581581562314323,0.11875696117281981,-0.5772822677906118,0.032281349912034775,0.7235713770677956
P02,S01,13,lean_left,3.4596930000698194,0.37865493127246785,0.21750056089112257,-0.7923786136320521,-0.011758718556976073,-0.003342318607241892,0.16121999803017378,-0.5818708789308575,-0.0346392187594349,0.5055176184926125
P02,S01,13,lean_left,3.547564800013788,0.3773047220636908,0.20503081645169244,-0.7967933077313685,-0.0027223800375361217,0.000553859711692778,0.031615937338651194,-0.5915860203090662,-0.014953501633675953,0.20273598497637207
P02,S01,13,lean_left,3.632207600050606,0.3744070915358573,0.21500193281192154,-0.7908884281590863,-0.00996372902130593,-0.010115643163860223,0.16774807276069303,-0.5622140909323242,0.06595966243466671,0.7797538597917415
P02,S01,13,lean_left,3.689475900027901,0.37676266000325526,0.18395914445268519,-0.7852360542782367,-0.012866023249978974,-0.001089775179768958,0.22546668443524848,-0.5909227392707345,-0.05589709598274847,1.029064096878108
P02,S01,13,lean_left,3.7640187999932095,0.37470762941415364,0.18678756137047134,-0.7877393549436114,-0.010698632964182208,-0.0016817648145383993,0.1452855781600834,-0.5876335013958334,-0.007568615664374047,0.16315859109553582
P02,S01,13,lean_left,3.8157326000509784,0.3734626658895997,0.18657679932794433,-0.7956812156448723,-0.01850993022461576,-0.004608370455095991,0.36885653315903527,-0.5812413179678337,-0.0009867256791033627,0.2354987579737881
P02,S01,13,lean_left,3.8869062999729067,0.37082119125388596,0.14066008834206573,-0.8196482718585816,-0.033422624159252394,-0.003585638158464043,0.47228696466055603,-0.5627648126589428,0.04296822897349259,0.6059684032892639
P02,S01,13,lean_left,3.9321740999585018,0.37163974514543685,0.13811478145211,-0.8315837596971144,-0.011253343480124873,0.0010384790108216794,0.2496511486952378,-0.5514123175527116,0.024280723045705534,0.5465630680651024
P02,S01,13,lean_left,3.974968299968168,0.3696750038970289,0.1253827847939635,-0.8326278229069521,-0.027705215685215716,-0.006879021681779691,0.6670635712960471,-0.5560134589016021,0.010495158970860676,0.3660263974247841
P02,S01,14,lean_left,0.38978269998915493,0.37372424537805365,0.09033154188322004,-0.8215208072133385,0.0,0.0,0.0,-0.539855374569164,0.0,0.0
P02,S01,14,lean_left,0.47138190001714975,0.37503023565959476,0.07496455871485284,-0.8223032744821126,0.009124377803026943,0.005635363475177827,0.1314270942294632,-0.5528689707077805,0.01565468724601037,0.8556162228192633
P02,S01,14,lean_left,0.5351532000349835,0.3754659569262731,0.07115431689801363,-0.8215546654488314,0.0037080069865715157,0.00704986063583412,0.12490793602561642,-0.5585238211357335,-0.00904634449774539,0.16322858317426725
P02,S01,14,lean_left,0.5931068999925628,0.37384869751292027,0.07055282971079808,-0.8166347872643019,0.004735106095385931,0.0020867677173483762,0.0892874246969215,-0.5612755064345689,0.0003577059454469615,0.08778143344341946
P02,S01,14,lean_left,0.6585216999519616,0.37162942582147873,0.0730543357130447,-0.8263044463872953,0.011663084671933804,0.003958679641942293,0.18828464139168052,-0.5627023240813293,-0.005354839889120041,0.14372998894582517
P02,S01,14,lean_left,0.7197951000416651,0.3715027310175507,0.08838052391911978,-0.8222897671451396,0.0034410800031502244,0.0014069962041089123,0.06067259452984428,-0.5600790303206895,-0.0016498182987750402,0.028257739961455045
P02,S01,14,lean_left,0.782959199976176,0.37139434908784064,0.09799793047230233,-0.8231131884992233,0.013638982779443799,0.0010451835092620697,0.21656243752992682,-0.5581612754868874,-0.002777671834345042,0.07327294164227897
P02,S01,14,lean_left,0.8694678000174463,0.3711946158661537,0.1236267158725078,-0.8164398805155423,0.01855739332988433,0.00315779133567256,0.21759855714448673,-0.5573843802059195,-0.006698563971751697,0.12442614929907629
P02,S01,14,lean_left,0.9355689999647439,0.3702550907679614,0.12355506738819727,-0.8152785078966129,0.004590701914113156,-0.003871230216614309,0.09084673919289242,-0.5545768486388726,0.00020149627859145552,0.011791194650975412
P02,S01,14,lean_left,0.9944362000096589,0.36480393253466625,0.12399029435923095,-0.8252946936943016,0.019350387044877203,-0.002692065084984795,0.33187840352793185,-0.5599010482650134,-0.008683988459036163,0.17505158785457378
P02,S01,14,lean_left,1.058902099961415,0.36473187422772707,0.14631199844545797,-0.8320546996407714,0.027959317753858088,0.006251812500224855,0.44441724370684255,-0.562697536110753,0.011994064385228277,0.29070517453874617
P02,S01,14,lean_left,1.1021588000003248,0.36724864387400613,0.1593389383349974,-0.8226458139940477,0.007945868137101988,0.001106240324003598,0.18546271663060382,-0.5639592062023472,-0.0022570084854111267,0.05322136358379621
P02,S01,14,lean_left,1.1754692000104114,0.3669438482485078,0.15931941346348605,-0.8302829870973735,0.03021524531933504,-0.0016357237646935383,0.41275846888268075,-0.5568126392844299,0.010228953454545784,0.2358782466942149
P02,S01,14,lean_left,1.2673825999954715,0.3676130237322395,0.17587153412888404,-0.8283202047583416,0.0328262653581056,-0.0005955389121890077,0.3572021826639988,-0.5553923148687043,0.005847718573929031,0.2665803526852711
P02,S01,14,lean_left,1.336598900030367,0.3687349024831329,0.18729277630061733,-0.8190768399474717,0.009782351124294002,0.0020455535188852463,0.14438697662240474,-0.5537926094674497,0.010184250733261473,0.16297510508207413
P02,S01,14,lean_left,1.4105392000637949,0.3674368477051319,0.20167222245063834,-0.8195992037545811,0.026658602363262427,-0.0028009264869379297,0.36252679929783116,-0.5510481438625866,-0.009056696347875813,0.1574138838293454
P02,S01,14,lean_left,1.458995099994354,0.3674424297965673,0.23224111547290194,-0.8219596324795893,0.022975513125259896,-0.0028904265724519216,0.4778904936780344,-0.5478965110604916,0.002874106437479522,0.1729692093739563
P02,S01,14,lean_left,1.52905270003248,0.3741493792233344,0.2176899773638788,-0.7865815709036,0.015210719572194204,0.0015739539421481743,0.21827662464667708,-0.5656066920812609,-0.02196234261196809,0.36671609418755424
P02,S01,14,lean_left,1.5812311000190675,0.374657791417175,0.23033705326842457,-0.7884053353175762,0.01725090229216468,0.0027627725483943665,0.33482693752803194,-0.5574246674092026,0.008344600302516532,0.30960071563613906
P02,S01,14,lean_left,1.667138300021179,0.3760049987882667,0.2384018559166465,-0.7746412294551306,0.023152212881390594,-0.0033832319655811736,0.27236486476708804,-0.5570004656946822,0.0011261873402873975,0.10442358903404456
P02,S01,14,lean_left,1.734982299967669,0.37967566795774765,0.24037800182633315,-0.76914409461886,0.008126421824901005,0.009833748285249523,0.18803448055127842,-0.5627861564581375,0.011129992742155212,0.28446565137866164
P02,S01,14,lean_left,1.78643610002473,0.3793048381066804,0.24791444551560887,-0.7653788551988056,0.008481100054589444,-0.0028812734626174194,0.17408168950571568,-0.5610329412230982,-0.0018662909751724793,0.03991909886322621
P02,S01,14,lean_left,1.858269099961035,0.37962952842451725,0.24845145179064085,-0.7464939543244498,0.01458477054357398,0.001867288994234991,0.20469448922746164,-0.5642123638462476,-0.0015802076954049978,0.0932756396344919
P02,S01,14,lean_left,1.898302900022827,0.37929550125251216,0.2518195679860241,-0.7473670378130294,0.002341824025518104,0.00047512992609532025,0.05968799450963377,-0.56373124617896,0.005403126475937155,0.15109960308421247
P02,S01,14,lean_left,1.9763640000019222,0.38046731444547144,0.25666586336559793,-0.7187160374438647,0.005308245687781412,-0.0011558497995912836,0.06959457777302906,-0.5632168433553874,0.0029059978463473832,0.041609061347269764
P02,S01,14,lean_left,2.0675551999593154,0.38015442704975183,0.2549804954561955,-0.7180536462168897,0.00027258047669258164,-0.0018832904203583227,0.020867302159415346,-0.5640287975387768,-0.0006801659868039249,0.03032465884829327
P02,S01,14,lean_left,2.1396141999866813,0.380085282409619,0.25381451246587877,-0.7182673093712677,-0.00016544418620836792,-0.00013831447605287253,0.0029926141677120858,-0.5740197554251452,-0.023825100669130045,0.335049741637634
P02,S01,14,lean_left,2.214931600028649,0.37994542021849126,0.2542007158897316,-0.7291063886527945,-0.0006424499639344219,0.0006488426960094667,0.01212326746642901,-0.5693909053874386,-0.008122615707488373,0.1130325989810591
P02,S01,14,lean_left,2.2682877000188455,0.3769433271154321,0.2506105010925218,-0.7501142914461398,-0.01064332154620736,-0.001001571835470404,0.200358408745715,-0.5644841827606747,0.01571483845813957,0.3031195173743764
P02,S01,14,lean_left,2.3208694000495598,0.37692353330907635,0.24757403629894373,-0.759901968310311,-0.0032714881989131246,-0.0008792282669159402,0.06442501700874238,-0.5651072867906561,0.0021305786399023535,0.04397305052184394
P02,S01,14,lean_left,2.3868290999671444,0.37704541088773935,0.24574359085499656,-0.7697689339514086,-0.016307771621112334,-0.0002451874532273667,0.24726635710625702,-0.5624566659792891,0.001533998328371915,0.05000748858471446
P02,S01,14,lean_left,2.4680748999817297,0.37299263252317066,0.244824921760116,-0.781950083483103,-0.029864594290080704,-0.009656702485217897,0.38632192509468927,-0.5499740342482948,0.0007494088648433266,0.19393938851307194
P02,S01,14,lean_left,2.545279899961315,0.3742688385637043,0.23100478678418412,-0.7855613017533877,-0.008422544498153132,-0.001569231276502184,0.11097055500188643,-0.5639988805983629,-0.030220724509176594,0.40547666752789707
P02,S01,14,lean_left,2.5953367999754846,0.37419446147505986,0.2264508268980831,-0.785889634735907,-0.022035607415447418,-0.003066132520397991,0.444452261919348,-0.540838008330858,0.019936161850030495,0.4183150349003278
P02,S01,14,lean_left,2.6582696000114083,0.3715007883085964,0.21727010129878233,-0.7908658802117109,-0.047669014338298114,-0.008311180227611245,0.7688856210287343,-0.5468331181317418,0.009549970952938455,0.35748697099276433
P02,S01,14,lean_left,2.7075552999740466,0.37099259023518305,0.1991547837687507,-0.7954258134003339,-0.014259250119350137,0.0023058300471017873,0.29307653570934683,-0.553472643643195,0.010367554777244667,0.2304851192454597
P02,S01,14,lean_left,2.7725070000160486,0.369935978983079,0.174825461982849,-0.8003257618470004,-0.03643323968226661,-0.0048397680179279815,0.5658557010308509,-0.5548068247241659,0.004509448638346641,0.25649023240775815
P02,S01,14,lean_left,2.865737000014633,0.37295500984949376,0.13808889791860873,-0.80743295546248,-0.05498704334066016,0.008952243276644178,0.5975653610967178,-0.5494376515542101,-0.002651416729986085,0.3969309218057848
P02,S01,14,lean_left,2.9079843000508845,0.370696721340244,0.12573736750215778,-0.8195224751310406,-0.009923971706777907,0.001491415625731123,0.2375397725759626,-0.5562026371774023,0.012162517106550811,0.2926283639961662
P02,S01,14,lean_left,2.989181200042367,0.3706247864802599,0.09356543510018099,-0.8206520980839408,-0.04430286135756658,-0.003242655365874218,0.5470821243683069,-0.5544487445083967,-0.005424518891199094,0.2590716349964304
P02,S01,14,lean_left,3.0586692000506446,0.37109478617107705,0.08037428247844028,-0.8257087540194133,-0.049981308966647105,-0.0030573709348115565,0.7206241621023348,-0.5544529004627605,-0.0005288448656312497,0.5188351372188951
P02,S01,14,lean_left,3.106161899981089,0.3713842311426423,0.0759863896418803,-0.8346257229222943,-0.007187407230309366,0.005151831814192375,0.18619887592884968,-0.561464443200168,0.003989075453767319,0.2206229411587793
P02,S01,14,lean_left,3.1487520000664517,0.3720257305968658,0.07152911824462838,-0.8344420793155912,-5.8398898876627644e-05,0.003575871122160363,0.08397134428922448,-0.5654640295431006,0.006775933098013835,0.2264505865591952
P02,S01,14,lean_left,3.218918600003235,0.36910379782073044,0.04861127820612682,-0.8365202162524094,-0.03339723209307739,-0.0038294500206961218,0.4790892622208556,-0.5683328393209447,-0.0010808187803281353,0.18233522633392457
P02,S01,14,lean_left,3.266597699956037,0.3711579425276007,0.05126596358413453,-0.8343457566213959,-0.0012561432156296508,0.004148468373530166,0.09090935860638774,-0.5700166512529504,-0.0027259951621093977,0.08360471110970653
P02,S01,14,lean_left,3.3412313000299037,0.370353021139719,0.018745334854308553,-0.8410739836011512,-0.03073351998828835,0.003578341734212755,0.4145737856171189,-0.5702681717845257,0.012925841831829562,0.33451263868803777
P02,S01,14,lean_left,3.401681900024414,0.3749889304301744,0.007485451725701399,-0.8405915279023302,-0.022335473389207994,0.006096622505789395,0.3830000808095626,-0.5696490599964967,-0.003295961984067831,0.18353745379027908
P02,S01,14,lean_left,3.4756704999599606,0.3780824849350876,-0.00878078101203151,-0.8364620106793611,-0.013165890248272713,0.0007541180288529702,0.17823650971981417,-0.549095205245551,-0.020089492376165603,0.3094682245123477
P02,S01,14,lean_left,3.52105570002459,0.37846927373744715,-0.007475438741148051,-0.8347674316216244,-0.004647098662307651,-0.0008723300683054166,0.10418075828072854,-0.5487222758503354,-0.0052471659176879645,0.11793997482375222
P02,S01,14,lean_left,3.5881847999989986,0.3799777977691965,-0.019758290334377177,-0.8307590219183124,-0.008257921746948019,-0.001493340457240049,0.12501078334103363,-0.5496234499371873,-0.005440624740719815,0.14637038162466606
P02,S01,14,lean_left,3.6596243999665603,0.37779532729353466,-0.012136944750721678,-0.8346739009464779,-0.0017862287811237505,4.6620938001816706e-05,0.025011857378585862,-0.5573091733975442,-0.0018622460907323855,0.17287994017887898
P02,S01,14,lean_left,3.7510538999922574,0.3775352074029885,-0.012843524155843342,-0.8355982140996789,-0.0006087790111945117,0.0008313085797315098,0.01126968215331942,-0.5584395427096149,0.0015058816063630155,0.044411258481054094
P02,S01,14,lean_left,3.823938800022006,0.3769814740511315,-0.008783381560215837,-0.8348482645474535,-0.0017449840571591986,-0.002404303906600041,0.04076014357050811,-0.5629390064497223,-0.00031623935056400014,0.04792485186657366
P02,S01,14,lean_left,3.8733054000185803,0.3771061572510382,-0.007920523436782904,-0.8362729414305872,0.00016615847186609916,0.0015823976609630932,0.032230241066268185,-0.5601448108832416,-0.0014108347057708603,0.09938846891887929
P02,S01,14,lean_left,3.920138300047256,0.3773386875674077,-0.008501794801226635,-0.8348378729531465,0.001224313105743579,-0.000646374767435761,0.029561800553623917,-0.5601552029456086,0.0009763339545200278,0.22052840530992773
P02,S01,14,lean_left,3.991211300017312,0.37796783579358983,-0.00805720732282344,-0.8336383439861129,0.0014914256573702273,0.00025476057620741233,0.021288364161936142,-0.558229033215566,-0.0015233984608808988,0.03245009083579836
P02,S01,15,lean_left,0.3792852000333369,0.37761269131595776,0.06435822514409609,-0.8356274554011163,0.0,0.0,0.0,-0.5659861145828009,0.0,0.0
P02,S01,15,lean_left,0.4732700000749901,0.3771006110339464,0.06246587472616696,-0.8348340891017246,0.010063740346654297,0.003974663938450725,0.11512717367066919,-0.5596901444853509,0.0023822948072498,0.08600455796645542
P02,S01,15,lean_left,0.5211130999960005,0.37626491518793503,0.06471904884659589,-0.8326418999547849,0.0032191172728313557,-0.001506016997616175,0.07428415253751405,-0.5610391604789908,0.0023884415575824948,0.08922102797072852
P02,S01,15,lean_left,0.5734706000657752,0.3763813646354189,0.07357175212329305,-0.8289905023081668,0.00225745557858907,-0.0005085807499571238,0.04419682849498015,-0.5579927210300418,-0.0013020195144653746,0.030734186392651568
P02,S01,15,lean_left,0.6607051000464708,0.3760577901671876,0.07785119888918093,-0.8298665754537091,0.008480548480625332,0.0009106538822258057,0.09777441294906992,-0.5606139496718747,0.012896864271246334,0.1617875155864803
P02,S01,15,lean_left,0.7052288000704721,0.3750150881128505,0.08793087664972182,-0.827032033281689,0.0027645111403858513,-0.0020795621215286444,0.07769681573771847,-0.5581457563003658,-0.005513426064144608,0.12639677617036582
P02,S01,15,lean_left,0.7710968001047149,0.373193213919305,0.09716045209117873,-0.8339211174153824,0.01314232846969268,0.005290008414662593,0.21508226652761483,-0.5580634846005122,-0.011469819994437762,0.2614740306289533
P02,S01,15,lean_left,0.8698267000727355,0.3690911324298962,0.12204364411523323,-0.8346351804812957,0.027809924881980332,-0.006230296513209614,0.28865897991093636,-0.5589722673301595,0.00020354925353109442,0.09390538747915946
P02,S01,15,lean_left,0.955347300041467,0.3687293653716852,0.13266885544817367,-0.8306264967723577,0.006307615448836527,-0.0068427536696018506,0.10882069650649939,-0.5551532263657044,-0.002683980529682005,0.04206669781846374
P02,S01,15,lean_left,1.0343561000190675,0.3701737572795543,0.14002058427333636,-0.8321898258487866,0.030881041887097716,0.004820879463985065,0.39558977767563575,-0.564937171272349,0.014827833968616142,0.5500187960402497
P02,S01,15,lean_left,1.1078593001002446,0.36808913721507264,0.15708437017120797,-0.8391350175922662,0.04289353571171976,0.004800574427108829,0.5872034945252456,-0.5694439788405877,-0.017727651378963795,0.2505577209325565
P02,S01,15,lean_left,1.1855380000779405,0.36779292053379775,0.1736691649766417,-0.8406585050039792,0.04381017614574395,-0.0023980878418859964,0.5648364417777573,-0.5665980507852023,0.004783325728152336,0.26462547481575815
P02,S01,15,lean_left,1.2459558000555262,0.3721215062328806,0.18237222388208577,-0.8228233175871796,0.014053333473682364,0.0002154356732414428,0.23262986539633426,-0.5602337113626576,0.012177106885994424,0.2071914420985189
P02,S01,15,lean_left,1.2965705000096932,0.3692928362652404,0.20674989515261843,-0.8315250538079404,0.02687506614512809,-0.0030450122989249084,0.5343708414186837,-0.5624874851035491,0.00125683168185798,0.14666546872895747
P02,S01,15,lean_left,1.3388772000325844,0.371957720206968,0.20019766266203534,-0.8063139211226797,0.011569903576765066,0.005106070657886207,0.2989249043052344,-0.5644897938545608,-0.0010660155641831026,0.04153835065424269
P02,S01,15,lean_left,1.3858734000241384,0.3725769185339737,0.22725198670769942,-0.8046955962061502,0.030391453172086996,-0.00739040996119266,0.6655245657680297,-0.5611560294894425,0.011727635305632436,0.4796507145363308
P02,S01,15,lean_left,1.4604904000880197,0.37681808554931784,0.23772902344304375,-0.7926714590416244,0.03508952218190667,3.685566793435761e-05,0.4702620248363585,-0.5630801721905242,-0.01070531875682616,0.15049585684854036
P02,S01,15,lean_left,1.5350530000869185,0.38073192768612707,0.2365798336133836,-0.7832205264100475,0.010765900404379995,0.0014625161458766427,0.14571360907073969,-0.5615862379448989,-0.000547310184765874,0.036010755158491274
P02,S01,15,lean_left,1.5937132000690326,0.37908217659278487,0.25510898565208473,-0.7830169331275942,0.013666591409377251,-0.0027828863318279193,0.2377599982625493,-0.5661243450165597,-0.007391536457230247,0.1343065240893624
P02,S01,15,lean_left,1.6674682000884786,0.38025936798296045,0.2526795741347847,-0.7634318889751185,0.01795705374468807,0.00023465076929480962,0.24348975397159273,-0.5847227630885392,-0.019274295042806408,0.2710461475520175
P02,S01,15,lean_left,1.7080299000954255,0.3800916131823773,0.25497943053238004,-0.7580004150360818,0.00518219798620928,-0.0010302845487580278,0.1302613567228078,-0.5859543264708464,0.002528504525789926,0.06295552271590438
P02,S01,15,lean_left,1.7976694999961182,0.38255369063506334,0.25351723610199045,-0.7469879456844514,0.006827824978429199,0.004935195162086494,0.09398398323599122,-0.5863612902809526,-0.0019712771054734516,0.05294555381581334
P02,S01,15,lean_left,1.864569100085646,0.3851525417268003,0.26165446170421974,-0.7373066793703681,0.0031646429664165016,-3.350466164916428e-05,0.04730701405154826,-0.5710151422124928,0.006763733846736503,0.14578861165515553
P02,S01,15,lean_left,1.9564090000931174,0.38618326195686614,0.2616068175766642,-0.7360949392419538,0.0012984868219155757,0.0014654086688074923,0.021318949397236022,-0.5567685642851391,0.016409048538229987,0.19706999595529512
P02,S01,15,lean_left,2.0058295000344515,0.3859344045565843,0.26139488297439734,-0.7434164051545143,0.0008702058355559189,-0.0012337633006191248,0.030549633392660695,-0.5663920022767467,-0.01726111232971572,0.3555183509579966
P02,S01,15,lean_left,2.068173800013028,0.3851279189229617,0.2647453815505634,-0.732963730667399,0.001228840746835779,0.00024112517425316668,0.020086428169778257,-0.5644261947652816,-0.0009860244411255283,0.05718839546574018
P02,S01,15,lean_left,2.1066914000548422,0.3851844132981688,0.26408966825429026,-0.7324149006327078,-0.00011690844066670259,9.462542881229468e-05,0.003904828917667592,-0.5687065564172874,-0.006722213725140315,0.1756340736871966
P02,S01,15,lean_left,2.1456420000176877,0.38481337760368084,0.2638434969157518,-0.7348002029023771,0.00027899982861886194,-0.00045685495878491786,0.013743319104188424,-0.5687044690351079,0.007381869364881929,0.21051652381128472
P02,S01,15,lean_left,2.2175069000804797,0.38434992186898753,0.2634601823386167,-0.7179451871320761,-5.6254948061737996e-05,-0.001452160809510998,0.020221972395015757,-0.5699364439382048,0.0021350110065977384,0.03186249407138497
P02,S01,15,lean_left,2.287570600048639,0.38323079235017693,0.2586537691178672,-0.731233925390649,-0.0011623293859974254,-0.001224036699936405,0.024092071841408987,-0.5710747754002141,-0.06853744856273383,1.0130657295232146
P02,S01,15,lean_left,2.374692500103265,0.3808651966048309,0.253788399314746,-0.7534506632848996,-0.003849146768047131,0.0011941580538547146,0.046258513199227885,-0.5753925968210188,-0.005288729962546707,0.06516354574100391
P02,S01,15,lean_left,2.471611100016162,0.3759266613290202,0.2470064704383658,-0.7677649203027991,-0.021571537919527286,-0.0035646884459462833,0.22559225899370902,-0.5478822554680217,0.04897386030336358,0.5058556557440309
P02,S01,15,lean_left,2.5258757000556216,0.37342227817077933,0.24504203937093422,-0.7825286964373969,-0.006024354830823311,-0.0030146115787863673,0.12414211841658965,-0.5532954394057215,0.004311841135367608,0.1057039998525839
P02,S01,15,lean_left,2.5845632000127807,0.37272066388250685,0.24129759321245917,-0.7879656996495733,-0.027310391160655503,-0.0038715284327372236,0.47000537872627457,-0.5509749089671077,0.012859428551003874,0.24608336264045905
P02,S01,15,lean_left,2.6606109000276774,0.36592419200318127,0.21755144768496062,-0.8104580801674977,-0.04867104430803926,-0.004125707668927111,0.6423020502655675,-0.5607515705208903,0.02650639016750547,0.3625234135158108
P02,S01,15,lean_left,2.7300629999954253,0.36811819381602495,0.20178542948980627,-0.8114063725261255,-0.014827400091475764,0.0037869180481297656,0.2203439590543807,-0.560286586162305,0.015864284723599024,0.23894944615577263
P02,S01,15,lean_left,2.8132938001072034,0.371960221387386,0.18596939361352097,-0.828487644180265,-0.04521984543949899,0.010047581487193124,0.5565566399458316,-0.5548394388149942,-0.002809415393139025,0.33101212217601356
P02,S01,15,lean_left,2.8704342000419274,0.3710050500468851,0.15574855208246424,-0.8365456664433547,-0.05834496353522855,0.0026849840067751907,1.0221613994851446,-0.5492939486879045,-0.007165231613603765,0.5186490031014842
P02,S01,15,lean_left,2.918797600083053,0.3700729965423849,0.1474390053397796,-0.8369831562858958,-0.01078329278494472,-0.0006884589161404187,0.22341786851261392,-0.5522684108001986,0.0014927322793332944,0.060034705708799735
P02,S01,15,lean_left,2.9616511000785977,0.3711614085286154,0.14918131152484618,-0.8320126285545,-0.004566163209426447,-0.001925308153789552,0.11563740371720932,-0.5499262404049793,-0.0022020540362144535,0.07519361031893247
P02,S01,15,lean_left,3.004325700108893,0.3697748587946528,0.124699807074837,-0.8415802673495454,-0.0395010782507308,-0.0043037382756849415,0.9311121348944078,-0.543030356039673,-0.006217910793836696,0.7656728956351305
P02,S01,15,lean_left,3.0432745000580326,0.369434229458064,0.11711227508946566,-0.8420287084685574,-0.008984438596804057,-0.0003551907620079307,0.23085324637605126,-0.5485047731776982,-0.006314735012964072,0.19325513095690872
P02,S01,15,lean_left,3.111767000053078,0.37066863848113646,0.0904171386736731,-0.8447399491061507,-0.04916681662606141,-0.0035115364375473937,0.7196708486880068,-0.542856756114433,-0.004378888604017035,0.3010971337862006
P02,S01,15,lean_left,3.1575409000506625,0.3743040585588256,0.07722392295620636,-0.843381530270991,-0.03575989104162604,0.0029087006046881513,0.7838089503289459,-0.546443438038096,0.007191600159694544,0.45644946122788943
P02,S01,15,lean_left,3.2480338000459597,0.37395506196114614,0.0755040921616127,-0.8548798605728561,-0.008328239699884919,0.012965408729012287,0.17028720052355406,-0.5566615314398058,0.007133848816826422,0.2308526224686636
P02,S01,15,lean_left,3.3217890000669286,0.3756625113816288,0.052982147267276375,-0.8469056387035591,-0.02312496721849498,-0.0008282334177643329,0.31373780121579653,-0.5637598173516666,0.01011996537365062,0.19185528452461723
P02,S01,15,lean_left,3.3757411000551656,0.3765572618224085,0.05353004872329476,-0.840493097621145,-0.017139586177484803,-0.004927280318300673,0.33054828821724674,-0.5605634329867203,0.006152210944092433,0.17127661462683932
P02,S01,15,lean_left,3.4437230000039563,0.3748694779992754,0.04568172035842384,-0.8469868068935819,-0.00437745821310758,0.005662743290498707,0.10528434554016276,-0.5599791999673351,-0.00010432571150952282,0.01633758005325339
P02,S01,15,lean_left,3.515582900028676,0.379915419844895,0.03428955729878793,-0.8312237141454575,-0.009469442826246425,9.625155405545593e-05,0.13178326134295182,-0.5588748931064672,0.004428273358084905,0.07314967798971221
P02,S01,15,lean_left,3.5966376001015306,0.3768469184107782,0.040352761477751624,-0.8357779122964641,-0.004123564816431213,-0.003504025735231372,0.06676087806891777,-0.5560073897907769,-0.008747785936395715,0.17780962358697633
P02,S01,15,lean_left,3.6559867000905797,0.3754350426277105,0.03967085682331824,-0.8348703296957027,-0.0014694967954498959,-0.004078980814293047,0.07305264933958333,-0.5565782890404372,-0.0012132820771840842,0.0366896735763336
P02,S01,15,lean_left,3.7322983000194654,0.37538525082733837,0.03494114242397004,-0.8241595581623967,0.0011139393050210368,-0.0012222290357635853,0.02167028639086333,-0.5625634768271169,-0.00045232239804669934,0.20888661957965016
P02,S01,15,lean_left,3.8098033000715077,0.37583157135494766,0.03209792571423068,-0.8250622246704661,0.0011531372167575616,0.00028832395269773716,0.015336252530553308,-0.5644091258028632,0.010210637367604802,0.22684255364608596
P02,S01,15,lean_left,3.8688547000056133,0.3757713139885027,0.030045064576485547,-0.8261843935184734,0.002678765524389111,0.0009187239410979235,0.047957066654200964,-0.5568767314550658,-0.0028786434361306626,0.11367538581655678
P02,S01,15,lean_left,3.950396600062959,0.3766695225151563,0.031039450464154718,-0.8216443524530264,0.00238592155468587,-0.0003487636488552773,0.029571020554153886,-0.5545213943754657,0.0065216338329838345,0.11903461354017925
P02,S01,15,lean_left,3.9949298000428826,0.3769602922676203,0.03331179356764108,-0.8240297802636805,0.0020941301553449605,0.0001723498844250987,0.04718301192967843,-0.5537960805311143,-0.0019025260054145413,0.07528331918515976
P02,S01,16,lean_right,0.37190070003271103,0.3816868839862346,0.015041320312932453,-0.8095847566065268,0.0,0.0,0.0,-0.561479844451425,0.0,0.0
P02,S01,16,lean_right,0.468414600007236,0.3798258709233953,0.01887014465299311,-0.8122049313476671,0.002898309909331867,-0.0012744764367063502,0.03280509422974403,-0.55336894115666,0.009791225258047632,0.1174437373831082
P02,S01,16,lean_right,0.511883300030604,0.37923239599264974,0.019725534559528603,-0.8121911015543491,-0.0005453862052824575,-0.0006800038666151448,0.020053384154441623,-0.550694947988429,0.012675331853111892,0.294908884070954
P02,S01,16,lean_right,0.5697950000176206,0.37924940071623253,0.02454622950071078,-0.8113923569443662,0.00018584734033538222,0.0013290638761489723,0.023173120318393702,-0.5513285044908481,0.0027687410664700295,0.04803932686901418
P02,S01,16,lean_right,0.6591139000374824,0.3788967398941721,0.022055638743217924,-0.8132471703766218,0.001020083517092213,0.0012726464111768067,0.018260544314549952,-0.5513961963528679,0.0067908716082266405,0.08346672894624797
P02,S01,16,lean_right,0.7190773000475019,0.3790303051537468,0.02162201841542141,-0.8148353156913767,0.00047585549925136135,0.0020083901218403044,0.03442088908814515,-0.552584225028143,0.0011234385352379358,0.06884202701682407
P02,S01,16,lean_right,0.7890641000121832,0.378615995868501,0.006801427564217255,-0.823354812294102,-0.0005470612516498654,0.0012738262209280248,0.019808441282177514,-0.5522252993324119,-0.0004554192695962366,0.014940936303285546
P02,S01,16,lean_right,0.8688339000800624,0.3740053101541623,-0.014892104677385967,-0.8372022050567501,-0.017294105883423363,-0.004345897816350632,0.22354068024963916,-0.5609869791301131,-0.0069434799442787,0.1996014428442195
P02,S01,16,lean_right,0.9372865000041202,0.37371288620836524,-0.013868407722673087,-0.8336698088642112,-0.006539298826187226,0.0002722548041195009,0.0956130791042586,-0.562917887846067,-0.0003557483501274222,0.191169348198226
P02,S01,16,lean_right,1.008428500033915,0.37028618039056016,-0.03254111715287826,-0.8401091638898994,-0.023426079126097732,-0.000815952526361574,0.32948588750190694,-0.5744009215821206,-0.034447964519582645,0.6396122605082672
P02,S01,16,lean_right,1.0652997000142932,0.37122877004495974,-0.08325731787268906,-0.8536232911621052,-0.04693903404833415,0.015351261403062312,0.8683756658563476,-0.5633919034454611,0.008867882195806637,0.7896946553569351
P02,S01,16,lean_right,1.1117056000512093,0.3711488909796598,-0.1075861833620027,-0.8635027695692943,-0.004676204317864819,-0.0008228886230077386,0.102315775618675,-0.5625415983879934,0.00593871595362848,0.3991001757214718
P02,S01,16,lean_right,1.1763480000663549,0.37179047058717196,-0.1311545410800138,-0.8634807780603608,-0.05339109076941031,0.001158055909434839,0.8261396301902736,-0.5423121066725,-0.006598665834357632,0.745336969814487
P02,S01,16,lean_right,1.2640945999883115,0.37610317422160444,-0.17346802084119467,-0.8493589403603485,-0.056898856960824966,0.007341166857531484,0.6538200450773022,-0.5371378636531906,-0.006174114837083641,0.38514116637216034
P02,S01,16,lean_right,1.3279253999935463,0.3785168405210558,-0.16998641911980025,-0.8402429924955769,-0.007440919079995472,-0.0004049313732750309,0.11674503567155635,-0.5375934811039709,-0.0051393101295928905,0.32919255048108415
P02,S01,16,lean_right,1.399269700050354,0.38091810563298806,-0.19828362081017106,-0.8321841537969624,-0.035702975628881584,0.0055909754056139545,0.5065308503400591,-0.5512913237705778,0.013694941310719482,0.31025910275098983
P02,S01,16,lean_right,1.467576300026849,0.38239568864054563,-0.22665853044023104,-0.8128894856810914,-0.0434212224145401,0.0015845132004973874,0.636104323487533,-0.5584069489798454,0.010100171297766804,0.4432024655994785
P02,S01,16,lean_right,1.5119413000065833,0.38475894383932224,-0.2240355031628881,-0.8042385117771284,-0.01594522734834727,0.003736841636285393,0.3691479379818405,-0.5602633954866716,0.002354296474283751,0.867150995046553
P02,S01,16,lean_right,1.5758947000140324,0.38953281461891276,-0.23284972362717593,-0.7884363056748755,-0.023523814602801854,0.014000096953929892,0.4280408889912143,-0.5573280612911046,0.0034949839709024952,0.32360972508803787
P02,S01,16,lean_right,1.6648369000758976,0.39008389996796805,-0.23470087436508352,-0.7715759252346126,-0.01575940189325386,-0.0025373129444691877,0.1794688317735502,-0.5540871256973986,-0.000136860817691863,0.11873312668218433
P02,S01,16,lean_right,1.7205393000040203,0.39327049581345963,-0.2323677940552629,-0.7583782347039137,-0.007149304940570943,0.003097385478747071,0.13987599280271673,-0.5544828973359749,0.0016170816392482297,0.22165393434409758
P02,S01,16,lean_right,1.7901164999930188,0.3950071256218848,-0.22579482562303127,-0.7518153585820581,-0.006172006212970805,0.0038889442944991933,0.1048480806389307,-0.5545719184298366,0.002552503373602992,0.07515356474727963
P02,S01,16,lean_right,1.8566629000706598,0.3944482337486839,-0.22808311688472177,-0.7525455182573406,-0.005409982499826718,-0.0016604603166550883,0.08503941574339736,-0.5547736094321597,0.0030112720029321946,0.06421615467056484
P02,S01,16,lean_right,1.8996824000496417,0.3958539188107556,-0.230149929971524,-0.7461265984325712,-0.003155939459949216,-0.00015847737168945292,0.07345310786681293,-0.5562108015242927,0.00017929284712546586,0.1442321324615311
P02,S01,16,lean_right,1.9633924000663683,0.3940628875741077,-0.2307032328570029,-0.7495840990599664,-0.0025219971902484045,-9.42329127304204e-05,0.03961320128242785,-0.5533948653155468,-0.004015851456131031,0.14558672069350356
P02,S01,16,lean_right,2.0650717000244185,0.3933631050808212,-0.2282521405484209,-0.7523807977534435,-0.0002288986062770798,0.0001734212361665654,0.0028243214579464363,-0.5559098842053845,0.006441877046075908,0.07356283779492113
P02,S01,16,lean_right,2.135406000073999,0.3929251623299769,-0.22813244565792332,-0.7520722641720815,6.460295885149244e-05,0.0003909929590601039,0.005634436232042681,-0.5574061616702997,0.0009820946379366648,0.020398409428361523
P02,S01,16,lean_right,2.198140599997714,0.3934730426655626,-0.22273886353544164,-0.7530799352420303,0.002948908930079253,-0.0014514384519114835,0.05239137275997486,-0.5498137731516073,-0.01169538092248679,0.2171822289916923
P02,S01,16,lean_right,2.257206100039184,0.3908643759316628,-0.21662937211200659,-0.7563008345301311,0.006885028732258797,-0.01015346116232221,0.20769649247398378,-0.5486509632199444,-0.0008805864523501106,0.06506202815931084
P02,S01,16,lean_right,2.3405755000421777,0.3896033843369895,-0.2110218446773436,-0.7634823586754259,0.004868709416219866,-0.004387390026853946,0.07861270081699018,-0.5490488885531142,0.0010547109014465755,0.05332268160003533
P02,S01,16,lean_right,2.4130205999827012,0.3866266267110495,-0.19970919522428562,-0.7719831610482231,0.01840209063317872,-0.011470714348464696,0.2993221574499296,-0.5468957872459295,-0.0018181701547007165,0.36231116379595374
P02,S01,16,lean_right,2.4962315000593662,0.3835353880467712,-0.1814169617036085,-0.7720700939167998,0.030127931240863326,-0.016120442058073947,0.4106383916954922,-0.5419157782941652,-0.0064887254960020995,0.19325404201816918
P02,S01,16,lean_right,2.5677725999848917,0.37368440916593676,-0.14963830461750538,-0.7717075493608586,0.04502495744723457,-0.03212197537190219,0.7731058494360337,-0.5421698589227885,-0.014048570122440977,0.5404528659416639
P02,S01,16,lean_right,2.6343252999940887,0.37556505559005676,-0.1522519417611338,-0.7782207998225676,0.01539227649372896,-0.0004219214375161139,0.23136639236837198,-0.5417522071355045,0.0004991979924708338,0.22648514661765518
P02,S01,16,lean_right,2.6758212000131607,0.3704910656120316,-0.10851379759787697,-0.781941061302401,0.03681230608583295,-0.01090654555078921,0.9252478413015955,-0.5384343272911323,-0.010302480731113286,1.0628010891771202
P02,S01,16,lean_right,2.76012830005493,0.36506647517988433,-0.06785724603220056,-0.8060235793183559,0.06032899911608953,-0.001313920645804582,0.7157559149368564,-0.5423588403836661,-0.001511837784496024,0.4760241644452013
P02,S01,16,lean_right,2.806647300021723,0.3645836279025779,-0.06013963472423128,-0.8244819791576901,0.01647784400378211,0.011938221686339706,0.43741234081616387,-0.541594523934242,0.0031224407861260646,0.7003951986827227
P02,S01,16,lean_right,2.867811599979177,0.36103001283912806,-0.02384354929723922,-0.8568879358660432,0.04559578510341004,0.0100210026865239,0.7632557357176891,-0.5680262374669621,0.027152591891924673,0.9139693157408301
P02,S01,16,lean_right,2.927153200027533,0.3632967810135988,-0.028201343438877275,-0.8644774645001285,0.018004355261378897,0.013533721194781361,0.3795605458012207,-0.5568910142040457,0.0008002598471448486,0.6597281322878716
P02,S01,16,lean_right,2.979877799982205,0.3611811224317999,0.010712440288727202,-0.8626504515767109,0.035930673233945595,-0.0067367330624552284,0.6933530473242666,-0.5603947793626521,-0.009745459808085322,0.1986924400735411
P02,S01,16,lean_right,3.059686299995519,0.35654842214745497,0.0463309681330528,-0.8736490630271636,0.047460000950607414,0.0010489159968530744,0.5948187298548914,-0.5684399472562149,0.027593906407600226,0.455086882508181
P02,S01,16,lean_right,3.11356229998637,0.36144760763937817,0.029120182526189167,-0.8656873804295409,0.016309881334362907,0.005337986227050613,0.31853119422092946,-0.560620952031097,0.0014078459371367241,0.504610118646235
P02,S01,16,lean_right,3.1676889000227675,0.3654669860585461,0.034846628563716446,-0.850546882291342,0.026347062030686128,0.0046476251671394644,0.494282712141526,-0.5590702310496166,-0.039642370552577626,0.7388319488900575
P02,S01,16,lean_right,3.266298900009133,0.36654335287974094,0.03926766016886748,-0.8278170183362472,0.02530698451013598,0.0043108656058865324,0.26033385782969337,-0.56088963427864,0.0033799063548563403,0.14110718053256374
P02,S01,16,lean_right,3.311408800072968,0.3665197722208328,0.04149454763961104,-0.8298550130490098,0.006831153182444182,0.003891981467858053,0.1742870594808783,-0.5696321333759952,0.0415188233782292,0.9519284591441296
P02,S01,16,lean_right,3.389320300077088,0.3652071786276819,0.03701702915266317,-0.8325675733341441,0.0069428988209765665,0.0024103337718417834,0.0943299940341408,-0.5580617553211982,-0.01564816660634841,0.201599159157617
P02,S01,16,lean_right,3.4582606999902055,0.3664497600619344,0.03169779361770242,-0.8190368329225963,0.005188510870818522,0.00345185045614316,0.09039470289556294,-0.5628146394355042,0.013478759704323683,0.20082106428674754
P02,S01,16,lean_right,3.503917200025171,0.36623460467217595,0.03435345203454302,-0.8200264311054789,0.0021308844224120892,0.0001812220120946965,0.046840572322545855,-0.5543186456615571,-0.016182498650426334,0.37244247551803117
P02,S01,16,lean_right,3.573671300080605,0.36735185493855427,0.036466305857024775,-0.8226407047778805,-0.0001691913148225008,0.0011491704504726558,0.01665219131239975,-0.554912350704526,0.0033857289056679896,0.07223079462478676
P02,S01,16,lean_right,3.6645456000696868,0.36754155686046713,0.04164527298882515,-0.8235935911207847,-0.0008235457506252528,0.0012681785595213856,0.01663967916063421,-0.5535784089013694,-0.0010609822108457324,0.014082547890994172
P02,S01,16,lean_right,3.7424008999951184,0.36739911396341124,0.042582502913880944,-0.8214757424666915,-0.00039593218939778797,6.935505468861067e-05,0.0051629204769702945,-0.556876975216794,0.006395876530908732,0.0844270134142372
P02,S01,16,lean_right,3.8130763000808656,0.3675559784753547,0.04516062879394147,-0.8192845036919085,-0.0029734944655132006,0.0005507927712654216,0.04278825514699088,-0.5574136742574984,-0.0013382803209109216,0.05497240353902019
P02,S01,16,lean_right,3.900961200008169,0.3668053632683184,0.04592492666903013,-0.8282681217119298,-0.002000130709218713,-0.0015709364177005714,0.028938963091344496,-0.5563864276945861,-0.0014383507323548004,0.024382837996946547
P02,S01,16,lean_right,3.9849208999658003,0.36739312632893556,0.045622539059480195,-0.8274664169410031,-0.004145634141728362,0.0007486412063947689,0.05017512810666441,-0.5551940612652948,-0.00033205164671339197,0.005038242583222906
P02,S01,17,lean_right,0.37283090001437813,0.3722560785516219,-0.006891689527493407,-0.8180738811392956,0.0,0.0,0.0,-0.551632212209313,0.0,0.0
P02,S01,17,lean_right,0.47242599993478507,0.3719038573825352,0.010100029713856717,-0.8215900597476615,-4.4915376290710294e-05,0.00466943617566403,0.04688636484361991,-0.5540524813247323,0.0007033636906438559,0.06566180291059091
P02,S01,17,lean_right,0.5479591999901459,0.3721520997497914,0.009148536617640321,-0.823462550956533,0.0007978873135727045,0.0020348588987687483,0.028936915227892265,-0.5526547536440372,-0.001731579685086121,0.04899690661888177
P02,S01,17,lean_right,0.6212064999854192,0.37201614836076313,0.006373654966149607,-0.8305816680908347,0.0003761979326685003,0.0070826310530568105,0.09683107771959988,-0.5514225167515819,0.003366202913175998,0.14581735530128478
P02,S01,17,lean_right,0.6949705999577418,0.37234939290477154,0.0005231322592106217,-0.8299185143784413,0.0005097658137870945,9.62063916112557e-05,0.007032753594882457,-0.5507382064484339,-0.000907345958817132,0.029672590133265713
P02,S01,17,lean_right,0.7530150000238791,0.37249398230608377,0.0005133282939382674,-0.8345065103926133,-6.272590125430199e-05,-3.800357537728756e-05,0.0012635219542251872,-0.5491992331189232,-0.00012306267700639212,0.024126410015015524
P02,S01,17,lean_right,0.821196399978362,0.3724689409350286,0.00022667656291660657,-0.8362977747831404,-7.497209299430299e-05,-0.000577933220595358,0.008547430693165919,-0.5510226447944765,0.0017616865262786686,0.03229792370829664
P02,S01,17,lean_right,0.890348199987784,0.3727464404561386,-0.0010455498096426515,-0.8431136328453196,-0.0006632928975143715,0.00047516269164994094,0.01179907264134417,-0.5516930048616714,0.0017297112831041862,0.06057327778963037
P02,S01,17,lean_right,0.9542974999640137,0.3728006032919317,-0.001018057836430314,-0.8393219747693419,-9.816843526787795e-05,-0.0033245364148902605,0.052009724603766155,-0.552345718078404,0.0012444134757450445,0.10171558107581946
P02,S01,17,lean_right,1.0209336000261828,0.3723741263555453,-0.006106499179400079,-0.8405798464582116,-0.003560560537654118,-0.007689117257146943,0.12716072632317893,-0.5553171165680361,0.002243248891734637,0.03470575711793722
P02,S01,17,lean_right,1.0835905999410897,0.37108093021228744,-0.02796647162803841,-0.8382100609245228,-0.015442869721709654,-0.010511902000593562,0.2981481433920966,-0.5580796093559542,0.000449592998394273,0.10671251709153266
P02,S01,17,lean_right,1.147490800009109,0.36962299548076977,-0.021926081560276547,-0.8449938101916626,-0.0073663435688591725,-0.0057092569232752395,0.1458492751537762,-0.5615944518251035,-0.006380034247254067,0.39097343837629656
P02,S01,17,lean_right,1.2194903999334201,0.3711236993382746,-0.03842427192927379,-0.8464103629877531,-0.025556128074458232,-0.006767770774727109,0.36718349799804806,-0.5625866334292,-0.005630714341162213,0.3240282306528293
P02,S01,17,lean_right,1.2830903999274597,0.3728672631528498,-0.07054770704755838,-0.854019243374519,-0.034325274774584524,-5.778753249643935e-05,0.539706343100744,-0.5565649847380982,-0.011292641875844172,0.744903028873526
P02,S01,17,lean_right,1.341665199957788,0.37092420696290196,-0.08664678687371412,-0.8545154186144083,-0.007633444218352011,-0.005778975326546325,0.16345318530870054,-0.5570364878810883,0.00061190641048532,0.07262141429074682
P02,S01,17,lean_right,1.405964000034146,0.37129280203461495,-0.10329397835707492,-0.853719766646746,-0.03366587933729601,-0.0051437092642389265,0.5296608716636034,-0.5477606362215904,-6.120389498517147e-05,0.5243714509116524
P02,S01,17,lean_right,1.4632667999248952,0.3727334598293092,-0.1309294708087622,-0.8469505852308716,-0.03836602616136706,-0.00399500768936362,0.673151453331961,-0.540807717511674,0.0029053239901241337,0.5562379498300077
P02,S01,17,lean_right,1.519783700001426,0.37402084789533985,-0.13161362421538259,-0.8468718436212731,-0.009986408741298379,0.001615769540062623,0.17899561902764577,-0.5435082012044616,-0.008975283589359215,0.3768962349743909
P02,S01,17,lean_right,1.5793866999447346,0.3792710390028403,-0.14420475063925425,-0.8340854883552584,-0.02802751954813587,-0.0019922641175140407,0.4714232143046852,-0.5381711763845035,-0.0028819098259493876,0.34711285147478066
P02,S01,17,lean_right,1.6682583999354392,0.38187842371958636,-0.16962364055305057,-0.8285438031953194,-0.031052531872571412,-0.001035843348254586,0.34960289706006586,-0.550388526363973,0.0040941119939238175,0.2602733004432728
P02,S01,17,lean_right,1.735216600005515,0.38153341491148257,-0.17207084219311272,-0.8229872855050375,-0.00928581296662311,-0.001752988579466436,0.14113029056879278,-0.5488519042839326,-0.0006726888386308029,0.35460286335698565
P02,S01,17,lean_right,1.7953438999829814,0.385459172798941,-0.1682552922226871,-0.8163651113494902,-0.017889124789906004,0.0012938902492229166,0.298298047799844,-0.5470626115923505,0.023870802835389584,0.3987305539070185
P02,S01,17,lean_right,1.8593462000135332,0.38338136597353056,-0.17866719344353663,-0.8204889513689471,-0.015116007748634842,0.0009238080686473003,0.2366197853930816,-0.5458506166637859,-0.006354205828241793,0.23536120822373827
P02,S01,17,lean_right,1.9202066999860108,0.3801571973426372,-0.18560453055772572,-0.8229197147715323,-0.007430154901044606,-0.003716380762976095,0.13650477182466397,-0.5399608634732054,-0.006967556091059778,0.23114556882222523
P02,S01,17,lean_right,1.984282199991867,0.37957194719955023,-0.18567920697241802,-0.8223508126738391,-0.008828746479687583,6.540350184493195e-05,0.13779039930512962,-0.5431947889948718,0.0004490587906841005,0.015990501376071033
P02,S01,17,lean_right,2.0647411999525502,0.38314738584600055,-0.1929432160931244,-0.8135681940213966,-0.008381692981151784,0.005575324125958728,0.12511501325826765,-0.5474631129545184,-0.004711827917801343,0.1256392687148138
P02,S01,17,lean_right,2.12363429996185,0.3816311996492441,-0.18919716044769888,-0.819080633463526,-0.0017500209488676116,-0.0012735234277103944,0.03675058059337054,-0.5484227222235292,0.00012534374861349618,0.053165261797398014
P02,S01,17,lean_right,2.1785706999944523,0.38322107494199886,-0.19769732172023888,-0.8136718878582829,-0.0011944575861400344,0.0006660048353730329,0.02489398581003231,-0.5521938029734119,-0.0008113541874980571,0.05039154791016046
P02,S01,17,lean_right,2.257088299957104,0.3835836448001062,-0.1964860534170551,-0.8076830445980433,2.0278252862532692e-05,0.0006907814030681156,0.008801580520959147,-0.5456629176710146,-0.002671387197196588,0.07018930813524854
P02,S01,17,lean_right,2.308792099938728,0.38365872382680216,-0.19687460546932792,-0.8073998460377445,0.0002882677012465502,-8.808827087404685e-05,0.005829867333918652,-0.5441713691796038,-0.001037308956667831,0.024304961490341614
P02,S01,17,lean_right,2.370993799995631,0.38377766448072487,-0.1965348466907592,-0.8060135985066531,0.00025094270383386097,-0.0003009138101055891,0.006299152930215574,-0.5465365404936957,-0.006339837930689683,0.10470142519726477
P02,S01,17,lean_right,2.46554250002373,0.3838116396786202,-0.1951042308063476,-0.7934793089515451,0.0006817326858624273,-0.0016516570472940222,0.018898423004146975,-0.5492455829642164,0.004417654749542649,0.09524340975756787
P02,S01,17,lean_right,2.544416100019589,0.38357055193582723,-0.18644067760597557,-0.7965783280313412,0.0007331887544342496,0.00032182141905014167,0.010151798834521806,-0.548252960444428,0.005337941579876629,0.08294623075311301
P02,S01,17,lean_right,2.6087297999765724,0.3837008102158366,-0.18708459637641772,-0.8010497047216891,0.0009730006640362499,0.002625503717609001,0.043536602826351106,-0.5485872060637772,-0.004977376858288628,0.08534945362774814
P02,S01,17,lean_right,2.669782600016333,0.38207909296764236,-0.18864441783026042,-0.8039755591470918,0.0028191879861123176,-0.0021216109016830263,0.05779131596353313,-0.548788734757164,4.8272936320517174e-05,0.012779358434741605
P02,S01,17,lean_right,2.7329310999484733,0.38236375375972853,-0.18971911694376686,-0.8033970494937682,0.0006981489473893205,-2.1979737437694426e-05,0.011061147218587565,-0.5514011316600721,0.004951183782720772,0.09364043920011064
P02,S01,17,lean_right,2.795284599997103,0.38260622549087914,-0.1890140258020333,-0.7877174787446963,0.0017554341611367911,-0.000301679342670015,0.028565646192251586,-0.5514374981516361,-0.005275489951984152,0.0963699097155746
P02,S01,17,lean_right,2.8651060999836773,0.3841535633504781,-0.17938252151325232,-0.7849874417975088,0.005915568417188586,-0.000930872704163115,0.08576672687900302,-0.5513261356222079,-0.003719986774132058,0.05598717153250365
P02,S01,17,lean_right,2.9357669999590144,0.38495165919614566,-0.1767251907060877,-0.7825209944885196,0.004591411390138383,-0.0002540870255778738,0.06507752602566552,-0.5494599687624273,0.0003580797216885155,0.035516038974732614
P02,S01,17,lean_right,3.0114113999297842,0.38186595740852863,-0.1691521930220665,-0.7970652170343235,0.013076183453540915,-0.004795565742975062,0.1841222190134518,-0.5497680128268629,-0.001922660966559467,0.21916099237567957
P02,S01,17,lean_right,3.0646660999627784,0.3833902840071397,-0.16047251059608858,-0.8073402654965527,0.01748777589939173,-0.0021286580028445647,0.33080371225163774,-0.5464437644041858,0.0011981157425069288,0.35842514905849054
P02,S01,17,lean_right,3.11555889993906,0.38286297439537936,-0.14882040622140458,-0.8141324687845867,0.007146866139315248,-9.185202740749769e-06,0.1404299241756635,-0.545638445623305,0.0009647487450380968,0.22552718607196182
P02,S01,17,lean_right,3.172904299921356,0.3789842798648275,-0.10250255725551138,-0.824023256826984,0.01867824009681649,-0.004197347605903313,0.33383746463741715,-0.5474314252465746,-0.007420557722454467,0.2767517171819108
P02,S01,17,lean_right,3.2668839999241754,0.37324788442313794,-0.07410071078081948,-0.8311891271221589,0.035342281393437994,-0.005649897615394477,0.38083793786965536,-0.5490575758240142,-0.011258521211251154,0.24833882049512915
P02,S01,17,lean_right,3.3278310999739915,0.37709837656570083,-0.0741441664350225,-0.8363592690533066,0.011816086871417665,0.011677644964777556,0.27257844112599916,-0.54532300376149,0.0009489747919201243,0.3535017476679884
P02,S01,17,lean_right,3.380314699956216,0.37126594063000395,-0.05312685080044728,-0.8487845914635644,0.02258024009458961,-0.0004981690817751519,0.4303389016575562,-0.5500306751942587,0.0052880992785903115,0.4400437177806462
P02,S01,17,lean_right,3.457204799982719,0.36893867684468723,-0.03372527681359881,-0.8539407333062821,0.03246149677908708,0.0005404083369053062,0.4222389452806458,-0.5425756951431386,-0.010054234422587889,0.4932708736702511
P02,S01,17,lean_right,3.5183863999554887,0.37242029684618244,-0.038723182442117234,-0.8592705621081632,0.010399235307216781,0.011481911316443149,0.25320089165207216,-0.5393762213140199,0.0014448770965231358,0.39906451515843566
P02,S01,17,lean_right,3.5751074999570847,0.36819672301458073,-0.015308145273289827,-0.8651708996413453,0.021219895664683446,0.0016231968830944061,0.3752023075535117,-0.5487682913176292,0.00041635863412776904,0.14847381844459734
P02,S01,17,lean_right,3.668279099976644,0.3664478008562239,-0.007702984871286648,-0.8684110538143381,0.031102441693974463,0.0006836398564969363,0.3338995366849521,-0.5460155173335699,0.0025195705003163422,0.22803885549317598
P02,S01,17,lean_right,3.7197851999662817,0.36810236659983514,-0.0011848796088237815,-0.8678025060584678,0.0025651611264891207,0.003497722504981552,0.08421379189248823,-0.5447366328405463,0.0006230658340816245,0.06018494319284333
P02,S01,17,lean_right,3.7793939999537542,0.36734323796306073,0.008679259669719152,-0.8666829028933267,0.014100729259307743,0.0038325510424566415,0.24513645302295162,-0.5536668441173963,0.0066158159118492104,0.30649649844672855
P02,S01,17,lean_right,3.8590093000093475,0.37184888502226665,0.009974811510714852,-0.8509880112420147,0.016509983099324978,0.011077584899073779,0.24972539691095766,-0.5556473591333083,0.007223746324915786,0.12264774474255272
P02,S01,17,lean_right,3.9191092000110075,0.3730228382478391,0.010008413279372732,-0.8486328489269291,0.0032609174685620593,0.0031144316438481996,0.07502911684920639,-0.559478427722678,0.006576071648857141,0.23690498353181857
P02,S01,17,lean_right,3.9821713999845088,0.37273923693178607,0.020126643132060498,-0.8480281228753466,0.002404163401878745,0.0023178920822263735,0.052956520189430395,-0.5599388473637147,0.008571475660285712,0.14030984933496324
P02,S01,18,lean_right,0.3827144999522716,0.37519785873047756,0.00010286308035619504,-0.84780767545737,0.0,0.0,0.0,-0.5569545351371066,0.0,0.0
P02,S01,18,lean_right,0.46876960003282875,0.37448626106082705,0.003266319077913227,-0.8456146629777181,-0.0012551256919441191,-0.00011053923761914729,0.014641594719869123,-0.5566019290922846,-0.004202907802552759,0.05869916778220324
P02,S01,18,lean_right,0.5254211999708787,0.3744782010240339,0.004285616512122655,-0.8453672929992843,-0.0002107373659316216,0.00032422357583286495,0.0068258018724900475,-0.5546886977094995,-0.002559970386348746,0.05159574111372734
P02,S01,18,lean_right,0.5818688999861479,0.37483441667268314,0.004540660234746587,-0.8465230725863837,-0.0002357411218102703,0.002374982478784008,0.042280795331045694,-0.5553298511044944,-0.003506516589252541,0.06516987463649268
P02,S01,18,lean_right,0.656206600018777,0.3769346846853637,-0.009341879756956408,-0.8492277837825559,-0.003155877520525372,0.003428651601592954,0.06268634434146188,-0.5447498191349847,-0.0032152769677000685,0.2554510285876069
P02,S01,18,lean_right,0.723210999974981,0.37620316158015327,-0.010624375268608646,-0.8492186745241219,-0.0012816792179131957,-0.0016311128683375179,0.0309595042583842,-0.5515422786831043,3.0211425643259912e-05,0.03945059716198398
P02,S01,18,lean_right,0.7644312999909744,0.37669550394792073,-0.02425456976684828,-0.8479691835566786,-0.006721979407695331,-0.005202216878260997,0.2062063188696682,-0.5497805968635697,-0.006845922159780484,0.49215409051727715
P02,S01,18,lean_right,0.8662742000306025,0.37553843865789294,-0.05264856800606935,-0.854465513921779,-0.025646300967134,-0.00998311321419803,0.2702281238791174,-0.5519883707905349,0.00400266308814792,0.30576210340705823
P02,S01,18,lean_right,0.9310500000137836,0.37428106210226064,-0.06840150255032407,-0.8548834981287796,-0.007144996539854901,-0.0046959147570606275,0.13199382055526146,-0.5508413528608368,-0.0003942586588705072,0.13053376760752916
P02,S01,18,lean_right,0.9799315000418574,0.3720744464483392,-0.08988916842785465,-0.8628613177547912,-0.03013937796828782,0.0016836545013212414,0.6175417635246279,-0.5410087055602265,-1.6433995600695392e-05,0.7373433925836234
P02,S01,18,lean_right,1.0547273999545723,0.37629025859209947,-0.12398364268083248,-0.8592188414249753,-0.06011310969902653,0.005997367747253243,0.8076852050518192,-0.5393527777445556,0.017852755479527437,0.7413463479601994
P02,S01,18,lean_right,1.1252753000007942,0.3758480930480963,-0.13049445412268385,-0.8523665242767018,-0.009329855258605427,-0.0070668773562692485,0.16590348717440542,-0.5542354238495877,-0.006271255643768568,0.14505325449146605
P02,S01,18,lean_right,1.197279499960132,0.38437015716021805,-0.14077951280029324,-0.8325305632588147,-0.04128298786081411,0.014193798970356006,0.6062824861073061,-0.5524987968032462,-0.004131549648111284,0.4017068967685684
P02,S01,18,lean_right,1.2624962000409141,0.3851814102370546,-0.14882169798158132,-0.8259118050590921,-0.03905447433732077,-0.004547394674665207,0.6028873894327961,-0.5547140603636453,0.004966267551183522,0.23470500635024474
P02,S01,18,lean_right,1.3457805999787524,0.3829716538678908,-0.15911789406786853,-0.8175069266603923,-0.016026470694707702,-0.0006148448502833772,0.19257220351365273,-0.5517157743187582,-0.003756272314554675,0.32909916258044086
P02,S01,18,lean_right,1.3925579000497237,0.38859029235897596,-0.16791489645607086,-0.8096651182863844,-0.020336183287012904,0.007526693220700727,0.4635658707035819,-0.5483091970684443,-0.0011653449474946424,0.22543908910503718
P02,S01,18,lean_right,1.4554055000189692,0.3886708975352246,-0.17221260249277648,-0.8127235647177576,-0.01691780319403776,0.005044844389657281,0.2809011979835879,-0.5488238086359152,0.0036204616030073504,0.09330979508934364
P02,S01,18,lean_right,1.5029069000156596,0.38657011915510375,-0.17808206231165494,-0.8194694039032859,-0.009124390216713742,0.0013086744097987244,0.19405241566520007,-0.5513547408099426,0.0068615919934549305,0.1462844230246617
P02,S01,18,lean_right,1.565287100034766,0.3871287725356161,-0.17474650949152776,-0.8083770666466363,-0.009959536925117552,0.0029707727829384077,0.16660998871812913,-0.5544071107446419,-2.7524610061526093e-05,0.2908140057995928
P02,S01,18,lean_right,1.6631345000350848,0.3858930798769755,-0.19001195971727408,-0.8089412828598729,-0.008515863212088848,-0.00214744295641799,0.08975660610880752,-0.5559467740499249,0.004404525562509378,0.08936581773000712
P02,S01,18,lean_right,1.716476900037378,0.3859383235624025,-0.18930838802044841,-0.8072154777365746,-0.003649263664248117,-0.0010984605831621155,0.07144415355264079,-0.5575166931949692,-0.00434636400056929,0.12673346123679238
P02,S01,18,lean_right,1.8020480000413954,0.38546917110290196,-0.1863741220659124,-0.8056472555894291,-0.0011602187267825911,-0.0026472454739636772,0.033776958399525686,-0.5553991796704851,-0.0028656452054803333,0.0681743107330951
P02,S01,18,lean_right,1.8555612999480218,0.3856211495102946,-0.1891364105796841,-0.8017638582610027,-8.118678062142476e-05,-0.0009346719893722142,0.017531928659833895,-0.5510004787030609,-0.012294264555731405,0.244242719796666
P02,S01,18,lean_right,1.9258098000427708,0.3857556740285194,-0.18885266561183997,-0.8064174271333261,0.0004899638328295599,9.232210347387639e-05,0.007097460130830967,-0.547364662548383,-0.0037887666607519187,0.09805182403814412
P02,S01,18,lean_right,2.0045575000112876,0.38579920099497317,-0.18863908776136423,-0.8058228633204608,0.000435294023993718,-0.0005620584416288007,0.009027670368322766,-0.5468633727047716,-4.689826352906162e-05,0.07095278164006649
P02,S01,18,lean_right,2.0788265999872237,0.3860487634291996,-0.1898615504633754,-0.8047193207560417,0.006371333117227722,-0.000751294211903991,0.08638149270302814,-0.5479254263002371,0.0017922032974435349,0.13598382514779725
P02,S01,18,lean_right,2.150314799975604,0.3862949393145594,-0.1835397137058327,-0.8053271621224521,0.0034755108990196437,0.0006476670310220461,0.049453515173532955,-0.5510307260058376,5.8237788070682454e-05,0.05820387271127261
P02,S01,18,lean_right,2.2221887999912724,0.38734255169267723,-0.17931648568701455,-0.79857033435507,0.017670477951667943,-0.005211948208944084,0.2563247995056541,-0.5425566128471053,-0.0039259682564755935,0.27132193420154116
P02,S01,18,lean_right,2.284830500022508,0.38859823872735916,-0.15620866815901924,-0.8038548749114538,0.03150724085706585,-0.008603906582233735,0.5213920659957219,-0.5505218715469918,0.002067699218625062,0.44863236575839677
P02,S01,18,lean_right,2.3799249000148848,0.37987000462348186,-0.1088622642660589,-0.8072481463346999,0.04802000832273496,-0.020318723718439388,0.5483166458013569,-0.5407963318807251,-0.0155217425061015,0.34572009132203446
P02,S01,18,lean_right,2.4322821999667212,0.38004766531979056,-0.12132764259949735,-0.8180298034500425,0.014463762461204635,0.0036675784257210286,0.28499393989394206,-0.5392831353367364,0.002373940844442827,0.4906494153095922
P02,S01,18,lean_right,2.4892551000230014,0.3750198702931141,-0.06082951567552554,-0.8237503986060986,0.041458198095185604,-0.0063223667659718635,0.7360957080751902,-0.5305100306335823,-0.011177924759225038,0.614305229886785
P02,S01,18,lean_right,2.5323618999682367,0.37413011129789625,-0.0841471066498508,-0.8451270336259884,0.02074623537124792,0.0038147248075628658,0.48934361342510374,-0.5308261888373922,0.0014384327984928115,0.6165329051546405
P02,S01,18,lean_right,2.5800238000229,0.3688008983017591,-0.029169436841126797,-0.8553911555481888,0.041687068629885186,-0.0027607485413990007,0.8765572626370192,-0.5402805243273539,0.007115238301165326,0.7372636114093638
P02,S01,18,lean_right,2.655019599944353,0.36825550231055487,0.02474393407617269,-0.8583766072752494,0.057036948660862,0.0017488623598486738,0.7608926654656892,-0.5494691154983059,0.0011489322073357602,0.5382751306657511
P02,S01,18,lean_right,2.7359315999783576,0.37008305021207066,0.0025220796638088946,-0.8684720402332773,0.02266811605240364,0.014288134125289708,0.331167378572979,-0.551109733855417,0.006555119974984734,0.511693606772199
P02,S01,18,lean_right,2.805402399972081,0.36979775123791436,0.05182524821854772,-0.8652065724932654,0.030506948409490274,-0.003100088984992015,0.4413949170284924,-0.5618958814325304,-0.04378284620132181,0.634098391833413
P02,S01,18,lean_right,2.8775057999882847,0.3727300089658595,0.07223598874068243,-0.8403484726575439,0.03775427160005806,-0.0018691515941797084,0.5242542317989207,-0.5643282222224666,-0.007724822694193391,0.2084020562066002
P02,S01,18,lean_right,2.9255779000231996,0.37452749722395645,0.06319040904641171,-0.8413553492844279,0.012920407247642115,0.006255402299982706,0.2986146496878169,-0.5632845795442898,0.030697299677306115,0.8133483318292425
P02,S01,18,lean_right,2.981975800008513,0.3741935187072356,0.0647776085751178,-0.8407457223124057,0.018773837026844476,4.3963567340349314e-05,0.3328827581776629,-0.5626193315959063,0.012548832903902263,0.2346026091276174
P02,S01,18,lean_right,3.0558843000326306,0.3739452769977069,0.05950262829278851,-0.8373135770203842,0.017356694888167934,-0.005160620818811059,0.24500086694190812,-0.5579709756162667,0.0038433833685694013,0.20985705877066008
P02,S01,18,lean_right,3.1284265000140294,0.37374661681505655,0.07356132956608445,-0.8342045764549811,0.005380693552159222,-0.004314458472353106,0.09507350130181073,-0.5565542201784207,-0.0025711973156481395,0.07091439833513984
P02,S01,18,lean_right,3.19291310000699,0.37414270783848275,0.07568471772848183,-0.8266309759293555,0.005434778258642085,0.0020731796411742444,0.09020132049684734,-0.55840375107305,-0.0009920823448924321,0.03582972608018041
P02,S01,18,lean_right,3.2750846999697387,0.37508931552767394,0.08248597742328771,-0.8238828086385264,0.0022784210624269244,-0.002537917616684364,0.04150588865497177,-0.5528476435649342,0.0005989890967801598,0.022728950039164333
P02,S01,18,lean_right,3.332276799948886,0.3749231403895493,0.08321456978788572,-0.8240701564887277,0.0005511777779882254,-0.001249648954103388,0.023880983428167964,-0.5520845512180415,-0.004909759537130988,0.09091976284035858
P02,S01,18,lean_right,3.400264799944125,0.3758570453428437,0.08086217183851192,-0.8218405073612394,0.0005098452598595927,-0.0002883044113296235,0.00861497066540796,-0.5506379519015631,-0.0053146364360178305,0.07915526491763726
P02,S01,18,lean_right,3.454837099998258,0.37583116914184733,0.07996018392013432,-0.8203786313744736,-0.00027952228298812673,-4.1313789911152915e-05,0.005177698332622683,-0.552711171542089,0.008792887911017367,0.16126934389061037
P02,S01,18,lean_right,3.4982643000548705,0.3758196598467102,0.07959646708231646,-0.8203609333266936,-0.0003372212512920875,-0.00015463408348490788,0.00854268757923681,-0.5562238603210656,0.011991337418593723,0.2967959728843185
P02,S01,18,lean_right,3.5623087000567466,0.37569812348127385,0.07967556230600598,-0.8226501391637907,-0.000432996511257111,-0.00035553547008415707,0.008747996110428395,-0.5564718245382749,-0.002627395038487243,0.0906224128901387
P02,S01,18,lean_right,3.6628681999864057,0.375738808088883,0.07623066267071044,-0.815101972354723,-0.0005205151463167082,-0.0008803348737476792,0.010170147982533115,-0.5576247356030816,0.0002987784492994941,0.0038717578926956995
P02,S01,18,lean_right,3.7051907000131905,0.37600867338843225,0.07588689113161388,-0.8135795611835833,-0.0005853326436589079,-0.0005217663904138918,0.01852741601932695,-0.559661028496983,-0.006476107378463124,0.17691435977558184
P02,S01,18,lean_right,3.753873100038618,0.37596387194548003,0.07734572656358098,-0.8134875331967032,-0.0017296123959288734,-0.00016353217868426251,0.03568694336880644,-0.5593263487759668,-0.0021539159420714766,0.052879555788140714
P02,S01,18,lean_right,3.8236055000452325,0.3762200793482275,0.07611409503393142,-0.8102653416668608,-0.0016834007216151446,-5.2281985613194456e-05,0.02415250867677299,-0.5643960558347845,-0.0038616727617542513,0.0557812068041959
P02,S01,18,lean_right,3.8780283000087366,0.37580733947938805,0.07031101286267571,-0.8117292247859318,-0.0017726405057841902,-0.0015506738446787482,0.04327549895115511,-0.5619964372306063,-0.004576823057813526,0.08716601512521163
P02,S01,18,lean_right,3.9209677999606356,0.37628407494438126,0.06832766584468658,-0.8124712732110981,-0.0008847617147819866,-0.0008115001816897534,0.027959255953101354,-0.5615565312239338,0.0002940867243330727,0.030085859638542115
P02,S01,18,lean_right,3.9710286000045016,0.37654914240248816,0.06804205050772653,-0.8124405430529731,-0.0006177337830378894,0.0006647464501902924,0.018127148755367153,-0.55807619511252,0.004563093824968039,0.10053556210816308
P02,S01,19,lean_right,0.3783696999307722,0.3747442821266999,0.04643268697932199,-0.8411663851135914,0.0,0.0,0.0,-0.5486953843473197,0.0,0.0
P02,S01,19,lean_right,0.45106779993511736,0.3748869411825878,0.03793008267777546,-0.8367901219864817,0.0030875772721353457,-0.0013691738550937731,0.046459798981803996,-0.5569909386734996,7.663057585676339e-05,0.3419846073791559
P02,S01,19,lean_right,0.5004743000026792,0.3758255545536334,0.03287524559951217,-0.8346620412667015,0.0019125160666632124,0.0011812272712917826,0.04549788708187543,-0.5518408084892507,-0.006191598512580807,0.15124381789425406
P02,S01,19,lean_right,0.5475635000038892,0.3766758184580839,0.025040265513421353,-0.8338858802513598,0.001483209723756399,0.0005470307540101749,0.033571842237118996,-0.5501822239687665,-0.003123953431586973,0.2223091902332493
P02,S01,19,lean_right,0.6135007999837399,0.3768150143369892,0.017235108320584454,-0.8358123733813867,0.00011127971552106796,9.949529646446587e-05,0.002263865868770614,-0.5515800907467839,0.0023723588146588688,0.052476276336962654
P02,S01,19,lean_right,0.6720876999897882,0.37694513454612755,0.010294089836266795,-0.8405792056078601,-0.000166664296301121,0.0003274779484246884,0.0062718634435696575,-0.5480435020957641,-0.005280332405059828,0.09014213330858821
P02,S01,19,lean_right,0.7243137999903411,0.3766846120341489,0.007173103627373699,-0.8400643155203821,-0.0007760234153478219,-0.0002525428701422488,0.015625946648044738,-0.5490550625631584,-0.0047479845306408535,0.12862664916523955
P02,S01,19,lean_right,0.7672271999763325,0.37652566094286044,-0.010193559670201012,-0.8407326251986568,-0.003567288788468702,-0.0014813079727130712,0.09000961522833123,-0.5558627440584378,-0.0024952479592318592,0.12662834761966568
P02,S01,19,lean_right,0.8391933999955654,0.3758140309130455,-0.015440246247322296,-0.8337215139867206,-0.004880443722154437,-0.007092259690964636,0.11962882799759512,-0.558151653140551,-0.009413801431505692,0.29603577436443756
P02,S01,19,lean_right,0.8850255999714136,0.3731730277778669,-0.036968252287839,-0.8394156863350088,-0.015372465330418868,-0.0051733766865425575,0.3538916675915206,-0.5635110139113054,0.004552616910603918,0.38746417215793094
P02,S01,19,lean_right,0.9626007999759167,0.37319161259509687,-0.05955842895994906,-0.8442237377307497,-0.04448212378222511,0.0048560829367824175,0.5768132896528162,-0.5597885597327581,0.00010381442402076104,0.48906068300172434
P02,S01,19,lean_right,1.0250841999659315,0.370756215032557,-0.08782337947759075,-0.8545727149259524,-0.006959479211801982,-0.005588354215061273,0.14284549475276057,-0.5621077010063156,0.0048865075748506185,0.2653449657540877
P02,S01,19,lean_right,1.082878699991852,0.37051937969432636,-0.10545577314263277,-0.8556178074167964,-0.03141314176016116,-0.00453011823722183,0.549154455041068,-0.5517866693768466,0.0004966592639616289,0.5252053321656559
P02,S01,19,lean_right,1.1648469000356272,0.37232663548222933,-0.15814095770301465,-0.8485921586210122,-0.053389246283210644,0.0013625002439761314,0.6515530292630327,-0.5366770052900983,-0.008605554009729267,0.6706998655698552
P02,S01,19,lean_right,1.245442399987951,0.3723004823192259,-0.16027504915876284,-0.8407598083251768,-0.00874800692495992,-0.006995251605020659,0.138977301014667,-0.5468872380097861,0.004876689181156876,0.21651310855635172
P02,S01,19,lean_right,1.295364600024186,0.37583800383562027,-0.2080550792023915,-0.8214481600547787,-0.03385734352019934,0.003492180845362688,0.6818001955616644,-0.5472011928525046,0.006154959170453994,0.6766933790654485
P02,S01,19,lean_right,1.358471899991855,0.3784612747071217,-0.23168617181591714,-0.8094187742628831,-0.04244718054699983,0.005212199637514017,0.6776710946391344,-0.5352951650193054,0.016804182598576394,0.3128758152774053
P02,S01,19,lean_right,1.4435620999429375,0.3784767536048841,-0.20350066914011333,-0.8016326538613573,-0.016189403235643017,0.0008800296235699499,0.19054255474314244,-0.5410397232499069,0.004563745952046225,0.2078544058284365
P02,S01,19,lean_right,1.504001499968581,0.38270454732676634,-0.22651578989021143,-0.7802285341933264,-0.022863179193600945,0.004734673820389029,0.3863089024430112,-0.5505625416441225,0.006171418504496191,0.19710564698119146
P02,S01,19,lean_right,1.5795125999720767,0.38534005127559706,-0.23749189434724982,-0.7782946531664563,-0.019235852055251506,0.00808956531890921,0.27635216682853336,-0.5523541053263604,0.0031199505312963895,0.19744160145269443
P02,S01,19,lean_right,1.6571404000278562,0.386417485803134,-0.23341878809630764,-0.7754676131018825,-0.0062583587475230915,0.0029849562345080007,0.08932056928208758,-0.5520179324601999,-0.001187933615573465,0.09889427793676964
P02,S01,19,lean_right,1.7280510999262333,0.3883847145725518,-0.2452262325266504,-0.7708430045162876,-0.009052255375714247,0.002607882572780825,0.1328491118054563,-0.5493927551343013,0.0039973092661560305,0.16442167452103584
P02,S01,19,lean_right,1.8113617999479175,0.3941376703942079,-0.2586341790631846,-0.7420537071336103,-0.00837260493427278,0.005810557162911829,0.12232911435474533,-0.5527339096198755,0.008391776414246346,0.12807369871723054
P02,S01,19,lean_right,1.877873699995689,0.3927755516567422,-0.27418481262552025,-0.7421425319394321,-0.0057630641314763715,0.0021215748606741077,0.09233192182146772,-0.5519523552382521,-0.0006712602843310306,0.16063656927492856
P02,S01,19,lean_right,1.9427896999986842,0.3914195186745543,-0.27059494330365275,-0.7470120194477861,-0.006607692064036767,-0.003227611777294132,0.11328251034436317,-0.5558364664049571,0.0024575532855520108,0.3818703410144236
P02,S01,19,lean_right,2.014277799986303,0.3911707256771863,-0.2614797904100658,-0.7463333515582314,-0.004874476695728744,0.00023046720857423337,0.06826201767936539,-0.5509450406134143,-0.005520385642405732,0.09600694104386195
P02,S01,19,lean_right,2.0587108000181615,0.3934577819675388,-0.2598597306490236,-0.7444976591660204,-0.0023658273662374024,0.0025203275181630205,0.07779713344827552,-0.5504944482214188,-0.0014225480220271685,0.03985387871255233
P02,S01,19,lean_right,2.1212736000306904,0.3938820261003237,-0.25683453782251786,-0.7439829894564207,-0.0012046506158527757,4.047974119376525e-05,0.019265930263026254,-0.5475915378336511,-0.0029273635128434315,0.047201543925648216
P02,S01,19,lean_right,2.1916536999633536,0.393845860801391,-0.25825794153316206,-0.7506148479288853,0.00020075255109619378,-2.5576465235775913e-05,0.0028754612668999485,-0.5488084356862779,0.0017412673220870303,0.028710038164601732
P02,S01,19,lean_right,2.23967719997745,0.3935235388468069,-0.25725738139775806,-0.7496298130396085,0.00013154647404098175,0.0009986778083928764,0.020975235949467347,-0.5483038400905587,6.858850103630586e-05,0.09805116970452249
P02,S01,19,lean_right,2.28100540000014,0.39405030105527344,-0.24824097927161004,-0.7498701023979976,0.0019821308676710274,0.001676431349694597,0.0628144803463396,-0.5476522543960832,-0.0037400604468379554,0.12539897818027218
P02,S01,19,lean_right,2.3500573999481276,0.39415050012919295,-0.23954704330375778,-0.7500536754333046,0.003413331301385514,0.0003147707996293533,0.04964105824919137,-0.551033581473796,0.0023809375937493696,0.06326844961195964
P02,S01,19,lean_right,2.3899087000172585,0.3938241599020368,-0.24126006686833767,-0.7517489443049383,0.0019429157848360917,-0.00017616950299802027,0.048954144995474805,-0.5518023912078529,9.284290748073174e-05,0.0649333325427844
P02,S01,19,lean_right,2.4312711999518797,0.3938743571875817,-0.2401514781143053,-0.7469056417707741,0.0015497611256121164,0.0001619221174108939,0.037671735018989835,-0.5521964381072395,0.00012143752772742867,0.012726771063027411
P02,S01,19,lean_right,2.4953977999975905,0.39193427599284725,-0.22810823412013753,-0.7595108915855966,0.0030094177416111977,-0.002364207124602527,0.05967911101750888,-0.5525541475311957,-0.001299765802382699,0.07365385463712364
P02,S01,19,lean_right,2.5695662000216544,0.38944614865767885,-0.23459733266523777,-0.7753226027187616,0.008061514185601536,-0.007868977570755331,0.151889233631568,-0.5449088874308756,-0.005199047578312276,0.08932891995207413
P02,S01,19,lean_right,2.632155800005421,0.3893310880496078,-0.22708712185745672,-0.7751824718256662,0.003250245224654393,-0.0022816514033342397,0.06344743135214076,-0.5447365732777707,0.00045060373434500694,0.04592541945022302
P02,S01,19,lean_right,2.678969700005837,0.38478465304676274,-0.2067608703219067,-0.7775045933231102,0.012313175750686254,-0.01216576532348949,0.36975212649234845,-0.5430780662573884,-9.677755896075096e-05,0.4340981672254099
P02,S01,19,lean_right,2.7206752999918535,0.38347711187068373,-0.2007509635025047,-0.781519021731883,0.0076077008263212365,-0.005049444236840667,0.2189378973438003,-0.5458314577137892,-0.0024742832956950516,0.379135363600998
P02,S01,19,lean_right,2.774429799988866,0.38300088750502015,-0.1688177625016464,-0.7743688335857298,0.024993935988980656,-0.008410927328434814,0.49058602625795994,-0.542480468426461,-0.015992380174021045,0.49331712041726666
P02,S01,19,lean_right,2.8615917999995872,0.37546869138424305,-0.14954419273969183,-0.7790648858668594,0.04840209452931357,-0.020001049838535078,0.600855802372706,-0.5413789563321609,-0.03320366770327875,0.5067678509938554
P02,S01,19,lean_right,2.9149235000368208,0.3766626190069979,-0.14213120941223745,-0.7876223673159779,0.01282485516453809,0.0052536256702017375,0.2598680042975192,-0.54294687822501,0.0015430745911717073,0.22305795838074166
P02,S01,19,lean_right,3.006152999936603,0.36972657989537,-0.09729551168881372,-0.8000169832044566,0.04221130591645791,-0.0044807476307384434,0.4652930948508229,-0.5500228826370633,-0.0032509607265745724,0.5857361240518025
P02,S01,19,lean_right,3.054304899997078,0.3659633315228735,-0.04851147842164289,-0.8149824300562081,0.04222526605189628,0.002216260848883529,0.8781250168870195,-0.5447230521936953,-0.00840173165762613,0.6950477028070282
P02,S01,19,lean_right,3.0958583999890834,0.36616294907704505,-0.044801280933439325,-0.8267854256154298,0.018829615877650707,0.008685627100227775,0.4990267967646426,-0.5456440222647017,0.013105349886698153,0.710335781449304
P02,S01,19,lean_right,3.1345230999868363,0.3668510593233665,-0.05463395356875695,-0.8368296548892784,0.006005331375539205,0.0033617994924760846,0.17799890827629855,-0.5449659066840626,0.0042482951833194,0.5114815680750953
P02,S01,19,lean_right,3.203372700023465,0.36074275641112424,-0.009054759336864223,-0.8494606521374869,0.03478106190855705,-0.003244904015230836,0.5073682465546043,-0.5554102509898121,0.004506053405140397,0.2022270258712607
P02,S01,19,lean_right,3.2677580999443308,0.35604089759966095,0.025027308498498307,-0.8604940192530709,0.041620900776255645,-0.00031071211607694346,0.646451844507626,-0.5583544075444804,0.005299806793555906,0.39389456243221116
P02,S01,19,lean_right,3.3176305999513716,0.36050823135816895,0.01945133741362008,-0.8600813379221046,0.015655162105196446,0.010129416887519107,0.37388191047841673,-0.5507415348057968,0.008982344796862647,0.5053540560272758
P02,S01,19,lean_right,3.3642152999527752,0.3598642084423927,0.03524750487952306,-0.868323729907332,0.02786069650755793,0.00971864346916032,0.6334080771864679,-0.557847977772929,-0.0029384936190358416,0.22317852863237297
P02,S01,19,lean_right,3.4352035999763757,0.36399142405838064,0.03737360686562182,-0.854822959266298,0.01325640988511823,0.009696463164923069,0.2313646532263328,-0.5564015566973831,0.001209188730461845,0.27827028871373544
P02,S01,19,lean_right,3.486403099959716,0.36319447193981413,0.053517727784627135,-0.8533237989233862,0.022227397753118543,0.0018877826669259884,0.43569602875350794,-0.5596182809422582,-0.031210409792525252,0.6316124681968535
P02,S01,19,lean_right,3.5591467999620363,0.36672414437556183,0.06521220069076249,-0.842040101069322,0.02641322059692401,0.007143309700371578,0.3761440590204157,-0.5613255290811402,0.0039601745091948585,0.2888925500044166
P02,S01,19,lean_right,3.613271199981682,0.3691159252229512,0.05788102496438191,-0.830028466667216,0.00590421431090368,0.0005277956547951475,0.10952099230294987,-0.5600773924321756,0.009242346885617377,0.19253538396125996
P02,S01,19,lean_right,3.682158699957654,0.36676059899361513,0.07236030411778205,-0.8322648971716206,0.006344806238896278,0.0007192979793897423,0.09269386690487819,-0.5481287936393158,-0.03557261445628345,0.5425909646322464
P02,S01,19,lean_right,3.7603906999574974,0.3688066700047571,0.06679922679951368,-0.8336461436544538,0.011864067346131782,0.005820317389028899,0.16891869407741789,-0.5502925479999861,0.047002507139024756,0.6368471652738906
P02,S01,19,lean_right,3.818631300004199,0.36962720057274806,0.06991657788518868,-0.8281056812038184,0.002190301437687611,-0.0011727350651070771,0.04265920194497695,-0.5524010183016064,0.01112922897471035,0.2056737737657609
P02,S01,19,lean_right,3.8776158000109717,0.3694908838910025,0.07738382072801292,-0.8153418082772943,0.003310559135750161,-0.0011050118812454095,0.05916991556437519,-0.5553069843452659,-0.01010651705804127,0.17286623665719864
P02,S01,19,lean_right,3.950858199968934,0.36955755945021684,0.07472637343116731,-0.815271718645855,0.0029647684162954486,8.709470921551204e-06,0.04047902868674433,-0.5570756563161628,-0.011949015434967517,0.1635954024636194
P02,S01,20,lean_right,0.38745540007948875,0.3714336565622979,0.06293974615837533,-0.8089803818634577,0.0,0.0,0.0,-0.5572881783521404,0.0,0.0
P02,S01,20,lean_right,0.45548980007879436,0.3705813279589681,0.05508508257346518,-0.8137552950719183,0.0057794970742596485,0.0026095636401448716,0.09320763435102382,-0.5599670018849567,0.007421326668573346,0.5178744984040577
P02,S01,20,lean_right,0.5154621000401676,0.37139674945739715,0.04529559332990782,-0.81457762145516,0.002014242172306751,0.002714490536613062,0.056362387459141856,-0.5584818510195766,0.00019468517466123022,0.10438997353085867
P02,S01,20,lean_right,0.5680164000950754,0.3709637119148979,0.04373990933966784,-0.8163297099524075,0.001402894779138178,0.0003188598069233746,0.027375016949834158,-0.5599995649723408,0.006063213317621597,0.19170276051660573
P02,S01,20,lean_right,0.6157182001043111,0.37087132740425716,0.04179220952784253,-0.8168195334751884,0.0016747725050368025,0.0005271457252616858,0.0368073095081309,-0.559822562994821,-0.0033233102448217817,0.08969547158957433
P02,S01,20,lean_right,0.6733262001071125,0.37094451335698486,0.04125057536486613,-0.8166190909595715,0.00036531382731745405,0.0006859576550772866,0.013490648600933856,-0.560395449382222,0.005064971440115856,0.15590481933022296
P02,S01,20,lean_right,0.7283505001105368,0.3709585938953129,0.042346114573033326,-0.8160543242448998,0.001050829885723211,0.001459914425333501,0.03269056721006461,-0.5577039546481859,-0.00721364502842889,0.19669329650996514
P02,S01,20,lean_right,0.7930197000969201,0.371162115581704,0.04071314804322296,-0.816686092017288,-2.8745475270485416e-05,0.0001400338236640407,0.002210538373899086,-0.5574872578608432,-7.528407974117397e-05,0.08466977269791913
P02,S01,20,lean_right,0.85730000003241,0.37115491816337326,0.04250518475035872,-0.813773286554957,0.00012783151972224892,0.00040830607901233405,0.006655989201305321,-0.5581860837839764,-0.006639630071859247,0.1356551256151583
P02,S01,20,lean_right,0.9053887000773102,0.3711420255524297,0.04157414934264949,-0.8143923949681486,-4.898237171992265e-06,-0.00020195190963214008,0.004200806068595074,-0.5567730177499843,0.005479378116797162,0.12118074377381141
P02,S01,20,lean_right,0.9596075000008568,0.3710783742503531,0.042201656371299565,-0.8133481177286537,-0.0002549528050802296,-0.0006432247648094373,0.01276143513833943,-0.5568846108546412,-0.0028489439121994246,0.12101861570312361
P02,S01,20,lean_right,1.0315804000711069,0.37061606257221735,0.04228192115019457,-0.8194788112412839,0.00016134853804200265,-0.00017899917552030795,0.0033482823645164576,-0.5511820166568127,0.0008275731767805728,0.012517239102110547
P02,S01,20,lean_right,1.086560600087978,0.3707226096150559,0.04308661009114438,-0.8202371493096429,-0.0016963055081958493,-0.00045484557913710795,0.031942918088469004,-0.5514467891030249,0.0001534510537636535,0.09158928497689502
P02,S01,20,lean_right,1.151630400097929,0.3714243970933593,0.03807851139076786,-0.8188398050529119,-0.0054135724656504125,0.00010687691420128282,0.08321260193590738,-0.5536793198211689,0.0019758377673395736,0.05802902036287236
P02,S01,20,lean_right,1.1911318000638857,0.37044298284261074,0.03582685929809161,-0.8211427848656178,-0.0013174573524807516,-0.0002433627559388296,0.03391641782311789,-0.5529152901063221,0.0005748599512998051,0.09368476516849594
P02,S01,20,lean_right,1.2596857000607997,0.37200936504411936,0.029334280282005857,-0.8195280125507387,-0.0056968268717107725,0.0011012962692889708,0.0846385164915118,-0.5566443385971506,3.03313301840056e-05,0.06439632627755695
P02,S01,20,lean_right,1.3615780000109226,0.37296514281845866,0.014156147654934177,-0.814397479655318,-0.00753222216425392,0.002565636455978113,0.07809411779647273,-0.5533844810419751,-0.0363588177906822,0.42906841663100426
P02,S01,20,lean_right,1.4377752000000328,0.3719635383672737,0.01616253439798651,-0.8171264613234834,-0.0014601364573994607,-0.00123739834548273,0.025118200617270492,-0.5558065175502366,0.005186926957804311,0.09227954064831337
P02,S01,20,lean_right,1.500111100031063,0.37232494874287947,0.019519933527891217,-0.8204987705925526,-0.005342246621813055,-0.001530438414016251,0.08914835932127785,-0.5595531412929926,0.011217744282754015,0.18524991086952694
P02,S01,20,lean_right,1.5850477000931278,0.3726707158467464,0.009957972629882437,-0.8192679233561324,-0.005553127948517944,-0.0015644449860939443,0.06792467500586631,-0.5576266220208971,-0.0034431209476426606,0.07013075838343988
P02,S01,20,lean_right,1.6372552000684664,0.37161733232623867,0.011751640016535829,-0.8215455443445715,-0.003518370576550881,-0.0007839986952124684,0.06904490028970332,-0.5573425641821456,-0.0017508454017017053,0.04021263397181592
P02,S01,20,lean_right,1.6865959001006559,0.37248238577423926,0.011749271117157232,-0.8229714436184975,-0.0031525147239324517,-0.000762975531576713,0.06573739438869731,-0.5535511526070088,-0.0027192510665034544,0.0923307732007833
P02,S01,20,lean_right,1.7641317000379786,0.37318923246857216,0.006767326822135911,-0.833463001932392,-0.0008651068421517005,-0.0027448954471003648,0.03711828578333684,-0.5510652097553028,-0.004494210529280508,0.061184857090954205
P02,S01,20,lean_right,1.8265964000020176,0.3747189097830699,0.0021583920773752506,-0.8340567489679217,-0.0019375701600683843,-0.00020177388950387863,0.031186381336116138,-0.5518058467313439,0.0005709848714117459,0.022866934374473166
P02,S01,20,lean_right,1.8716298000654206,0.3769280331090828,0.0021507627514546703,-0.8276918140691107,0.0012895325746213491,-0.013607713526178443,0.3035231207341456,-0.5529806620558443,0.0030080183281193606,0.07946793401528719
P02,S01,20,lean_right,1.9540611000265926,0.3842779818819289,0.003814574599831152,-0.8327295611693288,0.005861769446164314,-0.037212692954547676,0.4570052773058006,-0.5598299059692617,0.012414324264771204,0.16012960559708853
P02,S01,20,lean_right,2.028405100107193,0.38897215314461137,-0.006990945449331178,-0.8286710645175666,0.002543798823629438,-0.005444944646247091,0.08083844189781758,-0.5585590603478175,0.0006405380771383976,0.11107121608651435
P02,S01,20,lean_right,2.1050529000349343,0.3984938116656805,-0.009867227278711577,-0.8252406926469528,0.0028514945897111124,-0.02740076297648806,0.3594197827557082,-0.5758671030045365,0.020147804786093255,0.2820968326491157
P02,S01,20,lean_right,2.1613879000069574,0.4099162664510445,-0.010363838917605237,-0.8400882408772287,0.0006841757153418572,-0.04128428447779575,0.7329360662660819,-0.5733555583084421,-0.0037553077660338846,0.29474800996167794
P02,S01,20,lean_right,2.228865100070834,0.41568839226343984,-0.01370142139524298,-0.8304843317423367,0.003443350517929085,-0.012341531483543075,0.18988468036154743,-0.5725503719365924,-0.001250230401900433,0.11552302677389106
P02,S01,20,lean_right,2.3066901001147926,0.42693187528975607,-0.011687934627971066,-0.8128486821039996,-0.002656739056983013,-0.015122938582778604,0.19729557483549168,-0.5682315437504399,-0.00947775976441646,0.2547950919237082
P02,S01,20,lean_right,2.3599001000402495,0.4371000116216182,-0.012528429634267644,-0.801642087211315,-0.0035664603935198474,-0.010658881114149992,0.21123329457184628,-0.5649036467540847,-0.005586565761900417,0.14328827827701912
P02,S01,20,lean_right,2.429165300098248,0.44379555330445497,-0.015620522015113705,-0.8012204991087527,0.001161147182680586,-0.004069420977575665,0.061096158586049255,-0.5580547434824543,-0.0018195939523795376,0.15058927430467473
P02,S01,20,lean_right,2.4880028000334278,0.4473146738217676,-0.042962872466004415,-0.7972108230363363,-0.0042501061553642935,-0.004332954293504884,0.1031556912008216,-0.5519087357465272,-0.007115926500020054,0.41665956502964335
P02,S01,20,lean_right,2.5601455001160502,0.4446932687449608,-0.1117413005826232,-0.7954424919492041,-0.021771003112813086,-0.019655823810248243,0.4065740282636452,-0.5428212143792052,-0.007995442959299354,0.6425038480150262
P02,S01,20,lean_right,2.61520510003902,0.4418410952260185,-0.11616678236371183,-0.791781746164596,-0.006063446338488318,-0.007855702463780518,0.1802334224922649,-0.5421260035797337,0.002736562196402563,0.282890152531887
P02,S01,20,lean_right,2.6931325000477955,0.42764771087534276,-0.1472590528682909,-0.8045031381094795,-0.04765245423281835,0.005692751414997512,0.6158461455633495,-0.547357363478061,0.007850470915225413,0.8663128790854423
P02,S01,20,lean_right,2.7752411001129076,0.4191383253615927,-0.17861852674331002,-0.8103979868174399,-0.05392329923566157,0.017257244726703286,0.6895433800945142,-0.5466570153024252,0.025043608006828415,0.6089127549212864
P02,S01,20,lean_right,2.848166900104843,0.41724139641327,-0.19468892645218064,-0.8079529413350649,-0.00951435100849383,0.0032871443015823096,0.1380333240100012,-0.5523549146466042,0.008386802913626897,0.573042600744005
P02,S01,20,lean_right,2.929620600072667,0.4150979968640162,-0.20175217810991042,-0.751237212888317,-0.035053077767361766,0.01413413011466987,0.46401078369416204,-0.5598373936165185,0.019687489340272212,0.3814795292242674
P02,S01,20,lean_right,2.9944692000281066,0.4127179521810319,-0.2353492165769915,-0.7272112885085927,-0.043503793469062635,0.018154182846692384,0.726919821763807,-0.564841265409586,0.012238360624736431,0.24808808954286957
P02,S01,20,lean_right,3.034557400038466,0.41205691882155987,-0.23750779184038898,-0.7239554715999337,-0.012185730310095535,0.004209285856919648,0.3215971287840585,-0.5580234442613836,-0.0012456049914146615,0.5496951108682229
P02,S01,20,lean_right,3.1123496000654995,0.4129100526252788,-0.24345555268349306,-0.7013360485268781,-0.02517762177019769,0.02309100475821089,0.4391564936314534,-0.5630300882512049,0.0005442623538560623,0.15828202179167133
P02,S01,20,lean_right,3.169888600008562,0.4064282384868383,-0.24329245588987367,-0.7131415455630227,-0.02137847254515945,0.011677680338355052,0.4233642042421414,-0.5687450698812963,-0.0011682998680721582,0.09423939211794867
P02,S01,20,lean_right,3.2106380000477657,0.4090465758406898,-0.24404257273263702,-0.7140085304417796,-0.007006354778453663,0.00523513995550343,0.21463339044437563,-0.5707823011731473,-0.0060892974645742875,0.25390487018386465
P02,S01,20,lean_right,3.2508066000882536,0.41185317920385617,-0.2517663538475403,-0.7136674163311552,-0.0014564022384774406,0.0047010385593762236,0.12252033695772173,-0.5679959070095651,-0.0039870775402866855,0.12423416315844213
P02,S01,20,lean_right,3.3240084000863135,0.4081684644477677,-0.2627350156356425,-0.7070901574356981,-0.011807125538058166,0.0025280630431545967,0.16495139141981968,-0.5688458519037232,0.001300691918693329,0.05832104880479772
P02,S01,20,lean_right,3.4052233000984415,0.4101415439694529,-0.260672769428818,-0.703241403941583,-0.012309434009443733,0.005624191667207977,0.1666372659300088,-0.5623451814198211,0.002605335364267506,0.15253789222778943
P02,S01,20,lean_right,3.4759606000734493,0.4107722065184972,-0.2652576001163327,-0.7037673576865793,0.0008198732504239804,0.0008430535967370163,0.016624625000300965,-0.5581785971238132,-0.002495334352618475,0.11717925010052907
P02,S01,20,lean_right,3.5571547000436112,0.4105528651317609,-0.26293591435430574,-0.7056751968052021,0.0012793386050105272,0.0006675078383099356,0.017772333904159828,-0.5649821711673624,-0.0008511698000471597,0.07034807513688411
P02,S01,20,lean_right,3.6257475001038983,0.4097950628192985,-0.2622660693541723,-0.7011438252764782,0.0005839449259483129,0.0015508593991964347,0.02415928706139603,-0.5689104708627541,-0.002019525374036583,0.02990103372106935
P02,S01,20,lean_right,3.671461900114082,0.4077000380801732,-0.24231692611173145,-0.7020849750374194,0.003376591115358951,-0.002912579159835681,0.09754480586536128,-0.5699930573202237,-0.005586395499615235,0.16258734091162472
P02,S01,20,lean_right,3.760176800074987,0.3998369266335272,-0.21947159708946057,-0.7276253361395838,0.023770616864710322,-0.01897158543540196,0.34281962767059193,-0.5661523752238228,-0.005649934222809323,0.31233857986610436
P02,S01,20,lean_right,3.8125256000785157,0.39856421955967086,-0.21623486677660617,-0.7317632069875526,0.012258539136750289,0.0018872261428134283,0.23692920365029294,-0.5684052047066037,-0.018943392766802077,0.5039408110522392
P02,S01,20,lean_right,3.8508297000080347,0.3972796545218785,-0.21947207552640782,-0.7338633603411864,0.004290407664976932,-0.0002804097310728761,0.11224807079238272,-0.5651537039616905,-0.004700877517228944,0.2818318736978458
P02,S01,20,lean_right,3.921051000012085,0.3931948603504272,-0.18034830314336692,-0.7367416471248405,0.03802511873171009,-0.015466485731079184,0.5845838158461802,-0.5528150712184682,-0.0035215397448575612,0.6867397703904239
P02,S01,21,lean_forward,0.4249193000141531,0.391639997285195,0.02903394103878237,-0.7892114491926637,0.0,0.0,0.0,-0.5593141162270635,0.0,0.0
P02,S01,21,lean_forward,0.5048109000781551,0.38493272307745807,0.020112379995989266,-0.8007362766109164,0.008556309872396565,-0.0019289730848369943,0.10978692730833362,-0.5459096032481013,-0.00798923616799711,0.8046491658035819
P02,S01,21,lean_forward,0.5571224000304937,0.38453769053758324,0.01983675230969604,-0.8030500767716687,0.0006751172556226729,0.0018005193528442126,0.036759188748878686,-0.5492917826077882,-0.0076539174427230515,0.20059211950095426
P02,S01,21,lean_forward,0.6089412000728771,0.3845664729630931,0.019426321821906928,-0.8067302352311405,0.001271242635066296,0.0039131551364101815,0.0794010527424555,-0.5535092584890907,0.009137346388636959,0.17840770537291037
P02,S01,21,lean_forward,0.6575953999999911,0.38498248139128394,0.018605430155105303,-0.8079878662356373,0.0007857333433509214,0.0022887676876367827,0.04973636693979524,-0.5499772289140467,0.003101527796012945,0.10102073179627474
P02,S01,21,lean_forward,0.7053517000749707,0.3848658951354547,0.02009906877496667,-0.809402369752185,0.00044517727752041783,0.0016957622543780884,0.03671187754490433,-0.5495838399244146,-0.005962683603894796,0.13922747457416537
P02,S01,21,lean_forward,0.762358000036329,0.38588720255718456,0.01835625991349147,-0.8079509951797083,0.0014204648687059203,0.0008177954326343341,0.028752218616518912,-0.5498047705215402,0.010390558549799225,0.19485535030505424
P02,S01,21,lean_forward,0.8646535000298172,0.38804668514205615,0.015559663929948932,-0.8115329646378374,0.001245671684555864,-0.0024403475925128754,0.02678406647438513,-0.5456621491762875,0.0025542743448672004,0.06553767321223637
P02,S01,21,lean_forward,0.9226253000088036,0.3880702621366925,0.015047831874837223,-0.8172681039558497,7.053731188363055e-05,-0.00025826562859515464,0.004618192762048229,-0.5421324311892614,-0.003255677995265621,0.07680304343131272
P02,S01,21,lean_forward,0.993655199999921,0.3906673086720462,0.01781690264516425,-0.8166348777494249,0.00037212156067355104,-0.005603564829699814,0.0790639880260401,-0.5436750015887092,0.0032487326833346908,0.04863410488053773
P02,S01,21,lean_forward,1.0547839000355452,0.39395414230748027,0.016051704752021455,-0.8260862720465757,0.0015983923053616228,-0.012816414689860419,0.2112870292324831,-0.5449459179747594,-0.002730177730539543,0.06323287098609975
P02,S01,21,lean_forward,1.0964129000203684,0.39566919217240515,0.01669120257974402,-0.8297602031045441,-0.0002646037665281622,-0.005245677402814497,0.12617038049355983,-0.5464732061642359,-0.001701000918379469,0.10135422139461073
P02,S01,21,lean_forward,1.1874631000682712,0.4017721913556397,0.02263445741194375,-0.8531655830011453,-0.0015017538069627178,-0.030961845646759342,0.3404522372764268,-0.5630204818499192,0.016565482871505943,0.2651575006488793
P02,S01,21,lean_forward,1.2655630999943241,0.40837642816302716,0.021626357725646972,-0.8369498777110902,0.0027354915106275715,-0.04665004061120872,0.5983377014133929,-0.5658150144666441,-0.0026086591706458474,0.18406519456631237
P02,S01,21,lean_forward,1.3279887000098825,0.4107160703125678,0.022054814829218703,-0.8362347766307515,-0.0004480332104920656,-0.005652496406854226,0.09083172300813278,-0.5674183842346674,-0.007499717351490003,0.20869490124777307
P02,S01,21,lean_forward,1.4061746000079438,0.4234519515851496,0.016463587051061556,-0.8362738745488043,0.002203510712711226,-0.025658734712322995,0.3293839044918665,-0.555445548599631,-0.01979475751534851,0.3540413550265033
P02,S01,21,lean_forward,1.477609800058417,0.43396227024171374,0.02609797886832076,-0.8337277970486131,-0.0030444963691323027,-0.019231311383055023,0.2725659930497353,-0.5548133728997006,-0.002672285429232473,0.16450258081517766
P02,S01,21,lean_forward,1.5533946000505239,0.4416429199225572,0.029154379218759054,-0.8192314362017875,3.7451724411366685e-05,-0.005740843247878575,0.07575352062271722,-0.5507436831877981,0.0005043184609350726,0.04449037985761501
P02,S01,21,lean_forward,1.6273624000605196,0.4496205428516737,0.03440937176426686,-0.8184872643010774,-0.0019177740148933649,-0.00424928823650447,0.06302751778513506,-0.5457431710885056,-0.00382140518737488,0.05399908782077105
P02,S01,21,lean_forward,1.7010426999768242,0.45947594980556705,0.03780650038525558,-0.8037657571319922,-0.0049799401018720026,-0.003033250395478447,0.07913902599335011,-0.5443842413228789,-0.0016817101931013278,0.05203871752635559
P02,S01,21,lean_forward,1.7595298000378534,0.46341114656392457,0.040675397232410225,-0.7969988262694424,-0.0034115571231827903,0.0009840832283769993,0.060708322202224003,-0.5493690437346284,-0.002800965099025897,0.08469317562542272
P02,S01,21,lean_forward,1.803588500013575,0.46591126311786446,0.03806766055787308,-0.7911521265345615,0.0007096030716137913,0.00019490337217354506,0.016702332050715425,-0.5537265258383859,0.004581345280325237,0.10440067250253064
P02,S01,21,lean_forward,1.8860423000296578,0.4681320593633233,0.03609424600297625,-0.7927312534818652,-0.001838596512463654,0.006402317670017219,0.08078571454733113,-0.5532286771821825,-0.0009452859873928528,0.016830439196049395
P02,S01,21,lean_forward,1.9570812999736518,0.4707868787309818,0.036789010804778983,-0.7850248938328233,-0.0025376042756642117,0.0023824797505119745,0.048997783540509654,-0.5514203918657897,-0.001668467984296854,0.05975923125729067
P02,S01,21,lean_forward,2.0154887000098825,0.47327581877237856,0.036318028624839696,-0.7779581880659358,-0.0012828940121627696,0.0004797077791516212,0.02344991128033557,-0.55202968788128,0.0015461285618905024,0.05868420013457361
P02,S01,21,lean_forward,2.062366500031203,0.4736959393593451,0.035850340054846906,-0.7734646611512761,-0.00018662000544497013,0.0008089540767000171,0.017709897098878477,-0.5528370133707169,0.00021137226389765043,0.03538644919959994
P02,S01,21,lean_forward,2.133735500043258,0.4742177452619565,0.03200063305439089,-0.7713458647061966,0.0004565862937237779,0.0007120364347944536,0.011851823360675027,-0.5521948560118078,-0.0002183715446860227,0.0889745435051112
P02,S01,21,lean_forward,2.2136172000318766,0.47427558432609046,0.036876978489076964,-0.7722632934647417,-0.0003298029546979025,0.0017998563458915921,0.022906662928834427,-0.5501815073012584,6.501878630320758e-05,0.09189914633633094
P02,S01,21,lean_forward,2.2924881000071764,0.4755173468037837,0.036960206376696905,-0.770451208363995,-0.0012308129496109842,0.0005620556830771855,0.017155544174286663,-0.5484927868804388,0.012390090663533866,0.2724466659825578
P02,S01,21,lean_forward,2.373882899992168,0.47610275063912444,0.037276990815153996,-0.7719612909648871,0.00047142920342516066,0.0020910956308210346,0.026335563834271426,-0.5485754029630786,-0.0019114842603038338,0.030933843217080828
P02,S01,21,lean_forward,2.4389242000179365,0.4760662958850338,0.036476311919485006,-0.7714815014162062,0.00026441182724564583,-0.0003048678540837633,0.006204622533798949,-0.5502025561453731,0.0003126167091771835,0.04652133727771539
P02,S01,21,lean_forward,2.509624700061977,0.4765623711326169,0.03724236791883841,-0.7694329325618605,-8.286024989729543e-05,0.00019648823032249226,0.003016174377074443,-0.551126038230073,-0.0017957521182497297,0.03552620799076437
P02,S01,21,lean_forward,2.582992500043474,0.47614901949468663,0.03703219232209418,-0.7713292545199103,0.0014088143543282577,0.001534339253260009,0.0283914169699381,-0.5520600807970795,0.0006991625355492336,0.07284769287555358
P02,S01,21,lean_forward,2.627510500024073,0.47598352381346304,0.03709622219657833,-0.7695109543319352,0.00022822106158809202,-0.001687458389810883,0.03825017714317523,-0.5551394689888348,0.004052394356494652,0.09996006920909208
P02,S01,21,lean_forward,2.7063759000739083,0.47356664488274103,0.03484036809680123,-0.7732905986220593,0.0019807416888995124,0.00011447264077612712,0.025157379260660005,-0.5536719850222652,-0.0071558996449808026,0.1043175362187137
P02,S01,21,lean_forward,2.774320699973032,0.46982275514434974,0.03192506378906155,-0.766981472843027,0.0029508769448351514,-0.0004165652876048203,0.043861111689561555,-0.5566712252501679,0.0033934277738764556,0.11466291762543526
P02,S01,21,lean_forward,2.829119600006379,0.4662260471164748,0.030984821222926354,-0.7697609842914116,0.0018563086457553898,-0.0002696889179215561,0.03423055699522979,-0.5571060557012466,0.001036174349010608,0.02032084540537404
P02,S01,21,lean_forward,2.9131003000074998,0.4516951774793788,0.031307320934105286,-0.7720671274835302,0.0034226851472052033,0.0004290603755583163,0.041074596358000655,-0.5653189080925911,0.003030950415789564,0.11010153780676245
P02,S01,21,lean_forward,2.9845392999704927,0.43827469544203146,0.031116257362403827,-0.7704581092586718,0.007221649516009181,0.007690095906056329,0.14767001133518992,-0.5769794160868249,0.008885609441179129,0.14106250867045053
P02,S01,21,lean_forward,3.028938499977812,0.4341825969949548,0.03346735208771014,-0.7768691321289527,6.726726529824681e-05,0.0040195623019034015,0.09054498999444156,-0.5753649644130069,-0.0017431593607025817,0.047489612442111494
P02,S01,21,lean_forward,3.081485499977134,0.4243357404742346,0.03570288604220179,-0.780696716930465,0.002039387338350417,0.020446407579942778,0.391037799267415,-0.5719838234939607,-0.0008984949223189833,0.24162623542667724
P02,S01,21,lean_forward,3.1440851000370458,0.41911650834857567,0.035698519204558195,-0.7895986025087818,-0.0005624602357361929,0.008315309730340125,0.13313680673764244,-0.5659599094818809,0.002182819253542663,0.1997912724068874
P02,S01,21,lean_forward,3.206266700057313,0.41002912899673183,0.039070867319159965,-0.7775524051366023,-8.841938930860767e-05,0.03011397954802664,0.48429293142282825,-0.5671018345146871,0.0032311880143293076,0.0858181607968921
P02,S01,21,lean_forward,3.2650972000556067,0.40481541305815893,0.04118468187292953,-0.7858889020476919,0.0005047723403305197,0.03995030313300073,0.6791288856596834,-0.5657222769817474,-0.024910178428788593,0.42647365414863914
P02,S01,21,lean_forward,3.3288396999705583,0.4005678877319113,0.04564365396753961,-0.7919417642553074,0.00025336980821393743,0.01541958581469827,0.24193697049029703,-0.563147544457435,0.018769519317675693,0.3248158722677066
P02,S01,21,lean_forward,3.391664099995978,0.393850194525309,0.046268527211212,-0.7869163702757908,0.001441687106377898,0.020481302054648955,0.32681537455953286,-0.5645515826916832,-0.007535258386839756,0.1540143338987598
P02,S01,21,lean_forward,3.455244400072843,0.3889572478641899,0.04521861689061782,-0.7883516336353296,0.0017170016654865124,0.014985090085495078,0.23722972225351074,-0.5662067038579518,-0.0022045541445339404,0.12219752148949141
P02,S01,21,lean_forward,3.4938252000138164,0.3889765169437491,0.045084710061077234,-0.8013631079808836,0.0001264568192634735,0.01923484455190202,0.49857079851257563,-0.5655448055743071,-0.0010850052446625177,0.04089328042582466
P02,S01,21,lean_forward,3.532018500030972,0.38748763077369736,0.044651495430713235,-0.801341194532982,0.000556763609031235,0.0014973164719740409,0.04182618401708845,-0.5624303304983588,0.009412461589140653,0.2655297853414191
P02,S01,21,lean_forward,3.594894399982877,0.3841046647959059,0.04327417681036091,-0.7976680540400134,0.0018675688311491504,0.006790750280009803,0.11201232953260572,-0.5569718663471362,0.0012128803866941693,0.10400521509404116
P02,S01,21,lean_forward,3.654047999996692,0.38218306066971774,0.04367590581626107,-0.8078297791814418,0.002184703748281598,0.004212045507591259,0.08021353151670645,-0.5471821802896506,-0.005813318020199636,0.1319086845154699
P02,S01,21,lean_forward,3.721631700056605,0.3793374229750001,0.04582100877635332,-0.8172436988134107,0.0029191688579362227,0.004287952769967599,0.0767537206168934,-0.5421893439910637,-0.0009574096561487901,0.06625676703801417
P02,S01,21,lean_forward,3.790529099991545,0.3781845008663206,0.048537340584815895,-0.8150971344943359,0.0003546952684727607,-0.0003872411795767932,0.007621953907723073,-0.542899778760778,-0.004132018185800103,0.10733961518645795
P02,S01,21,lean_forward,3.8359255000250414,0.37785863935604674,0.04792306570881688,-0.8176421127546443,0.0003501111137869831,0.00132433334345511,0.03017487869554686,-0.5371087667940554,0.002517816235939687,0.13403038799314673
P02,S01,21,lean_forward,3.9146824000636116,0.3774000599449464,0.04728275099178707,-0.8196427819076928,0.0007350290745187851,0.0012368672533506371,0.01826871178934141,-0.5353691316516196,0.0010892161999348782,0.045133645475016596
P02,S01,21,lean_forward,3.9924387000501156,0.3773050436902465,0.04542001207474729,-0.8193909859499363,0.0011223706310049086,0.0002881458222953592,0.014902564118086808,-0.529647243252406,-0.0009090810342629794,0.1391885243351628
P02,S01,22,lean_forward,0.3859004999976605,0.3927297913480861,0.040910696325249046,-0.8303711678592823,0.0,0.0,0.0,-0.5666776154055082,0.0,0.0
P02,S01,22,lean_forward,0.4733472999650985,0.39273815515285404,0.03897403852104088,-0.8364835381865727,0.0004005127984089956,-0.0006125311308748413,0.008369092045547468,-0.5674573431799631,0.0020656528077328544,0.06541427423491561
P02,S01,22,lean_forward,0.7469019000418484,0.3927586429819866,0.037890115827924974,-0.8378901884687889,0.0006120439019598491,-0.0029018590308269913,0.010841350111726733,-0.5675806313531989,0.0027418472268883817,0.02658412891444099
P02,S01,22,lean_forward,0.9386704999487847,0.39450085164794196,0.0389501537009398,-0.8357484619564174,-0.00019452677941694316,-0.0012893159395374637,0.006799382550065493,-0.5715303477277394,-0.01615826275212538,0.09588882570259592
P02,S01,22,lean_forward,1.0466922000050545,0.39561677798830985,0.033349086926490724,-0.8428490767818205,0.0011848105353295267,-0.0009035988282857115,0.013794043114800534,-0.5665598356563902,-0.002483522381907551,0.027685700416148047
P02,S01,22,lean_forward,1.17540830001235,0.3996617472404402,0.03755280523029833,-0.8509664137673436,-0.0021620496364116487,-0.002876270213688008,0.027954918164031454,-0.5604985917949529,-0.030400634490318466,0.2951166890434702
P02,S01,22,lean_forward,1.2969099000329152,0.4088098107206052,0.039906451545613036,-0.8396957848150587,-0.005029604414018107,-0.03379938197948982,0.2812436591718608,-0.5560606044596416,0.009430030252047743,0.11938300763926134
P02,S01,22,lean_forward,1.3988887999439612,0.4211994964549716,0.04758245046952236,-0.8350024598291621,-0.002612871502448403,-0.016489435253225004,0.1637119654659357,-0.5534757409134647,0.00025487121195708415,0.04517267402599855
P02,S01,22,lean_forward,1.465529300039634,0.43048160755565773,0.048463173510147714,-0.835757692115467,0.0021925546518441483,-0.013129228130393753,0.19974407888973153,-0.5485262791814514,-0.0024265056931485236,0.055122071919876316
P02,S01,22,lean_forward,1.539972999948077,0.43470929835207295,0.0500992923607912,-0.8404850183627904,0.0005130798480617504,-0.0029518544919822005,0.040246702741463,-0.549087619458526,0.0013376567420283674,0.04590502347579233
P02,S01,22,lean_forward,1.6116153999464586,0.4416315127854556,0.05344492367636545,-0.8257784413111268,0.00026571166459889205,-0.0017718834736185675,0.025008874216862226,-0.5429601698330785,0.0002977316782259317,0.045125102651852884
P02,S01,22,lean_forward,1.6835164999356493,0.44831292584970767,0.05340022666882857,-0.8112189600146006,6.770642469060424e-05,-0.0008988302093683456,0.012536340505956183,-0.5379110767545511,0.0038224180601680786,0.05357264435279768
P02,S01,22,lean_forward,1.7460712000029162,0.4535223078066789,0.05338220520365792,-0.8053181057488191,-0.0007378258357065873,0.00427982355305792,0.06942655184313079,-0.5360693775603543,0.0012680838625217647,0.05500290450406766
P02,S01,22,lean_forward,1.8128804999869317,0.4570042438690606,0.05469803547742229,-0.8006661272577449,-0.00282451006907256,0.0019400023098375661,0.05128900133016502,-0.528911085803898,0.0023534387515770543,0.03523697986385712
P02,S01,22,lean_forward,1.885656200000085,0.4585401749937772,0.048429080367605175,-0.7961996693488207,0.0009269107570299258,0.0008025448955443344,0.016847211926572146,-0.5344776025341232,0.002948901770537016,0.14139156602897776
P02,S01,22,lean_forward,1.9745030000340194,0.4602172535225761,0.04840238297832391,-0.7936353943905108,4.137976979344846e-05,0.0006874610894010153,0.0077516053709683706,-0.541277390119145,-0.0020376343667230174,0.03531361543131204
P02,S01,22,lean_forward,2.067628699936904,0.4632867917943834,0.05298457844779136,-0.7859455740373843,-0.00047403318541486896,-0.002159491658892272,0.023741109459649457,-0.5482064098188122,0.0023606947482796422,0.09386955205275985
P02,S01,22,lean_forward,2.140346599975601,0.46587739717168025,0.058905654333566565,-0.7845254756899224,-0.002031153357165767,0.0018530280237790584,0.03780936385659518,-0.5513414595266501,0.0011332777559076401,0.06438645961591183
P02,S01,22,lean_forward,2.2150044000009075,0.46674067755928805,0.06629094737946394,-0.7781299159305128,-0.0009481382412371256,0.003362318237394071,0.04679275127475707,-0.5543844723647473,0.001711540501470241,0.04235269472387394
P02,S01,22,lean_forward,2.2979226999450475,0.4696049323574432,0.06973222781139525,-0.774565646725445,-0.0025716608275233375,0.0006354504254671153,0.031947190568094946,-0.5580708440984161,0.002738634075395229,0.05906743786439695
P02,S01,22,lean_forward,2.376909299986437,0.4703806355785727,0.06912674754509164,-0.7657957044761167,0.0006021216635822842,-5.4994644498281975e-05,0.007654816246828624,-0.5608601553969412,-0.0024449197661955972,0.031220732534473356
P02,S01,22,lean_forward,2.4447187000187114,0.470852638008089,0.06982796604138707,-0.7652155166804845,-0.0001428870465180793,0.0003448277428263548,0.0055045436545252055,-0.5610294027628826,-0.0003498283504444909,0.020213318003379544
P02,S01,22,lean_forward,2.508780400035903,0.4712950963826876,0.06964741781953769,-0.763307103192533,0.00010563398586311666,-0.00043695351231016826,0.007017309526005616,-0.563549057991469,-0.002415722228587779,0.03929572246904608
P02,S01,22,lean_forward,2.5705736000090837,0.4714560863145793,0.06948440762550062,-0.7692582092144902,0.00044581220762728236,0.0065942278714009525,0.10695805654646316,-0.5657853530229617,0.0011604171879102472,0.05767259942224707
P02,S01,22,lean_forward,2.6315484000369906,0.47169136808176493,0.06830982197007533,-0.7692483782350179,0.00015921820389126502,0.00045042324426223347,0.007834971865494646,-0.5693414780955681,0.003175852685311544,0.07341839293491977
P02,S01,22,lean_forward,2.6990333000430837,0.4701215431015588,0.0682260922208634,-0.7712577931318546,0.0021333580007765122,0.00031918276331708136,0.031964234205127146,-0.5658590234844307,0.0022531049419944145,0.035725091555486234
P02,S01,22,lean_forward,2.7581602999707684,0.46887827508316626,0.06954553364334765,-0.7702387326768074,-0.0011207374651935624,-0.0029632088828767263,0.053580745067150555,-0.5675485683376048,0.0015463380806347848,0.044727947714811526
P02,S01,22,lean_forward,2.8129629000322893,0.4673124841613593,0.07140950772385418,-0.7709202039849635,0.0016511053155408757,-0.0002228896515185539,0.03040151008839436,-0.5647007802817535,-0.0010136293597495269,0.06910335341839997
P02,S01,22,lean_forward,2.8854072999674827,0.4636529897668661,0.06958625463377754,-0.771981487049457,0.0021865822616487078,-0.0016558453066709495,0.03786079425014875,-0.5621132612120847,-0.0008147814786272917,0.03121894268139131
P02,S01,22,lean_forward,2.947766699944623,0.4609982226284321,0.07035957862868863,-0.7737030139091501,0.0003316733286698807,-0.0024612546475235746,0.0398256219714141,-0.5620427867665506,0.0016751985827158603,0.03292739512405635
P02,S01,22,lean_forward,3.0094384000403807,0.45745757697499384,0.06407471361745756,-0.7775585403485287,0.001161584013290164,-0.0020713720528637556,0.03850775727409661,-0.5614853993715272,0.0048124014040834984,0.125850146267306
P02,S01,22,lean_forward,3.0618724999949336,0.44526923700237314,0.057246834152178835,-0.795234841787419,-0.00398905508294969,0.0020116786143027357,0.08520401227016632,-0.5645302261371484,0.000630818395354354,0.04409290954637288
P02,S01,22,lean_forward,3.117100300034508,0.4402662677418449,0.052416777356825255,-0.8014914058027116,0.0014810919246375806,8.231296985188747e-05,0.02685925326551847,-0.5626370415563594,-0.002796685974096003,0.05155493459138147
P02,S01,22,lean_forward,3.169099299935624,0.4288342835534542,0.05171571761203419,-0.790683130446744,0.0016836479521710219,0.0029460798707379916,0.06525581186718539,-0.5671697985256156,0.0010487782158036844,0.09134775243373384
P02,S01,22,lean_forward,3.268171999952756,0.41533903240058084,0.04318813890005308,-0.8049922805172935,0.0038634258232004316,0.01499296953766833,0.1562765383432829,-0.5695845101934527,0.009002707104732983,0.20868955546422183
P02,S01,22,lean_forward,3.317458500037901,0.41226261807620024,0.04591177428720229,-0.7923537867545328,-0.0005307867910818117,0.006715130622699578,0.13667181772826797,-0.5702935025119023,-0.008786711679951268,0.18022633676303423
P02,S01,22,lean_forward,3.3637748999753967,0.40974031639797365,0.048223733845979916,-0.7965005269740554,0.0003095223434094673,0.0019037569771823283,0.04164301860403543,-0.571451695218016,0.0068055703735272425,0.14999869112024034
P02,S01,22,lean_forward,3.409204800031148,0.4058664163457326,0.05433954830255779,-0.7987880447329994,-0.000710681558297751,0.004752538357979578,0.10577573935045316,-0.5676084098105053,-0.010360467417123674,0.2556466320336818
P02,S01,22,lean_forward,3.472549599944614,0.39924355890161756,0.057259302797964436,-0.8002064228454809,-0.0016990023848382015,0.008251476181103877,0.13299553032153033,-0.5591944579843626,0.03032581011826514,0.49868806621695466
P02,S01,22,lean_forward,3.5195516999810934,0.39531951347795247,0.05586758734194469,-0.807087756175764,0.0009969300725572775,0.005205537016793709,0.11276390007050961,-0.5640143563655794,0.005051530490277862,0.13863293924274384
P02,S01,22,lean_forward,3.566528599942103,0.3935871368673582,0.05980130611724199,-0.7884655521565987,-0.0012128412087963716,0.011567025809080226,0.24757779306336852,-0.5626536855833895,-0.00030048901184922356,0.17487500691834568
P02,S01,22,lean_forward,3.6259005999891087,0.3910422569121058,0.06024395258659672,-0.7841899641798306,0.0004748422104117293,0.0022025423129602723,0.037949642774424024,-0.5622453560212444,-0.0022161126968135623,0.037357322252427515
P02,S01,22,lean_forward,3.688914699945599,0.39029280800119676,0.06309923832190854,-0.7811558658344764,-0.001050087342307187,0.016665020514047002,0.2649894471513438,-0.5621194221395982,-0.000603173897172169,0.031428303021486526
P02,S01,22,lean_forward,3.7633357000304386,0.3855768632200924,0.06566589142935401,-0.7669651955765406,-0.0017666046525834924,0.008035361379181828,0.1105503436465847,-0.5661071669830946,-0.001923497556488974,0.0667440110703758
P02,S01,22,lean_forward,3.833290599985048,0.3842361887982886,0.06733604626477521,-0.7697480891436336,-0.001469887085169135,0.006782996431439565,0.09921296277411128,-0.5647218235068323,-0.002141708537823778,0.03674471993610205
P02,S01,22,lean_forward,3.893856400041841,0.3823046064478893,0.06389414644306207,-0.773704570452714,0.0005321946204917856,0.005253969976842738,0.08719203236708314,-0.5701268825516584,-0.006745797560442636,0.12018716383524629
P02,S01,22,lean_forward,3.9573853999609128,0.3816316836337429,0.06447637586183957,-0.7770200296724474,0.0003522723140039803,0.014118380889693551,0.22230438153320659,-0.5690248449041126,0.0017576728636960386,0.046111535040732614
P02,S01,23,lean_forward,0.4459465000545606,0.38714535315311027,0.06252727761939238,-0.8242168086719532,0.0,0.0,0.0,-0.5582885784971431,0.0,0.0
P02,S01,23,lean_forward,0.5455034000333399,0.38724416180751675,0.059680656379806026,-0.8249170937928995,-2.162576848635611e-05,0.0003865702316973906,0.003888978672439588,-0.5603144305316382,-0.0031869852152443625,0.09229937506063152
P02,S01,23,lean_forward,0.6126544000580907,0.3885050164261998,0.05619510114985723,-0.8171046917208263,-0.0006814172753936273,-0.005016391006089256,0.07538920771519358,-0.5617786173204288,0.0012905138186545583,0.02784586559935589
P02,S01,23,lean_forward,0.677941600093618,0.3900179651399408,0.049550344588930983,-0.8201029540394916,-0.0008983075994051612,-0.0038450866282806833,0.06048086076351128,-0.5703508972818698,0.02453483083193975,0.3849058462510981
P02,S01,23,lean_forward,0.7537750999908894,0.3927636215598995,0.049036569550098254,-0.8254672833618728,0.00011776346333197549,-0.02454108627036566,0.3236217351608154,-0.5652027154716941,-0.003942427994979446,0.08234811266196711
P02,S01,23,lean_forward,0.8123494000174105,0.39399558090749626,0.04831010643519827,-0.8330809986353985,0.00010007338769664542,-0.0007991499176228713,0.013749910436489474,-0.5677065237783419,0.0016077019595158524,0.12456286644499476
P02,S01,23,lean_forward,0.8731027999892831,0.3984310411626313,0.048525717987412474,-0.8296899094353747,-0.0010729570975264425,-0.0168170289155964,0.2773708544758939,-0.5657353736047788,8.391181323009636e-05,0.2797607333632505
P02,S01,23,lean_forward,0.9561766000697389,0.40670611622400477,0.041414163134291256,-0.8293955386843342,-0.0011618847244456712,-0.026704443121199288,0.3217585735787083,-0.557567839432753,-0.0071204797985916606,0.22791312871396416
P02,S01,23,lean_forward,1.0150337000377476,0.4108792240405593,0.038309380912338604,-0.8298462113612725,-0.002947888127731541,-0.0042960598867529025,0.08852286524252953,-0.5553369097820033,-0.00406504222696131,0.2485203453541854
P02,S01,23,lean_forward,1.0726062000030652,0.4203425398559769,0.03940336111005598,-0.8196270840044569,0.0008419739758824776,-0.011027515836205384,0.19209887312532944,-0.5541954213361544,-0.004200076635855464,0.0740569294779681
P02,S01,23,lean_forward,1.1508472000714391,0.42970041288061034,0.04262064383357666,-0.8373204111376341,-0.004105219148995792,-0.010744569573551145,0.14700876549597358,-0.548447810128955,-0.014543929161428848,0.23438615281853947
P02,S01,23,lean_forward,1.218208200065419,0.4345907999946041,0.04147273646823593,-0.8217222139268496,0.0006909334003871051,-0.005723044798045382,0.08557773079332094,-0.5455408382723536,-0.0005430763821336085,0.04341776052977189
P02,S01,23,lean_forward,1.2763851000927389,0.4415588158483902,0.05123413350130537,-0.8227897188430968,-0.005898251512557109,-0.00778719035089028,0.1679156648734733,-0.5405655749529913,-0.006274432073291005,0.17712037750688742
P02,S01,23,lean_forward,1.3569651000434533,0.4478090616276061,0.06857709704425248,-0.7997000218101171,-0.0038245761636693343,-0.009996952805899377,0.13283161774435506,-0.5395772257797009,0.0024032511011655828,0.04069537584661848
P02,S01,23,lean_forward,1.4206653999863192,0.4503469759327912,0.06982780325349718,-0.8016918591737521,-0.0014070086207052654,-0.004759105823311126,0.07790759703144047,-0.5429195184237047,0.0039870299095824775,0.06828017647184362
P02,S01,23,lean_forward,1.4774688000325114,0.4537591031891996,0.06908210504213685,-0.8088006099694807,-0.00023388196352797496,-0.002928746003268593,0.05172348414523414,-0.5471264637155436,-0.0015208449523809546,0.056703959534082374
P02,S01,23,lean_forward,1.5486030000029132,0.45666728611126367,0.06812439460999262,-0.8036457032270479,0.0006797530706296369,-0.005452022936163252,0.07723760176156884,-0.531969988990481,0.0039060108909600177,0.06682019938187203
P02,S01,23,lean_forward,1.6095884999958798,0.459130866841048,0.06891597971241761,-0.7968260576575315,0.0013402354229278427,-0.002259722280101077,0.04308032813864826,-0.5284714382846942,0.002039140971710343,0.06158809077697127
P02,S01,23,lean_forward,1.6702692999970168,0.46075735579122246,0.07243863543670635,-0.7884338052936495,-0.0003622792031324991,-0.005283577955129957,0.08727610041395299,-0.5437905360001751,-0.0029891123138095733,0.11889342089961556
P02,S01,23,lean_forward,1.7591488000471145,0.4619699658921082,0.07802432692642726,-0.7861328361696244,-0.0009752831203801738,0.0004578695559530549,0.01212219190809348,-0.5443270640646926,0.0003247344869500614,0.0764953719876967
P02,S01,23,lean_forward,1.8127136999974027,0.4632956552280092,0.07983575410185319,-0.7820303402883767,-0.0005296989534268367,-0.0006169260808598067,0.015180257979982202,-0.5434750987396024,-5.680334929180943e-05,0.08061793328036936
P02,S01,23,lean_forward,1.8681045999983326,0.46468643145032923,0.0800726550634674,-0.7807376962275691,-0.001007132418638736,0.0007203560560480329,0.02235450347239499,-0.5500684637212088,-0.003845662328922251,0.15253371389084877
P02,S01,23,lean_forward,1.9496508000884205,0.4650509229168402,0.07939135802792921,-0.7776433581254859,0.000339773357094952,0.00022496687477967353,0.004997163918246371,-0.5518668187453972,0.0029401375846570678,0.0594096243801682
P02,S01,23,lean_forward,2.004824300063774,0.4648475251356362,0.07922677202908718,-0.7781097626800659,0.0001688069971414937,0.001666303934373715,0.030355745240088116,-0.5543598274271522,-0.007036086880958242,0.1298363366814467
P02,S01,23,lean_forward,2.0610514000291005,0.4650329253200711,0.07945278135223054,-0.7776029912162769,0.00027586024501284417,5.668448988590095e-05,0.0050086857361870294,-0.5543760525292608,0.001814890322932263,0.05433938973819806
P02,S01,23,lean_forward,2.1379170999862254,0.4637605585215427,0.07791740200385786,-0.7737925018437819,0.0017601766609099197,-0.0005429522136517373,0.02396406883729767,-0.5471034993314415,0.0019004075849628449,0.03048958682309043
P02,S01,23,lean_forward,2.2007711000042036,0.4637053093552927,0.07757005162381544,-0.771582386318944,0.00036370371222716906,-0.0020926620819884676,0.033793119222924536,-0.543991395046461,0.0005579362178012435,0.009988726518255978
P02,S01,23,lean_forward,2.2549501000903547,0.46397557354114455,0.07858971412476101,-0.76664173987148,-3.853951469070493e-05,0.0020460307186672827,0.03777097496989579,-0.5477323411310796,0.004596533219213247,0.09158497851314329
P02,S01,23,lean_forward,2.349523900076747,0.46366413233054454,0.07978085673822777,-0.763528360454344,-0.00027346083459407793,0.0003595902313166222,0.00477678536520107,-0.5512441783075639,-0.0011798374094249683,0.01451678964789536
P02,S01,23,lean_forward,2.4037351000588387,0.46358949660323157,0.08663524404030853,-0.7655334830840533,8.514682988231292e-05,0.0022218533290996596,0.04101521914636086,-0.5521566724422062,0.0018688693137589106,0.03538329858853178
P02,S01,23,lean_forward,2.4579201000742614,0.4631307209333351,0.08458861211657605,-0.7655278904218127,0.00041470163378591433,7.174991413938933e-06,0.007654585186850878,-0.5546135159019983,0.002310809206092922,0.10150741132110036
P02,S01,23,lean_forward,2.51550199999474,0.46199182056738997,0.07811368923086047,-0.7675312784410797,0.000669209450657045,0.0002935129169548443,0.01269056703903888,-0.5408941763501772,0.0023522779973129625,0.044023823756107014
P02,S01,23,lean_forward,2.5869417000794783,0.45876595967039463,0.08051410898990456,-0.7692290953279729,-1.9228731427884723e-05,-0.0018777246010912429,0.026285427453436403,-0.5444375144894813,0.009806499382993081,0.17656821774446377
P02,S01,23,lean_forward,2.642307600006461,0.45745356376288915,0.07963594739419791,-0.7725980644769227,-0.0011327335065279803,0.0007361106510760711,0.024399583788331528,-0.5440362511508493,-0.0003191317798936866,0.017214965148409277
P02,S01,23,lean_forward,2.701243699993938,0.4552654457828356,0.07975001099509837,-0.768489834460923,0.000450669143416515,0.0005017290507249443,0.011443145226630268,-0.5440844515481597,-0.0005342161907217402,0.02122227095425874
P02,S01,23,lean_forward,2.7744814000325277,0.449125428807606,0.07968640701972157,-0.7746176075009945,-0.004054704527274101,0.0028991751166211072,0.06806003842478393,-0.5475123731296815,-0.0007797205483153455,0.024812743629605668
P02,S01,23,lean_forward,2.8368219999829307,0.44743474329063315,0.081104212632163,-0.7717105781212583,-0.000497654809016542,0.0003089902508234944,0.009396404659835857,-0.5453017583605998,-0.002398567658488202,0.04556650035757787
P02,S01,23,lean_forward,2.891327299992554,0.4416059706994457,0.06608896197121981,-0.7720270240989193,-0.0018614052133295667,0.0035558157489568635,0.07363612153180601,-0.5441292772550517,0.0025806261814231408,0.062315045466508436
P02,S01,23,lean_forward,2.944846300058998,0.43903042158882954,0.06399629015058884,-0.7688285818286167,-0.00012181449142220436,0.0013745792945410572,0.025784605558188962,-0.5564028651983456,-0.01051871476496857,0.1973417996910292
P02,S01,23,lean_forward,3.0014560000272468,0.4301184752543608,0.05206937048280199,-0.7925031494859152,0.0017942292243386861,0.011606781895009017,0.2074669752879642,-0.5552433563152499,0.004385048302263168,0.0850453587917566
P02,S01,23,lean_forward,3.0555196000495926,0.422361307663693,0.04542024700859819,-0.7864813185013596,0.003108432719387566,0.019521251012362514,0.3656283487485695,-0.5616786609819306,-0.003627785312227094,0.16643107148865469
P02,S01,23,lean_forward,3.117768199997954,0.41738476240204214,0.047905519180734435,-0.7718415320606642,0.0008531172672403275,0.013001041608334958,0.20930594369924307,-0.5677278535317469,-0.005059560555348841,0.09929677826959607
P02,S01,23,lean_forward,3.1806815000018105,0.41067402422654214,0.056300597767010796,-0.7823240152836565,-0.00275055751682143,0.014658851455257443,0.23706710242075466,-0.5709555322851353,0.0017595638666149623,0.14005190978861454
P02,S01,23,lean_forward,3.2615106999874115,0.40537487715573634,0.058289500564073435,-0.8071649840691513,-0.001036051447478442,0.03941568315747734,0.48781006435511765,-0.5765878083344353,0.005728718071810487,0.16667936630783006
P02,S01,23,lean_forward,3.3224533000029624,0.40315206240023266,0.05765461337302551,-0.8108389438049852,0.0010529631860568328,0.013462759724676936,0.22158350083736056,-0.5758230077119014,-0.0006749723504730485,0.056913477581270244
P02,S01,23,lean_forward,3.380321800010279,0.40073052406083143,0.05980696473618829,-0.8222487773681,-0.0017084644416740318,0.01619287394682571,0.281375051066768,-0.5742053831970528,0.005194427706053432,0.0964440727103374
P02,S01,23,lean_forward,3.452128699980676,0.399229509230347,0.06138488701124231,-0.8247318197225276,-0.0017367602230797718,0.01972167730482667,0.27571169658151296,-0.564273378739237,0.018928382456114966,0.26576847372226725
P02,S01,23,lean_forward,3.5043936000438407,0.39624838833421683,0.060244032103834326,-0.8139012374774461,0.0019942253429261585,0.0015545405850628238,0.04837937665440358,-0.5632289127953994,-0.0030808671291213344,0.05912778588136862
P02,S01,23,lean_forward,3.572696699993685,0.3939248909729976,0.06300848575357765,-0.7905517118103084,-0.0016890320051192187,0.008972285084191338,0.13366715563832854,-0.5660124012916847,-0.008180644881796883,0.12022229077501786
P02,S01,23,lean_forward,3.6602010000497103,0.3916327209857807,0.06772521766616968,-0.7933343189854721,-0.00404280080669608,0.022273928862649638,0.2587055449388165,-0.5584670091613596,0.013693278543597016,0.1574458005353597
P02,S01,23,lean_forward,3.7186043000547215,0.3904700555896189,0.06867622777031107,-0.7957829538437101,-0.0005747213758567968,0.004928178554807107,0.0849537135980088,-0.5556170018138764,0.002490936849485508,0.04270693388035136
P02,S01,23,lean_forward,3.777738200034946,0.38788458396581416,0.07116918390899014,-0.806627494926711,-0.0019677306318967793,0.004863296140534954,0.08871891062250278,-0.5581280673333631,0.00023353962597555432,0.023935853762119885
P02,S01,23,lean_forward,3.8541581000899896,0.38562784670394423,0.06459256471639503,-0.8188062810052091,-0.0004966566249339405,0.010729993380915464,0.14055869657178607,-0.5589802767729628,0.0046141914960947834,0.10956299053208071
P02,S01,23,lean_forward,3.910481100087054,0.3842983996497678,0.0638840605574957,-0.8137132653913459,0.0009896537104947154,0.009625655123145794,0.17180186767503183,-0.5655253999983676,-0.0025604211709923394,0.05801994351423245
P02,S01,23,lean_forward,3.9750781999900937,0.3804435786700881,0.06433924348331532,-0.7963420702031032,0.0017403455661960158,0.0018264756924549906,0.03905529394522423,-0.5649854378550356,-0.005562123116589875,0.13475509011215375
P02,S01,24,lean_forward,0.4564636000432074,0.381961677784913,0.027210689783575236,-0.8378839007756925,0.0,0.0,0.0,-0.5604523407457173,0.0,0.0
P02,S01,24,lean_forward,0.5309695000760257,0.3820089719148647,0.0279057477659734,-0.8419546572052091,0.0001723735204059235,-0.004967041094005131,0.06670654499520974,-0.5601425952666222,0.0023340435042340465,0.13376858223989804
P02,S01,24,lean_forward,0.5893264000769705,0.3827636201461891,0.028725379906632376,-0.8504529570195903,0.00010701981579712847,-0.0028900411224138337,0.04955749782678753,-0.560159351642202,-0.0014877795024717106,0.03863241966645078
P02,S01,24,lean_forward,0.636342600104399,0.38293730913663226,0.028372175269305078,-0.8536286715100989,0.0003428217282191152,-0.0011564104562106318,0.025654047476096935,-0.5624464616596299,0.01111373470090471,0.2437888961142911
P02,S01,24,lean_forward,0.6887133000418544,0.3845490092114126,0.030196018690589105,-0.8458876453121603,-0.0015769580506484555,-0.01882057738764872,0.36063156990265915,-0.5665748315176469,0.0061864416722702265,0.12006362408780302
P02,S01,24,lean_forward,0.7488783000735566,0.38508753977870375,0.028586777053901637,-0.8431706579267345,0.0007144740139899452,-0.008163360912444474,0.1362015685718866,-0.5649397069533113,-0.005208363847931619,0.08897244460060146
P02,S01,24,lean_forward,0.810766400070861,0.3883724963658354,0.03057574923553569,-0.858158024105448,-0.0018989582884169941,-0.020428084170196856,0.3315040566171569,-0.5681584674573498,0.006057979716945951,0.18781376089113277
P02,S01,24,lean_forward,0.8656637000385672,0.3919508078654902,0.03202520776620098,-0.855664427775892,0.00018157366800539888,-0.03158515014326076,0.575359299348669,-0.5662928595763939,-0.006022722545281178,0.2072420394429293
P02,S01,24,lean_forward,0.920680700102821,0.39532433843342896,0.02915080227841676,-0.8602379271952493,-0.0007564710161392901,-0.0059824874610359905,0.10960475403669713,-0.5558280185085195,-0.020639110293216682,0.4306923236601749
P02,S01,24,lean_forward,0.9666078001027927,0.4009473251612225,0.024632216749193848,-0.8628730394832724,-0.0007129711520779604,-0.02088443542528613,0.45499502251018226,-0.5523988904986509,-0.002708521898705676,0.2789391561998134
P02,S01,24,lean_forward,1.0568565001012757,0.4142893840492953,0.030092376692956422,-0.8527339478946825,-0.002065750231110003,-0.025352765229093164,0.2818520926516345,-0.5467920143467853,-0.01048380345566253,0.20766728075653496
P02,S01,24,lean_forward,1.1056481000268832,0.41731531095949087,0.024592548313456277,-0.8489419249316413,0.0014648878723669484,-0.004680499751611447,0.10051695763713965,-0.5489470433923448,-0.004551459485981137,0.17597058614884073
P02,S01,24,lean_forward,1.20122170005925,0.42640656625082324,0.027421907891750027,-0.843796361079372,-0.003161905025698541,-0.02357757933221151,0.2489039907337942,-0.546963475028665,-0.0014253020150653435,0.06566213991105728
P02,S01,24,lean_forward,1.2781893000937998,0.433065576662969,0.02880061522650153,-0.8423877588564882,0.0005377025063284578,-0.012648929311538003,0.1644893817680562,-0.5459344931905284,-0.00012993545217158018,0.14332218576410014
P02,S01,24,lean_forward,1.3269176000030711,0.43882509976935885,0.02712226347310461,-0.8344113888986331,0.0013483625002222767,0.000924172302962866,0.033546812406994315,-0.5354901601576474,0.0004907970220315018,0.10109754788222776
P02,S01,24,lean_forward,1.4034397000214085,0.44849690838947526,0.029472739761658096,-0.8189256210576796,-0.0017385472390220918,-0.008984614909632772,0.11958997402430346,-0.5307586560070957,-0.00014138930496464876,0.020701399144690383
P02,S01,24,lean_forward,1.457574800006114,0.4548747343729995,0.033356672154038244,-0.8067532200616545,-0.001612061710483891,-0.0055799414629864475,0.1072897242731588,-0.5264109227153638,-0.002356794640046051,0.05951284702959078
P02,S01,24,lean_forward,1.514663100009784,0.45671381732468885,0.03443091844843079,-0.8008407836595216,-6.753770632986107e-05,-0.001846585297174467,0.03236775239504353,-0.5273390800624805,0.002187674864985798,0.04148874159865767
P02,S01,24,lean_forward,1.5914009000407532,0.4605435915845439,0.03380751830177656,-0.7937829438135869,0.0006194801913013569,-0.0005826271704148925,0.011082121443417423,-0.5293997341023013,0.0022555840442709486,0.0706827121106947
P02,S01,24,lean_forward,1.6683873001020402,0.46445440014656014,0.03447726114641602,-0.7893256228196105,0.00026552016732184805,0.0006160606878823255,0.008713799356110205,-0.5369348819826079,-0.00047059686898940847,0.04701889708827041
P02,S01,24,lean_forward,1.7310555001022294,0.46869551313734503,0.04222610479752114,-0.7846783706931627,-0.0013428659521246607,0.00046894438169039126,0.022697182575164235,-0.5394297375253614,-0.0006773641741588742,0.06398250840873075
P02,S01,24,lean_forward,1.7774862000951543,0.47034196185612936,0.04336687440050706,-0.7812281508283042,-0.000835537451547973,0.00044075368846681833,0.02034563740730802,-0.5399706308115052,-0.002668359302628676,0.09805722383467516
P02,S01,24,lean_forward,1.8600206000264734,0.47099136778161926,0.046580333362692475,-0.7790077225513826,-0.0005780870647723367,0.002562034287722407,0.03182240726710203,-0.5449792567473192,0.0032749045455663286,0.06297343857753382
P02,S01,24,lean_forward,1.9322037000674754,0.4721087298421913,0.049345714224504976,-0.7788001701933959,-0.0011662996743112839,0.0014969061703553836,0.026289056912922836,-0.5535820142832343,-0.008300493499612795,0.11838834449440229
P02,S01,24,lean_forward,1.99405000009574,0.4725620572973835,0.04424817739572448,-0.7748261066744325,-0.0008425066490415904,0.00019039448872178912,0.013966106269322529,-0.5556800402278864,0.0013054897815412193,0.026618266355057554
P02,S01,24,lean_forward,2.0684732000809163,0.47260814301114323,0.04456414060706029,-0.7748978885778862,0.00013526212458869798,0.0002559575588370746,0.003889912898709051,-0.5556048043560177,0.0007188113898793061,0.025687503605377016
P02,S01,24,lean_forward,2.133317800005898,0.4729224647247341,0.043566512060249106,-0.7716100362647554,0.001081440812486933,-0.00016466434607705584,0.016869642148161314,-0.5540903940057667,0.00037205444939192957,0.04362401486488167
P02,S01,24,lean_forward,2.1984951000194997,0.4727895282725989,0.04272528273256762,-0.7706266481065756,0.00016564041285007684,-1.50653824264745e-05,0.0025518718576799855,-0.5534315361756397,0.00010266592988908165,0.015916897365829415
P02,S01,24,lean_forward,2.260458500008099,0.4733196392909454,0.04477994078032639,-0.7650621577169068,-0.0006972685912964427,0.0018974344409173108,0.03262401241713005,-0.5524959988409925,0.002260792596185898,0.06073145926805639
P02,S01,24,lean_forward,2.320433200104162,0.47337165350014937,0.053927695404020405,-0.7655916768146633,-1.564495266791455e-05,0.0005272065740085169,0.0087943525438923,-0.5535651012054381,0.0028684090824903836,0.07658993948937537
P02,S01,24,lean_forward,2.3775884000351653,0.473386389840998,0.05566887937924444,-0.766286608274164,-0.00023029157076274683,0.0007385950541794822,0.01353620611144177,-0.5529543589566822,0.00011226430836878008,0.034887436773532766
P02,S01,24,lean_forward,2.467745100031607,0.47271977393057996,0.0581850085365258,-0.7632183165102382,0.0004600190384977429,0.001298020623377535,0.01527480098038393,-0.5547624858379483,0.003600868624873882,0.03996920474728666
P02,S01,24,lean_forward,2.521826700074598,0.47259040619799003,0.05888066177186408,-0.7616323810640444,-6.563139373590993e-05,-0.0009713383211282448,0.01800155850789085,-0.5536991978439318,-0.005100393092346679,0.1021065245831369
P02,S01,24,lean_forward,2.5801234000828117,0.4709461911235138,0.06024446285969022,-0.7643754125337758,0.000805403281219694,0.00016655769598068984,0.014107918304521365,-0.5499009914517793,0.0024049131549813366,0.06919428868824266
P02,S01,24,lean_forward,2.658128200098872,0.4688675353076908,0.06093811482777716,-0.7678909980817886,0.0022937745248217865,8.765248066420716e-05,0.02942701801174935,-0.5497640074549045,0.004236321577647605,0.057197598945186945
P02,S01,24,lean_forward,2.720683900057338,0.4683110854003279,0.06369037640475268,-0.7665350384930483,0.0006453516919747178,-0.0024664767653639792,0.04075579202589613,-0.5506395048412035,0.0018640586819158624,0.03418876731742399
P02,S01,24,lean_forward,2.7704170000506565,0.46692646818539607,0.07466823375056227,-0.7660159529377399,0.000525292802963025,0.0011266030698785364,0.024994369292167546,-0.5506277483854741,0.00019280395832907052,0.006228111416786848
P02,S01,24,lean_forward,2.8644982000114396,0.4649806740988843,0.0740262131377831,-0.7636079016896448,0.0008556506238603845,0.0006370911761177694,0.011338946381711252,-0.549513838537056,0.002420240395848117,0.0594274339843844
P02,S01,24,lean_forward,2.9087848000926897,0.4633057869515161,0.0755496803897966,-0.7689091931073956,0.0015859101655993889,0.00240281037237825,0.06500825061965013,-0.5475324378850512,4.334129743407034e-05,0.034194090772617
P02,S01,24,lean_forward,2.947184400050901,0.4629597149153937,0.07596329935092547,-0.7683872701678364,0.000277192153154985,-0.0004028491626669522,0.012734559259657063,-0.5464708053279858,0.0009354771370556496,0.05570373004317164
P02,S01,24,lean_forward,3.0056790000526235,0.4597474602448855,0.08253256696593456,-0.7735531911073469,0.001199132803028714,0.001217056430351872,0.029208692756253145,-0.5413254428870813,0.0007123657619829092,0.038885051156758166
P02,S01,24,lean_forward,3.074650200083852,0.4514364961645433,0.08262035791006396,-0.779473004577427,0.0007061140226079611,0.00388461737400152,0.05724522213722371,-0.5437574313342305,0.0011880983221933146,0.10466355139932026
P02,S01,24,lean_forward,3.1451621000887826,0.4483741400073554,0.07804753836754882,-0.7734620952964464,0.0009806287297024977,2.592233738326323e-05,0.013912138101348082,-0.5450916837750709,0.0003435743014015662,0.024881651269455407
P02,S01,24,lean_forward,3.2011923000682145,0.43867434384126536,0.058025566850370365,-0.7794242737992899,0.0011022816527317284,0.009700689979162451,0.17424736695133478,-0.5515174382263823,0.0020125679320083627,0.07990279389891902
P02,S01,24,lean_forward,3.2626796000404283,0.43136570039993033,0.05971287844898028,-0.7895752424896733,-0.0018156750357844473,0.0009871336128037208,0.033611267063392916,-0.5551702278926027,0.00016654399519457164,0.0798336737402299
P02,S01,24,lean_forward,3.3258171000052243,0.4236627934395656,0.04760127428070389,-0.8149340534498614,0.003594987830815084,0.026095888320454043,0.4172219127979204,-0.5569826595333354,0.0011911945154188337,0.12211225392608331
P02,S01,24,lean_forward,3.38582550000865,0.41218625929791697,0.05379191228810093,-0.8099323311991801,-0.0018713474567351453,0.028271720442400367,0.4721603374642684,-0.5678974693181004,-0.0007724021080889815,0.28571973003661605
P02,S01,24,lean_forward,3.4361945000709966,0.40960658730567323,0.05495165924755572,-0.8117594242601937,0.00023155362715898068,0.02098548877316051,0.4166603702327131,-0.5709992913584236,-0.010236528944974468,0.20869566336468134
P02,S01,24,lean_forward,3.4965271000983194,0.40230466740562865,0.05975900058265328,-0.8204006727443964,-0.0027608497814099104,0.024364949350790914,0.40642819369110256,-0.5744371383237649,-0.011961382271524311,0.23399015828506084
P02,S01,24,lean_forward,3.5561543999938294,0.39853273436469683,0.06556720192931279,-0.8330774398408314,-0.0032821738821618013,0.03576141979224212,0.6022698082177195,-0.5727972539151881,-0.006705288478184794,0.16335832429881367
P02,S01,24,lean_forward,3.6037629999918863,0.39590385034373254,0.06960178509486514,-0.8302377293860427,0.0009771664169944015,0.011950622578873984,0.2518558832726452,-0.5712277863548286,-0.0017047427395181565,0.053860003034431496
P02,S01,24,lean_forward,3.6770077000837773,0.3923509558990089,0.061311624988926235,-0.8346162017642387,0.0024951171195927812,0.02024221064332922,0.27845576267170635,-0.5607027802363366,0.013793626294810783,0.19136554446278312
P02,S01,24,lean_forward,3.7624042000388727,0.3891136059774205,0.061452675553805305,-0.8306037300835776,0.00047229399892633747,0.016021156035905502,0.18769054941829497,-0.5588464151174969,0.017520087874336163,0.20561948667780003
P02,S01,24,lean_forward,3.820363500039093,0.3852567804092759,0.05885891824970491,-0.8311570194426829,0.0034097820834470094,0.0025892173307860943,0.07386962975312966,-0.5619718945643225,0.0036671309142671687,0.0723555576778294
P02,S01,24,lean_forward,3.864344900008291,0.3832521053004952,0.05496330669272807,-0.8389553005357461,0.002464578257215368,0.005816883698893747,0.14363932272807975,-0.5700355003126092,0.017273157912988002,0.415680833822272
P02,S01,24,lean_forward,3.95384740002919,0.378576426969013,0.0583823385942253,-0.8286884044250702,-0.001340046544646763,0.0006113556449244683,0.016456698239398427,-0.5692613426177852,-0.00029777058955051376,0.010031637027759797
P02,S01,25,lean_forward,0.40052099991589785,0.3782432160895045,0.041027601643246,-0.8236006307214692,0.0,0.0,0.0,-0.5581379448742857,0.0,0.0
P02,S01,25,lean_forward,0.47745150001719594,0.3782148297492496,0.04374241255320153,-0.839471555064549,5.137586542986657e-05,-0.0005624554101815761,0.007341651563238943,-0.5531457817458002,0.011022899380457182,0.18181437329217592
P02,S01,25,lean_forward,0.5370302000083029,0.37806089983790736,0.03711269501907412,-0.8456293072322164,0.00011020353259451382,0.0008179340874110697,0.01385268189111826,-0.5551057607719867,0.0024946250991717566,0.05136655899495424
P02,S01,25,lean_forward,0.5905253000091761,0.3782041214371616,0.03841648488314221,-0.8566648043583465,0.00015208317135647243,-0.0009759326825129073,0.018463587161311305,-0.5586895415934148,0.002252995192733971,0.10953958610137438
P02,S01,25,lean_forward,0.6685868999920785,0.3810355502130407,0.031976472698981365,-0.8568041708214869,0.0031081078590731934,-0.009074077818192323,0.12287248185816853,-0.5632421357281716,-0.01024027571355934,0.14537398429669374
P02,S01,25,lean_forward,0.7235619999701157,0.38165351083113064,0.030190103466564863,-0.8595433115855686,-0.0005874123093305801,-0.0017507971269526002,0.033591782806504177,-0.5613861285595261,0.0014141251917402595,0.036508564685798356
P02,S01,25,lean_forward,0.7873646999942139,0.38388926411611907,0.030459461858159394,-0.8675388911610463,3.536165013327659e-05,-0.024980385718848173,0.39152591877715637,-0.5663837416216297,-0.004408183323138597,0.06912079591254851
P02,S01,25,lean_forward,0.8686478999443352,0.38902091052380267,0.030231183826274946,-0.857587398610514,-0.0001801066678887038,-0.03187344101025204,0.3921345356539836,-0.5642245442555306,0.0014158728348612826,0.2337512980750229
P02,S01,25,lean_forward,0.9227420999668539,0.389716312323029,0.036915938215048925,-0.8556820046380776,-0.00041172437145087383,-0.011733303396140775,0.21703851653900408,-0.5625625209490042,-0.007060329874169684,0.29348423079914626
P02,S01,25,lean_forward,0.993837199988775,0.3950843011000588,0.04312580982922364,-0.8675788701999035,-0.0021053676814941566,-0.01871156323250083,0.26485138156391813,-0.5620840957896411,-0.0005358790069200776,0.15770587434793443
P02,S01,25,lean_forward,1.065349999931641,0.40563948648557824,0.03959329942044672,-0.8496693718259024,-0.00022459770947970488,-0.02750355810972751,0.3846091212171939,-0.5571324511697044,-0.01502100947033115,0.35062277229585936
P02,S01,25,lean_forward,1.1299069999950007,0.41027838089013996,0.03818566559533206,-0.8521680405061389,-0.0012505940046720293,-0.005786880142665576,0.0917091899252758,-0.5573314763603912,-0.0038967645263123397,0.06857355677640703
P02,S01,25,lean_forward,1.186995800002478,0.41545849996050355,0.041205091059838266,-0.863576411555934,-0.0029398928646115706,-0.01325026682656987,0.23774351658667753,-0.5553634550654163,5.823203779590454e-05,0.007119565502100232
P02,S01,25,lean_forward,1.2672204999253154,0.4237973483169844,0.04229016794003654,-0.8472965784164114,-0.0019117416342697327,-0.015402088474408247,0.19346011673650376,-0.5539876006133914,-0.000545783175557202,0.015163099288658355
P02,S01,25,lean_forward,1.3406635000137612,0.43085216137214966,0.03901521875389486,-0.8432437835493262,0.0013242720201178226,-0.0040778862718216825,0.058378918609818496,-0.5327962294603908,0.0023145650994628613,0.045020102368104324
P02,S01,25,lean_forward,1.4128634999506176,0.4376000016473489,0.036975276777753,-0.852594724362365,-0.0004555137855112202,0.0003055827697673387,0.0075972229489589885,-0.5298889053915825,-0.0027876350272995603,0.1713877343663598
P02,S01,25,lean_forward,1.4652707999339327,0.444738556114153,0.04112920132087298,-0.8371062224473205,-0.000834385982750595,0.0012629540711480917,0.02888316182248921,-0.5262869789145358,-0.002862672506322267,0.16192274606199647
P02,S01,25,lean_forward,1.5049207999836653,0.44862005838290114,0.043396180215972205,-0.8287906729365393,-0.0017596268839399738,0.00027967491624083694,0.04493604066237641,-0.5266134690838356,-0.0005078820612080027,0.13026179766826163
P02,S01,25,lean_forward,1.585522499983199,0.45122669017224404,0.03838823279387859,-0.8217763538014875,0.0006944217272799588,-6.875528039741651e-05,0.008657598849173732,-0.5254943881594206,-0.002186394631228819,0.03161381271856373
P02,S01,25,lean_forward,1.6703904999885708,0.45318928304705636,0.03500283994574043,-0.8209140911625186,-7.431028393184429e-05,0.004048529486708019,0.047711874997582636,-0.5346251678563364,-0.0008995090941220188,0.010882993947192277
P02,S01,25,lean_forward,1.7108400999568403,0.4538743895220405,0.03596333403402227,-0.8176904478317608,-0.0002843495030328151,-0.00017104963754773888,0.0082035969319677,-0.5375843156497966,0.0033275334401587533,0.08230865730133712
P02,S01,25,lean_forward,1.7814769999822602,0.45511231405617586,0.03508177364412337,-0.816126434218583,0.0002809567226709312,0.002191665435514135,0.03128110703368589,-0.5260832564032656,-0.0008527573154351369,0.030580760513031328
P02,S01,25,lean_forward,1.8611955000087619,0.4552133419155351,0.03663578140287912,-0.8139198953019138,0.0001388268286627546,-0.0014526896963913518,0.01830576513310355,-0.5306708356317558,0.002802010495373031,0.07037845726651434
P02,S01,25,lean_forward,1.9106534000020474,0.4547796304137833,0.03416247487031361,-0.8105903411962413,0.0006031177646316168,-0.0035288631091880875,0.07238543383421034,-0.5308778204499162,-0.00017802480757117274,0.035442479480655535
P02,S01,25,lean_forward,1.9936148999258876,0.45543748252493094,0.03455191496552035,-0.812339310021671,0.00040717981758842765,0.005597520092620601,0.0676495757348354,-0.5315548056895206,-0.006159051573320374,0.07965042396491338
P02,S01,25,lean_forward,2.067508599953726,0.4573735288523277,0.0358747811033112,-0.8104774402655293,-0.001113742189430799,0.004584636562723476,0.06384817313402986,-0.5301540650748091,0.0003941111618677116,0.008733244311712046
P02,S01,25,lean_forward,2.1376424999907613,0.4573346440770216,0.03597965203787581,-0.8076036841310946,2.3133660623904196e-06,-0.0004688639103915231,0.006685349269930415,-0.5321716197632734,0.002539983695378279,0.037736263818244145
P02,S01,25,lean_forward,2.201988899963908,0.456918137398361,0.04215129508332887,-0.8036136502409919,0.00023947227673964478,-0.003754656573748509,0.05846924776699405,-0.531721247920581,-0.0013427775537084375,0.021990110181151264
P02,S01,25,lean_forward,2.261733799939975,0.45627965708831253,0.04405032538993533,-0.8033308645774284,0.0006982597679650479,0.0001358570990475001,0.011906514823998848,-0.533279971684119,-6.245800929307132e-05,0.0077175783918730124
P02,S01,25,lean_forward,2.3294011999387294,0.45614611513302245,0.04409967857245559,-0.8037437927734766,-8.349817470300603e-05,0.00041167605540191,0.00620769339230154,-0.5356603902998531,0.0017824071116607837,0.03422674459902715
P02,S01,25,lean_forward,2.4133294000057504,0.4562205030152076,0.048206650247469805,-0.8037065135090333,0.0003460559133256517,-0.0010050156161425488,0.01266470290108074,-0.5347808942740112,0.00023827360470881042,0.04131340456720994
P02,S01,25,lean_forward,2.5208714000182226,0.4553289656480476,0.04032780517483979,-0.80251095576958,-0.00033226853772812243,-0.0023144583399200506,0.02174208482806123,-0.5339483579967046,0.000875939859563818,0.027514285084476446
P02,S01,25,lean_forward,2.583268699934706,0.45384275321935824,0.03895006077630125,-0.8042150986196429,0.0015522277079520709,0.00021932653120229785,0.025123624293080772,-0.53681166573899,-0.0011117071875538103,0.1830705998328406
P02,S01,25,lean_forward,2.6457202999154106,0.45391724684855606,0.03749671213642014,-0.8052069478037929,-6.007510217790694e-06,0.00084715742448255,0.013565364622006413,-0.5324495313049911,0.0017111140040616073,0.03905100497783586
P02,S01,25,lean_forward,2.687680699978955,0.45352842803655186,0.046349103304263256,-0.8061462836496076,-0.0006727280068526186,0.0007490526544676921,0.02399401137990362,-0.5414560061295172,-0.0068258743369248595,0.1827046801237125
P02,S01,25,lean_forward,2.769676399999298,0.4515051020863627,0.04385941391458316,-0.80180654841505,0.0008305942104145517,0.00042726080375200804,0.011391380076077458,-0.5386276941322466,0.003045662102462569,0.040549899712943864
P02,S01,25,lean_forward,2.8140921000158414,0.44923838552264567,0.04193681597896106,-0.8020278318254301,-1.9172162147327854e-05,-0.00212598712918829,0.047867613793412984,-0.5398303844522958,-0.00027695096696086764,0.04005746368331502
P02,S01,25,lean_forward,2.8774408999597654,0.4434224743878475,0.04110489026650132,-0.8129804640200624,-0.0013827738020065667,0.0024018755401141578,0.04374943564391208,-0.5442393862840975,0.0036402309149854845,0.1465224300248964
P02,S01,25,lean_forward,2.928860199986957,0.4394296963276505,0.03691389426903967,-0.8161424152808296,0.003128727186715267,0.0012940821210581262,0.06584670039779797,-0.5458247943424435,0.000100595363133046,0.060941549530224196
P02,S01,25,lean_forward,3.004239499918185,0.4319997672356224,0.04321618471504024,-0.7871980018799255,-0.0030686750433511563,0.0022553195566124722,0.05052197384895561,-0.5528799243386656,-0.004123446672221242,0.0551575306942118
P02,S01,25,lean_forward,3.0968142999336123,0.41934069928646656,0.041334964770960006,-0.8104639363282319,0.0029331082085651216,0.013833104308873844,0.15274834007926277,-0.5540873577662572,0.00391058263760376,0.11330083572517145
P02,S01,25,lean_forward,3.179195999982767,0.41154988395220315,0.050906045182825085,-0.8031274107151231,-0.0022340342754862104,0.020073830419942318,0.24517291665157764,-0.5721306135430108,-0.018695550510569873,0.2944936213689068
P02,S01,25,lean_forward,3.230649199918844,0.4107354905869538,0.050778384748223916,-0.8145855961352965,0.00019130030098658935,0.019325865301527436,0.3756192445040189,-0.5736192475270457,0.0008798791011377865,0.10251841767669348
P02,S01,25,lean_forward,3.3205042999470606,0.4030384382316886,0.052183954838663525,-0.8050009372734888,0.0012174159813237322,0.013213666243354488,0.14767809373072652,-0.5761112508420729,-0.004896160082664121,0.11878989137365256
P02,S01,25,lean_forward,3.3907275999663398,0.40114738154991975,0.05665045027502572,-0.8222539306123745,-0.0003856534097687352,0.04015587340795401,0.5718575635810751,-0.5647542130027511,0.025861470215091192,0.508016708735505
P02,S01,25,lean_forward,3.469250399968587,0.3939949919403997,0.058695436683820074,-0.7890009475969827,-0.0007653015975470052,0.01860815611609103,0.23717807856192752,-0.5653468378354877,0.00448621627331375,0.13016798501302945
P02,S01,25,lean_forward,3.5564597999909893,0.3871799062837844,0.059645031437405634,-0.7914382790415966,0.0010483310811633811,0.01521028757475466,0.17482486486267945,-0.5612990463628569,0.007865780075738918,0.09184197802787059
P02,S01,25,lean_forward,3.602529799914919,0.38544515875737667,0.05715201563088761,-0.7992208776834365,0.0015707401313791787,0.009659645882031187,0.21242718682956013,-0.562734209312727,0.005995202328872192,0.1665415714908733
P02,S01,25,lean_forward,3.6850333999609575,0.3792378319029954,0.058718116975757656,-0.7991352503910368,-0.0006942965499355508,0.004814025167232813,0.058952997128049245,-0.5620222348963009,0.012706017307294686,0.17892385046837406
P02,S01,25,lean_forward,3.767929899971932,0.37787791783920266,0.053319147057639085,-0.7880714247043439,0.0002674794466843618,0.01724274331391872,0.20802829836105652,-0.5646121441421916,-0.006557279656742318,0.08081271718611781
P02,S01,25,lean_forward,3.815535999950953,0.37693508622079347,0.05045137057570553,-0.7977259224480574,0.00098182751603447,0.004179526989258668,0.09018383627402339,-0.5572495815649902,-0.0016229258841207676,0.10821025936151589
P02,S01,25,lean_forward,3.880672200000845,0.3759161437402789,0.04945684772571123,-0.8019107751210296,0.0011642543495734542,0.003094028429457846,0.05075254929257045,-0.5557305837475084,-0.0008069434289029623,0.03770360787174441
P02,S01,25,lean_forward,3.9566994999768212,0.37583174251944884,0.042599368828013386,-0.810070596141082,-9.575110404965286e-05,0.006338128360732674,0.083375992373571,-0.557376280119278,0.012151628176086436,0.16027127219660492
