participant_id,session_id,trial_id,movement_label,timestamp,shoulder_width,head_offset_x,head_offset_y,torso_dx,torso_dy,movement_speed,head_offset_z,torso_dz,movement_speed_3d
P02,session_02,001,neutral,0.0006983280181884766,0.6099659589028247,0.022814999836877303,-0.8349508880438364,0.0,0.0,0.0,-1.8423311957263966,0.0,0.0
P02,session_02,001,neutral,0.06601929664611816,0.6071993973737534,0.036834457902525965,-0.838659485728439,-0.002511493576234716,0.0012703792423000532,0.04308738069510333,-1.8722560967656778,0.034651639309719075,0.5322295974210579
P02,session_02,001,neutral,0.09639143943786621,0.6053111302374012,0.04749115596656021,-0.8415457843587396,-0.0018836710499336913,0.0004488236830862158,0.06375591350018125,-1.8710192292414114,-0.07694753650948648,2.5342926318726393
P02,session_02,001,neutral,0.14475107192993164,0.60220495238688,0.05219310249076867,-0.8412674590413928,-0.002626994717421556,-0.0003184101052016011,0.054719628505601754,-1.8989554308875012,0.02228514417984498,0.4640586405761733
P02,session_02,001,neutral,0.1766955852508545,0.5975340828582842,0.05687983716670177,-0.8463921925858053,-0.003919143454611811,-0.0009175599195007984,0.1260035260969125,-1.8907772022645684,0.04060261247525632,1.2772659437759164
P02,session_02,001,neutral,0.20865988731384277,0.5973606982532152,0.05657991930775271,-0.8466254362494375,0.0002376011022928641,-0.00014747482590608008,0.008748765598691297,-1.9213093906787078,-0.0013038251353956348,0.04171772046286436
P02,session_02,001,neutral,0.24193215370178223,0.5953787650152997,0.05824140369062026,-0.8488647862393505,-0.0014308903629980305,-0.0007509411936260708,0.048568085179514,-1.9156157454653489,0.006639362319075562,0.20537195704912944
P02,session_02,001,neutral,0.2758033275604248,0.5950568667895922,0.05451618502510149,-0.8503274487990007,0.0003040923667241242,0.0011868704914774647,0.03617257650532052,-1.8770388375100677,0.046299868957349014,1.3674187173718064
P02,session_02,001,neutral,0.30449962615966797,0.5958632670814766,0.05637687608945236,-0.8506537781683531,-0.0008949500415693666,0.0007446288439313007,0.04057038137673292,-1.8704390598740563,-0.008354042415866684,0.29393251374437973
P02,session_02,001,neutral,0.3370516300201416,0.5950679838758925,0.05973509803857145,-0.8509013811838411,-0.0006798034585479361,-0.00032578480507260886,0.023157893701586663,-1.862981652018398,-0.0161250957957326,0.4959051636707194
P02,session_02,001,neutral,0.36877012252807617,0.5902761663385517,0.06393631269714022,-0.8473197899891668,-0.0011807431871465684,-0.007695651026327068,0.24546263652032554,-1.806229044298982,0.21674819821742478,6.837903355945156
P02,session_02,001,neutral,0.40094470977783203,0.5887011008745485,0.07056918056492235,-0.8426915143142745,-0.0008712113267142288,-0.0024039246381563598,0.079470312051294,-1.8434225452543984,-0.043415275856169916,1.3517035926187897
P02,session_02,001,neutral,0.4328179359436035,0.5881892960308138,0.07523498103359863,-0.8428277507855035,0.0004732382805662141,-0.00046918484775622507,0.02090782857002016,-1.8243233873328202,-0.04288924589271814,1.3457822724378632
P02,session_02,001,neutral,0.4653170108795166,0.5880359613650912,0.07544303151578492,-0.8417754787837303,-0.00024235712613072065,-0.001115947628664228,0.0351382773381103,-1.8380848957281628,0.03525485287247554,1.085364524381067
P02,session_02,001,neutral,0.49681806564331055,0.5879355058959442,0.07599708592425175,-0.8410351745291246,-8.211744618909136e-05,-0.00014542898340524883,0.005301777044022016,-1.8611234613257073,-0.018638556658987414,0.5917041521567581
P02,session_02,001,neutral,0.5290095806121826,0.5878625647664178,0.07494706903771077,-0.8411729376576327,-6.996057813506303e-05,5.0898855396813975e-05,0.002687568807285127,-1.9336245512047492,-0.010771825145848544,0.33462769903771017
P02,session_02,001,neutral,0.5766949653625488,0.5877905079822134,0.07516934577307997,-0.8398598401482237,-5.550632749400694e-05,0.0003204891492026654,0.0068209636497705214,-1.9147980149160293,-0.05358980643795788,1.1238410633314655
P02,session_02,001,neutral,0.6091537475585938,0.587774722962604,0.07904139644216987,-0.8397909256747714,7.71455997364544e-05,0.00011732824041416724,0.00432605619253459,-1.9457279845953102,-0.03623036740721859,1.116204523580794
P02,session_02,001,neutral,0.6415815353393555,0.5879563722926061,0.07892554812599743,-0.8404308795339148,0.00016026272908970497,0.0003962279602417091,0.013180414174003655,-1.9499717353435582,-0.013144280936417988,0.40555428101704183
P02,session_02,001,neutral,0.6737160682678223,0.5883124677182727,0.0746236769350885,-0.8405728742116801,-0.00029614258789072313,0.0006637626289996828,0.022618333881363167,-1.9548951746202294,-0.020891349988088885,0.6505148138137821
P02,session_02,001,neutral,0.7049150466918945,0.5878162054493026,0.07545105737170142,-0.8405406822115101,-0.00041434631685132443,-0.0009254283660430988,0.03249955526313133,-1.930308177030676,0.04610753032794608,1.4782111547789423
P02,session_02,001,neutral,0.736626148223877,0.5875260314869277,0.07650251983122691,-0.8409697672995584,-0.0002541327995024772,-0.00011068218932423258,0.008741087533084288,-1.8662891666493882,0.04688298697344542,1.4784666607160217
P02,session_02,001,neutral,0.7688727378845215,0.587637597388005,0.0745189796461497,-0.8410712897526728,0.00011840796522202228,-5.426556281724546e-05,0.004039202896853297,-1.8825567139722685,0.009140932625606462,0.2834985235427566
P02,session_02,001,neutral,0.800835132598877,0.5897360332169651,0.07445530465369173,-0.8421948670883641,-0.0017115706012447462,0.003822923747780088,0.13104719233373305,-1.8674985540006945,-0.06745760669425352,2.1145950125393105
P02,session_02,001,neutral,0.8328588008880615,0.589518244708148,0.07457345379401167,-0.8419016337551127,0.00014625182416582618,-0.0002905826081248423,0.010158484079774467,-1.8657869703364593,-0.0029675015826249557,0.09322103386799803
P02,session_02,001,neutral,0.8646199703216553,0.5881935629168303,0.07407227383853231,-0.8400681091259552,0.00022193650333633585,-0.0028267421999050688,0.08927383137275491,-1.9101642014676035,0.06982184969376198,2.2001519581993665
P02,session_02,001,neutral,0.8974466323852539,0.587337922125697,0.07601800972865384,-0.8400942312666876,7.177364755339821e-05,-0.0011130116359729866,0.033976145061150764,-1.9299136426704888,0.01616457218366275,0.49359280021978397
P02,session_02,001,neutral,0.9289414882659912,0.5866820420534951,0.07611126130575442,-0.8401917395954199,0.00016840834082799123,-0.0008376095714992075,0.027127344157573337,-1.8426136303099547,0.043163028545317096,1.3707471349018596
P02,session_02,001,neutral,0.9608817100524902,0.5889443806754309,0.07027376994258108,-0.8442639509452353,0.0018843020073948148,0.0073256371003175644,0.23682040657521655,-1.8978184851653714,-0.08287887595309577,2.605596680564064
P02,session_02,001,neutral,1.0085999965667725,0.5890323868477322,0.06240087360904467,-0.844288383001965,-4.5257574916139086e-05,0.00014703019866551165,0.0032238791879696596,-1.931498557556053,-0.14215831812191193,2.979117896824932
P02,session_02,001,neutral,1.0405833721160889,0.5882727339530573,0.06500870178086972,-0.8430510290570974,0.0006358047466058821,-0.0015062446346555715,0.05111835306643146,-1.9539322080935417,0.021722710359366782,0.6811085148262361
P02,session_02,001,neutral,1.0729053020477295,0.5881634846572762,0.06793418292898681,-0.8431953606441963,-0.0003899320136613858,-0.00029459615716032707,0.015119961122589336,-1.901266822427973,0.1404462604247029,4.345257569303173
P02,session_02,001,neutral,1.1055943965911865,0.5881761494722547,0.06809159292949801,-0.8426692475138907,-7.372345701709239e-06,-1.2413915442740643e-05,0.00044167734036905176,-1.9520746494020644,-0.05888720665365337,1.8014328400970245
P02,session_02,001,neutral,1.1369822025299072,0.588239643986418,0.07480899655305713,-0.8422076858603829,0.0001976132680984173,-0.00036082596984923163,0.013106862421166666,-1.9539772723444744,-0.032645934809581556,1.0401659460175705
P02,session_02,001,neutral,1.1687743663787842,0.5882105638506605,0.07550466694548737,-0.8416785698142188,-0.0003582851715293123,-0.0005796199338606141,0.021433452347956225,-1.9536260868785702,0.009010354003313277,0.2842236106146004
P02,session_02,001,neutral,1.200808048248291,0.588124950577779,0.0756157002158235,-0.8412120646300926,-2.869384309482835e-05,-0.00016321919401049382,0.0051733729402372005,-1.9312697289317535,-0.017340506491643898,0.5413457760708819
P02,session_02,001,neutral,1.232776403427124,0.587917414127558,0.07800664960253702,-0.8417318032282828,-0.00015228946257034648,-0.0005513697210211063,0.017893149351016314,-1.9061810842793414,0.031019729997101148,0.9704910824596913
P02,session_02,001,neutral,1.2647900581359863,0.588002267433873,0.07801532412885796,-0.8411944723382095,7.900372599676131e-05,-5.747568582539043e-05,0.003051783301233751,-1.9000417389512143,-0.020470593988638933,0.639440492309722
P02,session_02,001,neutral,1.296809196472168,0.5884200343062886,0.07794880484667097,-0.840796185998861,0.0003390253285951102,-4.011324896318614e-05,0.010662066027030985,-1.8998650708679858,-0.0044996479895996234,0.1409338398068932
P02,session_02,001,neutral,1.3296875953674316,0.590596531749038,0.07244372246005651,-0.8472569950232595,-2.69337673340617e-05,0.004027273137544037,0.12249268018675774,-1.9227818438827795,-0.03661589530768434,1.1203925523795442
P02,session_02,001,neutral,1.3606491088867188,0.5914171955371852,0.07310440994976006,-0.8488383851769199,-0.0005512815815665393,0.0005060301318182074,0.024169254350104717,-1.8821985767577918,-0.0024150567713124285,0.0816605700742973
P02,session_02,001,neutral,1.4086220264434814,0.59226206506439,0.06996913135127039,-0.8491626027408167,0.0006750358978123426,0.0014302307360059795,0.03296711779636724,-1.909729088453966,-0.009554412306904105,0.20187269014752787
P02,session_02,001,neutral,1.4409773349761963,0.5922466733752126,0.06993859348421841,-0.8492378100847939,-2.943766403522941e-05,9.988677454688954e-05,0.0032184597589037895,-1.895669775723569,-0.0005299785942205746,0.01669315748057654
P02,session_02,001,neutral,1.4727673530578613,0.5922399365398582,0.07040824579216819,-0.84894976911792,3.5564625159462074e-05,-0.0004894759234893351,0.015437747126431438,-1.8928248330350175,0.007997675282410507,0.2520514052352978
P02,session_02,001,neutral,1.504763126373291,0.5923308435431637,0.06569209556402755,-0.8485164388768791,-0.00027892625639499793,-0.00030751698382615154,0.012975792310879905,-1.8924193933361297,-0.005379962337214437,0.16864595875633312
P02,session_02,001,neutral,1.5371639728546143,0.5921602377280831,0.06680529408126033,-0.8471246847333648,0.0003809462614351497,-0.00018868019078777635,0.013120399988775271,-1.8932438089341663,0.01670005902583828,0.5155874222784096
P02,session_02,001,neutral,1.5689451694488525,0.5921677598945797,0.06729750397789369,-0.8472430139446933,0.000178914259207759,0.00048822706851602536,0.016361149407067666,-1.9302602200596033,0.07531069870794112,2.3697186332627265
P02,session_02,001,neutral,1.6010687351226807,0.5950073393923168,0.06538829367106323,-0.8438829703324124,0.00031913135271092866,0.004821555584401181,0.15042244993676943,-1.926178097813849,-0.04896496231019103,1.5316734510334307
P02,session_02,001,neutral,1.6326963901519775,0.5943732113646453,0.06190558288953742,-0.8462712235936222,-0.000859613127317063,-0.000338299683271595,0.029208186591333708,-1.8571264464770283,0.022649532329592652,0.7167260206628523
P02,session_02,001,neutral,1.6644752025604248,0.5949019620143213,0.06253730465762138,-0.8444935360612178,0.0005887053899657006,0.0004714051584544308,0.02373236021924483,-1.8628553214939436,-0.039203150083656026,1.233853656569075
P02,session_02,001,neutral,1.696915626525879,0.5944826092389237,0.06397778259045316,-0.8449490807828763,0.00035483096491276817,0.00033517940539796103,0.015046315315945868,-1.8652553436890782,0.0010949728645980054,0.03695510779055079
P02,session_02,001,neutral,1.7283284664154053,0.5945428852896634,0.06200635219562866,-0.8450709916241884,-0.0005890985359452279,0.00010386199804109954,0.019042667087583072,-1.897924025756122,-0.016505135180981102,0.5257713556591762
P02,session_02,001,neutral,1.7611126899719238,0.5944459368744655,0.05031296345680122,-0.8439927993170532,0.001058015996905612,0.0006184606978855464,0.03738129778575964,-1.87748898032679,-0.029436117205542036,0.8986522783479318
P02,session_02,001,neutral,1.792842149734497,0.595875660113064,0.05035041461144294,-0.8446387678210333,0.001201919390907838,0.002117106623270657,0.07672654657742792,-1.8761171715716178,0.005127744273662549,0.17889719906996507
P02,session_02,001,neutral,1.840611219406128,0.5955286330757507,0.05392362108490208,-0.8446422319848772,0.0006501773408303661,-0.0005389682280392575,0.017679263100467708,-1.8627259410570438,-0.01581684086263174,0.3315821526831923
P02,session_02,001,neutral,1.8728218078613281,0.5966560515381046,0.05400896258000787,-0.8481312776065367,4.862526872832453e-05,-2.6522873851813377e-05,0.0017195725213501694,-1.866495175577505,0.015125155815917586,0.4695740735403497
P02,session_02,001,neutral,1.9048800468444824,0.5965032328773664,0.05400282698703297,-0.8510319046633696,0.00015976506272321453,0.0006746329894305577,0.02162603317450288,-1.8829561060195172,0.0013075979115290347,0.04616668379739231
P02,session_02,001,neutral,1.9367504119873047,0.5967769356495591,0.05455248041734666,-0.853607007389986,-0.0005160925000903472,-2.6068052159965283e-05,0.01621413600399859,-1.8486517250415602,0.011123192911739669,0.349390091259036
P02,session_02,001,neutral,1.9683818817138672,0.5965349575299138,0.05542849672403069,-0.8537145097568867,-0.0004626083538710693,0.000387432466780436,0.019076433090607248,-1.860310320536823,0.010422707721736747,0.33005612352450053
P02,session_02,001,neutral,2.0010621547698975,0.595419148081068,0.05999985840362675,-0.854225015630165,0.0006770250242971337,-0.0010794360354120312,0.038989394776285706,-1.848498247794571,0.00486074060970745,0.15376163051775485
P02,session_02,001,neutral,2.0324177742004395,0.5931894442448146,0.07097171061310442,-0.8526265075480802,-0.001109631247186492,-0.004212742756594466,0.13893618300847388,-1.8626010244645883,0.05772195111729787,1.8461160852492522
P02,session_02,001,neutral,2.064990997314453,0.5904226589166927,0.07611942332972749,-0.8481387682001775,-0.0019221356419580867,-0.0033812526325589904,0.11940499228813853,-1.8802647335728413,0.006547829769181853,0.23380783678379116
P02,session_02,001,neutral,2.096475124359131,0.5883576696187004,0.08199305500282546,-0.8485710012275587,-0.00037265713889370804,-0.0013091880402129642,0.04323426539960638,-1.8802734299565191,0.05969813378710173,1.8966271527802645
P02,session_02,001,neutral,2.1289656162261963,0.5886252539318564,0.08188265868703565,-0.8482681802336142,0.0005820595471583451,-0.0005503522694453593,0.02465490211495649,-1.959049734997376,-0.01330870262616441,0.41035969707397346
P02,session_02,001,neutral,2.1604421138763428,0.5893782080946021,0.08167978852649556,-0.8473187863105187,5.032551415880117e-05,0.00013081346910707726,0.004452845593439412,-1.9952976420274444,-0.038990858266016046,1.2387372513393706
P02,session_02,001,neutral,2.1933953762054443,0.589233429863306,0.08515538057238328,-0.8476728955730616,-7.106226638299477e-06,-0.00012067940753724237,0.0036684820741492608,-1.9949491870059437,0.009292896028811367,0.2820261679480457
P02,session_02,001,neutral,2.2252585887908936,0.5893529222969116,0.08455971985051651,-0.8465746248784606,-7.757111369627323e-05,-1.774932262541845e-05,0.002497420849671684,-2.0133846524152914,-0.038775064014960614,1.216925178695622
P02,session_02,001,neutral,2.2728960514068604,0.5895678730066426,0.0825310754620365,-0.8460362248294702,-0.00012243072956959577,-0.00024369882215318796,0.00572499080306394,-1.987402615525825,-0.02544046868169141,0.5340740051055837
P02,session_02,001,neutral,2.3046634197235107,0.5902425471734353,0.07946736238152374,-0.8455048088056605,2.0562726036119884e-05,0.00022251671857871167,0.0070344132801232915,-1.9450965709642578,-0.03313133572839275,1.0429598386669874
P02,session_02,001,neutral,2.3367791175842285,0.5902530599285933,0.0794326483682818,-0.8458122343157836,9.971924029130635e-06,-8.07852073246026e-06,0.0003996057829371746,-1.9319170131279457,0.015373879370663077,0.4787031187639887
P02,session_02,001,neutral,2.368785858154297,0.590459419203583,0.07931488133321707,-0.8459853252394226,2.5400591901535127e-05,1.2264965389116813e-05,0.0008812745828697533,-1.9332841978214788,0.03450990283149282,1.0782077070094167
P02,session_02,001,neutral,2.4006845951080322,0.5906940779404957,0.07931001197061681,-0.8461310763721162,-5.247117999094852e-05,-6.861615844970192e-05,0.002707925614373845,-1.9396476971026824,-0.013086236610156036,0.41025203323526216
P02,session_02,001,neutral,2.4331629276275635,0.5913084050035605,0.0790723427776335,-0.8453481712348264,-0.0010081766135187553,1.5271394093268988e-05,0.031045074998654682,-1.9153034707358016,-0.00019190043897729923,0.031602339446417334
P02,session_02,001,neutral,2.464430570602417,0.5907546929217943,0.08078671937722344,-0.844391938796326,0.00045282017892893194,-0.00036120682722049386,0.018525152347537436,-1.9100685128058925,0.005181653190544495,0.16675155553558074
P02,session_02,001,neutral,2.4966790676116943,0.591325345806874,0.08045334639538382,-0.8437386462338194,0.000539359602753579,0.00014817363815222017,0.017344766703555305,-1.9231341837604277,-0.015876679330018767,0.49262851594381213
P02,session_02,001,neutral,2.528747081756592,0.5912961031047148,0.08039935069354771,-0.8433550336926464,-3.799027320115316e-05,0.00023048692450928476,0.007284418611747902,-1.9013401164692842,-0.005850149261153496,0.18257479698150664
P02,session_02,001,neutral,2.560807704925537,0.5907939465654326,0.0805339213157791,-0.843397970863001,0.0004765494657372488,-0.00022099748167618154,0.016384560787708065,-1.8528256091219135,0.08988788816702896,2.8037328715746694
P02,session_02,001,neutral,2.5931456089019775,0.5918946103660685,0.08046687727429239,-0.8472255070920265,-0.0008529790340160398,0.002804535347885626,0.09064843910785747,-1.8626850699095603,-0.025573711945199463,0.7960060770869753
P02,session_02,001,neutral,2.625948190689087,0.5913555217595172,0.07946662019391142,-0.8482444917157353,0.00043992473753983754,-2.0561822941977115e-05,0.01342592488579782,-1.8742581891447034,0.009828702556139634,0.29993262472695503
P02,session_02,001,neutral,2.657043695449829,0.5916911890101377,0.08057841687444964,-0.849399033710213,8.912623754504365e-05,0.002063276176770369,0.06641475238107625,-1.8940351223350091,-0.0077392248322279535,0.25759461328506006
P02,session_02,001,neutral,2.704658031463623,0.5910896413844526,0.0810889723366639,-0.8485991704498783,-0.0004478115641596069,0.00020934090853612044,0.010381886364305528,-1.8559093540815716,-0.006963938091874572,0.14662518091786086
P02,session_02,001,neutral,2.736738681793213,0.5906509965920803,0.08025261437823583,-0.8479767909932004,0.0005135108334196942,-0.0012151496132301453,0.04112128195862573,-1.9116519980595887,-0.0213368929408586,0.6663716251723117
P02,session_02,001,neutral,2.7687439918518066,0.5912855546584653,0.07911742170168415,-0.8488345764381484,-0.0002853920556831446,0.0003308425896956442,0.013651712022286067,-1.9251785233210796,-0.005518428186777421,0.17296186908531938
P02,session_02,001,neutral,2.800446033477783,0.591122491476492,0.07394382701087646,-0.8483012905474439,-0.00023504168590235568,-3.060281066982623e-05,0.007476666139497728,-1.9122856700899444,-0.02009825726205526,0.6340176797517164
P02,session_02,001,neutral,2.832775354385376,0.5903247966261538,0.07818074588014481,-0.8478609536033054,0.000724466902437886,-0.0015362974378904416,0.05253890310562665,-1.8878304217094284,0.020756725820378432,0.6441863398959302
P02,session_02,001,neutral,2.865143299102783,0.5920571589169217,0.07698669045622533,-0.8488140411196553,-0.0012438877361945317,0.0015485644116055874,0.061365652572979934,-1.8911628441536465,-0.024875137205056817,0.7709576144172287
P02,session_02,001,neutral,2.896411180496216,0.5918367504846916,0.0754305181232169,-0.8466828167621389,-0.0001676339482929827,-0.00014069367723958955,0.006999233676433541,-1.8917616198645466,0.00015814190886575912,0.00863533820941027
P02,session_02,001,neutral,2.928819417953491,0.5922113167107376,0.07482304508639757,-0.8455491015246723,0.000653165148884567,-0.00022731259337107994,0.021339922512480063,-1.91253036003331,0.02902306760700158,0.8958002236202226
P02,session_02,001,neutral,2.9607152938842773,0.5922349070053744,0.07790978503292846,-0.8453525797284986,0.00020987961808430222,-4.347802913740625e-05,0.006719856270935765,-1.8772912976264517,0.03678741966864751,1.1533793315036671
P02,session_02,001,neutral,2.9927618503570557,0.5929025428931015,0.07870511275898776,-0.8442455551512467,0.0006598806043174693,2.1965861066935866e-05,0.020602715907422606,-1.873097358884673,-0.002931110426535998,0.09375584829408971
P02,session_02,001,neutral,3.025012731552124,0.5928995971927455,0.0785410857376979,-0.8446564970516075,0.00015295754535025422,-0.00018578083720490948,0.007461689706070992,-1.8605249392721255,-0.01635464498863977,0.5071618122658628
P02,session_02,001,neutral,3.057335615158081,0.5934806668870437,0.07549351185227195,-0.8437760239460343,-0.0004623025580948536,0.0006182111926903726,0.02388249948410935,-1.8688523350706687,-0.014277133289982475,0.44234875746610874
P02,session_02,001,neutral,3.104773998260498,0.59372475311012,0.08377012280137128,-0.8430165821539417,0.00021916618676186487,-1.3552790249230693e-05,0.004628842954445626,-1.8593496844081272,-0.027190837588232937,0.5732009070537615
P02,session_02,001,neutral,3.1363418102264404,0.593763089594419,0.08279635452921706,-0.8435022214635912,1.3551915209438386e-06,0.0011192376194639503,0.03545505279603726,-1.8994940815868029,0.0003686120936967241,0.037328396916004696
P02,session_02,001,neutral,3.168804883956909,0.593786941125724,0.08651806216650351,-0.8429388821657031,0.0009447689519439927,-7.930061459972156e-06,0.029103905572494804,-1.877493294906323,0.005189698227796524,0.16249229727038986
P02,session_02,001,neutral,3.2008776664733887,0.5940011875958087,0.06870546686874031,-0.84452187305353,0.00017336989750390156,0.0004613330075382361,0.015366110256881314,-1.8853157543904595,-0.020909673977392493,0.6521255561220404
P02,session_02,001,neutral,3.2327022552490234,0.5940850761870278,0.06770342478924957,-0.8446908195495055,-6.413604835391158e-05,0.0003543159245394427,0.011314329736623935,-1.885798299724134,0.0018808893210649673,0.060175015685464045
P02,session_02,001,neutral,3.2647604942321777,0.5942200509505565,0.06875786183410865,-0.8443863061635689,-1.2475727943007518e-05,0.00012799219180122687,0.004011411080274409,-1.903418050738644,-0.006920606019697372,0.21591331738838626
P02,session_02,001,neutral,3.2968947887420654,0.5948549386698194,0.06975188545081094,-0.8434419076867715,0.0005595435390202342,4.609213913225728e-06,0.01741325058867514,-1.9008291965822293,-0.01800642020360423,0.5606195121211883
P02,session_02,001,neutral,3.3288989067077637,0.5948454046579914,0.06578763813980582,-0.8414444239306706,4.817206748406219e-05,0.0009656457916669939,0.03021006854529512,-1.9000616545294997,-0.020781274599666343,0.6500336513541327
P02,session_02,001,neutral,3.3608083724975586,0.5948718222215936,0.06596539765475731,-0.8423620884420793,0.0001752203057150968,0.0014415909355116256,0.04551002542511289,-1.8819103456074733,0.05005111045447166,1.5691949744000662
P02,session_02,001,neutral,3.3930342197418213,0.5951889466982844,0.06305584016104991,-0.8403441594805164,0.0001822371751554064,0.00025346464641754835,0.009687173624476105,-1.9165104840573541,-0.06488572271800948,2.013491629678173
P02,session_02,001,neutral,3.4247188568115234,0.5953103511705075,0.06244604368693781,-0.8412071114561953,-7.028680174979822e-05,-0.00031614042240026767,0.010221342872153288,-1.8999835634629931,0.0022842709950438344,0.07281493726813892
P02,session_02,001,neutral,3.4566266536712646,0.5953586869695463,0.05876738498854504,-0.8408466286441298,-2.1524836887723948e-06,0.00022055449145886444,0.006912573615577339,-1.8881640980292467,-0.005456646266558429,0.1711525944058183
P02,session_02,001,neutral,3.489234209060669,0.595677032582171,0.05844329674175182,-0.8409430461601105,0.00016310108610824195,0.0006009724682000621,0.019097160182669052,-1.8803071689042747,-0.0030512911164323497,0.09550500869814063
P02,session_02,001,neutral,3.53672194480896,0.5966195100044539,0.057079558990684606,-0.840379576371159,0.0008330365862076611,0.00030950243231700833,0.01871376085069875,-1.9005960430008755,-0.025610626946593246,0.5396349214574226
P02,session_02,001,neutral,3.5687215328216553,0.5963225412720551,0.05285784082214887,-0.8405825853721852,-0.00021019013823404383,0.0002042054104082038,0.009158007256118688,-1.8950468990041636,-0.00444379159991832,0.1391719170155504
P02,session_02,001,neutral,3.6007909774780273,0.5964219103568668,0.05095645142452559,-0.8355322800698759,-5.888790522951075e-05,0.0010104634871032382,0.031562067302297235,-1.8975846951868995,0.003339021677725059,0.108797155145361
P02,session_02,001,neutral,3.632352590560913,0.5968167102257851,0.049359338618388676,-0.8335009783657235,0.0005655940906824278,0.0003396111253018313,0.02090265312041045,-1.9013119362283897,0.008863296086670863,0.28160204181380605
P02,session_02,001,neutral,3.6648690700531006,0.5968383238785877,0.049294260224994876,-0.8341282708218927,6.838414839837162e-05,-4.813604896387751e-05,0.002571833617659189,-1.8982174026756231,-0.009205470094073314,0.2831133654102989
P02,session_02,001,neutral,3.6968626976013184,0.5968882389280166,0.04852499357686897,-0.835963026744132,-4.111693091883291e-05,0.0002131489715755892,0.006785055081587489,-1.8970369812979044,-0.00894129728421156,0.2795535460775851
P02,session_02,001,neutral,3.7303693294525146,0.5969091711145522,0.047435641196744205,-0.8347943106865119,-8.063329059973718e-06,0.00020839836220637955,0.006224269200299778,-1.9047102041329773,0.0074234052917899205,0.22163774399256356
P02,session_02,001,neutral,3.760462522506714,0.5968290265421009,0.047148121904620754,-0.8307433760355029,-7.272950983830249e-05,-0.00012508576872293013,0.00480815994907454,-1.8900517827655725,0.0020267639616010575,0.06752099336909045
P02,session_02,001,neutral,3.7930073738098145,0.5967558244191061,0.04701589466515213,-0.8277128586708936,4.14256977628282e-05,-0.0004378788643574173,0.013514704436819555,-1.8920346703778366,0.0035133436413066245,0.1087965619037569
P02,session_02,001,neutral,3.8252034187316895,0.5966887232295132,0.04294626035180637,-0.8265155803352796,-0.00017509882061316476,9.534725766256337e-05,0.00619255463293319,-1.896859321334645,0.005199846855941231,0.1616244405076569
P02,session_02,001,neutral,3.8572967052459717,0.5965122124935673,0.04267487784485064,-0.8254416804200075,0.00015519122991597905,4.296642502301553e-06,0.00483748204242686,-1.8961844268067336,0.004414400483440213,0.1376340704490552
P02,session_02,001,neutral,3.8890838623046875,0.5965573707641144,0.038504119785623805,-0.8267133024597562,-2.7176704493886546e-05,0.00038167283517149484,0.012037539525252931,-1.8937009200034671,0.010719636271750821,0.3374464492525539
P02,session_02,001,neutral,3.921499252319336,0.5965865084978678,0.0404365366035736,-0.8267619445024174,3.541790883953839e-05,6.389210917597969e-05,0.0022536283147297984,-1.8901634516235175,-0.005814831346600773,0.17939905109117926
P02,session_02,001,neutral,3.9686882495880127,0.5966204442854074,0.040527134610838074,-0.8293940382502741,-4.6242967727084544e-05,1.9481239442142016e-06,0.000980821536843277,-1.8853421534791786,-0.005280240095104577,0.11189987599131065
P02,session_02,002,neutral,0.0011138916015625,0.5910301104324207,0.03448521567784779,-0.8513211335385209,0.0,0.0,0.0,-1.895094977451073,0.0,0.0
P02,session_02,002,neutral,0.033677101135253906,0.591530878899818,0.03202554629221174,-0.8506840697138185,0.002408811335274379,0.00022656643728680763,0.07429989329313745,-1.8809686440360245,0.00684631678818479,0.22298939646169047
P02,session_02,002,neutral,0.06556129455566406,0.5888611184529466,0.03128024529939918,-0.8521096668417982,0.003263706422738578,0.00021438440012127384,0.10258186487120956,-1.8852496003203745,0.011725627227171244,0.3817958399045859
P02,session_02,002,neutral,0.09744644165039062,0.5895285322193579,0.03395659881842568,-0.8500971225869377,0.0006053066784507861,0.0010450781888391774,0.037877158079608154,-1.8649701353444659,-0.029941745401920163,0.9398135267872679
P02,session_02,002,neutral,0.14505934715270996,0.5884929185196197,0.03279973685342241,-0.8465462427844915,0.0016370458219413906,0.00027660534181290217,0.03486974433933324,-1.8691074487642103,0.007810733228581649,0.1677115738929071
P02,session_02,002,neutral,0.17772221565246582,0.5886352141678306,0.03169672920846075,-0.8445657188906289,0.0011368986830704436,5.862899210632586e-05,0.03485331992196335,-1.870321173540429,-0.03857276322374934,1.1814503883744936
P02,session_02,002,neutral,0.20932507514953613,0.5876490165270568,0.032204920691894776,-0.8457596282945016,0.0010590327375316834,-1.0092184260259551e-05,0.03351218341179107,-1.8493555412541354,0.03065424897313183,0.9705621333210709
P02,session_02,002,neutral,0.241652250289917,0.5870371460091081,0.03188206307600513,-0.8439886225452439,0.0006277256358450923,4.558908356326597e-05,0.019469035818605058,-1.8519440193020271,-0.0007394772730317729,0.030038296801837398
P02,session_02,002,neutral,0.27336764335632324,0.5870547044960067,0.03097445706690706,-0.8428159191313572,0.0005022517906500641,-0.00016681653450003643,0.016686856473340412,-1.852138244275453,0.0013705252531641763,0.046323172103293286
P02,session_02,002,neutral,0.3049662113189697,0.5879446085563689,0.029437622225281602,-0.8431552478404194,0.0005743063338597056,0.0008868546881914747,0.03343725739219528,-1.8404611333588548,-0.005839499155028485,0.18780327559142412
P02,session_02,002,neutral,0.33717894554138184,0.5884561518020468,0.027125198218283533,-0.8432239034004608,0.00042066947481936946,0.00014692095066377617,0.013832662965433545,-1.8403870309914419,0.0007460758306457837,0.026977207615163507
P02,session_02,002,neutral,0.3688488006591797,0.5899048845389616,0.024506877277273544,-0.8409682465927714,0.0009479803312704676,7.785217583904448e-05,0.030033978103703486,-1.8625640999282003,-0.04201051938707655,1.3268543768739196
P02,session_02,002,neutral,0.400829553604126,0.5903000028118209,0.026366876335699303,-0.8382781348444361,0.001917372765827523,0.00010132688590071392,0.06003762012165695,-1.8580554918565035,-0.00827502901522497,0.26562422150583886
P02,session_02,002,neutral,0.43284153938293457,0.5897352397893804,0.03249049902190496,-0.8367175417919446,0.00036597510911637397,-0.00028941445041555836,0.01457521962600034,-1.8684179498999494,0.09437912867789335,2.948279517618388
P02,session_02,002,neutral,0.4653027057647705,0.5896488393668661,0.03078385308662848,-0.8367180847262273,0.0008164002552175565,-0.00023638724016978606,0.02618311011852069,-1.8604404371400018,-0.011893785829560506,0.3673347817034893
P02,session_02,002,neutral,0.4970386028289795,0.5894694533196267,0.03880098171891369,-0.8363351275831773,0.00018655855530984842,-0.0004914225359381373,0.016563031334511796,-1.856702711577347,0.00434413477139388,0.13788237110026755
P02,session_02,002,neutral,0.5294387340545654,0.5896953299647849,0.038295630548928185,-0.8390391035559449,0.00032937209387906487,0.00034169085530190766,0.014647876062172481,-1.8565737498565813,-0.0018029865564743687,0.05754307432016246
P02,session_02,002,neutral,0.5770711898803711,0.5890875463087356,0.03792652089631007,-0.8407807487027475,0.00022669670655246435,-0.0004969013728538953,0.011466354891346883,-1.846060970078292,-0.014741888005848835,0.30970483863711534
P02,session_02,002,neutral,0.6088600158691406,0.588915255104894,0.037716875581059434,-0.8395260202224765,0.0001203397636987966,-0.0005010951808854012,0.016211439911029055,-1.880205825699867,0.03211677510568676,1.010446545582898
P02,session_02,002,neutral,0.6412246227264404,0.5891251441373209,0.03517652047966184,-0.839700924413405,0.00022954042817538745,0.0004815922592241738,0.016483988557300742,-1.8584952349113544,-0.04085541390699866,1.2624561514648343
P02,session_02,002,neutral,0.6738324165344238,0.5890725906174157,0.03699962770190989,-0.842107822153967,0.00018792374364773478,4.33572885465362e-05,0.005914553470111601,-1.8382653806081268,-0.031214439901097273,0.9572875699658935
P02,session_02,002,neutral,0.7054083347320557,0.5891300566708143,0.03714801990261886,-0.8422163420627375,-8.492292685093628e-05,0.00010780089776282662,0.004346133268398041,-1.8362540860778018,0.005045623296204117,0.15985249215151348
P02,session_02,002,neutral,0.7373149394989014,0.5894192969616414,0.03666516211946091,-0.841212533354856,0.00023537957106339432,0.00019582730867913136,0.009596423238561731,-1.8622440617288074,0.025235860266447765,0.7909872546928203
P02,session_02,002,neutral,0.7693874835968018,0.5895167722726926,0.03560980461171293,-0.8421812264675747,-6.764100570202458e-05,0.0007237789825380313,0.02266526831550174,-1.8554196810366042,-0.03214239420842944,1.0024341449372922
P02,session_02,002,neutral,0.8010973930358887,0.5895138287408228,0.03766150442579986,-0.8462500292549439,1.2499493397969549e-05,3.725834836927627e-05,0.001239332869259972,-1.8405328353122667,-0.014904805415692474,0.47003783639816427
P02,session_02,002,neutral,0.8332018852233887,0.5895078145007143,0.038915174709524866,-0.8455732437633002,3.804232453769033e-06,-0.00012775143402889497,0.003981002493245254,-1.8345991137316964,-0.013035802838525817,0.40606246899119414
P02,session_02,002,neutral,0.865203857421875,0.5889951315290908,0.038078195595752776,-0.844774252352767,0.0001751217153799497,-0.0004720848322724446,0.015734008995880986,-1.8611444345292145,0.03962929533137033,1.2384391108129778
P02,session_02,002,neutral,0.9008083343505859,0.5885739808422001,0.03713426687438743,-0.8453046975839142,0.0005097911079418941,1.2861237725192802e-05,0.0143227301915141,-1.860200030330151,-0.021093037486846516,0.5925996621574944
P02,session_02,002,neutral,0.933927059173584,0.5883934225584547,0.03850374950077795,-0.8454137631684886,0.00010996187146748522,4.4217740115667714e-05,0.0035786187122594055,-1.8433187597425635,0.027913980620567935,0.8428534727015076
P02,session_02,002,neutral,0.9780070781707764,0.589474086869316,0.03783792333590638,-0.8442904966836523,-0.0008650637043655332,2.7857169638842163e-05,0.019635021544295136,-1.8671871606705261,0.013424678449565654,0.3051847605984495
P02,session_02,002,neutral,1.0093247890472412,0.590415772518482,0.02740396468293449,-0.8452193886176257,8.249177550649945e-05,0.0009700639080213593,0.03108672404271769,-1.8414751735860813,-0.03784768594162448,1.208907178525962
P02,session_02,002,neutral,1.041304588317871,0.5896613618157758,0.03334449950297964,-0.8443674995279337,-0.0005442426430368058,-0.00015677948401088122,0.017710377324194507,-1.828104000067933,0.010494546746850226,0.3286392986580543
P02,session_02,002,neutral,1.073392629623413,0.589663251122002,0.033286118595541314,-0.8455263333250878,1.369668086267497e-05,-0.0005622209517210198,0.017526397423596643,-1.85119039289035,-0.003120872127635855,0.09882619551425517
P02,session_02,002,neutral,1.1052956581115723,0.5908253120977186,0.03276471872551715,-0.8439112854796947,0.00017416310120290854,0.0009795807473348733,0.031186469524299164,-1.859416870455873,-0.010488752402108404,0.3302456350533567
P02,session_02,002,neutral,1.1373436450958252,0.5908762811187624,0.03581599654419766,-0.8434416473955771,-9.251498424700317e-05,0.00060494737416304,0.01909576025217078,-1.861299498424845,0.009901990861300345,0.3095634121313424
P02,session_02,002,neutral,1.169325351715088,0.5914832849916194,0.03377437958283811,-0.8431630676032781,0.0005484109791080042,0.00010656583786787597,0.01746838756709962,-1.8534656328550485,-0.01925518725925157,0.6023221454638762
P02,session_02,002,neutral,1.2010667324066162,0.5906744799932053,0.034971763839034414,-0.8447908682280203,-0.0011921065586628595,-0.00028295013516093986,0.03860027522312557,-1.8402432483944204,0.017229004266942644,0.5441639400869939
P02,session_02,002,neutral,1.2328789234161377,0.5898825037443463,0.03353203003199855,-0.8435507808664241,0.00031577808177274316,-0.000853728734977931,0.02861347740231863,-1.8431955897049677,0.0038136888128659677,0.12324882248242527
P02,session_02,002,neutral,1.2657361030578613,0.5888177268583888,0.03398594915477416,-0.8418471884947712,-0.0003859937477117132,-0.0013759876774680393,0.043494367833203214,-1.8449114827720388,-0.00012248547706439545,0.043653827273231166
P02,session_02,002,neutral,1.2975850105285645,0.5878335378527533,0.03453797291158086,-0.8429032438539887,-0.0007105912196023251,-0.00034530799063295066,0.02480615837021303,-1.8447092298320693,0.007108371076884461,0.22456471152190718
P02,session_02,002,neutral,1.329789161682129,0.5878482507583426,0.028289933004308376,-0.8459730606530645,2.1444960249065115e-05,-0.0002479098241558591,0.007726818251833557,-1.843568378127519,-0.0012569129479313163,0.03978703417340571
P02,session_02,002,neutral,1.361361026763916,0.5881610035964175,0.02831028315550604,-0.8463311050511247,-0.00030141256159316946,-0.00025122358247943753,0.012428184482954956,-1.8882388316610645,0.054157303376993496,1.715411004672061
P02,session_02,002,neutral,1.409067153930664,0.5876766429387641,0.021487709768089055,-0.8479092127192079,0.0006755613694333122,-0.00037014768873578393,0.016147186295704278,-1.8822305623814193,-0.008083839915668002,0.170218373293737
P02,session_02,002,neutral,1.4412338733673096,0.5872840837373157,0.021212008653306292,-0.8486216230165142,0.00030204023531974985,0.00020810937584783167,0.011402902625208638,-1.89884142706,0.016865765367951688,0.5244474313892455
P02,session_02,002,neutral,1.4729466438293457,0.5876960606546224,0.022314594090885376,-0.8507553634425264,-3.326604480647943e-05,0.0005936670526668518,0.018749492474511596,-1.892853593657617,-0.005768514727006496,0.18286255773109836
P02,session_02,002,neutral,1.505323886871338,0.5886885529879173,0.023414034525301847,-0.8499785088348463,0.0001139820513161451,0.00038135766936021366,0.012293421929590504,-1.8668007195776186,-0.029706132320108287,0.9175827203272864
P02,session_02,002,neutral,1.5372700691223145,0.5889551389531432,0.022406804170482228,-0.8499289604808667,0.00029761580726639234,0.00030022181152962777,0.01323285039885628,-1.8423351065101752,0.001861952094563321,0.05976734840096524
P02,session_02,002,neutral,1.5697283744812012,0.5890258784883878,0.022281304193947107,-0.8498738912159298,0.00013191628395805777,6.511698435287001e-05,0.00453235725697483,-1.829442600721699,0.004322917749113609,0.13326081451855695
P02,session_02,002,neutral,1.6010940074920654,0.5890751244040714,0.030843316572775746,-0.849022060882905,-0.00016079312672473455,5.8433433923407034e-05,0.005454426734156781,-1.8140623135484983,-0.01591053870228429,0.5072895696402715
P02,session_02,002,neutral,1.633223533630371,0.5896364524362405,0.030691512280806132,-0.8484769300806536,2.6105746090908647e-05,9.14332907617691e-05,0.0029594927688797955,-1.841643631101853,-0.03279093991948585,1.020590146419581
P02,session_02,002,neutral,1.664886713027954,0.5895178346024704,0.03073325231487688,-0.8477589190090953,0.00010922132247624778,-0.0004426989682594315,0.014400743526386237,-1.840983476566976,-0.002133594679217218,0.0689057155354252
P02,session_02,002,neutral,1.6975047588348389,0.5900239715652784,0.0312769611157468,-0.8462554980375048,0.0009128105730704975,7.571502754479648e-05,0.02808093925250407,-1.8454966944440145,0.0069582059803309365,0.21516409862901154
P02,session_02,002,neutral,1.7289090156555176,0.5911745685465052,0.03263401423822609,-0.845147848610957,-0.0007379694088084835,0.0005462145705364132,0.029235611526932437,-1.855918617157301,0.01433441458783354,0.4573834548096723
P02,session_02,002,neutral,1.761845588684082,0.5911834581734584,0.03262863362508445,-0.8451594887753149,7.208814865367901e-06,0.00021671814759592032,0.006583502468422232,-1.837733015752747,-0.004873713373209114,0.14811907390604495
P02,session_02,002,neutral,1.793402910232544,0.5902203287690498,0.033970094275952475,-0.8462585940474854,-0.0004484080114893639,-0.0003451234455863749,0.0179306867180605,-1.8512526900314457,0.014833794491672695,0.47040059443725557
P02,session_02,002,neutral,1.8411810398101807,0.5895216026657669,0.031585841209406273,-0.8471756244276486,0.0008010439265649125,-0.0008406019633915852,0.024303084154972007,-1.856825129884645,-0.002971250907947963,0.06676863968496878
P02,session_02,002,neutral,1.8735442161560059,0.5891849378515317,0.03295662438404588,-0.8476783719728654,-0.0003068953886806737,-1.320197724597731e-05,0.00949162759655108,-1.8888752212534652,0.038380980462200766,1.185984010808003
P02,session_02,002,neutral,1.905031681060791,0.5896878240646072,0.029624003882597325,-0.8483004191341338,6.556191452445858e-05,0.0007786567100237683,0.02481660410152759,-1.8743866574422958,-0.022105976564842363,0.7024948870875899
P02,session_02,002,neutral,1.9371144771575928,0.590801575439797,0.033165197518753256,-0.8477524430020347,-0.0007694582987239022,0.0002851592403629415,0.025577523785801876,-1.8697011397152445,0.004392173649039713,0.13927006638611614
P02,session_02,002,neutral,1.9692180156707764,0.5901053281943074,0.03542099787658321,-0.8487212165906397,-0.0003806693386155743,6.605844045229468e-05,0.01203476258906573,-1.856472497441654,-0.01012673871997884,0.3156694477616076
P02,session_02,002,neutral,2.0018417835235596,0.5900609537418858,0.03161312122915005,-0.8474465014889132,0.0005267647678962226,9.899409799861896e-06,0.01614950735029048,-1.8761524085859262,-0.03912178568195065,1.1992892214690911
P02,session_02,002,neutral,2.0333542823791504,0.590800957481875,0.032034695450979644,-0.8480094335572761,-0.0005904083725471687,0.0003475082366215217,0.02174016329824223,-1.8457563779355917,0.014651288256932954,0.46544378271336834
P02,session_02,002,neutral,2.0652527809143066,0.590407149710696,0.031497276151482144,-0.8478831686093724,0.0003583907970225642,-0.00023103587013694032,0.013367568575297606,-1.8558234147811368,0.00019857878809672783,0.014746072882675881
P02,session_02,002,neutral,2.096956491470337,0.5902669992248861,0.03287367823142016,-0.8479888591519069,-0.00015959750619840026,-0.00010491731030695214,0.006024366758624759,-1.879837377755478,0.0344289839510306,1.0859774176229209
P02,session_02,002,neutral,2.128920555114746,0.5907890999946263,0.028498782186430715,-0.8473347525526019,0.00013641573671155767,9.735873970724093e-05,0.00524322200770406,-1.8622516660824064,-0.04928064834996267,1.5417605807935566
P02,session_02,002,neutral,2.161034345626831,0.5906882293961884,0.03171854953087564,-0.8487734325254755,3.2088462399106216e-05,-6.155333982218489e-06,0.001017428922736078,-1.835642237024038,0.01925128633818202,0.5994718704362335
P02,session_02,002,neutral,2.1945641040802,0.5904929151194375,0.03226222120182276,-0.8498589754430627,-0.00011458007482948399,0.0008005085637574918,0.024117893597489504,-1.8314760532363341,0.00319549835823868,0.09830768847735465
P02,session_02,002,neutral,2.225451707839966,0.5910926642093658,0.03206559943037594,-0.849638605632479,6.869593671501273e-05,0.0006835308726938918,0.022241098086505744,-1.8476526196187866,-0.017932866300930075,0.5810104260214606
P02,session_02,002,neutral,2.2731707096099854,0.5910882971689182,0.03691023395476052,-0.8495756570296054,-0.0003641289690809553,2.435257436528682e-05,0.007647737476914881,-1.8322422169376018,0.020412650517198604,0.4278361190377531
P02,session_02,002,neutral,2.305182933807373,0.591184246225348,0.030914293391521075,-0.8494611115087722,-2.592397274745782e-05,0.00015289724714251737,0.004844380691118161,-1.8412539326273025,-0.016545417931882123,0.516869574252401
P02,session_02,002,neutral,2.3372962474823,0.5904939750881851,0.03039749294660635,-0.8494145742908464,0.0007365488230095419,3.8508728185441055e-05,0.02296725939800084,-1.8410671673181294,-0.006999352491404354,0.2191647084312399
P02,session_02,002,neutral,2.3691611289978027,0.5897675989799551,0.03191760011314865,-0.8475914137460309,-0.0004247241118396751,-0.001286350623556308,0.04251245630814858,-1.8243148246383922,0.03293383024416016,1.0344202500462512
P02,session_02,002,neutral,2.4008123874664307,0.5895026386479574,0.02822694487412681,-0.8472024732218909,0.0003114442498348826,-0.0007639875827456775,0.026066263019686564,-1.8291670831507016,-0.03862947603777414,1.2207503651595328
P02,session_02,002,neutral,2.434009075164795,0.5892265400317435,0.028447518850718303,-0.8462063135151243,-0.00017983262811573656,-0.0014232850949730915,0.04321518715989878,-1.8449172709055968,0.01908929290447785,0.5766576425791604
P02,session_02,002,neutral,2.4650990962982178,0.5892386317379753,0.028507375408507632,-0.8465186139130559,-3.3330690480295384e-05,2.3265732353468706e-05,0.0013074170168383393,-1.8541397799541253,0.019672087103080316,0.6327473697385456
P02,session_02,002,neutral,2.4969687461853027,0.5899739493844934,0.02227986137392054,-0.8458847413306514,0.0001508367187102061,0.00011926506794199483,0.006033675101260665,-1.852611333271917,-0.008909267273583071,0.2796184520056504
P02,session_02,002,neutral,2.5289673805236816,0.5885564613667781,0.022420412412233963,-0.8450253835665947,0.0004946153923906949,-0.0008279035284180858,0.030138806949759244,-1.8840830991381894,0.08179413424742953,2.5563534558586354
P02,session_02,002,neutral,2.561204433441162,0.588610617196145,0.01952130827011578,-0.8434565341136242,0.0005057088460725276,-0.0004936078834963027,0.021921217281482556,-1.8694073051019764,-0.05941291619310106,1.8431312224398377
P02,session_02,002,neutral,2.593461751937866,0.5894517924584558,0.02161322866760927,-0.843890854732102,-0.0007347543185725521,-9.722570477309601e-05,0.022976462104310477,-1.8709696500388744,0.0025852785101482603,0.0833739584436948
P02,session_02,002,neutral,2.626162528991699,0.5892070972233102,0.018758671870260885,-0.8435258089232954,0.0005048681224558274,-0.00013454382665255732,0.01597785107083897,-1.8746302942678321,-0.031050337913270127,0.9496634755680954
P02,session_02,002,neutral,2.6735832691192627,0.5895831860837762,0.02617975659678318,-0.8420387928768248,0.00043567425720828943,-1.1575519770355991e-05,0.009190662252437755,-1.8718469479174458,-0.004548850706961663,0.09636461736256144
P02,session_02,002,neutral,2.7052664756774902,0.5896808454538531,0.02794071114968542,-0.8421284361977811,0.0004903998271909868,0.00018992837972676456,0.01659851776400762,-1.86736334615535,0.0087548745074822,0.276823470237799
P02,session_02,002,neutral,2.737133026123047,0.5911056063571578,0.02865206971556457,-0.8403343811244308,-0.0007635795832545819,0.0007094307240657129,0.032707622575497655,-1.8595932561354787,-0.003020462691542233,0.1002693146927483
P02,session_02,002,neutral,2.769296407699585,0.5911047556168724,0.02875754760517852,-0.841266559023465,1.324733075306598e-05,0.0009510852419632222,0.029573305093041454,-1.8500761309168356,0.018184892005110257,0.5661640731731896
P02,session_02,002,neutral,2.801417589187622,0.5911521221094859,0.028108407008013453,-0.8425976857329406,7.486473800990756e-06,0.0014239424411379386,0.04433093850715699,-1.8448653974814446,-0.005428500129158135,0.174718194182425
P02,session_02,002,neutral,2.8330135345458984,0.591241518620537,0.028038490116681566,-0.8433006275093197,7.282456308224361e-05,0.0008347290289959883,0.026519217173071173,-1.8449254592129136,0.004980020606414925,0.1598312025231333
P02,session_02,002,neutral,2.8660261631011963,0.59148757073776,0.027923435635804454,-0.8435949583450136,-0.00016284552832934482,0.000631177578397804,0.01974536666852451,-1.8427520880711692,0.007509889589096695,0.22834068211473926
P02,session_02,002,neutral,2.897341728210449,0.5925172188743064,0.02519596189087007,-0.8439049146064601,-0.00017726208003605024,0.0010123944518594366,0.03282060778804087,-1.8401669956736648,-0.010709310507800452,0.3435517554574079
P02,session_02,002,neutral,2.9295480251312256,0.5925518856706095,0.026308821047156365,-0.8441044519239206,-0.0003250054753455647,0.0005867399992852611,0.020826367563757744,-1.8252591912918994,-0.020618056651551298,0.6405257944491837
P02,session_02,002,neutral,2.9611315727233887,0.592136986365481,0.028216697978239322,-0.8440209732799614,0.0006439738164155166,-0.0005447228304075917,0.02670568510820676,-1.8452814787356138,0.020470692019535636,0.6486941110281834
P02,session_02,002,neutral,2.993440866470337,0.5904496751083197,0.030948198207252562,-0.8437824204114187,-0.0006851080455843618,-7.803271363122433e-05,0.021341773423396843,-1.8595400077784021,0.06344629973758016,1.9638326696018285
P02,session_02,002,neutral,3.025421380996704,0.5905507285887935,0.028484043549348508,-0.8437921051677445,0.0006709740733587492,-0.00012495209413807142,0.02134141746497076,-1.8643496887339732,-0.046147089396956754,1.4431330114103293
P02,session_02,002,neutral,3.057588815689087,0.5893998911582731,0.029740640005119185,-0.8454680244474767,-0.0006162594532666723,-0.0007963299320626713,0.031302915611648184,-1.8703309694931416,0.058106878965831645,1.8066595441627573
P02,session_02,002,neutral,3.105017900466919,0.5897329675982879,0.026258524673820435,-0.8447579475306938,0.0005047590400129462,-0.00019223621637516557,0.011388082473148882,-1.8944876344332005,-0.05862987297725827,1.2362110959906873
P02,session_02,002,neutral,3.137241840362549,0.5897715905280768,0.02264880951560016,-0.8447611420935704,-6.163637468505836e-05,-0.0002598354077725518,0.008287187818377287,-1.8677605560897343,-0.023540370390169395,0.7305712809705285
P02,session_02,002,neutral,3.169564723968506,0.5903937195728403,0.021542742496813712,-0.8443111471455288,0.0005071471333828055,0.00014820553747350306,0.016346278912814944,-1.8816456961316737,-0.031040832068475396,0.9604752109672561
P02,session_02,002,neutral,3.2011971473693848,0.5905230676848694,0.022208322732051238,-0.8472678216792278,-0.00015431751318071372,0.00011410739834898005,0.006067283594533362,-1.8594200264900367,0.025274839201967523,0.7990398822198654
P02,session_02,002,neutral,3.233142137527466,0.5900897678990764,0.024840080582660184,-0.8456168997160686,0.000437459315488029,0.0002743921795302868,0.01616506964608691,-1.8556656741116293,-0.01468409774008693,0.4599523997638863
P02,session_02,002,neutral,3.265354633331299,0.5900792124524942,0.02471991748214453,-0.8453415178843909,8.080900803491937e-07,-0.0010424362036504599,0.03236124649303273,-1.84086733478613,0.03888766843101423,1.2076567465859527
P02,session_02,002,neutral,3.29789662361145,0.5895073359989083,0.024628898947120084,-0.8453144332224047,0.00035108923292912224,-0.0004517561302357372,0.017581674597206852,-1.8445615070493155,0.00653512055968872,0.20158932901063104
P02,session_02,002,neutral,3.329648971557617,0.5891121903676287,0.024671459171948563,-0.8451440474327047,-0.00013227637067669186,-0.0007223536846323675,0.02312789448114379,-1.8706536735288724,0.024237548664103967,0.7636812019606379
P02,session_02,002,neutral,3.3609070777893066,0.5892136232685471,0.024450110732618872,-0.844574545527539,0.00025200133678582776,0.00011552432198681933,0.008868717199620157,-1.8671945286793945,-0.07191859436058871,2.3008152865672167
P02,session_02,002,neutral,3.3937554359436035,0.5897557194696869,0.02526009735917952,-0.8445917479308549,-0.000443354200453641,0.00012092626679039869,0.013990041638502145,-1.8893126015998156,0.057386285058717776,1.7470622062618244
P02,session_02,002,neutral,3.424926996231079,0.5907406052122018,0.022452188242166028,-0.8436161402684255,4.860769239018163e-05,0.000478408663140729,0.015426615127198826,-1.8601370313631904,-0.04419544073206114,1.4178968369354543
P02,session_02,002,neutral,3.457301616668701,0.5909225559758455,0.022888585902712005,-0.846136986065417,-0.00022553883646848167,0.0001673889530945641,0.008675560893464477,-1.8515766619550105,0.005847719711467796,0.18083488979567003
P02,session_02,002,neutral,3.489640712738037,0.5910599251054037,0.03056740178417437,-0.8404498507249828,0.00039061790815254986,0.0002943626368651847,0.015124516420012475,-1.8327683591476454,-0.032698984599089695,1.0112416999912397
P02,session_02,002,neutral,3.5372257232666016,0.5904330431347157,0.03113669953488903,-0.8406451693816471,-0.0003246449182440566,-0.0007306308845310716,0.01680171389321013,-1.8151091582985706,0.03701774816404895,0.7781101791537332
P02,session_02,002,neutral,3.568821430206299,0.5904226782770804,0.031216758850932013,-0.8405383800811562,6.2969121184742825e-06,-0.00014098016470459856,0.004466452402383901,-1.8202045727028413,0.0035379560380925067,0.11206488946773144
P02,session_02,002,neutral,3.601428508758545,0.5903550014544123,0.032272786947002675,-0.8399005265710064,0.0004126401615923852,0.00030041859574703747,0.015653495832643995,-1.8288309139693653,0.007332515717065567,0.22541912688490967
P02,session_02,002,neutral,3.6334779262542725,0.5928963821956468,0.03184092716764661,-0.8364209285912472,-0.0018064720839817126,0.00017592977708963907,0.05663187619111986,-1.8430013889118464,0.01385444481298378,0.4359776089862895
P02,session_02,002,neutral,3.6653549671173096,0.5942867137932283,0.029697339251736354,-0.8355376944282743,-0.0001516602531894169,0.0008634491987816419,0.027501523357718466,-1.8619046825148922,-0.02536684163448176,0.7962466103494947
P02,session_02,002,neutral,3.6973814964294434,0.5932539906996473,0.02927162404929762,-0.8376342375186355,4.19716356657864e-05,8.82635115078237e-05,0.0030516784619936963,-1.8324546367848082,0.004107995818754857,0.1283048260694315
P02,session_02,002,neutral,3.730093479156494,0.5930487656594725,0.030149555435555617,-0.8376019815431303,0.0007962671472530811,4.3267604726015856e-05,0.024377666927356604,-1.8443171801299816,-0.0008656033581946843,0.035978798000092335
P02,session_02,002,neutral,3.7616477012634277,0.5927126751080517,0.029216248135556764,-0.8381807140718275,-0.00025735190585052736,5.933185149291697e-06,0.008158030008075082,-1.8355075550904867,-0.007083116881192554,0.22462265114708507
P02,session_02,002,neutral,3.793781042098999,0.5922226938123286,0.02522974119901668,-0.8385484514817425,0.00043463828919749835,-0.0004678513574932433,0.01987308299029578,-1.8383985091534003,-0.0009034709418903887,0.03443060066850612
P02,session_02,002,neutral,3.825185775756836,0.5919276225314158,0.026359261376168126,-0.8401580957958286,-0.0008453666884316423,0.0010333909818087286,0.04251329260351702,-1.8495820597098702,0.011293818016073855,0.36212569205210976
P02,session_02,002,neutral,3.8571794033050537,0.5920454561298281,0.023581479360914412,-0.8399542348572614,-2.9774865273953162e-05,-4.203214286348417e-05,0.0016099970523290378,-1.8536482567338912,-0.016334898826245427,0.5105698006699888
P02,session_02,002,neutral,3.889338970184326,0.5917986746083506,0.024869773952510714,-0.8411768145004619,0.0004852078730921047,0.0002818586887074738,0.01744842138189092,-1.8515878150951726,-0.0024708335951559492,0.07878682342098736
P02,session_02,002,neutral,3.9214670658111572,0.5928118053597555,0.027422844096931763,-0.8397457067005144,-0.0004972861873079326,0.0002597093986031572,0.017461949491800494,-1.850240338691021,-0.014418371040046844,0.4491172372907478
P02,session_02,002,neutral,3.969012498855591,0.592382938388191,0.029585693994623113,-0.8407226244896778,0.00037226305860153303,0.0003527682366259814,0.010786731875076798,-1.8489010406828519,-0.0003100557105427729,0.012604772956205448
P02,session_02,003,neutral,0.0003399848937988281,0.5901692739368058,0.02853178081878994,-0.8432085063377047,0.0,0.0,0.0,-1.8548226866521513,0.0,0.0
P02,session_02,003,neutral,0.03264427185058594,0.5903751194544322,0.028231886357503386,-0.8430797277225941,9.610190093716188e-05,-5.0985118816301245e-06,0.0029790799028640673,-1.8617956682003127,-0.0028650607955821718,0.08873982079663259
P02,session_02,003,neutral,0.06455874443054199,0.5906376315999001,0.02803462485822595,-0.84281627592248,0.00026716185698296514,0.0001912858208267474,0.010295685722588054,-1.8508682057526256,-0.010042051472489587,0.31482349237844753
P02,session_02,003,neutral,0.09710240364074707,0.5908868920833126,0.02621434417492049,-0.8424963494605947,0.00010924566301370332,4.8015637668072744e-05,0.003666826703437158,-1.8553379582479503,0.01322091921650533,0.40626831989002693
P02,session_02,003,neutral,0.12851929664611816,0.5909362419453548,0.0247725878479445,-0.842731712584101,-4.4052685819292034e-05,-4.150585052006565e-05,0.0019265373856125175,-1.8491726365281556,-0.0004190426633915255,0.013476546641757653
P02,session_02,003,neutral,0.16106963157653809,0.59087660736815,0.023240313588948344,-0.841612974643206,-5.007180040882984e-05,-0.00014858879275186373,0.004817113052552521,-1.8588600963491504,0.017118503243170036,0.5259307276294929
P02,session_02,003,neutral,0.20835590362548828,0.5911118546167795,0.022577604632536073,-0.8421293322063923,0.00021976944341978055,0.0004882925119340616,0.011324006674501641,-1.8604369219189605,0.0034905225949896667,0.07468036672655545
P02,session_02,003,neutral,0.24076104164123535,0.5907836192245535,0.022832904525617474,-0.8402225463109148,-0.00021470827987601107,-0.0004208660626151096,0.014580094867472136,-1.865130786238056,0.02395016948484071,0.7392293554450968
P02,session_02,003,neutral,0.27260446548461914,0.590559431537593,0.022635689541842214,-0.8375273636123017,0.0001852932514211392,-0.0006253063738978241,0.02048090760828287,-1.870059555367977,-0.0011470847011447415,0.0414378971186796
P02,session_02,003,neutral,0.304593563079834,0.5899099983336955,0.02339680100302091,-0.8370958643276185,-0.0004662122736537792,-0.0008468687284434535,0.030220182377802773,-1.8764049147152164,-0.007956640634244318,0.2505588832409234
P02,session_02,003,neutral,0.3365519046783447,0.5883521039989683,0.02315579235275235,-0.8374620193330528,-0.0014270720252748724,-0.0008694233571794949,0.05228860225555069,-1.878930450648127,0.006177089847236534,0.2002334955520471
P02,session_02,003,neutral,0.36821651458740234,0.5885393125141247,0.023775183148776233,-0.8376858046550749,3.659845323448949e-05,0.0005835497406769379,0.018465292560842235,-1.8720344041914945,-0.0013152149787054935,0.04545536168927051
P02,session_02,003,neutral,0.4007446765899658,0.5884106495484184,0.023762135626485593,-0.8363411520464333,4.600181748817402e-05,-0.0002038616189263974,0.006424813811845857,-1.876496465047355,-0.015330798934060466,0.4713522796218943
P02,session_02,003,neutral,0.432220458984375,0.5880658117411519,0.022871368784610914,-0.8361999193891633,-0.00021255850651221233,-7.307846847245876e-05,0.007141047686656381,-1.8983131566718583,0.04377547229294018,1.390785105644843
P02,session_02,003,neutral,0.4642934799194336,0.5881228879820849,0.021512983434267524,-0.8365768573571417,5.152241462946132e-05,0.00017786444588090407,0.0057735895106308215,-1.8789499729068722,-0.04286036544142998,1.336349499163346
P02,session_02,003,neutral,0.4967031478881836,0.5880917078738314,0.02183694484843429,-0.8359813220637079,-2.0789959449955452e-05,-0.00017361706538829343,0.00539522320757262,-1.8880338709151958,-0.004227241078506298,0.13054302113304528
P02,session_02,003,neutral,0.5281374454498291,0.5888525199996901,0.019988322215698698,-0.8358920724514091,0.0003105860902366274,0.00042320786842525417,0.01669979424108001,-1.8910325432721569,-0.011293885511946676,0.3596733412207575
P02,session_02,003,neutral,0.5605862140655518,0.5883859304789874,0.019603662997498866,-0.8338796508058659,0.0003969643715695652,-0.0002878495037965918,0.015111353918179313,-1.8786540412105466,-0.0012965890415162862,0.04271999065549884
P02,session_02,003,neutral,0.5929727554321289,0.5878013028390169,0.019771931266421346,-0.834229393348949,0.0005008153070488858,0.0003148554131025366,0.01826578609771434,-1.8803596992519327,0.01120662184684056,0.346508890544089
P02,session_02,003,neutral,0.6413073539733887,0.587626448934935,0.022379213025746768,-0.8329266668362151,0.00026803639302561334,-0.0005102581173568014,0.011924664764611043,-1.8780838903563721,-0.0003664516476455192,0.014130735233742371
P02,session_02,003,neutral,0.6722724437713623,0.5885538431836908,0.020266079848494416,-0.835386935251974,0.0008161089006304792,0.0013393361308975725,0.05065034535064098,-1.8703428026693232,-0.002279707068020401,0.08936237279397044
P02,session_02,003,neutral,0.7047562599182129,0.5912270418869632,0.0198929342331958,-0.8330714502812578,-0.0007711981159297536,0.0013677087752355184,0.048336405003834876,-1.865370731359168,-0.029288818293695704,0.902938104707895
P02,session_02,003,neutral,0.7360818386077881,0.5916314073029522,0.019953323431503158,-0.83590059014829,-7.116463127802996e-05,0.00023700554957574303,0.00789958778586374,-1.8592401549055406,-0.0033738659291624503,0.10799254005675951
P02,session_02,003,neutral,0.7685277462005615,0.591735669116749,0.016138984256873334,-0.8333912744067535,-7.195792029061993e-05,-6.879756368642998e-05,0.003068314286546191,-1.8600891978687577,0.001078928117183416,0.03339439297386651
P02,session_02,003,neutral,0.8001663684844971,0.5916081350216329,0.018085393417495856,-0.8327362650269917,-1.154849300226293e-05,-4.2113588440095134e-05,0.0013802218659864135,-1.864018705133303,0.004635366109440472,0.14651623436647962
P02,session_02,003,neutral,0.8325138092041016,0.5914312325663114,0.016612418221933607,-0.8336140622040145,0.00017922524938780712,5.013822257422312e-05,0.005753352743640349,-1.8700814772930432,0.04965830656236694,1.5351648907912994
P02,session_02,003,neutral,0.8642470836639404,0.591249275474407,0.01646976644328628,-0.8339439977828264,3.7804260771122095e-07,0.00013639777286220852,0.004298273628483952,-1.864964152452404,-4.397895669707204e-05,0.0045161774257931235
P02,session_02,003,neutral,0.8964474201202393,0.5908002641293519,0.018860200612844463,-0.8327162651107751,-0.0004299719564724166,-0.0011432121366223055,0.037931177861266,-1.8619317447000268,-0.0048710986350820554,0.15595778801646332
P02,session_02,003,neutral,0.9287717342376709,0.5907785133374749,0.01911582307892126,-0.8325763155116047,-0.00030618106726706273,-0.00018780988770661082,0.011112152432928176,-1.858804400020678,-0.0016500332035980483,0.05224168675870374
P02,session_02,003,neutral,0.960686445236206,0.5906855284818716,0.019636336766753644,-0.8326576310277063,4.444978716685349e-05,-6.821352128216337e-05,0.0025511075707585476,-1.8595068211945827,0.0025209991946340353,0.07903294447525805
P02,session_02,003,neutral,0.9925456047058105,0.590013771281364,0.01856984824976677,-0.832908897237752,-0.00025899634123969535,-0.0007004392518714491,0.023440332604642147,-1.8734829297970697,0.025757647051278205,0.8088245580178275
P02,session_02,003,neutral,1.0250451564788818,0.5901696650590873,0.01835198078639581,-0.8335739097094413,0.00011691523809717221,0.0008584641173315744,0.026658489218724817,-1.8786671414400595,0.003492737008197393,0.11072733749450125
P02,session_02,003,neutral,1.0722739696502686,0.5898887741432656,0.018309035620759848,-0.8333554804844304,0.0002963111496022161,-0.0006035855591300384,0.014236978260056333,-1.874749124532009,-0.007750140633538678,0.16471415777665355
P02,session_02,003,neutral,1.1048157215118408,0.5908714892689194,0.016849413964714635,-0.8322355351204355,0.0017139431941282223,5.9012353492882694e-05,0.052700260894861926,-1.8650567329723546,-0.009555058350768105,0.29831646583376276
P02,session_02,003,neutral,1.1365282535552979,0.5908108386941362,0.02029396000179076,-0.8329724419756981,-8.724131853004647e-05,0.00038271169915435826,0.012377736083932604,-1.8464092135672847,-0.01343188425298856,0.42373212553563183
P02,session_02,003,neutral,1.1689684391021729,0.5913322349042768,0.020863159581642973,-0.8345319271127631,-0.00036201321198981904,0.0010375057750274836,0.03387311750023324,-1.846820934275446,-0.024368508868420347,0.7519461163862631
P02,session_02,003,neutral,1.2003858089447021,0.5923511760241186,0.021825107749876883,-0.8342386771355592,-0.0001795632268608069,0.00220834091246887,0.07052242637955569,-1.8573434052664852,-0.02313082774009966,0.7396131386638115
P02,session_02,003,neutral,1.2327089309692383,0.592235121135164,0.02224764662781882,-0.8362850450907289,-0.0004237974068263521,0.00040257419830923703,0.018083823785033017,-1.8498073564073076,0.013433800354029662,0.4160028583399616
P02,session_02,003,neutral,1.2650020122528076,0.592470914465179,0.02236326411788045,-0.8375633828655678,0.0002489684996453396,0.0002229876470204648,0.010349853830807831,-1.8535753842799425,0.03818667227856528,1.1825485026548495
P02,session_02,003,neutral,1.2966933250427246,0.5917814958667178,0.021271166243440675,-0.8332898235903832,0.0003831918919936055,-0.00031631334914073285,0.01567875816651105,-1.8462965689852444,-0.0064083291707504675,0.2028178375502172
P02,session_02,003,neutral,1.328779697418213,0.5924894765107581,0.019450661412638317,-0.8316360776821454,-0.0006168058552386425,0.00033203143326648556,0.02183156669532976,-1.8612132400629688,-0.04780983533118899,1.4901954707216734
P02,session_02,003,neutral,1.3601348400115967,0.5924510648577112,0.019693290946081722,-0.831295517410327,-4.6895375321169594e-05,-0.00048759117510120345,0.015622353689358801,-1.876569664947152,0.016363153384658553,0.5220988404935931
P02,session_02,003,neutral,1.3921692371368408,0.5922460636814123,0.020422727533961575,-0.8319553862671141,-0.0001666752189369459,2.193988843128037e-05,0.0052478908469237775,-1.872285240316651,0.05024926362382311,1.5686121591270112
P02,session_02,003,neutral,1.4245197772979736,0.592170336949194,0.02086313620119286,-0.8321128588964547,-6.456990031010896e-05,3.029702259289602e-05,0.002204738491036507,-1.8622364887312663,-0.009299147681176866,0.2874579886546168
P02,session_02,003,neutral,1.4572718143463135,0.5931193980526877,0.020207660262885462,-0.8313396214203681,-0.00013281472315676638,0.0005696976567299412,0.01786070599252623,-1.8897115724173146,-0.02563255067643707,0.7828284018418642
P02,session_02,003,neutral,1.504323959350586,0.5924247223182604,0.021529908542030598,-0.8287560263125241,0.0005133567826064704,-0.001320372911935327,0.03010825485208108,-1.8961406941907224,0.005967510065086606,0.13035238436457322
P02,session_02,003,neutral,1.536142349243164,0.5926176125199016,0.02099927608521898,-0.8305040331929303,9.918306355965445e-05,0.0005379445967284187,0.01719168010663466,-1.899241711623194,0.003696866709797094,0.11745148751162822
P02,session_02,003,neutral,1.568885087966919,0.5925271918564418,0.019861217213102987,-0.8294326957044369,-9.594147025796243e-05,-0.00018152176469776483,0.006270600251149042,-1.8960248092622685,0.013566274785385862,0.4143767104147693
P02,session_02,003,neutral,1.6007428169250488,0.5924863159710294,0.01849086929797174,-0.8294815687493157,0.0001707448435821399,-0.000232589234562915,0.00905693728606196,-1.8958817560826207,0.0005228982240265533,0.01874653374124553
P02,session_02,003,neutral,1.6327321529388428,0.5923589040145282,0.0196068385749557,-0.8296953528274081,0.00011922510660278493,7.481284250167368e-05,0.0044000175844217,-1.9013960130613636,-0.013394794195280326,0.41874997638990413
P02,session_02,003,neutral,1.6644182205200195,0.592245941986372,0.018441964480884213,-0.8298705628965625,0.0001037238631228148,-7.276395685898856e-05,0.003998645589082273,-1.898798199261932,-0.0014343456613475866,0.04544365742237305
P02,session_02,003,neutral,1.6976792812347412,0.5920006266875167,0.015062817813219604,-0.8274335716527852,0.00014407796686101472,-5.597997873845156e-05,0.0046472083563586135,-1.8937005122264479,-0.006081051728148045,0.1828870084420246
P02,session_02,003,neutral,1.7294588088989258,0.5920762391151831,0.014462256715022857,-0.8301429028376404,8.088879254570009e-05,0.0018334121839978718,0.05774773347245991,-1.8994339990217888,0.004925533509746863,0.16539933483321134
P02,session_02,003,neutral,1.7607214450836182,0.5928064328926896,0.01436925903494743,-0.8332729408132341,0.00011972581070007418,0.00022276089322361062,0.008089419863135229,-1.8866492539841029,-0.009921054292706021,0.3174485027851572
P02,session_02,003,neutral,1.7921957969665527,0.592676913586468,0.01714923452804692,-0.8331729435060183,-0.0001400291041655809,-0.0003042700814457061,0.01064185271886302,-1.8697918455498928,-0.01707359442392947,0.5425649305900991
P02,session_02,003,neutral,1.824476957321167,0.5926419788801714,0.012387730632406101,-0.8326436531904381,-1.0648320555217462e-05,-0.0005231883214001533,0.016210590503243607,-1.8836637683484696,0.021090765198496033,0.653547019211194
P02,session_02,003,neutral,1.8562278747558594,0.5923637696582148,0.014071666914866745,-0.8329072244383571,0.0002191037343038375,-0.0003248571325832098,0.012341061419039984,-1.8813764253996896,-0.009531515550676871,0.30045010289489166
P02,session_02,003,neutral,1.9046874046325684,0.5943178851888656,0.01221719293068109,-0.8336506257898916,0.00025239445572161905,0.003025574306942752,0.0626519382170238,-1.8986907419197645,-0.005416182181545565,0.1281294458494826
P02,session_02,003,neutral,1.936495065689087,0.5948651967258926,0.013192745519810284,-0.8324751578962915,-0.0010667515993762263,0.0018376418576801954,0.06680234177940458,-1.8852196979371476,-0.009413355485467902,0.3033919721431649
P02,session_02,003,neutral,1.9686362743377686,0.594140775021179,0.016118345886985602,-0.8328065393288921,-0.0006591198302135614,-0.0005585859043213197,0.026880679382224947,-1.876591867574571,-0.009825112735545453,0.30686546035764545
P02,session_02,003,neutral,2.000168561935425,0.5929315825871231,0.008314299502980224,-0.8343782577890652,-0.0009295954510887243,-0.0005757588446570695,0.034677343429425134,-1.893921248681561,0.01827610868821007,0.5806362775943423
P02,session_02,003,neutral,2.0323989391326904,0.5922337745965264,0.014297417419023142,-0.8331663352039764,0.00039954321980185785,-0.0017139132243750087,0.05460275584614664,-1.8804075476475248,-0.04288866682246369,1.3318106095225994
P02,session_02,003,neutral,2.06489634513855,0.592024114671278,0.014386384430673088,-0.8336686420280719,0.00019668983283557424,0.00018550183223471522,0.008319620504281396,-1.8857382815402952,0.03752978934514609,1.154884891111768
P02,session_02,003,neutral,2.097165584564209,0.5920015599242557,0.014480039380711624,-0.8337071498599165,8.218270793769102e-05,-0.0007890043378299732,0.02458294282108182,-1.886150964529927,-0.016766254081037688,0.520155114001511
P02,session_02,003,neutral,2.129812717437744,0.5925609445948841,0.014793784672871124,-0.8324168271571922,0.0005422710404983128,0.0003501978533657718,0.01977264808019483,-1.8906926860634963,0.007394742263445273,0.2273664888639889
P02,session_02,003,neutral,2.160675287246704,0.5928475186785347,0.014381509300691788,-0.8323916229282593,0.00024627171874271964,1.5583636009439294e-06,0.007979784274011052,-1.8804815799217,-0.012120725874070776,0.3928132911177753
P02,session_02,003,neutral,2.1922476291656494,0.592671581287939,0.014235351791307997,-0.8334420709878823,0.000159477978085566,-0.0005262798419181882,0.017417537372391535,-1.84184478424312,0.01385997638332794,0.4393364727851124
P02,session_02,003,neutral,2.2243809700012207,0.5928371191027096,0.015776823095194712,-0.8343695460084217,0.000152295011166264,-0.00026804324130665774,0.009593995334968375,-1.8306204696311519,0.005092268607396945,0.15876319818212548
P02,session_02,003,neutral,2.2569596767425537,0.5927803169035495,0.017819771257046348,-0.8319604087391098,0.0001102541550934288,-0.0001802879161719269,0.006486704525329964,-1.8313483632148573,0.0002274966036469518,0.009530970983433277
P02,session_02,003,neutral,2.288193464279175,0.592688785016676,0.01839791456097198,-0.8362534524327542,-6.964231068721277e-05,-0.00017040995734221234,0.005893979238600246,-1.8279455253239585,0.007867418927612047,0.25195703268491676
P02,session_02,003,neutral,2.33672833442688,0.5921327861786121,0.0133228910631593,-0.8316697221380315,0.00045072195593963285,-0.00014429746212321572,0.009750862446678669,-1.8385385073792715,0.006947718962822791,0.14348073198568748
P02,session_02,003,neutral,2.3685433864593506,0.5919571953268622,0.013167071870427182,-0.831923315665126,0.00015735455090010089,-3.473832670646924e-06,0.0049471203456162224,-1.8391259826019875,-0.0026622396334416523,0.08382473001072162
P02,session_02,003,neutral,2.400660991668701,0.5919268078956723,0.015205494428712274,-0.8325683869686439,1.7458163999483394e-05,-0.0006291484277939279,0.01959643626376672,-1.8416736024301,0.001003787788486519,0.036889049772566594
P02,session_02,003,neutral,2.432741165161133,0.5919825741385856,0.015335382381519437,-0.8327838104463585,-4.92608629549508e-05,0.000408736787257277,0.012833301528879537,-1.8598426474547218,0.002556304004798175,0.08071164663094471
P02,session_02,003,neutral,2.4644834995269775,0.5920814981255516,0.014178755740661133,-0.833217329696339,1.2873133132487843e-05,-0.0006785135273741393,0.021379512503983424,-1.8693775017471377,-0.015842485506883632,0.4995541231693482
P02,session_02,003,neutral,2.4967589378356934,0.5906632292930437,0.01407736531452926,-0.8349021033196022,0.000588729636372374,8.496738651049454e-05,0.018429786034488912,-1.9069398572006988,0.06921572471718203,2.144611637640896
P02,session_02,003,neutral,2.529168128967285,0.5912647953502215,0.01482770199975679,-0.8323877488562509,0.0003161109308794925,0.0002764679033523107,0.012957840180325362,-1.8990032889942892,-0.04854917515068834,1.4980624239812805
P02,session_02,003,neutral,2.561410427093506,0.5915642094643381,0.014853774612612667,-0.8324878654544828,-0.0004561552638617746,0.0005282725823462994,0.021647371071993538,-1.8948429202182722,-0.0021906233738474288,0.07130775789398201
P02,session_02,003,neutral,2.595301628112793,0.5913998108714068,0.01586269934567219,-0.8352764674339908,-0.00046982514551648487,-0.0002126074372063443,0.015216084266536955,-1.887467197061489,-0.031994672889190334,0.9441633115269836
P02,session_02,003,neutral,2.626497745513916,0.590467828798563,0.015829718686578193,-0.8348168089965292,7.568334842438055e-05,-0.00047656030398332853,0.015467712717600512,-1.8975038143633802,0.027864620277700917,0.8933418740155947
P02,session_02,003,neutral,2.6640470027923584,0.590589047635799,0.01578357689943942,-0.8345284912451791,-2.0386660221396025e-05,0.0008005801099318019,0.021327709191374646,-1.9155642273455329,0.01659650759127515,0.44250723504945233
P02,session_02,003,neutral,2.702544689178467,0.5903919655203089,0.01695304000577468,-0.8341417583932554,0.00016552023200913865,-0.0007971623982581024,0.021148416764901548,-1.8989773527689666,-0.04148727513335738,1.07786381553036
P02,session_02,003,neutral,2.7359302043914795,0.5928714477673116,0.015716895224008685,-0.8366383266407617,0.0008612250443340357,0.005352209970403007,0.16237751825019311,-1.9077353348282748,0.019132765767275402,0.595645724766664
P02,session_02,003,neutral,2.7744646072387695,0.5936158859478937,0.017333808910708386,-0.8350517791906351,0.00020890186127209758,-0.002329198017749987,0.06068725891487247,-1.846864455033643,0.03826827560548411,0.9949463252284669
P02,session_02,003,neutral,2.809443950653076,0.5937150917239343,0.017741468382765017,-0.8323974614361141,-0.00037531800622715223,0.00018467232110601755,0.011958232837219543,-1.8781670996284248,-0.001473563647292267,0.0437910561458176
P02,session_02,003,neutral,2.845752239227295,0.5960239861081995,0.022109095667743314,-0.8309977656423719,-0.0019800621174294415,0.0003491131561156916,0.05537587881876565,-1.8754856015274222,-0.023659066577448734,0.6539648859488694
P02,session_02,003,neutral,2.8773176670074463,0.5950815914028289,0.02703453743704306,-0.8326902759952004,-0.0006793121435572178,-0.00041987968458143387,0.025299870602772386,-1.8677843702643095,-0.008493398777101516,0.2702596303317056
P02,session_02,003,neutral,2.9101107120513916,0.5948842633628175,0.025879322568765965,-0.8356705086222201,3.4880510782275645e-05,-0.0002608085301723907,0.00802397735701254,-1.859665842104,0.03545387874766616,1.0811699595059958
P02,session_02,003,neutral,2.9422061443328857,0.5943806574159815,0.025589553454935514,-0.8354600372609441,0.00025283159666277693,-0.0005543492578490157,0.018983509295267056,-1.8622318146464467,-0.03648301025193186,1.1368626303457787
P02,session_02,003,neutral,2.9800302982330322,0.5937073324211933,0.02547038056206613,-0.832687686499175,0.00011044593228470946,-0.000149336052060907,0.004910633912454731,-1.872951632014142,0.008516296219335574,0.22520851368195544
P02,session_02,003,neutral,3.007258176803589,0.5933167173019003,0.024735130161791772,-0.834748571188657,0.00031642413639553337,-0.0007903696779401092,0.031267835781470264,-1.8622174740265205,-0.0015746364060314911,0.06574337346335664
P02,session_02,003,neutral,3.0334770679473877,0.5946295078872863,0.024217495572016648,-0.8342538137109133,0.00040358441322492527,0.0015004669559922773,0.05926245378202195,-1.8757650260561085,-0.026639052170510963,1.0177519808452227
P02,session_02,003,neutral,3.0582401752471924,0.5948413385553354,0.022906074866475404,-0.8323412589639404,9.325103846819788e-05,0.0015467773327756471,0.0625763839519057,-1.8627631047324176,0.0002348748788926322,0.06329112581427691
P02,session_02,003,neutral,3.088977098464966,0.5951505340580862,0.021326530775314042,-0.8332388861697355,0.00044715962283846064,0.001318431726500051,0.045293977998475954,-1.826664197555524,0.015544014110602768,0.5077357762137567
P02,session_02,003,neutral,3.1201229095458984,0.5953400836183046,0.021093046998079845,-0.8348042618112069,-0.000704910376858469,0.0002839364881256426,0.02439963508761712,-1.8334157236468756,0.011346071028719536,0.365105043378827
P02,session_02,003,neutral,3.1521553993225098,0.5953623326917745,0.02752676897617314,-0.8338966587398557,3.341335032709479e-05,-0.0008731521644277369,0.02727828087437968,-1.851556282270915,-0.027987948296867557,0.8741619889266989
P02,session_02,003,neutral,3.200699806213379,0.5952714655745461,0.029567981918472434,-0.8277987575387942,-6.134225746950548e-05,0.0002477220893361462,0.005257125677451596,-1.8604852359819157,-0.0008280015712380465,0.01784836966790858
P02,session_02,003,neutral,3.2322535514831543,0.5945608360368901,0.025735318811798604,-0.8292373767846932,0.0005927398702615316,-0.0010032505446637115,0.036929662308795345,-1.856424757645038,1.9047474742553603e-06,0.036929711645184396
P02,session_02,003,neutral,3.264822483062744,0.5946201352073831,0.026169058889937098,-0.8260127115518575,-0.00010571547240714063,0.0002518025522690409,0.008385105123243284,-1.8687708853209422,-0.005561032302096994,0.17095230360125546
P02,session_02,003,neutral,3.2966644763946533,0.5940288237650776,0.025710292130589944,-0.8261864003396687,-4.828845697477599e-05,-0.001944482093951551,0.06108542166185114,-1.8715859145571672,-0.0024551356620738964,0.09836874540256207
P02,session_02,003,neutral,3.3287227153778076,0.5939683211285346,0.01753746970251064,-0.8272167560494158,-6.388523702415031e-05,0.00012538716459717386,0.00438963826063139,-1.8765304069040838,-0.0015493267555077362,0.048527448903060905
P02,session_02,003,neutral,3.3602583408355713,0.5935536087788931,0.019337613001490683,-0.8268136241817085,0.00015855060457530047,-0.00035844913817213844,0.01242877130835822,-1.8858923232154037,0.04222733193938533,1.3390934950424132
P02,session_02,003,neutral,3.3921687602996826,0.5935421686092188,0.019184854845586623,-0.8275388405470542,0.00016980091569693278,0.0005435838584564187,0.01784643666927511,-1.8866322035331395,0.008959216999830637,0.28132811991841683
P02,session_02,003,neutral,3.425288438796997,0.5936839044120196,0.019137530237141823,-0.8301175285430745,7.386778901632252e-05,-0.0002519988453020313,0.007928884642800631,-1.8720317033339875,-0.0008891242127469281,0.027992215071411527
P02,session_02,003,neutral,3.456610918045044,0.593835156629566,0.020606799802992917,-0.8264125333798444,-0.00013828803906691065,-7.116401357172176e-05,0.004965270798578229,-1.8645344439162639,-0.020462916004043603,0.6533169629178522
P02,session_02,003,neutral,3.488560199737549,0.5937511468375187,0.017996088202821035,-0.8265977252807063,-7.000708861218062e-05,-0.00044099822946522233,0.01397591229514945,-1.8623241291552297,-0.008570002014442529,0.26860155023943233
P02,session_02,003,neutral,3.520385503768921,0.5937294308157512,0.018311984348243323,-0.8275464289831171,-8.052552763768407e-05,0.000968063160991351,0.03052308715985369,-1.875133975864461,-0.02063180219789469,0.6490011177970127
P02,session_02,003,neutral,3.552070140838623,0.5939464805082784,0.017999602988596226,-0.8274651926049902,0.00017372455948976693,-0.00014225117370308014,0.007086533018288034,-1.8700451189228207,-0.0038047045845537057,0.1202893455579762
P02,session_02,003,neutral,3.600391149520874,0.5938281326214742,0.01819464026949127,-0.8292617761681634,0.00019599192613317147,-0.0005264593317039802,0.01162554765397705,-1.8560844176141817,0.02008329430193646,0.4157849742756282
P02,session_02,003,neutral,3.632591485977173,0.5941503022159002,0.01931238664794706,-0.82677905310025,-0.0002228338801033321,0.0004918145626141072,0.01676818511506901,-1.8583420908984873,0.003679229380420813,0.11548443195663073
P02,session_02,003,neutral,3.664628267288208,0.594451181006069,0.018817939587188425,-0.8278125185841549,-0.00011062106771687674,0.00034351939995288437,0.011264908019125355,-1.8477882955033955,-0.015419744612348026,0.48144559609562737
P02,session_02,003,neutral,3.696861505508423,0.5939837722225942,0.01822584728130668,-0.8284334729768771,0.0004072091861928725,0.00017284815752026194,0.013724193172503493,-1.8636540273542344,0.01347204630000849,0.4181803665880476
P02,session_02,003,neutral,3.7288591861724854,0.5930899420291833,0.015091230423277271,-0.8297508749086976,0.0007420808646925731,0.00023421173553169576,0.024319386363906025,-1.8824041639263118,0.03104519015085484,0.9705372551603167
P02,session_02,003,neutral,3.7612006664276123,0.5935439242459705,0.016656256923362697,-0.8290515040312056,-0.0003873764144973139,-5.623610942799631e-06,0.01197895794382177,-1.8581275185192438,-0.027875210121811992,0.861985969312178
P02,session_02,003,neutral,3.7925517559051514,0.5934717106504663,0.01503330173402726,-0.8290964915254156,8.662418982436129e-07,-0.000348405002319663,0.011113045351721598,-1.8460446443793705,-0.013134938891141586,0.41911011889713695
P02,session_02,003,neutral,3.8243260383605957,0.5940160056766441,0.020345406965147982,-0.8250325871463743,0.0001814807170626539,0.00010500771050166138,0.006598759900913489,-1.8553034970318663,-0.0031181470193662234,0.09835590878854963
P02,session_02,003,neutral,3.8565077781677246,0.5935029583705991,0.019302343253890665,-0.8258961695338878,0.0002966910599925676,-0.0004497692856653005,0.016742775697403053,-1.8605720327812607,0.025584274934134413,0.7951698142183946
P02,session_02,003,neutral,3.8883137702941895,0.5947730539625304,0.017979774495069573,-0.8277289102666331,0.0009019394035845273,0.002020416418179487,0.06956535476000536,-1.87669439541137,-0.03218320621040832,1.0142483330773273
P02,session_02,003,neutral,3.9206669330596924,0.5941273918185395,0.01886283155706879,-0.827998157307331,-0.0007295865070648393,-0.0006603761745996741,0.030416491316411984,-1.8712064892444322,0.009489603120922214,0.29488587102622177
P02,session_02,003,neutral,3.9525580406188965,0.5938226771616031,0.019498671970442038,-0.8287842847304631,-0.0002709358257906157,9.786512184712432e-06,0.008501194813741977,-1.8769454857682968,0.0005875671353975426,0.020290891888791854
P02,session_02,003,neutral,3.9844298362731934,0.5928850221538093,0.020174744182068056,-0.8294238072516055,-0.0006960041001905666,-0.0007016213942735346,0.031007931197441455,-1.878411705689882,0.021376556082794332,0.6714208734178089
P02,session_02,004,neutral,0.01638031005859375,0.5805280497945859,0.09576205542123623,-0.8749548828727409,0.0,0.0,0.0,-1.8060803478254108,0.0,0.0
P02,session_02,004,neutral,0.04864668846130371,0.5799336395434467,0.0914642863425926,-0.8759785587645318,0.0004631065702426679,-8.494633790452798e-05,0.014592057633522157,-1.8272546974266664,-0.04455173338202406,1.3808249779643345
P02,session_02,004,neutral,0.08070588111877441,0.5810938777351274,0.08163631139183748,-0.8752077809282639,-0.0009569179834719879,0.0017058944952632355,0.06101080242326221,-1.8348061297137837,-0.012641066962238802,0.3989961645444447
P02,session_02,004,neutral,0.11271905899047852,0.5807129265076961,0.08696718896619152,-0.8752785737392157,0.000307549323144771,-0.0004486927925000597,0.016992307562309357,-1.8321381240860208,0.0008409846495137228,0.03128656101343464
P02,session_02,004,neutral,0.1450953483581543,0.5802136282837406,0.08164181930716191,-0.8759774442249842,0.0003928991037290785,-0.00025014460700861026,0.01438615638500799,-1.8206560517947716,-0.006287438629776893,0.19473099507484956
P02,session_02,004,neutral,0.17698001861572266,0.5799232120040654,0.08074709573476307,-0.8761982256333796,0.00021851078240957207,-0.00029585291023798366,0.011535284135896884,-1.8194977362139757,-0.012097310899667658,0.3795836891678749
P02,session_02,004,neutral,0.2091975212097168,0.5793759072582494,0.0853278568726507,-0.8748110762194388,-0.00015339009483612256,-0.002059449774297062,0.0641003814572725,-1.7702430896549353,0.04223199154829692,1.3124063398801193
P02,session_02,004,neutral,0.24057555198669434,0.5782933786039206,0.08256261587068417,-0.8748029500568874,-0.0009501499380615826,-0.0011564443570050394,0.04769937795257806,-1.8026581715035324,-0.05238927421271348,1.6702976060897965
P02,session_02,004,neutral,0.2723820209503174,0.5779445665030117,0.08287130723699307,-0.876309290574664,-0.0002748470831511628,-0.0009414415003922664,0.03083464110829744,-1.8574559070539265,-0.003250311697032663,0.10674093249475632
P02,session_02,004,neutral,0.3043661117553711,0.5761735557374996,0.08255717877349766,-0.8778257463860226,-0.00025304946790655555,-0.001213716748822592,0.038763504939453575,-1.863147563640634,0.00931238593754621,0.29372589080069417
P02,session_02,004,neutral,0.33699536323547363,0.5746875745766723,0.0800297038452953,-0.8815105636397267,0.001252611380442411,-0.0016224907267756198,0.06281967185679994,-1.8767222457754937,0.009768341107802487,0.3058936881546136
P02,session_02,004,neutral,0.3684375286102295,0.5741511288151452,0.0802046449400886,-0.8819431185826204,-5.0025135821667515e-05,-0.00016713975340676461,0.005548775025685564,-1.8716645163665206,-0.006167353087198181,0.196227588290252
P02,session_02,004,neutral,0.4012637138366699,0.5727797072478196,0.07761748219675965,-0.8845469918778748,0.0009308482674051573,-0.00038315655964402833,0.03066520803468874,-1.8740317669938193,0.004253433247933192,0.1331535957582173
P02,session_02,004,neutral,0.4484212398529053,0.5724840197182788,0.07752056815466782,-0.8849649724183364,3.215877477952762e-05,6.902879054253927e-05,0.001614847663635368,-1.8859851455443868,-0.023659513842632495,0.5017149625001415
P02,session_02,004,neutral,0.4808218479156494,0.5728869008634268,0.07513315674643782,-0.882966971917716,0.0006512546776846301,0.0006369488196797357,0.02811532407828877,-1.8835058055078275,0.0012719988618424582,0.04828768245866162
P02,session_02,004,neutral,0.5125455856323242,0.5746020930746062,0.0720217358106757,-0.8817510882508418,0.0014671599785357411,0.0006734802411413733,0.05088784076806916,-1.8871544713586936,-0.05333258131997588,1.6819269234150822
P02,session_02,004,neutral,0.5446052551269531,0.5747597920835326,0.071829632558299,-0.8818050770328635,0.0001786682954893903,0.0002838885345148115,0.01046276056641627,-1.8795563241465634,0.002723981784876915,0.08560776845347934
P02,session_02,004,neutral,0.5763134956359863,0.5753326731396101,0.07506303667892585,-0.8799270275009584,-8.979557092967924e-05,0.0002555301709813139,0.008541896396123726,-1.8981851809722525,-0.026314298095055554,0.8299322678904837
P02,session_02,004,neutral,0.6089603900909424,0.5753012272827045,0.07517933193095837,-0.8799958453418941,0.0001847424048043807,0.0016030952566635443,0.049429053804779376,-1.8778420112646306,-0.0023214731882793167,0.08660055796684617
P02,session_02,004,neutral,0.6417622566223145,0.575661492217456,0.07081874595643586,-0.8825922523490519,0.0007258363050246337,0.00023938710610965614,0.02330030464391666,-1.8897402459518087,0.04439028519256679,1.3534859153925753
P02,session_02,004,neutral,0.6730878353118896,0.5783175343735241,0.06867749328561135,-0.8770187545067337,0.0018034290190232483,0.0019428896616078956,0.08462356692881907,-1.87755189320338,-0.03529538223493516,1.1299006060145054
P02,session_02,004,neutral,0.7047576904296875,0.5783403734057847,0.06809705686825224,-0.8774819592029277,0.0005448476704644803,0.0004798029612176744,0.022923874217187497,-1.923479004532658,0.05435398196261488,1.7164218161964782
P02,session_02,004,neutral,0.7367069721221924,0.5782675648675445,0.0679466255225178,-0.8785900994039253,0.00016508670897052934,0.001036414178536594,0.03284830837309537,-1.912517914657112,-0.025354989013991164,0.7942807513442842
P02,session_02,004,neutral,0.7684874534606934,0.5785086064305976,0.06840238289339363,-0.8793038995902274,0.00020397673289971366,0.0016020377420672548,0.05081644342998276,-1.889741707849525,-0.017007033406746995,0.537548162607285
P02,session_02,004,neutral,0.8005819320678711,0.5802434881580532,0.06361689768726074,-0.8769533345186176,0.001662387319576429,0.0007712994362361792,0.05710026337772934,-1.9097408453581923,-0.017663640511950292,0.5533179892638141
P02,session_02,004,neutral,0.8329596519470215,0.5796479412739844,0.059608943926798275,-0.8709452064619899,0.0005321917272008768,2.9306278089508237e-06,0.016437222824559904,-1.8970284145648726,0.03249991689068166,1.0039086821917735
P02,session_02,004,neutral,0.880401611328125,0.579641180242993,0.06087740760269449,-0.8711033894496936,-0.000525848167123627,0.00014864111964354982,0.011518340253436296,-1.8830138277165902,-0.0671688962110869,1.415858870155696
P02,session_02,004,neutral,0.9126772880554199,0.5797737578848479,0.05731919893098583,-0.8714037823800953,-0.0002822815816795457,-2.9197111607754155e-05,0.008792612879216488,-1.9128663726346993,0.03343005024880967,1.0358033712213142
P02,session_02,004,neutral,0.9448025226593018,0.5797724787305744,0.05551634837150648,-0.8731997377793667,-0.00011930747456880462,8.63064411034136e-05,0.004583678312057438,-1.905469211683718,-0.008145498076312761,0.2535959364428704
P02,session_02,004,neutral,0.9768350124359131,0.578647791050701,0.05660697590988883,-0.8746889601054086,-0.00107419331253457,-0.0020724448777052302,0.07287263635785968,-1.85149667715878,0.012786514669497947,0.4057705571071306
P02,session_02,004,neutral,1.0086758136749268,0.57819558666118,0.05639365850312553,-0.8746358731772623,-0.00026403244845317144,-0.0009775256973966612,0.03180058119367516,-1.8549979156346323,-0.006209259723837922,0.19758540998165924
P02,session_02,004,neutral,1.0408926010131836,0.5768363460971151,0.05643455314047247,-0.8751052441105702,-0.0004911028533013839,-0.0016428476702201255,0.053223210939178756,-1.852129429414193,0.06266233198593199,1.9457491849954953
P02,session_02,004,neutral,1.0738983154296875,0.5758363146314521,0.05617471475432661,-0.8753310807147547,-0.0007834519884579948,-0.0013191793849023686,0.04648544320172375,-1.8636893724605716,0.014757507464377718,0.44952973856366124
P02,session_02,004,neutral,1.1055095195770264,0.5756684095893163,0.05358594494528258,-0.8755178966450365,0.00011998979197652805,-0.0001773638344565139,0.006774146462649219,-1.8638929033232274,-0.027658637150803956,0.874989322252236
P02,session_02,004,neutral,1.1366796493530273,0.5756868045721819,0.05471434745617152,-0.8757957681937479,-6.037477011563445e-05,0.0002820854211019011,0.009254824634457055,-1.8479140787915516,-0.01764625756854561,0.566202818799731
P02,session_02,004,neutral,1.1681621074676514,0.5752295124036004,0.05327478556222854,-0.8763400972486373,-0.0010522887063054206,-0.0001322177063127375,0.03368741421327463,-1.859289372389409,0.014587752581034128,0.4645842573176101
P02,session_02,004,neutral,1.2002270221710205,0.5749960824884036,0.05277853622291745,-0.8775547978395882,0.00013599021931822044,-0.0005153504528560517,0.016622249784215035,-1.863017802314135,0.007238852021290115,0.22636727472457846
P02,session_02,004,neutral,1.2326383590698242,0.5748878409935303,0.05205804456306811,-0.877971866193124,-2.2394982731299867e-05,-5.028503066981683e-06,0.0007081652844878492,-1.8738321656495176,0.005773291763510815,0.17812709815298067
P02,session_02,004,neutral,1.264953374862671,0.575224489499496,0.052553098492154324,-0.8778704942425727,-0.0003230476693187452,0.0006498515562752129,0.022457614150077583,-1.879123956106541,-0.04079400012777188,1.262585018632082
P02,session_02,004,neutral,1.3124885559082031,0.5745565809275847,0.0524206368625209,-0.8783133724106592,6.190699567358602e-05,-0.0005862880369489256,0.012402338401488008,-1.8709147874835688,0.01522712393584172,0.32057377415926297
P02,session_02,004,neutral,1.3442842960357666,0.574533748571959,0.05860076247694466,-0.8785217377671446,-1.2306676507785924e-05,0.0003808974735370792,0.011985763896541761,-1.8717981375269614,-0.03807211080992437,1.1974565765113652
P02,session_02,004,neutral,1.3767950534820557,0.5748020801265292,0.05240719167153563,-0.8782353836188731,-0.0003513866709695055,0.00011660608993476969,0.011387894670033644,-1.8812874502343124,0.021788954858522523,0.6703042849341585
P02,session_02,004,neutral,1.4088895320892334,0.5764098206961938,0.04927880504967858,-0.8774873907700753,0.0013608969694507932,0.0009310223385629645,0.05137617324732522,-1.8961101056288785,-0.0016993859179145622,0.07377776422230334
P02,session_02,004,neutral,1.440453052520752,0.5765837811619547,0.049142134995542854,-0.8777400394512601,7.631697325366187e-05,0.0005431349508631757,0.017376720384860423,-1.9189644227409346,0.025537525178704015,0.8092701293064928
P02,session_02,004,neutral,1.4732141494750977,0.575671442847844,0.04814670191747593,-0.8787369810133495,-0.00047884359099231315,-0.00027525935167372603,0.016859062148345847,-1.89384400406344,0.023031525115608385,0.7032165874536436
P02,session_02,004,neutral,1.5057897567749023,0.5758179853301029,0.04828776453509254,-0.8784221006215605,-0.00014886462728055984,0.0003042764515540761,0.010398580405787942,-1.9047041313851254,-0.032849461086576874,1.0084603262560055
P02,session_02,004,neutral,1.5362193584442139,0.5757861452031574,0.04910089577657916,-0.8797224244345889,1.3328035206758673e-06,-0.0001700294976862223,0.00558780634564376,-1.8993585252396483,-0.0046608786110035405,0.1532711197080287
P02,session_02,004,neutral,1.5682392120361328,0.5755060337134668,0.053672332416512,-0.8797062932965644,-0.00023357422382234568,0.00020030264887370205,0.009609600972329513,-1.8961716022010615,0.012246943085142913,0.38260037060261504
P02,session_02,004,neutral,1.6005268096923828,0.575577836301248,0.0536529771191379,-0.879824167572798,-8.955021079467385e-05,-0.00011536158985286693,0.004523083610715609,-1.8859910228332908,0.0011366844623159728,0.03549435742958672
P02,session_02,004,neutral,1.633033037185669,0.5751568313059696,0.05356429058881907,-0.8799118873626265,-0.0002794177426541834,-0.0005425652634829771,0.01877449223614511,-1.8757575771460218,-0.018724356797380128,0.5763295602065295
P02,session_02,004,neutral,1.6646592617034912,0.5748162029921565,0.053808473910786705,-0.8788517795639148,-0.00023121035210230625,-0.001057413416554891,0.034224639090746946,-1.8427157093164528,0.019366478766006685,0.6133107298793848
P02,session_02,004,neutral,1.7127268314361572,0.5743556349127275,0.054127187853820216,-0.8778497580303934,-5.4314050499496175e-05,-0.0011700805720216278,0.024368623253127702,-1.8125388131766278,0.02560374977642359,0.5332187505560191
P02,session_02,004,neutral,1.744523525238037,0.5740602205341182,0.05454851856594934,-0.8777766955976797,-0.0003225607226417158,-0.0004475590053344436,0.017350335891974468,-1.819597574132926,0.001257432625937311,0.0431847391619248
P02,session_02,004,neutral,1.77662992477417,0.5742207299266119,0.05375149416775181,-0.877440249228057,5.195236457920231e-05,-0.00033185156755186773,0.010461889395048657,-1.8265793807167194,0.0013427169071214215,0.043109564987197244
P02,session_02,004,neutral,1.8082294464111328,0.5736370856937665,0.053547378146809994,-0.8757115383991352,-0.00015287249693721536,-0.000958693691073045,0.030722162590989054,-1.8567525908609017,0.02414728242742665,0.7647833953195808
P02,session_02,004,neutral,1.8406407833099365,0.5732653959858163,0.04472762663650801,-0.875958930364661,-0.0004925763993443617,-0.00030214818290125916,0.017829022951873417,-1.8469880170722681,-0.012783410298826474,0.3948144609969877
P02,session_02,004,neutral,1.8729314804077148,0.5737073503142615,0.04417442898376265,-0.8748113683254006,0.0003626933048651166,-0.0005969738555585678,0.021632104211226237,-1.8623233695884325,-0.01083685206260834,0.3362993670301168
P02,session_02,004,neutral,1.9047677516937256,0.5730113584608361,0.04809829152986795,-0.8759169972090534,-0.0003096025444763998,0.00027414472503214536,0.012989348545807435,-1.8774650144718177,0.03020977611148909,0.9489995253272823
P02,session_02,004,neutral,1.9366555213928223,0.5727679401148998,0.0494658568716143,-0.8753381547825375,-0.00031106093993057407,-0.0007221015722588561,0.024656799213060833,-1.856790639336388,-0.021781134033181555,0.6835009334389258
P02,session_02,004,neutral,1.9687418937683105,0.571622273683375,0.05050705061501513,-0.8761243148602573,-0.0013240036504503585,-0.001254714386758745,0.05684927884349753,-1.8972161068709061,0.03729149214610463,1.1636116737138882
P02,session_02,004,neutral,2.001152992248535,0.5716047369193666,0.05059478426362786,-0.8761151668964977,-0.00011631985697894505,-5.2555094502365136e-05,0.003938202797474541,-1.9018445209330663,-0.04948062147397678,1.52666180498348
P02,session_02,004,neutral,2.0326271057128906,0.5714547717558129,0.05091492214516861,-0.8748406638638525,-0.0002985161762199122,-0.0002844873761844202,0.01310172244325386,-1.9086811918979951,-0.023278107847739815,0.7397113838701276
P02,session_02,004,neutral,2.0647194385528564,0.5721576935217846,0.05090206241870851,-0.8744145292047304,-0.0005217094245430976,0.00034612211722133423,0.019508835893349095,-1.9000737977643165,-0.015924325947500487,0.49658679843645936
P02,session_02,004,neutral,2.096687078475952,0.5748585639469741,0.05309842176183829,-0.8753001692588356,-0.002174018127461845,0.0049945428648000565,0.17039681337526616,-1.8981428363253527,-0.00527687917829083,0.23724034480781925
P02,session_02,004,neutral,2.1448473930358887,0.5742850011139276,0.05204962608277433,-0.8743760632281623,-0.0004936219647072424,-0.00040685410043153706,0.013282344235317666,-1.8958557532481755,-0.0005317385892948653,0.017272075857485594
P02,session_02,004,neutral,2.1763417720794678,0.5752665493176975,0.05095283790022908,-0.8732857605643354,-0.0007150926939622421,0.00039496978601185473,0.025938604714868335,-1.891822074383414,-0.019771517116684324,0.6283148704883855
P02,session_02,004,neutral,2.208570957183838,0.5755424257505598,0.053133002441280344,-0.8743660786049244,-0.0003990783100697323,0.0007297535518116955,0.025807273787402954,-1.8847447457789956,-0.004458005572704485,0.140708894688882
P02,session_02,004,neutral,2.2405643463134766,0.575846125883499,0.051884673370069787,-0.8748134287932903,-0.00021959208928771,0.0005428991318944327,0.01830465651893769,-1.8814872493466654,-0.0012772620710761345,0.04391903248582128
P02,session_02,004,neutral,2.2727766036987305,0.5760814539876935,0.05253134938719457,-0.875651563190767,-0.000639107348846285,2.478002429151453e-05,0.019855409606270993,-1.8676029971110242,0.004655592329992206,0.14588609363974508
P02,session_02,004,neutral,2.304818630218506,0.576106101158552,0.05694891390911259,-0.873227560612221,-0.00013393055985100254,5.64380999603877e-05,0.0045358038668687475,-1.8669391615006934,-0.0015299846420058906,0.04796425832377116
P02,session_02,004,neutral,2.3362648487091064,0.575960639788571,0.058150710548277154,-0.8714237818339332,-0.0002034561453217263,-0.00029183434883380883,0.011313128119826169,-1.903376920151455,0.03625601962989669,1.1530087468982346
P02,session_02,004,neutral,2.369175434112549,0.5757115618113704,0.05873415316087644,-0.8708103059423058,-0.0003879737190137633,-0.0007777851333509181,0.026410337942967797,-1.9076475064728113,0.0038852502761078074,0.12097282852421387
P02,session_02,004,neutral,2.400465965270996,0.5758164377987987,0.06055697333605203,-0.868888611578968,-0.00012430650307287313,-0.00029982619852239156,0.010372893414917168,-1.8950902534819383,-0.005513945086445971,0.17652272038789885
P02,session_02,004,neutral,2.4322831630706787,0.575598464643264,0.06398010287707882,-0.86798138945929,-0.0003661097701745922,-0.00034570993288866533,0.015826007016074745,-1.8890343559519256,-0.01926653312746751,0.6057451141085171
P02,session_02,004,neutral,2.4645397663116455,0.5753640803003403,0.06399988583394604,-0.8746380379765745,-0.0003020172742993384,6.319274101019472e-06,0.00936500894524444,-1.8953038301779972,0.09095124024282539,2.819631727135987
P02,session_02,004,neutral,2.496293306350708,0.5754925416995049,0.06310976006215006,-0.8726568656143079,0.00028009626456395426,-0.0008830508903803187,0.029174968962669284,-1.970228066938339,-0.0309363508359834,0.9747013603473078
P02,session_02,004,neutral,2.528625965118408,0.5749232280670568,0.06334511764507678,-0.8733044845158474,0.0004641100409436081,-0.00017277287761037008,0.015316581539329814,-1.9889254958140647,0.018617119914530928,0.5760029054617758
P02,session_02,004,neutral,2.576799154281616,0.5747723362578241,0.0629048263504381,-0.8731965635097471,7.861855637407235e-05,-0.00024219441175485045,0.005285825123138623,-1.975212714043505,-0.011945820665764984,0.24803286731815313
P02,session_02,004,neutral,2.6087305545806885,0.5745643791839667,0.06250257599451858,-0.8733406599879383,0.0001518736683173883,6.971250348994872e-05,0.005233377722095199,-1.963732911282766,-0.01372506407996157,0.4298615541231184
P02,session_02,004,neutral,2.6405749320983887,0.5752666399773332,0.06272767048717116,-0.8738643489066685,-0.00044334367176818867,0.0008596704611984836,0.030374511723757203,-1.9391935092904216,0.004497987121120076,0.14447801442083033
P02,session_02,004,neutral,2.67305326461792,0.5777280390484649,0.06160798490325374,-0.8756821560488367,0.0005906913288179082,0.0019530742004126211,0.06282480242475363,-1.9173328032645351,-0.013949796753569152,0.43408126027559396
P02,session_02,004,neutral,2.704575300216675,0.5788253414855979,0.062443455166767185,-0.8755031307832216,0.0008994367255145535,8.232865785664725e-05,0.02865286987690237,-1.8901084838480435,0.018197362228636993,0.5780008319435044
P02,session_02,004,neutral,2.7365150451660156,0.5787921259835886,0.0694337907879046,-0.8757426015786111,-0.00012522500703288786,0.0001699188006614021,0.006608614975374592,-1.830949043295441,0.1026791250049471,3.2147827768681356
P02,session_02,004,neutral,2.768568277359009,0.578157846871419,0.0749651870990863,-0.8753408605198499,0.0005376355681855717,-0.0009749606075418891,0.03473513471577782,-1.8274621369531348,-0.022483424609990924,0.7022996799269353
P02,session_02,004,neutral,2.800562620162964,0.5789718348696754,0.07439286629001089,-0.8740563590307032,-0.0009736413656290314,0.0012910849977640691,0.05054201126506476,-1.7896484182902874,-0.04615891387279595,1.4436061464154342
P02,session_02,004,neutral,2.8329720497131348,0.5783597442465704,0.07725349615072467,-0.8675068984088694,0.0005571835093708811,-0.0022449141560391944,0.07136894551019378,-1.7594205008426869,-0.046230179981827435,1.4282265407868155
P02,session_02,004,neutral,2.8646411895751953,0.5769542809223194,0.08448805311300377,-0.8692356843399182,0.00029777565340155255,-0.003281976094396885,0.10405893886376187,-1.8028987128916607,-0.009438451247437476,0.3156770163546727
P02,session_02,004,neutral,2.8965559005737305,0.576738485035104,0.08458934790715447,-0.8688626017303315,-7.11291128147373e-05,-0.00047912032983526645,0.015177056989448486,-1.8502213857282317,0.038816601148293224,1.2163551516047129
P02,session_02,004,neutral,2.92867374420166,0.5767564713103674,0.08461621484243542,-0.8671824581244454,0.0001644728700564283,-0.00011109540390239423,0.006179679913103868,-1.9168386521080454,-0.0017097841021982895,0.0535921899958105
P02,session_02,004,neutral,2.960632085800171,0.5764016516959041,0.08813035674596013,-0.8646761786888466,-2.311172785175846e-05,-0.0013553192889891375,0.04241510242635361,-1.9081932600306568,-0.00555811202790214,0.1790148226619592
P02,session_02,004,neutral,3.008782148361206,0.5759564102315196,0.08681292206760209,-0.8640279865713442,0.0004943239302359784,-0.0005853805378022792,0.01591226511175509,-1.903781953394553,-0.00610106436325113,0.127704604660168
P02,session_02,004,neutral,3.0412280559539795,0.5756814842949897,0.08703847071881847,-0.8619414796354109,-0.00028182918420123547,-0.00034027612559785463,0.013617495985909089,-1.9097236548259724,-0.0009577481304766636,0.03250794375510517
P02,session_02,004,neutral,3.072794198989868,0.5750411459624155,0.09504256204132358,-0.8596634928718546,0.00017526398665944476,-0.001591848406962326,0.05073371507348373,-1.908880759483124,-0.002740192247993345,0.10054616092815928
P02,session_02,004,neutral,3.104840040206909,0.5749237271838497,0.09889906445212115,-0.8562364971316713,8.074908984333269e-05,-3.3590377286778745e-05,0.0027291220554371202,-1.9063741728693007,0.00650595844522998,0.2030387094389384
P02,session_02,004,neutral,3.1367108821868896,0.5749995298510027,0.10072082742036574,-0.8551858036960857,0.00011660492106679,0.00011993500937817628,0.005248545471359937,-1.9174981246642433,-0.0098282438281449,0.30842194996077443
P02,session_02,004,neutral,3.1685712337493896,0.5748593427827162,0.09753534767680382,-0.854885670456931,0.00017226068943119544,-0.0005079558302751796,0.016835033547127894,-1.9068017203215946,-0.010602865118387894,0.3332173902879302
P02,session_02,004,neutral,3.20023250579834,0.5746576091557114,0.09755815212096802,-0.8549563450848928,8.86045307469003e-05,-0.00011917659447256475,0.004690440036232862,-1.9074629611306442,-0.004969995899951826,0.15704404085861265
P02,session_02,004,neutral,3.2329671382904053,0.5745772402505828,0.09737052326517467,-0.8542548574000792,3.311788478820478e-05,-0.0001827318842738378,0.005673157909017981,-1.9151678314892253,-0.025338942311915018,0.7740921740068906
P02,session_02,004,neutral,3.264693260192871,0.5743572998030019,0.10076220820058514,-0.8540814670625644,-0.0001966949033814048,-0.000432331843295882,0.014971050583695446,-1.8817684528501275,0.033449030080730816,1.0544119544241224
P02,session_02,004,neutral,3.296799898147583,0.5736561912589142,0.10189689274446205,-0.8524186812429277,0.000184077293000994,-0.0004106769212369598,0.014017176899095297,-1.8475743476586386,0.14296120801807827,4.452721477468342
P02,session_02,004,neutral,3.3283965587615967,0.5728710389411357,0.10854089966504055,-0.8514806727052111,0.0009000454632556442,-0.0007387749623543958,0.03685257896618628,-1.853339610669429,0.0277006015759318,0.8774681848228622
P02,session_02,004,neutral,3.3605504035949707,0.5723739156242251,0.1106272894078589,-0.8514310147746975,0.00043862020427703726,-0.0004987065902855488,0.020655400581816336,-1.8813371582101093,-0.0018421111356976853,0.0609003411667996
P02,session_02,004,neutral,3.4083914756774902,0.5714046916627735,0.11141074368468269,-0.8507371820736701,0.0007838301094451063,-0.0006199291134088255,0.020888968803181925,-1.9071862434912574,0.021612308706055343,0.452234875951218
P02,session_02,004,neutral,3.4410526752471924,0.571157176894669,0.11183938197084348,-0.8511769744669286,-0.00015911939094488006,-0.0002375181070933248,0.008753239237803745,-1.9393951413745385,-0.028072049578725985,0.8595368724210399
P02,session_02,004,neutral,3.472827434539795,0.5696983495862191,0.1129623762463739,-0.8511687727366174,-0.0010690835982208858,-0.0027478689231202353,0.09279415876186327,-1.831890740086274,0.07848367821213119,2.4717431691600913
P02,session_02,004,neutral,3.504671812057495,0.5691919455672722,0.11193344163219848,-0.8541222468905646,-0.00037138240332134,-0.002091480346915399,0.06670557394664743,-1.856368530162815,-0.01920258555540624,0.6066916546197326
P02,session_02,004,neutral,3.5369763374328613,0.5690088738969268,0.1088508397251478,-0.8556587321204469,0.00013340128529385652,-0.000791084810788539,0.024834098057284853,-1.8642906874192504,-0.017809438217667048,0.5518576185576606
P02,session_02,004,neutral,3.568622350692749,0.569396726352686,0.10767548342891184,-0.8593802393752358,0.00011365668271298639,0.0021857779077950838,0.06916292649118562,-1.9394939518390828,-0.07534244707957641,2.381792346116928
P02,session_02,004,neutral,3.6006550788879395,0.5691065603659637,0.10691848733467099,-0.8577172895307901,-7.362780223470716e-05,-9.295117280697383e-05,0.0037018069858044374,-1.900013116690754,0.029842851174549097,0.9316436169717034
P02,session_02,004,neutral,3.6327779293060303,0.5706600613306797,0.09272771802253152,-0.8566052725939342,0.0012131704949735237,0.0015872531577154675,0.06219210186647566,-1.9171119696538574,-0.09315115264901647,2.9005076442023077
P02,session_02,004,neutral,3.6651368141174316,0.5732499953365671,0.09076690518918956,-0.8576295875016584,0.001527417773874398,0.0011417161923776601,0.05893177188419392,-1.883852876682294,-0.08247624475602376,2.5494787029861805
P02,session_02,004,neutral,3.696693181991577,0.5736492268169283,0.09106414110808668,-0.8583527204860929,0.00025221479930249643,0.00041961768040913816,0.015514548007208062,-1.9090522215625716,0.016583184747341502,0.5257388992817059
P02,session_02,004,neutral,3.728543281555176,0.5744584069949644,0.09044576763981534,-0.8582458687715313,-0.000682156849484911,0.0009380759108971146,0.03641687809159482,-1.8697175040258978,-0.019504191910147118,0.6134564671112289
P02,session_02,004,neutral,3.760751962661743,0.5751971705864152,0.09009595435277276,-0.8590877222564822,-0.00031193630829615425,0.0004561041976465486,0.01715598138247317,-1.8822596938486078,0.003485184244779497,0.10955795144989172
P02,session_02,004,neutral,3.7923617362976074,0.5757764507671222,0.08981236094116027,-0.8598028184953048,0.00033715320797544365,0.000626040000071079,0.022494764230825935,-1.8531108538755483,-0.021110979782471298,0.6682411397237731
P02,session_02,004,neutral,3.8404178619384766,0.5759374390903659,0.09035900810781265,-0.8602698475764406,-8.409980177204986e-05,0.0006169129898331816,0.012956079735885903,-1.8538553580931283,0.0072556874357011455,0.15153848073403475
P02,session_02,004,neutral,3.873849868774414,0.576277666570964,0.0898618800508259,-0.8616317697381028,0.00045081444224621075,0.0007843129233538137,0.027059213480606404,-1.8748648510747108,0.0027924922246338885,0.08780117116419903
P02,session_02,004,neutral,3.904959201812744,0.5762835519213643,0.08666474914695092,-0.8627663819284579,-2.4435188686605987e-06,0.0002969974362479962,0.009547214902499351,-1.8822915841933452,-0.002311646421780503,0.07491798488019953
P02,session_02,004,neutral,3.9362335205078125,0.5774076147588206,0.08813996738724295,-0.8638806143437332,-0.0008933610916490676,0.0025966492278229163,0.08780463345251201,-1.8346575595540244,-0.0058632741121239056,0.20702169583906369
P02,session_02,004,neutral,3.9688515663146973,0.5783232921334688,0.08850075248364514,-0.8635911697770977,-0.0008000516526710889,0.0009625716056258849,0.03837291835588359,-1.8730411050814666,0.0018641547485258084,0.06883836511542626
P02,session_02,005,neutral,0.0012562274932861328,0.5747321044549265,0.05241366317794596,-0.8591253731125168,0.0,0.0,0.0,-1.8745815893471882,0.0,0.0
P02,session_02,005,neutral,0.032407522201538086,0.5746001030744645,0.0525755584427666,-0.8594771434096459,4.858566043984102e-05,0.00010233200752367904,0.003636452734448529,-1.945909019066588,0.08899995707363387,2.8570250450050434
P02,session_02,005,neutral,0.0646517276763916,0.5736592693900943,0.054815996321251795,-0.8573821025292194,0.00044989791963413533,-3.672954147590458e-05,0.01399925096166316,-1.9208195562769406,0.07908784621954584,2.452816970194334
P02,session_02,005,neutral,0.0960853099822998,0.5741950381980653,0.05339333056279351,-0.8587201295548093,0.00014214875610113825,0.00026086340416771184,0.009451009593983394,-1.917926293784014,-0.04018129463903592,1.278326868863959
P02,session_02,005,neutral,0.12850284576416016,0.5744664435292202,0.053983614683346684,-0.8601805423028933,-0.0001324192713977435,0.0012917687983560482,0.04005666014248181,-1.9218961861682455,-0.002589477658053934,0.08935982006606678
P02,session_02,005,neutral,0.16002535820007324,0.5747699007336858,0.053983436876202724,-0.8614373740376867,-0.00010112216934535173,0.001027632495452135,0.03275741031182313,-1.9498619096012249,-0.01954599109260617,0.620929174047496
P02,session_02,005,neutral,0.1927638053894043,0.5752447706784728,0.05320349632027001,-0.8612282178266873,0.0003224663909640202,0.0005179252938855781,0.018635811110113427,-1.9397973584411496,-0.013842754131156276,0.42323915092464853
P02,session_02,005,neutral,0.2402958869934082,0.5750610594868424,0.058854762232716504,-0.8610846061156048,0.0001709176053797258,0.0012001027858636476,0.0255030416414909,-1.9110499055289107,-0.011416342466309591,0.24153202238557675
P02,session_02,005,neutral,0.27246522903442383,0.5750728992754494,0.05951247406562003,-0.8599793605096725,8.464082223493739e-05,0.00012479112196034242,0.00468730679207646,-1.9275968187482226,-0.0015573755820561586,0.04863818160283853
P02,session_02,005,neutral,0.3046891689300537,0.5761940788545649,0.05981922123399188,-0.858873482751447,-0.00017045220878335275,0.00030671570265066963,0.010889316385716637,-1.923202858168356,-0.0017818992701548431,0.0563593544202551
P02,session_02,005,neutral,0.3367006778717041,0.5757358760585324,0.06185391463038613,-0.85746037811686,-0.0002430572951774793,9.110442753963657e-05,0.008108663071701307,-1.925828204800349,-0.002448379726248449,0.07691298663465515
P02,session_02,005,neutral,0.3688201904296875,0.5763321994482271,0.06078416239983469,-0.8561396874656829,0.0006944566683404701,1.039377429486286e-05,0.021623442863710336,-1.9049984626526384,-0.02121702865144703,0.6609189127737285
P02,session_02,005,neutral,0.40039610862731934,0.5773008777452611,0.059339544642043426,-0.8398243478409128,-0.0009928241689129516,0.0009515769501649561,0.043552448077731565,-1.9145101011151473,-0.012866396201072144,0.4097958806928418
P02,session_02,005,neutral,0.43262648582458496,0.5769829072295891,0.05981897142903155,-0.8407773456048435,5.48156873239168e-05,-2.4224789027012466e-05,0.0018594246845743396,-1.9204517611417533,0.02177679403522946,0.6756630977576494
P02,session_02,005,neutral,0.46454429626464844,0.5766156810569245,0.05904808308300632,-0.8418994822885464,0.00035136685461065057,-0.0002701052744743515,0.013885285563934391,-1.923290912452118,0.008913577427448652,0.279611548391255
P02,session_02,005,neutral,0.4965054988861084,0.5771674355131,0.05862639129063646,-0.8425945597392632,0.00039787725541763353,0.0002862671473668627,0.015336041556655645,-1.9196042967187301,-0.01605871432752802,0.5026779905668771
P02,session_02,005,neutral,0.5281233787536621,0.5771946124694636,0.058574979644535494,-0.8437623772157511,5.2781892627996944e-05,0.0011387154414456782,0.03605358950666209,-1.9179198197997858,-0.0031949244911605584,0.10728730491891018
P02,session_02,005,neutral,0.560462474822998,0.5773503629862636,0.05867679218675879,-0.8484665520693174,-5.5980944503579605e-05,0.0001096906473675488,0.003808081886706324,-1.9126307546490533,0.008060017149439313,0.24926355047687285
P02,session_02,005,neutral,0.5925555229187012,0.577337552800383,0.058986318782984735,-0.8483538497119483,1.450529685852236e-05,1.1769422362075082e-05,0.0005820412897775535,-1.9199946252736457,-0.004522116631123002,0.14090762575986399
P02,session_02,005,neutral,0.6407027244567871,0.5791851957896406,0.05065182600232208,-0.8520657505878388,0.0011834530971070415,0.0006318233256974005,0.0278635522719497,-1.8870728346402745,-0.025739352323912314,0.5353226995463819
P02,session_02,005,neutral,0.6722216606140137,0.579277924084941,0.04659219935425562,-0.8518276956096661,-5.892009395735806e-05,0.00040669141474168564,0.013037791694462477,-1.8890361677287764,-0.010397023573795652,0.33012349789108114
P02,session_02,005,neutral,0.7043559551239014,0.5795698842324143,0.04603901034600334,-0.8548100378285411,0.000259138384789785,5.3015512395727424e-05,0.008231263777874146,-1.8915423436499932,0.0017022555987858008,0.053608870042974884
P02,session_02,005,neutral,0.7370767593383789,0.5796599962067069,0.04601610790761728,-0.8543579772425917,2.4074349703894342e-05,3.449842744540972e-05,0.0012856649258347773,-1.888100065183256,0.00637971552489543,0.19497852742906982
P02,session_02,005,neutral,0.7687013149261475,0.5794896216399616,0.0453231756054395,-0.8542408338802472,-4.5424284173438345e-05,-0.00038879998681142815,0.012377865590107206,-1.8992043641480898,0.009972771090282816,0.3155918021950649
P02,session_02,005,neutral,0.8009986877441406,0.5796092033776696,0.039659134714520455,-0.8519224680770481,9.980225886238097e-05,0.0002625400998203592,0.00869636404085059,-1.8984915799961752,-0.009179648261051455,0.2843557645728282
P02,session_02,005,neutral,0.8322381973266602,0.5790403477096702,0.035177607455520725,-0.8526324334481269,0.0006337956412092491,-3.9013102384360464e-05,0.020326670758645846,-1.9002648594521783,0.010487627766037419,0.33633158373981725
P02,session_02,005,neutral,0.8645498752593994,0.5789024255459392,0.034846820486447314,-0.845857151594446,0.00013036209132319957,-0.0012625135462968292,0.03928072191852748,-1.9079550380360988,0.007353585415240521,0.23094794252200906
P02,session_02,005,neutral,0.8966684341430664,0.578464971950564,0.038679046436859855,-0.8384394489444588,0.00039761590547489887,-0.0005415747333552055,0.020918257089673438,-1.91902243771257,0.009011665490324627,0.2813537251089344
P02,session_02,005,neutral,0.9283056259155273,0.5800126503876686,0.04028691552569995,-0.8366008196694721,-0.001817645104395702,-8.277671415353996e-05,0.057512341592392005,-1.921211490894737,0.00719170875015532,0.23448075166479387
P02,session_02,005,neutral,0.960547924041748,0.5804542782241474,0.03429050374714155,-0.8397976347355575,-7.598778885519144e-06,5.8017703652950225e-06,0.0002965185122040395,-1.9012856900373913,-0.04863657470242193,1.5084711223642953
P02,session_02,005,neutral,0.9926645755767822,0.5817702515368954,0.027664262608921273,-0.8404180586420151,0.00020841689363459786,0.00046964878477128997,0.01599845118755534,-1.8863948538181121,-0.013219066237068783,0.41190621373696906
P02,session_02,005,neutral,1.0246903896331787,0.5831379865466837,0.02430733162130694,-0.8401712747841636,0.0010568377277301833,0.0005396879155099731,0.03705332761399744,-1.8924827789774883,0.0031199174411114896,0.1042275307697173
P02,session_02,005,neutral,1.0726492404937744,0.5856933171158037,0.013395347782562997,-0.8373436333406391,0.0017701850314265088,0.0007735360669108775,0.04028069843728785,-1.878259499367242,-0.014149268130897757,0.29776642910817736
P02,session_02,005,neutral,1.1042540073394775,0.5860668570608628,0.013506081991303372,-0.8374685651362008,8.250640262534769e-05,-0.00015931744802786708,0.005676799444457972,-1.8810944165344994,-0.0016866902118213606,0.05366929444709199
P02,session_02,005,neutral,1.136911153793335,0.5860405265504878,0.01384059413158744,-0.8370679350961999,0.00012896495404517754,-0.0005588820366547718,0.017563345063151572,-1.8879750201058554,0.002371002372792728,0.07469703472061445
P02,session_02,005,neutral,1.1685478687286377,0.5860608577572238,0.014184813752560527,-0.8376703753265899,4.7571975204729174e-05,0.0005815426065647064,0.01844329066591035,-1.8979360485891401,0.029651706221167695,0.9374376140218065
P02,session_02,005,neutral,1.2003366947174072,0.5860373864460923,0.014366205838569967,-0.8376992461951328,-4.77900098382425e-05,-0.00015637593003734577,0.005143804093793756,-1.8978852328131854,0.001750088213432591,0.05529334312329546
P02,session_02,005,neutral,1.2324838638305664,0.5858378652891124,0.014699065740596887,-0.837713248256103,-0.00014666190175557158,-0.00031046742504830155,0.010681043416842693,-1.90763817288631,-0.02585502309950008,0.8043415245682213
P02,session_02,005,neutral,1.2642982006072998,0.5856234499821087,0.01464811240839912,-0.833182061813887,-0.00017419614862792407,-9.490967490244767e-05,0.006235357069821132,-1.9096922250051103,-0.0025342155446606376,0.07990007372966494
P02,session_02,005,neutral,1.2967634201049805,0.5855846835370644,0.014810184794223271,-0.8320935458400146,-9.646820293294254e-05,-0.00074029357945797,0.022995456477705966,-1.9394988436737073,-0.003504256456316412,0.11036110297811828
P02,session_02,005,neutral,1.328765869140625,0.5862088762516605,0.013045486929010506,-0.8305871976717699,-0.0005335434783556459,1.6268506927159457e-05,0.016679706144033492,-1.9253502400457139,-0.03098926877653628,0.9684841835387722
P02,session_02,005,neutral,1.3606362342834473,0.5861653004670353,0.013124907274663637,-0.8343927073014878,-7.682356681968089e-05,2.786188922381544e-05,0.0025641350333117886,-1.902508075457355,0.06240203941740713,1.9579974263479347
P02,session_02,005,neutral,1.3920841217041016,0.5859762887906245,0.013018992376447327,-0.8343506908505718,0.00028073041886897795,0.0004780770754777649,0.017629391625348784,-1.9015057689461643,-0.002162408729428284,0.0709856351883832
P02,session_02,005,neutral,1.4244558811187744,0.5865872821000355,0.012728867676598005,-0.8339173402124447,0.00031578648302356193,0.00027216928478114734,0.012878198404297016,-1.9026223751079276,-0.00270789894062124,0.08463555420026943
P02,session_02,005,neutral,1.456709623336792,0.5880939498110245,0.012381646893328924,-0.8326662983447117,0.0003365021376235625,0.0008736057152204501,0.029025264521681866,-1.898172996363946,-0.0438632519095696,1.3602527375007476
P02,session_02,005,neutral,1.5052697658538818,0.5884733318990835,0.01278025556006429,-0.8327658228239094,7.290125270187154e-05,-0.00010164141311056351,0.0025758213315283615,-1.8887290481115369,-0.007001736118738173,0.14420989993441333
P02,session_02,005,neutral,1.5361616611480713,0.5885631460628321,0.012804825767155359,-0.8334199515548661,-7.351041568905481e-05,0.0007688528684846621,0.025001996501689615,-1.886200806634399,0.001429041468280699,0.05258359719578959
P02,session_02,005,neutral,1.5683743953704834,0.5889510506858557,0.010890567413585298,-0.8328862115181588,-0.00014407761446311884,4.230358615898405e-05,0.004661502969416588,-1.8845234574264114,-7.979994661808355e-05,0.005278875233452524
P02,session_02,005,neutral,1.6005325317382812,0.5891975343288665,0.00961209849045262,-0.8336616980896473,0.00015930551112533365,0.0009092477751989197,0.028704956825621523,-1.8800624390408411,0.0030443310995715055,0.09892378061406369
P02,session_02,005,neutral,1.6324386596679688,0.5892293107254912,0.00977674414561112,-0.8340252621372203,1.5299989932913935e-05,-0.00027934494016358235,0.008768335179024452,-1.8998928143714986,0.027679780795524665,0.8675823850048873
P02,session_02,005,neutral,1.6645119190216064,0.5892884641708285,0.00984010475561371,-0.8340094112396085,-4.997916451848619e-05,0.00019490989127674758,0.006273629976334498,-1.89370212313401,0.0010661378873910523,0.03382755062739409
P02,session_02,005,neutral,1.6961262226104736,0.5891990096375496,0.010706143188236516,-0.8348565107672028,9.821581256883941e-05,-0.00017637622681990114,0.006385668936631743,-1.8827148568176304,-0.01093547780607461,0.3459617904640872
P02,session_02,005,neutral,1.7289578914642334,0.5899511794586789,0.007645218755277542,-0.8367254914937909,0.00037484573367614594,0.002479354281705501,0.07637534559927141,-1.8702944867974995,-0.009987433121818821,0.3136424151497295
P02,session_02,005,neutral,1.7605278491973877,0.589410133197194,0.0061484183024548165,-0.8372611723509478,-0.0001882206274371598,-0.0003692107512548397,0.013127023407774777,-1.8590796096706166,0.00756894680813015,0.24011066654641827
P02,session_02,005,neutral,1.7925915718078613,0.5888969415046837,0.006242933241722807,-0.8456706690948144,-0.00015676791246461058,-0.00011836983205704919,0.006126464425936215,-1.8845484090249558,0.04073506222652781,1.2704555974271305
P02,session_02,005,neutral,1.8244848251342773,0.5887775658947032,0.006137168755553305,-0.8495782933069398,0.00011644506622583231,-0.00028619013451026124,0.00968771942105923,-1.8570680674042248,0.016561925331026347,0.5193827970540019
P02,session_02,005,neutral,1.856119155883789,0.5888030499037247,0.005933784755716118,-0.8491423214185387,0.00012436128875103534,-0.0004038578440962601,0.013358011542798394,-1.859417595744593,-0.0011095081929454907,0.03753059868740404
P02,session_02,005,neutral,1.8881099224090576,0.5886026415088076,0.005368836942390407,-0.8471053896138738,0.00048048814078317326,-0.0020956214503938205,0.06720687859556346,-1.8688061874707966,-0.001378060088800614,0.07982716246984504
P02,session_02,005,neutral,1.9367139339447021,0.5873577418840585,0.015154815219698137,-0.8501944293277415,-0.0016218546474338123,0.0010840524818327788,0.04013640246295729,-1.878952572900891,0.0024197735950669424,0.06394938546492233
P02,session_02,005,neutral,1.968787431716919,0.5859636591222291,0.010865018879237688,-0.8514399029949885,-0.0010555813323337847,-0.0007616847446592672,0.04058482204945919,-1.9051990612270835,0.025835079098682295,0.8065179364284398
P02,session_02,005,neutral,2.0006279945373535,0.5858476667292554,0.010886297333459206,-0.8528393919631945,-2.238298894966157e-06,-5.6466176668464415e-05,0.0017747965780270302,-1.9006629525071344,-0.0035556904059420337,0.11168582220058226
P02,session_02,005,neutral,2.0327181816101074,0.5858087427655381,0.010556379065214517,-0.854322560352247,3.5675258917629077e-05,-1.3227190472133418e-06,0.0011124824984714563,-1.8788379560427684,-0.014673685497880224,0.4572652970745317
P02,session_02,005,neutral,2.064525842666626,0.5851890962258675,0.019781952901955238,-0.8528175954292049,3.620957969707761e-05,-0.00043313990903466257,0.01366497194572653,-1.882570832055753,0.004905608669931084,0.15483146220662022
P02,session_02,005,neutral,2.0965707302093506,0.584984226777214,0.021000288727190328,-0.851801410990863,0.0001426219677477342,-0.0013843934101007067,0.043430346454597056,-1.885659063310885,0.005024908928330869,0.16271165555759948
P02,session_02,005,neutral,2.1284830570220947,0.584220706235927,0.020964785168708314,-0.8523892603300803,3.193357170596975e-05,-0.0004484983425541311,0.014089657597655932,-1.8988589091768697,0.01538614067735676,0.4823436804222155
P02,session_02,005,neutral,2.160492181777954,0.584342462375011,0.023518612152050877,-0.8520844551364865,0.0001407002950853335,-0.00014147806744602273,0.006233565994479732,-1.902891762986982,0.0018051968987930693,0.056739778395585166
P02,session_02,005,neutral,2.192479372024536,0.5842179482084708,0.023445805346743762,-0.8531773949839652,-0.00012418953247727736,-0.00045161221237269934,0.01464262996185122,-1.8896271928237973,0.00034540452840568705,0.018193626348900625
P02,session_02,005,neutral,2.2245612144470215,0.5845222268931772,0.03130598347956842,-0.8493521431768759,0.0008770829017046447,-0.00020990846134678228,0.028110960875288225,-1.8836887054440015,0.0020234981927861116,0.06905381975762039
P02,session_02,005,neutral,2.2566537857055664,0.585628324719256,0.0293633713538879,-0.8509495504567958,-0.0007284702197486351,0.0005437541206108501,0.028325278702594416,-1.8935768812586358,-0.004386317165915864,0.13958126876801377
P02,session_02,005,neutral,2.288785219192505,0.5855116622275808,0.027034939847318067,-0.8521055867045914,-6.756924844015842e-05,-0.0005078255304613639,0.01594392160980915,-1.895390459704268,-0.0016610582701289114,0.054098597903926585
P02,session_02,005,neutral,2.3363871574401855,0.5853412560454816,0.024317958594387144,-0.8522394529746532,-0.00012941177842253223,3.2076097336951037e-06,0.002719459104150085,-1.8795257299114205,-0.017260071605353026,0.3626019796848548
P02,session_02,005,neutral,2.370612859725952,0.5851457665489329,0.024045552477243364,-0.8533288409347912,0.00017255575280842106,-0.00040169634663518794,0.01277374508712593,-1.8921850892969962,-0.0028601065096545727,0.08453669090890463
P02,session_02,005,neutral,2.400531053543091,0.5844218416558044,0.02882086406781988,-0.8542769883040092,0.0006415367976941817,-0.00019673693140210272,0.02242866837963198,-1.8792491698251466,0.01743036687847476,0.583032471624595
P02,session_02,005,neutral,2.432483434677124,0.5837140639620731,0.02924396663789906,-0.8546315386214083,-0.0005184519294116499,0.00030414280796742314,0.018811693687833544,-1.8787459039011762,0.003267837561281003,0.1039878122271688
P02,session_02,005,neutral,2.465273857116699,0.5836359548889718,0.032474436675268614,-0.847336899807856,-1.876572782353951e-05,-7.506291129415803e-06,0.0006163783784232268,-1.9005785141442821,-0.03890931963817147,1.186606392742191
P02,session_02,005,neutral,2.4967639446258545,0.5836159263120346,0.03148831231501569,-0.8518651589792638,-2.578780346329933e-05,-5.612038813102171e-05,0.0019613063816259634,-1.8830260216696053,0.001699339650795396,0.05399990172213655
P02,session_02,005,neutral,2.528449773788452,0.582566365351751,0.030213810257942012,-0.8533394254668418,0.000842478343124766,-8.200460175662628e-05,0.026714149876663162,-1.8953444287024883,0.017451121517552192,0.551402268094107
P02,session_02,005,neutral,2.560671329498291,0.5824185385964116,0.029581534908823325,-0.8536102562350056,-0.000669699398253259,-0.0005203983022471887,0.026321585768875822,-1.892611972701072,-0.0030995168497560434,0.09973008941084284
P02,session_02,005,neutral,2.5929274559020996,0.5822962933017019,0.030057136000289583,-0.8549976826556105,-0.00047440655207642795,-2.5999787302621615e-05,0.014729557708654462,-1.8949847732216796,0.008920690801717208,0.27695000326547375
P02,session_02,005,neutral,2.624549388885498,0.5821005579280656,0.02875831757601349,-0.8557430443531326,0.0004396875096229611,-0.0005233448676485687,0.021615732370503935,-1.89179047831407,-0.003499529616355177,0.1127590389821461
P02,session_02,005,neutral,2.6564574241638184,0.5838117982038151,0.026506455405004344,-0.855613663385652,-0.0014338568267415145,0.0013256609620894812,0.061200038863675574,-1.9030292933479271,0.0014305897659546638,0.07586568606466966
P02,session_02,005,neutral,2.688758611679077,0.5838431494835972,0.025381121406972795,-0.8558260577082841,-1.4803074250466055e-05,-0.000835148613144397,0.02585910487870733,-1.9034191278126924,-0.0010166649305052842,0.04073499480619647
P02,session_02,005,neutral,2.720848798751831,0.5837268713054404,0.018666910504025278,-0.8539885859469147,0.0011910041498085814,0.00023015707504311754,0.03780092684285222,-1.903411570198521,-6.64994654489043e-05,0.03785768567333179
P02,session_02,005,neutral,2.768411636352539,0.5841147083123561,0.020148166252063827,-0.8539464673629463,-0.0006639408590678616,0.00046577392626070144,0.01705166933331681,-1.9032897652460035,-0.014449298027270996,0.30427203092091243
P02,session_02,005,neutral,2.8012855052948,0.5834614504264419,0.022879250278262892,-0.8521379443928181,-0.0004330816384869771,-2.7429142251806774e-05,0.013200435265238609,-1.8912978431184615,0.02012011863657393,0.6121822114543345
P02,session_02,005,neutral,2.8321423530578613,0.5836205373347189,0.021757700022286705,-0.8521215132125345,-0.00014567440614711923,6.352430505547851e-05,0.005150316368176012,-1.8848345064337237,-0.018534799001106852,0.6006926065137309
P02,session_02,005,neutral,2.8644726276397705,0.5835841906207456,0.02501708721224289,-0.8522928067376938,-5.1386907638331e-05,-0.000668476641973419,0.02073749263756901,-1.8923370323108735,0.007863945938564383,0.24412023090751464
P02,session_02,005,neutral,2.896512031555176,0.5838562367986708,0.02511758686645432,-0.8507207538941741,5.1286398143525036e-05,0.00033377631994079145,0.010539944502328945,-1.888639157989489,-0.0028588179157247144,0.08984853777164996
P02,session_02,005,neutral,2.928459405899048,0.5839071217123227,0.025077118361873797,-0.8505137615613446,8.574634517986818e-06,-1.1432846023982424e-05,0.0004473312071331222,-1.8811525226254442,-0.0224713864588654,0.703387726368658
P02,session_02,005,neutral,2.9601550102233887,0.5839298053582739,0.027502505633738565,-0.8500016839995711,-3.51520839596997e-05,0.0001116700685354961,0.003693637904650538,-1.884156166021895,0.0089958457244206,0.2838440115903182
P02,session_02,005,neutral,2.9921281337738037,0.5834668924945059,0.028492381470955744,-0.8499894195400071,-0.00024121585866539356,-0.0009961231711365813,0.03205545129937345,-1.884513363667107,0.00010843859564777777,0.03223436986986129
P02,session_02,005,neutral,3.0249319076538086,0.5833348000969345,0.02730281384944539,-0.8505444768111814,-7.294312936920835e-05,0.0009324867779700863,0.02851304222233448,-1.8977110863475317,0.009019990788273266,0.27644247092511487
P02,session_02,005,neutral,3.05651593208313,0.5832669631947425,0.028636133143942612,-0.8509436877486234,4.4223163069735124e-05,-3.0810591948065026e-05,0.0017064916236991128,-1.8915315762974725,0.006515086166026328,0.20628495647885448
P02,session_02,005,neutral,3.08866286277771,0.5842874169414126,0.02892671471983162,-0.8498260410627925,-0.0008927882661647856,0.00014684705449129703,0.028145283394918535,-1.8865805020241213,-0.018402680065144592,0.5731467520193643
P02,session_02,005,neutral,3.1206891536712646,0.5843244778305401,0.028817110622447177,-0.8498760338717994,2.534850889984473e-05,7.354637793476076e-05,0.0024290086373901618,-1.889967865062948,0.013029286583628239,0.4068382085261052
P02,session_02,005,neutral,3.1528666019439697,0.5840742111470267,0.021476159353923673,-0.8457338272758802,0.00043932430307809674,-0.000608318738826605,0.02331979804945615,-1.891800455203393,-0.006901601111752825,0.21574964600621185
P02,session_02,005,neutral,3.200373888015747,0.5835206761326669,0.023283113996949927,-0.8474572588764112,-0.000609546982077598,-2.4106594234535814e-05,0.012840630029964984,-1.8846388281476634,0.010771357466236448,0.22709395799622384
P02,session_02,005,neutral,3.2324557304382324,0.5833271539436435,0.021866263690013623,-0.8508518978865838,-7.175623749132378e-05,0.0031406701226800613,0.09792111366709809,-1.9621016638836144,-0.012504309895252934,0.40187512119632035
P02,session_02,005,neutral,3.264582633972168,0.5838308896203687,0.024257783940572708,-0.8525590049050946,0.00068096847614721,0.0004899920468159943,0.026113130016071684,-1.9222582737674758,-0.03749483052022697,1.1673772026308034
P02,session_02,005,neutral,3.296414613723755,0.584368449114097,0.023223300910528034,-0.8532566721003537,0.0005908129619322471,0.00018227113454721518,0.019423553459394484,-1.9233864402765073,0.004072693973886824,0.1294094516087864
P02,session_02,005,neutral,3.328693151473999,0.5840319501433759,0.01981128573297399,-0.854341853494592,0.0004696160421816449,-0.0009216272234969779,0.03204535158615047,-1.903431663064385,0.008401958119883972,0.2622606562730667
P02,session_02,005,neutral,3.360363245010376,0.5840966919237026,0.020187131448722015,-0.8544518614876265,-0.0003285493773350021,4.178777653257238e-05,0.010457695130924488,-1.8965644637148487,-0.003155232242840061,0.1001754858722213
P02,session_02,005,neutral,3.3923237323760986,0.583077006464513,0.02144672416874154,-0.8559102978542035,-0.0005019724752040435,-0.0005197595051776722,0.02260863774781327,-1.898219750760971,0.04581910809521442,1.4337955772822046
P02,session_02,005,neutral,3.4245264530181885,0.5833955278261918,0.01931232369429694,-0.854049513168925,-8.803093202643893e-05,0.0005782226140184316,0.018162605746215404,-1.8957986230262347,-0.023553874427865044,0.7316504543508968
P02,session_02,005,neutral,3.456512451171875,0.5835329125403103,0.020084202329331287,-0.8550830589728194,-0.00011115869093731369,-0.0005771671795463276,0.018375976259212803,-1.9038656399358165,0.013815674423239178,0.43231953648109045
P02,session_02,005,neutral,3.488943338394165,0.5835166025137835,0.020041108506328148,-0.8550136991411864,-1.0278571945829094e-05,0.00016307816259891826,0.005038461078770755,-1.9066294616455401,0.013622593604796484,0.4200801991867434
P02,session_02,005,neutral,3.5206778049468994,0.5830797827616223,0.02438102079380859,-0.8517090656365575,6.939719815055919e-05,-0.0006112984642833275,0.019386649688836435,-1.9000097240220757,0.0028526324614840245,0.09195746160415652
P02,session_02,005,neutral,3.5523221492767334,0.58334135903599,0.02375829740629242,-0.8515701808560062,-0.00014075017467265677,0.00041172619153790956,0.013750311839359571,-1.9093334412843106,-0.000303877328113598,0.01677160324617682
P02,session_02,005,neutral,3.6010899543762207,0.5826494159610899,0.029041194097531503,-0.8513285779407788,-0.0004311661003773397,-0.0012152648886488183,0.0264413281780322,-1.906842628537173,0.017384185464042478,0.3574477900866521
P02,session_02,005,neutral,3.632396697998047,0.5829078719022476,0.029659122250210435,-0.8505564064204144,0.00047333363292021677,1.702528621326768e-05,0.015129000001082839,-1.8965353621794399,-0.012213035381752665,0.3904020266722686
P02,session_02,005,neutral,3.664724826812744,0.5850452831785787,0.023538981424601552,-0.8521883478162674,-0.0017699426391334452,0.00121838764855287,0.0664671639791707,-1.901923750171098,-0.0011277395667483783,0.07506522760623188
P02,session_02,005,neutral,3.7010138034820557,0.5850127516962916,0.02321272669862817,-0.8538719756347324,-3.464126066461138e-05,-7.641454558370157e-06,0.0009775436216373817,-1.8966578757536163,-0.011170787703729387,0.30783022985898995
P02,session_02,005,neutral,3.7330942153930664,0.584711559393317,0.02224757744229027,-0.8512089595061914,-8.550095342262579e-05,-0.000493433520169562,0.015610349230389774,-1.8956710730874933,-0.0016543096543893683,0.05387856481346442
P02,session_02,005,neutral,3.7615363597869873,0.5845674201924068,0.029757755583258542,-0.8505221770187379,0.00011750039456600728,-0.00021616299944023033,0.00865033628205916,-1.8803928828540541,0.021812707480660647,0.7669637947200123
P02,session_02,005,neutral,3.792753219604492,0.5837820076667098,0.02969483531641018,-0.8506934370185172,-0.0001278940891998157,-0.000735636693092244,0.02391885174710277,-1.8994824512409352,0.015521347144303909,0.4977853820414368
P02,session_02,005,neutral,3.824176788330078,0.5834040682078373,0.026971603312568496,-0.8470667181932581,0.0001080926884279072,0.0009475478627831998,0.030349618962764564,-1.9242689000696684,-0.020931464595148854,0.6667982214147721
P02,session_02,005,neutral,3.8564956188201904,0.5834873001061837,0.026513816077238468,-0.8505837401376715,-9.768325986888647e-05,-0.00023362260425635907,0.007835132351536402,-1.932208896965305,0.012387207799446704,0.38336151269351637
P02,session_02,005,neutral,3.8890161514282227,0.583309656660116,0.029836303183155864,-0.8473454465079536,9.892643823792988e-05,-0.0006005837477014155,0.018716687970010835,-1.9286568625772877,-0.003610348783289904,0.11258420626593935
P02,session_02,005,neutral,3.9207847118377686,0.5832013367116922,0.028134206793212595,-0.8475695650753736,-8.162148547556991e-05,0.00017037159654127411,0.005946575031219867,-1.9210172716123297,-0.010285916859571193,0.32383121571986967
P02,session_02,005,neutral,3.9529733657836914,0.5826012134437012,0.030912031319399326,-0.8465623108240213,-9.293384213501561e-05,-0.00028149989446483607,0.009209572359185616,-1.9127406034147445,0.0025598177301221323,0.08005695528732343
P02,session_02,005,neutral,3.9842889308929443,0.5827982168648042,0.031081940924941594,-0.8465057505207559,-0.0002341545156870539,0.00111196548233566,0.036287126400254034,-1.9343120505001692,-0.0008781433545830823,0.045859518930168895
P02,session_02,006,raise_arms,0.00030231475830078125,0.5556024529059362,0.017287510127994076,-0.8196110441542517,0.0,0.0,0.0,-1.9208991361667527,0.0,0.0
P02,session_02,006,raise_arms,0.03252363204956055,0.554936573882457,0.005419822674336599,-0.819872568062905,0.0004980241881134902,-0.0005470828063096052,0.02296045119602146,-1.8873775740233234,-0.0668366880925634,2.0744273698772946
P02,session_02,006,raise_arms,0.06438612937927246,0.5558563730327707,0.012679098141697553,-0.8218125783961882,0.0013183295005007355,0.0016337608271774049,0.06588703242096315,-1.8875216769567444,-0.07633432744060475,2.3966479690814646
P02,session_02,006,raise_arms,0.09645533561706543,0.555809609400699,0.007050073781067691,-0.8241129973902854,9.954489914705452e-05,0.0016393138710600042,0.05121216396616398,-1.8869533761966146,-0.023870856091531636,0.7461140797467143
P02,session_02,006,raise_arms,0.12822914123535156,0.5557156176918989,0.01219481103200348,-0.824051330745204,0.00020463382354299117,0.00031528329911793097,0.011829568302242287,-1.8997070198251824,-0.015787520267474344,0.4970129860413583
P02,session_02,006,raise_arms,0.17660188674926758,0.5568419089899362,0.009405088100369892,-0.8309827071214447,0.0013341396003175082,0.003856295117757416,0.08435651839810404,-1.8896703203936114,-0.03771085515700852,0.7841395700170372
P02,session_02,006,raise_arms,0.20848965644836426,0.5568876701922028,0.01213931015607052,-0.8300733674224515,0.0002764495518837806,0.00042684249640904693,0.015947990244953858,-1.8799481705924475,0.007592883680166999,0.23864619701068
P02,session_02,006,raise_arms,0.24013662338256836,0.5569740989928186,0.012151699571471171,-0.8266458194911869,0.0001758927110723951,0.0002769015985397048,0.01036572668659347,-1.8753498126237504,-0.003171847615272636,0.10076056360469322
P02,session_02,006,raise_arms,0.2723391056060791,0.5569157101303979,0.02584664472940966,-0.8270253117793123,4.615510496798282e-05,7.786165533729275e-05,0.002810768002101459,-1.8637171312088687,-0.005197519681298898,0.16142568526258808
P02,session_02,006,raise_arms,0.304579496383667,0.5564547518348523,0.013456882881495982,-0.8285007543860271,0.0007828766778712432,0.0006929268656266903,0.03242787069196436,-1.8854230183595762,0.027842372383773257,0.864195313245057
P02,session_02,006,raise_arms,0.33635568618774414,0.556088408810518,0.012134021152706414,-0.8266393855390217,5.750505030377866e-05,0.0006687842709607213,0.021124369929557126,-1.8861028660250483,-0.0002050995596575591,0.02208845021925154
P02,session_02,006,raise_arms,0.3679540157318115,0.5558983521168541,0.011073989322767203,-0.8247277038389164,0.00013349164008631974,0.00010754386747516361,0.005425052015282894,-1.871885611721711,-0.012209204374505282,0.38642573564740385
P02,session_02,006,raise_arms,0.40094947814941406,0.5559389443371018,0.011094221569200258,-0.8269252060889851,7.770361609128489e-05,0.001925784549474521,0.05841262419319602,-1.8992104488431616,-0.01725181098784492,0.5261068208227015
P02,session_02,006,raise_arms,0.43240904808044434,0.5554506645122745,0.011517608655501145,-0.8247467500354996,4.2252769471286545e-06,0.0012087243055862137,0.03842174871614491,-1.885337889360564,0.05352924224209394,1.7019586621339977
P02,session_02,006,raise_arms,0.4639451503753662,0.5546110541617452,0.01907012384502727,-0.8244895341560426,0.0006997844542802286,0.0005028034123898638,0.02732392014321114,-1.8744474136374132,0.034099120424331844,1.081617692809623
P02,session_02,006,raise_arms,0.49633121490478516,0.5556942753465662,0.01789805570312224,-0.8286175702462579,0.000803885302887388,0.00545076523234716,0.17012642347308232,-1.872046508050417,-0.04534123877285342,1.4103218453986466
P02,session_02,006,raise_arms,0.527965784072876,0.5553158932744505,0.01579893802039849,-0.821369767891196,4.039808413380017e-05,-9.445450425172806e-05,0.00324742848547368,-1.8461497257184265,-0.024532571788103797,0.7755056423127685
P02,session_02,006,raise_arms,0.5604219436645508,0.5501282354844945,0.024399514203207878,-0.8186523722633962,-0.004724246382032156,-0.00019410332760155512,0.1456805822118819,-1.8155749992295307,0.07308559105002295,2.256532426125522
P02,session_02,006,raise_arms,0.6090385913848877,0.5331356902414586,0.04059214325868291,-0.8366144221799093,-0.01625255404312058,-0.008139106087618272,0.3738770489364128,-1.893145756827094,0.22767587012906648,4.697985166639609
P02,session_02,006,raise_arms,0.640801191329956,0.5119810121750922,0.06382619410912183,-0.8572307510607019,-0.020585873617599764,-0.013812899156052352,0.7804968950482101,-1.8296989582125327,0.2977904357210364,9.407937174437855
P02,session_02,006,raise_arms,0.6719949245452881,0.5131303542459352,0.0712568924331597,-0.8507738538021568,0.0012358287930127867,-0.0034672262655658873,0.11800085620356125,-1.8573678691400668,-0.2233230459603609,7.160200325591231
P02,session_02,006,raise_arms,0.7040004730224609,0.5166966089783053,0.060323480242569526,-0.8422643780297252,-0.00045780924291234637,0.0009195117894117769,0.03209369590657866,-1.8025803538555818,-0.0474245328692724,1.4821072507398945
P02,session_02,006,raise_arms,0.736088752746582,0.51883467419649,0.04642004631321434,-0.8293836409617207,0.004503365313457146,-0.003409863202841283,0.17603528353233217,-1.8182174895381225,-0.04863255428698657,1.5257752076397577
P02,session_02,006,raise_arms,0.768002986907959,0.5065216272598831,0.021605378735548388,-0.824278094648632,0.021411921969366778,-0.0015009962171712197,0.6725672319313052,-1.8904010055153573,0.1711951465574919,5.406224299416469
P02,session_02,006,raise_arms,0.8005430698394775,0.4856916889560832,0.004352950028624984,-0.8316256710237043,0.018046115081562626,-0.009109468573658318,0.6212326504260522,-1.6828436516341736,0.03044813086853334,1.123158972749039
P02,session_02,006,raise_arms,0.8403253555297852,0.4880099492317349,0.007045937596922104,-0.8168286664837956,-0.0007913332384057119,-0.0072809619809323205,0.18409799069918076,-1.7723913382935959,-0.04883725477845654,1.2413403949002049
P02,session_02,006,raise_arms,0.88246750831604,0.47946724063041624,-0.0017070531864039683,-0.8137576336610414,0.009733811385688693,-0.006316721469161005,0.2753488859069731,-1.908854862406438,0.05510424994614293,1.336257206567784
P02,session_02,006,raise_arms,0.9151098728179932,0.4433025256034642,-0.04366889318812136,-0.853327327769962,0.041997774288576005,-0.013358396407376447,1.350119004944491,-2.014877015306878,-0.03181381470379362,1.6651427270259669
P02,session_02,006,raise_arms,0.9486143589019775,0.43813018170698836,-0.031658925988824776,-0.8402600543221689,-0.010916108719430542,-0.018410458135382557,0.6388225205047704,-2.087438025505012,-0.1827801665057344,5.4926692966995
P02,session_02,006,raise_arms,0.9871318340301514,0.44854023598544157,-0.0024922738766266104,-0.7996926830230447,-0.01893241133272935,-0.023278143645118096,0.7790005869923521,-2.0543407598800516,-0.17424080671188905,4.590265812820156
P02,session_02,006,raise_arms,1.017895221710205,0.43855139350430505,-0.01495065397510396,-0.8068195264714397,0.012543370623828154,-0.011392530979692658,0.5508102746523685,-2.280288893097351,0.0937575840580242,3.097074219314447
P02,session_02,006,raise_arms,1.054931640625,0.4270516323295724,-0.009190846167824559,-0.7994519711282788,0.00724422913665297,-0.022446391159073122,0.6368440391306731,-2.1552387363539607,0.035155405309294216,1.1430543919776224
P02,session_02,006,raise_arms,1.091066598892212,0.42096916929546346,-0.01737715914731748,-0.8065947888707958,0.008011323522820055,-0.005009847038483286,0.26148646975673795,-1.944510030548831,0.30150139949395505,8.347855827845894
P02,session_02,006,raise_arms,1.1248250007629395,0.42232860156664564,-0.01636215227137457,-0.7997740402819253,-0.0011782516624766729,0.0015737778389264393,0.058236583044517766,-1.9670662757541901,-0.10034952487375125,2.973149658196165
P02,session_02,006,raise_arms,1.1559278964996338,0.4256167063228328,-0.018749693440983848,-0.7858271246990657,-0.003172639386953595,-0.01091054086575549,0.365318460843562,-1.928952370966753,0.09150314011585622,2.964544288882912
P02,session_02,006,raise_arms,1.1854472160339355,0.42627303608278183,-0.020425809905771773,-0.784396614196098,-0.0007852006915849252,-0.0006113952495690651,0.03371217370864856,-2.013430930515576,-0.013933292238256753,0.4732082590539715
P02,session_02,006,raise_arms,1.2150354385375977,0.42673207524582607,-0.016807155627767488,-0.8059174205114262,-0.00034206890815704957,-0.0069283969176456225,0.23444585400551865,-1.9567022122636724,0.2960946513529792,10.009925315883025
P02,session_02,006,raise_arms,1.2423839569091797,0.42466738310052493,-0.007176967262454814,-0.8084666807226722,-0.0066062443944813155,-0.001472615882146437,0.24748642338333923,-2.0075860064136553,-0.024112488519856312,0.9157506631001748
P02,session_02,006,raise_arms,1.270662784576416,0.43009523659131116,-0.006325354869591055,-0.8040233167983802,-0.009611199509082841,0.004867027449035504,0.38096554965565377,-2.0068989752415645,0.11945477884500379,4.241321456623087
P02,session_02,006,raise_arms,1.296229362487793,0.4297300998259729,-0.0016024301331672,-0.8197450288133648,-0.004729408938428859,0.017068245796078036,0.6927544814392463,-2.0035146015517733,0.12578952363268814,4.968607778453117
P02,session_02,006,raise_arms,1.3285918235778809,0.4234947205355354,0.010371196738072299,-0.8501463687226936,-0.008894080928631564,0.004603689334816739,0.3094610262797849,-1.9661152389615033,0.24080575474653537,7.44732980598311
P02,session_02,006,raise_arms,1.3606679439544678,0.4239380181068901,0.01312485116798887,-0.8557173646932088,-0.0011529701715908614,0.009107768397717752,0.2862084504658162,-2.0207958628046696,-0.089302287373392,2.7987465728953604
P02,session_02,006,raise_arms,1.3922491073608398,0.42305685024733947,0.008142126104040965,-0.8550495491592581,-0.003915343948076213,0.0038367271102558993,0.17357890899995065,-2.0145355766416455,-0.09066737012141221,2.876174496078449
P02,session_02,006,raise_arms,1.4401803016662598,0.4223958946730371,0.010081241521865758,-0.8473897190225543,-0.002436772755806652,0.011522829990656952,0.24572031951536707,-1.9319385916840972,0.31503375835747194,6.577216415615155
P02,session_02,006,raise_arms,1.4732539653778076,0.4219002000432524,0.00935993092104893,-0.8471129879430693,-0.0016116133275252357,0.0009269160676654018,0.05621266134188788,-2.002124370992698,-0.13311169813818327,4.025096282461812
P02,session_02,006,raise_arms,1.5041487216949463,0.4182004766508727,0.014383844325640506,-0.8456964456698037,-0.005195660555059665,0.00020138992605199177,0.16829917971201658,-1.8889940268812593,0.04926291284873877,1.6033967688136663
P02,session_02,006,raise_arms,1.5361437797546387,0.41865672059488684,-0.0003083759419890532,-0.8473485368702822,-0.00022074649032965236,0.0030842577189657684,0.09664452729690366,-1.9367259220226554,-0.06166150741873608,1.9296414392611216
P02,session_02,006,raise_arms,1.5679104328155518,0.41825105343138413,0.007932207475927596,-0.8619756900611358,0.0006991503903433424,-0.0024414685053734497,0.07994554142211037,-1.952714929169242,-0.038150726553581336,1.2036257222292128
P02,session_02,006,raise_arms,1.6000862121582031,0.41606163110951583,0.004977360857314618,-0.8628468412784194,0.0029955851013970278,-0.004313605298626999,0.16322013428176294,-1.8298221802877985,0.057138914038529096,1.7833213554033363
P02,session_02,006,raise_arms,1.632523775100708,0.41525670936060965,0.0020543354458982897,-0.867046181869041,0.0010658329650137294,-0.0003542489741638791,0.034625342233358676,-1.8586927435085325,-0.023177417346342342,0.715362471963465
P02,session_02,006,raise_arms,1.664015293121338,0.41272785494482894,2.440636086553339e-05,-0.8502307461287892,-0.0004759601409620218,0.0005764378070696836,0.023737874586984176,-1.817318629085543,0.05988368711183213,1.90172962629258
P02,session_02,006,raise_arms,1.6967189311981201,0.41012562965050003,-0.00022548360717623297,-0.8548792044721946,-0.000826724782096037,-9.366689321629529e-05,0.025441023769655225,-1.8190472813402891,0.050758268374736286,1.5522764426860702
P02,session_02,006,raise_arms,1.728623867034912,0.4093830522949919,-0.003104804025346216,-0.8620162477326406,0.001335736565705695,-0.0016622725967421774,0.06683761597230228,-1.8471822508954903,0.029297354322711775,0.9206995012760985
P02,session_02,006,raise_arms,1.7605090141296387,0.4108844569161234,-0.005542324660758452,-0.8482058900576884,-0.0019825568119515406,-0.0003688983827751856,0.06324529743385818,-1.8591105504094199,-0.042145502384369364,1.3233032814090757
P02,session_02,006,raise_arms,1.792860507965088,0.4106537796445453,-0.006861220336940615,-0.843120805110434,1.1938236723449572e-05,0.0009897487685982082,0.030595828737889196,-1.8394874481488452,0.03058077763663317,0.9457613478170569
P02,session_02,006,raise_arms,1.8245975971221924,0.4097306849323111,-0.007034152428159435,-0.8398658347894968,0.0006421894040091994,-0.0041424089645178295,0.13208180703536718,-1.8779334751543026,0.012935772311132581,0.42845834235110936
P02,session_02,006,raise_arms,1.8722469806671143,0.41107831879060414,-0.009243194596884318,-0.8415472088573457,0.0029670860550086754,-0.0011559068100389313,0.06682757459587949,-1.8740069967555355,-0.02080251190886793,0.44165974548704845
P02,session_02,006,raise_arms,1.9049930572509766,0.4123992480418756,-0.007889608339795648,-0.8391980731644432,-0.0014682223278188978,0.0015923748089525724,0.06614376610568728,-1.8537740233805544,-0.025013662689187442,0.7667258377643609
P02,session_02,006,raise_arms,1.9360291957855225,0.41191100071950415,-0.007498676152546018,-0.8368512457050519,-0.0001440153882976853,0.0008988209840854783,0.02932985510266632,-1.8397019137442825,-0.019291111779069763,0.6222609341494554
P02,session_02,006,raise_arms,1.9683003425598145,0.4120431685272595,-0.010674153032399828,-0.8478702028906421,0.00044170804596075844,-0.0012229244540862133,0.040291411674755424,-1.8541354274315214,0.034385144188015394,1.0662688768925315
P02,session_02,006,raise_arms,2.000464916229248,0.4121916177080892,-0.0149926733303262,-0.8473191632314531,-0.0001327466681832399,-0.0003218889797123007,0.010825170962589049,-1.8545706907573845,-0.005202877684712957,0.16211983436598007
P02,session_02,006,raise_arms,2.032346248626709,0.4121187375191168,-0.014047529530620308,-0.8441401339700724,-9.679348421783368e-05,-0.00020385568323501917,0.007078379178219651,-1.8520206789694798,-0.029787218516983446,0.9343421713079063
P02,session_02,006,raise_arms,2.0640246868133545,0.4113024708925919,-0.01814278840615408,-0.857086383618519,-0.0009374668871189287,-0.0010949190084444376,0.04550161390596922,-1.8637497464519792,0.10753157030732523,3.394776916885463
P02,session_02,006,raise_arms,2.096261501312256,0.4112799810618045,-0.018340914378846985,-0.8681275319816484,5.293376168712641e-05,-0.001354466630329592,0.04204821741916486,-1.858613772898947,0.03253471671312675,1.0101166081651385
P02,session_02,006,raise_arms,2.1292834281921387,0.4119589573820401,-0.01864208853729177,-0.8665842936692915,0.0009858172516940863,-0.0009262790115719588,0.040964039640955935,-1.8623104302816864,0.022401081988598994,0.6796056244022914
P02,session_02,006,raise_arms,2.16015362739563,0.4132164405582663,-0.01979583054340466,-0.8628535423411186,0.001238023744299324,-0.0009562760668588003,0.05067483530091189,-1.848493208438112,-0.05587212319024535,1.8106141214902853
P02,session_02,006,raise_arms,2.192016839981079,0.41344852325660125,-0.012843264621196905,-0.8600645778996174,0.0015328302072106198,-0.0021923112119493905,0.08395362276750543,-1.832930736239223,-0.022925610286079635,0.7243823319419168
P02,session_02,006,raise_arms,2.2245781421661377,0.4147499892717926,-0.018529392328528942,-0.8569111738145996,0.00011518535026692686,0.0001381074505383864,0.0055230273262640754,-1.8806783469276973,-0.0507448458805994,1.558450096908854
P02,session_02,006,raise_arms,2.2565865516662598,0.41451762686019983,-0.01785176664604626,-0.8510566616689621,-0.0005751351993066694,-0.0009562939291178211,0.034863353840856384,-1.8773869321283683,-0.0348806231809834,1.0902906373295342
P02,session_02,006,raise_arms,2.304161787033081,0.4125694178527511,-0.01718264470443039,-0.852214708920936,-0.0004883146705089133,-0.0046922272266638285,0.09916016042699102,-1.8330031040022567,0.15618270039152543,3.284354371828915
P02,session_02,006,raise_arms,2.3364405632019043,0.41319120381616137,-0.018647728842702386,-0.850895190178788,-0.00012268835810944463,-3.36112727095833e-05,0.003940951249636426,-1.841328011774579,-0.025686441451171185,0.7957785112085172
P02,session_02,006,raise_arms,2.36834454536438,0.41355563606870765,-0.01701692659716336,-0.8525824869512975,-0.0003079999757610553,0.00033790638426382504,0.014330940627262513,-1.8499071508287697,-0.189501284836958,5.9397549633931295
P02,session_02,006,raise_arms,2.400052547454834,0.4145352201443658,-0.024407609904154744,-0.8350000453137127,-0.001313491359874247,-0.0005589707347029157,0.04501964638957778,-1.9102992459825878,0.057383021933240116,1.8102930087945301
P02,session_02,006,raise_arms,2.4326207637786865,0.41459987338157334,-0.025983161990122836,-0.8281423856982557,-7.048042939039155e-05,-0.002150857122100251,0.06607704766395261,-1.931783389265464,0.044394143498163466,1.364713129021538
P02,session_02,006,raise_arms,2.464036703109741,0.4139732374642404,-0.024677126311236558,-0.8307601104021681,-0.0007340196214765928,0.0013746669941247095,0.04960420357798197,-1.9684835405697332,-0.01701923407944668,0.5440050847314838
P02,session_02,006,raise_arms,2.496368169784546,0.4141343639348357,-0.018953668558711254,-0.8311367996040978,-8.851440433142422e-05,0.0008341942886259102,0.025946152742810317,-1.964664346746932,-0.02348575448402402,0.7268687091883241
P02,session_02,006,raise_arms,2.5286924839019775,0.41432981446851463,-0.024148034304489023,-0.8313046971251454,-0.00011756792352771817,-0.0005123501494572875,0.016262251986652806,-2.001390195178135,0.00466067894581553,0.14509912018347193
P02,session_02,006,raise_arms,2.5605416297912598,0.41466544523720766,-0.022134111085167784,-0.8310307207266598,-0.00016052335157765583,-0.00012850492617902336,0.006456188217668908,-1.9566809681886943,-0.03165351057785049,0.9938784090850789
P02,session_02,006,raise_arms,2.5926151275634766,0.4145834382991258,-0.01592065417656687,-0.8309299195885321,-6.893769632249217e-05,0.0010943050585164736,0.034186303678990115,-1.9419513091597473,-0.06528479813780841,2.0357619156828246
P02,session_02,006,raise_arms,2.6246724128723145,0.414890376543966,-0.015650317423956544,-0.8276368724587524,0.00015634191184944277,-0.0022424451202002777,0.07012098882648678,-1.9434626376224517,-0.05526765598857372,1.725453371675367
P02,session_02,006,raise_arms,2.6562132835388184,0.4158156733379147,-0.01676030758680187,-0.8270472766636763,0.0015802949442751983,0.00043877571086456364,0.05199850492439564,-1.9467432099587485,0.028928829915519177,0.9186583291065363
P02,session_02,006,raise_arms,2.688333749771118,0.4157316607620657,-0.017728199766194795,-0.8277374336646517,0.00011244017975300052,-0.0015458463730912994,0.048253666255204726,-1.9556138034523576,0.026671636865626305,0.831763559855214
P02,session_02,006,raise_arms,2.7364108562469482,0.4162330798697321,-0.017646556054531193,-0.8274741927878557,-5.685046460804092e-05,-0.0009434026721354499,0.019658297355306522,-2.003490408253319,0.06432893424449121,1.3381811291252503
P02,session_02,006,raise_arms,2.768862724304199,0.4162408196266594,-0.01770633507767535,-0.8273777565995583,7.056056813317073e-05,-0.00021336427502470704,0.006924993175439688,-1.9830679387757282,0.07707457318478442,2.3750528220154288
P02,session_02,006,raise_arms,2.8000950813293457,0.4167383166247449,-0.021385401662414868,-0.8178063763233947,8.048819249215972e-05,8.703165727495191e-05,0.003795574988193808,-1.9975888752558437,-0.02097354776495915,0.6715433855747496
P02,session_02,006,raise_arms,2.8323874473571777,0.41653705885377545,-0.021266733688114645,-0.815333019394196,-0.00011497736169937974,-0.0010294301680962511,0.032076658433204036,-1.9450486317282232,-0.006583205209497234,0.20637069927619334
P02,session_02,006,raise_arms,2.864577293395996,0.4164292955305927,-0.021690041399379856,-0.8258678853633161,0.0009415268271002698,-0.0011618080352041487,0.04645615746290607,-1.9712628683023588,0.024950004682711517,0.7764802450958435
P02,session_02,006,raise_arms,2.8964462280273438,0.41945971760804324,-0.020471543494134024,-0.8294604491365819,-0.0035273494362175768,0.007987931524177328,0.273999787421326,-1.962786813903119,-0.11471920456249485,3.6101318045946647
P02,session_02,006,raise_arms,2.928511142730713,0.4191500786595824,-0.016125602385319328,-0.8272547928742191,0.00032937905893398376,0.0002011469741444663,0.012036248374952667,-1.89130981662139,-0.09103488816352034,2.8391064532258015
P02,session_02,006,raise_arms,2.9607040882110596,0.41940033437040075,-0.019227243592373516,-0.827195201479014,0.0003190565589835061,0.0005623638324711509,0.020084151420791146,-1.9206600957215645,-0.1154658914115367,3.5867392669434675
P02,session_02,006,raise_arms,2.9933314323425293,0.4190950042550131,-0.019043669234606292,-0.822055129369167,-0.00020881785467004993,-0.001603200590340976,0.049551772143467086,-1.8288794112196807,0.07822247102581059,2.3979634004651396
P02,session_02,006,raise_arms,3.0254452228546143,0.42091920530725113,-0.019022983191439805,-0.8193230544874248,-0.0016736755863807566,0.0005854696120220182,0.05521375147540507,-1.9339382833253667,0.015079065150189738,0.47278618735254613
P02,session_02,006,raise_arms,3.057328939437866,0.42249350295716026,-0.01142772635741415,-0.8177098624450142,0.0023041252772390717,0.001434554202979106,0.08512842502476162,-1.8951755458400803,-0.10262521948991406,3.2198600620297717
P02,session_02,006,raise_arms,3.089200258255005,0.42354826186208505,-0.0071956139829148025,-0.8156753554566295,0.0012832888354143968,-0.0006315824425199927,0.04487699444934512,-1.9008128867386946,-0.020420659904090546,0.64229184772852
P02,session_02,006,raise_arms,3.1366336345672607,0.4217001230494873,0.006793188994484263,-0.8209049779855049,0.0006141029282021057,-0.003933453107528948,0.08393040172791982,-1.9315664579271359,0.049675278444972694,1.050622046833279
P02,session_02,006,raise_arms,3.168933629989624,0.4222893138998477,0.0029852477803842584,-0.8130788818950484,0.0008381982952156935,0.0016075171144584548,0.05612763666770184,-1.9106206860968884,-0.007663677553723917,0.24381401315957368
P02,session_02,006,raise_arms,3.200798988342285,0.42056620233823966,0.011008789740207421,-0.8077551768102186,-0.0014128895798649263,-0.00013123712926799125,0.0445302229236447,-1.8506034546432755,0.07442455519205347,2.336018949709804
P02,session_02,006,raise_arms,3.2323570251464844,0.42078476750295146,0.009290509162780751,-0.8074317915549221,0.0014897451084618606,0.00013017740369653417,0.04738640443542651,-1.9035048739586315,-0.04501181864205212,1.4271056585621922
P02,session_02,006,raise_arms,3.264334201812744,0.4208361938091019,0.007554323951107484,-0.8104736410328206,0.0009090413727655401,0.003159921714966787,0.10282579737637133,-1.9011684526920059,0.00438556671905863,0.17141290226333886
P02,session_02,006,raise_arms,3.2964706420898438,0.42039739324535197,0.004777865075753303,-0.8107642348827524,-0.0005643973856687552,0.0008988957922853501,0.03302775236965678,-1.9044568510372206,0.06033281865727476,1.8776863153115662
P02,session_02,006,raise_arms,3.3285164833068848,0.42154906318840407,0.0016550205611158828,-0.8177978337528726,0.0010064094488579731,0.005724914779924903,0.18138710613955006,-2.030374509207656,0.05472329209357904,1.7172630341326287
P02,session_02,006,raise_arms,3.3605940341949463,0.4209533212841328,0.01646406911797836,-0.8181297027575455,0.001519414409114039,4.771732226278976e-05,0.04739026095797097,-1.9816106810154364,-0.04818660025650533,1.5029380855546788
P02,session_02,006,raise_arms,3.392601728439331,0.42191773518003584,0.003208082676272383,-0.8174420692379529,-0.001077260282838776,0.0011279058551157022,0.04872888077797966,-1.98661326516725,-0.04498342059604144,1.4062385020028174
P02,session_02,006,raise_arms,3.4250826835632324,0.4193776189523065,0.009446326729141176,-0.8192714034898023,-0.0028418890773993896,-0.008067949056920496,0.2633493208651328,-1.8973284215030353,0.0860901250387078,2.663531040074117
P02,session_02,006,raise_arms,3.456604480743408,0.4209195469483646,0.001961558798055037,-0.8181487606967882,-0.00022812692693726036,-0.00027754734748419013,0.011397487616006029,-2.007568727239508,-0.062352727476226166,1.9781157192764143
P02,session_02,006,raise_arms,3.4886929988861084,0.4200490637617302,0.008774765477661836,-0.8154721829661925,0.0010936529517078363,-0.0006039231843353403,0.03893354644562913,-1.9725344849109678,0.0018026447664358403,0.06834986955799029
P02,session_02,006,raise_arms,3.520289182662964,0.42099662572857693,0.0021894264030564827,-0.8158955167086848,0.0009607255582741179,0.002598415233541596,0.08767941392517382,-1.9578848914710245,-0.037498138047186644,1.1900277009598674
P02,session_02,006,raise_arms,3.5681822299957275,0.4208136676119781,0.004414290215732927,-0.8198860390302325,-3.626020311814053e-05,0.003886073956051967,0.08114420228541577,-1.957387861906898,0.015525195257617835,0.33416551580947595
P02,session_02,006,raise_arms,3.6000332832336426,0.42121976327762084,0.003456008638300998,-0.8061740748538763,0.0009770910770461913,0.004076613589952748,0.13161492895074015,-1.9514619088318215,-0.13965710658912883,4.386668407004699
P02,session_02,006,raise_arms,3.632965564727783,0.4204740913421365,0.004150574634198283,-0.8079321273892804,-0.0008497551941086112,-0.000900220261937899,0.03759028745546856,-1.8825782869145409,0.11801852372248489,3.5838700123695464
P02,session_02,006,raise_arms,3.664433479309082,0.42053103437076206,0.004438659229372452,-0.8082272436679571,-0.00035001856757866187,0.0006239245735903096,0.022734217053729844,-1.9376575750283784,0.08102665744271241,2.5749979510097076
P02,session_02,006,raise_arms,3.6960458755493164,0.42056893109984406,0.004352693499914272,-0.8133619165813595,1.5129020142152171e-05,0.0012247774432644408,0.03874653698301711,-1.925122307556163,-0.016048889811354394,0.5091535497883215
P02,session_02,006,raise_arms,3.728381395339966,0.420427690094539,0.004044562358044392,-0.8038494585707444,0.00010062228922129455,0.0003675424935628124,0.011784791408183845,-1.9159409635326754,-0.07688711292651007,2.377820357926903
P02,session_02,006,raise_arms,3.7606210708618164,0.42111961897691835,0.0031896765502407816,-0.8060838422650595,0.0007917664431868001,0.0001592308274195835,0.025050471311033905,-1.9005242435600818,-0.0178342728634546,0.5537447132587273
P02,session_02,006,raise_arms,3.7926580905914307,0.41962726977483167,0.01618439343562442,-0.8011224325767976,-6.778948549821183e-05,-0.01208215302508255,0.377136927816974,-1.8747010832129023,0.03942742475326242,1.2871727217984141
P02,session_02,006,raise_arms,3.8249564170837402,0.42195545604640045,0.014095090801827187,-0.8098854197189702,0.0028023496993165,0.0012925826510873117,0.09554944360329859,-1.925344498889758,0.012278795787229435,0.39199175534359015
P02,session_02,006,raise_arms,3.857924222946167,0.4214621118874265,0.014463699012779049,-0.8108629211314868,-0.0007294270301392718,-0.00025222880291859653,0.02341087347218123,-1.919628009166438,0.021521256215448686,0.6532157848988659
P02,session_02,006,raise_arms,3.8885161876678467,0.4187736390678758,0.01301973063969277,-0.7933067743557579,-0.0035974976896198632,0.004998679308399422,0.20131544366808846,-1.9381046951945722,-0.04073432036980352,1.3466690747467776
P02,session_02,006,raise_arms,3.9203238487243652,0.41839209204165306,0.01700637848498407,-0.8060961858638606,-0.00022206141514355055,0.00032246095472489284,0.012309162105525066,-1.9247129884973917,-0.050742954360714985,1.5953535447677631
P02,session_02,006,raise_arms,3.9525253772735596,0.4187359828098667,0.0166158046337025,-0.8040130785037701,0.0013707392046277548,-0.0051297296489288624,0.16489009212444,-1.919311212186272,-0.13010545941627358,4.043713672277674
P02,session_02,007,raise_arms,0.00021147727966308594,0.5533969791183417,0.032200389574832955,-0.8254324927324487,0.0,0.0,0.0,-1.9478073554325717,0.0,0.0
P02,session_02,007,raise_arms,0.03216052055358887,0.5516201550350534,0.03467067722469348,-0.8272373989125265,-0.0023105950917162647,-0.00040973994681887303,0.07344957554155218,-1.8408936152274102,0.1879870289749231,5.884422684549141
P02,session_02,007,raise_arms,0.06422162055969238,0.5528096087356896,0.03670754231443609,-0.8309524224868567,-0.00328703982692775,0.005549292209289641,0.20117057687151163,-1.7851666551023948,-0.05977776708673179,1.8753164943520606
P02,session_02,007,raise_arms,0.09649896621704102,0.5547271459216822,0.03792096816980054,-0.8312355476893762,-0.0015834697409579188,0.002858615778198748,0.10124386408617708,-1.8392628809561813,-0.09729275619068048,3.015973581637219
P02,session_02,007,raise_arms,0.12957525253295898,0.5558749127754635,0.037332645301315845,-0.8328740204659537,-0.0009203805688497125,0.002824244632484718,0.08980544559852388,-1.8576171784081306,0.012275127495301404,0.3818269813995908
P02,session_02,007,raise_arms,0.1766648292541504,0.5558455765202582,0.03935621410018908,-0.8321520167480781,-0.00015436101280379215,0.003706272793009703,0.07877509456097397,-1.85594502703445,0.02244802669006311,0.4831739022668529
P02,session_02,007,raise_arms,0.2078413963317871,0.5574362587246122,0.04107499610660102,-0.8271747193092925,-0.001422735765403373,-0.0010253171188736405,0.05625047602715848,-1.8708143695084385,0.013913207930887338,0.4498024149472207
P02,session_02,007,raise_arms,0.24002623558044434,0.5541543853079592,0.038533858584596944,-0.825259062633714,-0.0029702593881986393,-0.006978415497976956,0.2356464092417937,-1.8038281469480197,0.028621995984338823,0.919991706076223
P02,session_02,007,raise_arms,0.272784948348999,0.5537468226049238,0.034816147347199934,-0.8241577486499215,-0.0003333304610939174,-0.0021780173456058356,0.06726078300174793,-1.8516524605072486,-0.0753657293195385,2.301614587302648
P02,session_02,007,raise_arms,0.3037123680114746,0.5532436682605955,0.03541738830238812,-0.8165089444014917,-0.0004884512444580551,1.8045896541874656e-05,0.01580424394107389,-1.8742174835236778,-0.07572087816561944,2.4483922857957863
P02,session_02,007,raise_arms,0.3358032703399658,0.5527906105329312,0.036131293199462455,-0.8190620055629334,-0.0004372033981728015,-0.00034762778363872296,0.01740562898427263,-1.8586092511361176,0.012525894879212436,0.39071330690681194
P02,session_02,007,raise_arms,0.36815857887268066,0.5518892880654893,0.03695384202140182,-0.8189054142377947,-0.0006775718395810452,-0.0005370894215160849,0.026722678896477933,-1.8685957930772303,0.006320412799840929,0.1971632537448375
P02,session_02,007,raise_arms,0.40013933181762695,0.5506507374149057,0.03787138643959584,-0.8201714242032331,-0.0005854647974183704,-0.0006365830318682573,0.027043577502794472,-1.8467878026692568,0.002459412186206202,0.08151937746907936
P02,session_02,007,raise_arms,0.43201375007629395,0.5490540695202647,0.04255458383657509,-0.8139898651580988,-0.000926359284567382,-0.0013174151815389759,0.05052654903877587,-1.8297527945249545,0.045403546410570234,1.4253468118971189
P02,session_02,007,raise_arms,0.4641742706298828,0.5489347276041537,0.038874613040607874,-0.8119254197648929,-0.00014199862075628546,0.00012508691348594216,0.0058841153535112295,-1.8474757291910102,-0.07749161436051662,2.4095333062326487
P02,session_02,007,raise_arms,0.49596476554870605,0.5473453584459955,0.03941138052434871,-0.8121792216543531,-0.0014498093862898068,-0.0014792662112412766,0.06515387559514198,-1.8653508809561248,-0.0009762677844359573,0.07202844036423613
P02,session_02,007,raise_arms,0.5278112888336182,0.5459605415283734,0.042834545733148585,-0.8109969951609018,-0.0012645067648631226,-0.0004284529936287783,0.041923617626700015,-1.8650926455788772,-0.023989191741311647,0.7544407901741043
P02,session_02,007,raise_arms,0.5600991249084473,0.5451945592657443,0.03710095449801008,-0.8137939330739141,-0.0008585745558663491,0.0005953417685633596,0.032358565533105274,-1.8608183746857436,-0.005499436105620861,0.1733718327437341
P02,session_02,007,raise_arms,0.6086726188659668,0.5447852392974065,0.03318765600906911,-0.8123579370948493,-0.0005761227279777133,0.0014295983715749497,0.03173171992077164,-1.8594925461399219,0.00696623543536077,0.14688486864446199
P02,session_02,007,raise_arms,0.6399943828582764,0.5441268478033082,0.03293925241417243,-0.8094163872401404,-0.0005952228599926653,0.00011764791380393329,0.01937113868226669,-1.8953437115562386,0.0668337642625415,2.1338682682060313
P02,session_02,007,raise_arms,0.6717369556427002,0.538519536183138,0.031779053041831755,-0.8126550555265227,-0.007877821150105314,-0.005100190511925224,0.2956492817633395,-1.9579427110877243,0.10977421410127325,3.470879164865272
P02,session_02,007,raise_arms,0.7038416862487793,0.5430130167962499,0.017770594562395613,-0.8003737726584305,0.0031846283684136482,0.00022326508522471536,0.09943846124660849,-1.9932529711426221,-0.10455076400509532,3.2580710423945956
P02,session_02,007,raise_arms,0.736412525177002,0.543060955214863,0.012162702266399539,-0.7820562130099628,0.001661224384362137,0.001933092033271325,0.0782548301325274,-1.8939235551140272,0.06342624504833641,1.9489039764939946
P02,session_02,007,raise_arms,0.7681398391723633,0.5420010613745881,0.0036227071297100077,-0.7635556687543725,0.009193915973813669,7.961933267794536e-05,0.2897900755321746,-1.8771774735033204,0.04995557769698497,1.6009747125902534
P02,session_02,007,raise_arms,0.8002402782440186,0.5256884772713473,0.006936037391899872,-0.765673196224162,-0.008509551735081316,-0.010682243650026362,0.42545633098161784,-1.7325532710752447,0.09509723043300432,2.992884932066384
P02,session_02,007,raise_arms,0.8321444988250732,0.5202310592487457,0.012706505889728633,-0.7512585730402441,-0.0050581581195530976,-0.012006433730898358,0.408360014532744,-1.8339250503627302,0.12700676967658261,4.001766801667054
P02,session_02,007,raise_arms,0.8637499809265137,0.5052210161922303,0.006565115984239543,-0.744039655189477,0.00486343995033535,-0.025710689411055164,0.8279143252110303,-1.8797213989481285,0.12644787550861863,4.085585704801388
P02,session_02,007,raise_arms,0.8958055973052979,0.4626014544305821,-0.03892843646191151,-0.7995724071681465,0.045423370289340605,-0.009275218916907932,1.4462575039877965,-2.0098236809673358,0.16666516296414396,5.396652774668395
P02,session_02,007,raise_arms,0.9278616905212402,0.44890382798998923,-0.047880551225843955,-0.7469495051647518,1.1883649402776814e-05,-0.06580089535792297,2.052679844289091,-1.812761257077568,-0.5332533399232338,16.761174108680645
P02,session_02,007,raise_arms,0.9605340957641602,0.4217646806828471,-0.06389483837923543,-0.7662314210399637,0.014543274410978765,-0.028785462217246167,0.9870938794486509,-2.043884496433168,0.14805453291747578,4.637749001839524
P02,session_02,007,raise_arms,0.9923291206359863,0.42001266093891004,-0.05520589627291516,-0.755687126160691,-0.01469877188487559,-0.013551204192752372,0.6287846705251523,-2.0062733742205268,-0.08907221679144499,2.8711496098660017
P02,session_02,007,raise_arms,1.0402967929840088,0.41482157144667725,-0.05670965612728566,-0.7399877408531449,0.00018298593985056845,-0.025508972821053213,0.5318087761846821,-1.9460281337775747,0.01867243275145356,0.6590543463461689
P02,session_02,007,raise_arms,1.071681261062622,0.4167398769562109,-0.05611904682367374,-0.7198215534916843,-0.0035329214053418296,-0.02824020102796148,0.9068285547055707,-1.831040989884782,0.19376492576898172,6.240153860722858
P02,session_02,007,raise_arms,1.103715181350708,0.4160197143229837,-0.06678158301204618,-0.7209475575654499,-0.004499543425192243,-0.0012873133528741947,0.1460973613717863,-1.9159049886977104,0.11335177328954217,3.541506833568508
P02,session_02,007,raise_arms,1.135746717453003,0.41264127332512485,-0.060607426081225116,-0.7153453260129519,-0.00859901671582627,0.0037709239407089715,0.293133399791163,-2.003506814647584,0.05802477435505494,1.8350529910719218
P02,session_02,007,raise_arms,1.167691946029663,0.40998153446871194,-0.06537626481352353,-0.7232497469566656,-0.00970519994423905,0.003194153243352131,0.31983852409209523,-1.9809014998841084,0.134277031051242,4.215502609389302
P02,session_02,007,raise_arms,1.1997711658477783,0.41197975761075006,-0.06395407954247047,-0.7402899645150799,-0.012458597727777538,0.00645693251879782,0.4374300186417766,-1.9766244253592586,0.2174788645750303,6.793528743135257
P02,session_02,007,raise_arms,1.2322120666503906,0.41393701160502033,-0.06019178059689201,-0.727169460548291,-0.009177200199470876,0.012559198553305976,0.4794837812990203,-1.9785540117360958,0.006624808043354798,0.5211593531701412
P02,session_02,007,raise_arms,1.266056776046753,0.41534662720998866,-0.057729938666519695,-0.7386316782176184,-0.00189348711164875,0.017848675811771946,0.5303289929026935,-2.0364386421245153,0.19651691325415446,5.830597772764746
P02,session_02,007,raise_arms,1.2991938591003418,0.41552550535665933,-0.053415752192470405,-0.7403399255693514,-0.0031774999891012235,0.002423271384144709,0.12059274747010232,-2.0877882550889,0.03186453865068963,0.9691297661952638
P02,session_02,007,raise_arms,1.3282761573791504,0.41467081735793604,-0.05171512417734198,-0.7348236205477071,-0.0012282913806477415,0.001622964568490524,0.0699864131485139,-1.982277744601805,0.1086102205255403,3.7352374727286604
P02,session_02,007,raise_arms,1.3605408668518066,0.414286643542692,-0.05057709957811271,-0.7420077308067825,-0.0009609634532545638,0.00826830694715921,0.2579896910817344,-2.0038561187741974,-0.06167680722626248,1.9289179588340535
P02,session_02,007,raise_arms,1.3925347328186035,0.4141815726683937,-0.06067409743940173,-0.7410499426920165,-0.000353009895375267,0.0018596699441446748,0.05916378813256941,-1.9836368183561999,-0.07017594131440744,2.1942163961747783
P02,session_02,007,raise_arms,1.4406671524047852,0.41411999285004686,-0.0556542475839908,-0.7420774084733283,0.00032564356015806406,0.0015331514708524633,0.032563365123005714,-1.945035654429857,0.014569287540287702,0.3044383084652103
P02,session_02,007,raise_arms,1.4729363918304443,0.41402227352572213,-0.055230450091335606,-0.7416539510382236,-0.00025049879811052324,0.0006491374026898559,0.021562138270398077,-1.8649985128911808,-0.10453244071818481,3.2394552286010847
P02,session_02,007,raise_arms,1.5044786930084229,0.4108532429038271,-0.05225603939263279,-0.7450053921037804,-0.0011581358732352142,-0.00258516875774958,0.08980742960183939,-1.770761920659787,0.06266008738141647,1.9885703755632893
P02,session_02,007,raise_arms,1.5356826782226562,0.41078964098675136,-0.05150468858999609,-0.7496360364096242,-0.00012492914628600986,0.0044710414792765475,0.14334023309599614,-1.8642226846948413,0.002087134504718985,0.15817795523690892
P02,session_02,007,raise_arms,1.5682868957519531,0.4095622741996787,-0.04658060533172575,-0.7556876953983457,0.0001346903809620151,0.003769657042537652,0.11569247214312536,-1.8905975364066385,-0.013137775299527518,0.4192268161206628
P02,session_02,007,raise_arms,1.5997915267944336,0.4084554121870333,-0.043979531446394396,-0.7516017658682461,-0.0014323457918215816,0.0009730407763095416,0.05496320374759857,-1.896823080239961,0.039901026490517216,1.2677051198228637
P02,session_02,007,raise_arms,1.6321289539337158,0.40802237029444066,-0.04316370425500289,-0.7624253416153436,0.0003809448298162163,0.000384779477225928,0.016743930711810993,-1.886007060746186,0.06377336969442443,1.9721936424088558
P02,session_02,007,raise_arms,1.6642539501190186,0.40871017038639385,-0.02664849770199438,-0.7655069419334838,0.0021017880217925867,-0.0004943110255249772,0.06721038070902485,-1.8117952739717018,-0.11537539929931492,3.592081376633912
P02,session_02,007,raise_arms,1.6961181163787842,0.40854004090673135,-0.026724190775930287,-0.7604807255033825,0.00019882073122474503,-0.0038445969538571777,0.12081704663755624,-1.780556921710707,-0.10147031192894575,3.1867557233573405
P02,session_02,007,raise_arms,1.7286098003387451,0.4082585803892003,-0.026709692506659822,-0.7607880620848126,0.0003760160104232788,0.00016191099031621673,0.012599953557219214,-1.7962655651026793,0.00610435640412047,0.18829646297589644
P02,session_02,007,raise_arms,1.7604777812957764,0.40858290624791477,-0.026647644035939055,-0.756975573659018,-1.327520704272789e-05,-0.007655053318281589,0.24021179249996785,-1.8168227257186464,-0.006896406235586356,0.32331570344123717
P02,session_02,007,raise_arms,1.7922720909118652,0.408585404681317,-0.02845213233518771,-0.7528900836564894,0.0023859850538358513,0.0004986195627843993,0.07666556455480995,-1.852113275783744,-0.04383092801058641,1.3807078759417288
P02,session_02,007,raise_arms,1.8240888118743896,0.41102484370228104,-0.02586039910563692,-0.7510162719975397,-0.0026051528481434135,0.002424935828589552,0.11186230981214332,-1.8800225159657078,-0.12133852229122095,3.815311725940016
P02,session_02,007,raise_arms,1.8718960285186768,0.41079729304245927,-0.02647041145053133,-0.753772080687255,-0.0001299325976591707,-0.0009331061256796502,0.0197064198205352,-1.7815655667116095,0.4802302960339629,10.045161669094451
P02,session_02,007,raise_arms,1.904529094696045,0.41205184264039224,-0.03404081911435521,-0.7530132612786012,-0.001522620277306484,0.0005831696416455529,0.04996399192367286,-1.8937445192646924,-0.1955673811120603,5.993129077026621
P02,session_02,007,raise_arms,1.9360909461975098,0.4124153422017329,-0.030403344204027363,-0.7567325944725504,0.0003042628766997016,0.004229402125039814,0.1343499232175053,-1.9009323506798599,-0.12930880611250456,4.099199076993229
P02,session_02,007,raise_arms,1.9678382873535156,0.4117648645460532,-0.03290253035566767,-0.7489671716269855,-0.0002951173837277137,-0.008891808966397189,0.2802346507871344,-1.8202960645626958,0.026570285676782258,0.8825998025427287
P02,session_02,007,raise_arms,2.0003294944763184,0.41112951484754334,-0.04044974326081127,-0.7480827404752487,0.0006960383266882848,-0.0017964196846478933,0.05929448875820191,-1.8674255657230994,0.1410079405251689,4.340285059717974
P02,session_02,007,raise_arms,2.032057285308838,0.41135079244254646,-0.03699653970984435,-0.7479942503411865,0.00045433330171435214,0.00016989500757776362,0.015288169833996619,-1.8739193467614463,-0.004567916738705772,0.14478153990689274
P02,session_02,007,raise_arms,2.0640432834625244,0.4117847262188768,-0.03352708312916577,-0.7499208996245832,-0.00020767590113586744,0.002608342734600684,0.08180445782871965,-1.9179558149457123,-0.10555813810407617,3.301149552897983
P02,session_02,007,raise_arms,2.0967257022857666,0.41200572707542316,-0.0333174482586305,-0.7536833122524754,-0.00033921370906456503,0.0024153289176617743,0.07462827494764489,-1.9127419823863554,-0.0035110214773128898,0.1308061562311452
P02,session_02,007,raise_arms,2.128950834274292,0.4121797420994556,-0.0330746840660915,-0.7472350989062592,0.0002797449111173711,0.002124224798065972,0.06648741736489197,-1.8774428700791632,-0.05477450233466046,1.701044723841341
P02,session_02,007,raise_arms,2.1601722240448,0.41415622215437037,-0.031311865079293164,-0.7470697812991877,-0.0015476970177587535,0.0015798627499020565,0.0708371950496091,-1.924864909121365,-0.02796037748677007,0.8983491862824637
P02,session_02,007,raise_arms,2.1925203800201416,0.4142785534053557,-0.02763429057629722,-0.7421025036013401,-0.00021315194935601423,0.0032833169492264076,0.10171301749852961,-1.9384794791205227,0.01831909897921928,0.575372115361945
P02,session_02,007,raise_arms,2.224069356918335,0.41418734420597125,-0.028817754797514757,-0.7427444160663443,-0.00020111066221324567,0.002045788317727013,0.06515740974972815,-1.9355788383720975,0.02616832868981548,0.8320062244758432
P02,session_02,007,raise_arms,2.2562689781188965,0.41408906795279504,-0.02705634351133228,-0.7393162507719545,8.341415970748697e-05,0.0005407886074564772,0.01699348928606932,-1.9266026505230995,-0.0006889495000602954,0.027323543070896936
P02,session_02,007,raise_arms,2.30393123626709,0.41381903496116373,-0.007812379218942912,-0.745740437096495,0.0002972533287811582,0.0013475964356518553,0.02895354201365201,-1.8884976037043337,0.09404808883224726,1.9734317344623613
P02,session_02,007,raise_arms,2.336583375930786,0.41404226994236565,-0.009192142105135305,-0.745613251330497,0.0001635001549795221,0.00010271394283767468,0.005913445575881838,-1.9486228288576317,-0.07535051850403775,2.3076823348545825
P02,session_02,007,raise_arms,2.3684983253479004,0.41525681853212176,-0.007667737125080021,-0.7615164610326792,-0.0014794340424597486,-0.000571635400610842,0.049695529225306706,-1.917669109068176,-0.07853106859015392,2.4611376265956157
P02,session_02,007,raise_arms,2.400099754333496,0.41469212748893325,-0.011281546618087801,-0.7521103423972549,0.0006091374005281705,-0.00015415286976556462,0.019883286240324073,-1.891647761087788,0.31824722996344623,10.07067909487332
P02,session_02,007,raise_arms,2.4317591190338135,0.4149754162173123,-0.011366525054562858,-0.7545358023520291,-0.00044709722738716994,0.0005278555330970523,0.02184998820313853,-1.9314642281002825,-0.22538093698195102,7.118967822309507
P02,session_02,007,raise_arms,2.4642910957336426,0.4150188925599341,-0.01955140827599803,-0.7547986443618264,4.947678405304578e-05,-0.0014197467307877623,0.04366806822275375,-1.914048585645336,0.16250992612852574,4.995581324707616
P02,session_02,007,raise_arms,2.4966609477996826,0.4156457451878931,-0.021121648728811337,-0.7534746665927022,0.0008517392316464028,4.108482024862268e-05,0.026343325442477163,-1.9516759224984117,-0.04483975681931015,1.3854825251231053
P02,session_02,007,raise_arms,2.528160333633423,0.4155418454040391,-0.02156452447483193,-0.7569802886822902,0.0003235611020626721,0.0001482435549071358,0.011298772516429759,-1.9314642548866896,-0.02981817445012634,0.9466945970778262
P02,session_02,007,raise_arms,2.560441255569458,0.4155667781455899,-0.02600152127578484,-0.7483331023831304,0.0001857415439428817,3.62877302066016e-05,0.005862690657393007,-1.8919213349581698,0.0054968851829321165,0.170383675519024
P02,session_02,007,raise_arms,2.592353343963623,0.4144678272601864,-0.024886151817280478,-0.7481883962574747,0.002008559211748147,-0.002468427843990267,0.09972286441318047,-1.8524445249517167,0.000259350215311319,0.10005347649391799
P02,session_02,007,raise_arms,2.624401330947876,0.4143640512083487,-0.028684526772546275,-0.7485729904454037,0.0011517036456287785,0.00017534837245006943,0.03635097837269052,-1.8973070888208863,-0.061858748199131446,1.930533644911896
P02,session_02,007,raise_arms,2.6558072566986084,0.41409028000292397,-0.028844805486355565,-0.7512522086448779,-0.0003171384114605445,0.00015041853624249134,0.011176303192774123,-1.8697687263942377,-0.03095013645971909,0.9855505289059466
P02,session_02,007,raise_arms,2.688120126724243,0.41405565792556803,-0.031150828787398575,-0.7510252482446211,0.0013496334040969213,-0.000392128568370755,0.04349489284001745,-1.8888646314132325,0.20085900152641686,6.216220297852888
P02,session_02,007,raise_arms,2.735844850540161,0.4174558606321457,-0.02983067430843663,-0.7528383580063495,0.006842622814997221,0.0077353592132688625,0.21639728422981555,-1.8896360105300443,-0.3106627582955287,6.513068005348363
P02,session_02,007,raise_arms,2.7688307762145996,0.41761625560846344,-0.019403368382873296,-0.7520307616586959,-0.000130594174046268,-0.0001249565020519209,0.005479475840054811,-1.9047210506314847,-0.1141401109494754,3.460271364974473
P02,session_02,007,raise_arms,2.8000283241271973,0.41770466030513315,-0.024437096596970204,-0.7530244371265886,-0.0003113976175560944,0.00020476828099117678,0.011946160814629571,-1.9606202525885388,0.30108047284492684,9.65078102789095
P02,session_02,007,raise_arms,2.8320913314819336,0.4150676797980268,-0.027221346582814186,-0.7405297073071043,0.001818650452681002,-0.010280052900317808,0.3255989898606766,-1.8321745181207085,0.03527772847440613,1.1474286622599725
P02,session_02,007,raise_arms,2.864158868789673,0.4148150158506282,-0.027963021256639683,-0.7381329780234486,0.0006582784336225344,0.000795178794361169,0.03219138111867738,-1.8540587429314512,0.043330403315919565,1.3516066990448408
P02,session_02,007,raise_arms,2.89632511138916,0.41508022918875925,-0.02775319995224891,-0.7399629387923782,-0.0002325926810911414,0.002032915317923932,0.06361258717372764,-1.8689408455739234,-0.11130731234866904,3.4609612236559206
P02,session_02,007,raise_arms,2.9283883571624756,0.41450462397188015,-0.025428467022104037,-0.7450281786644832,-0.0008812976877477663,-0.00024143566269280026,0.02849900638715297,-1.9000462333026957,0.16673061864241928,5.200132381231305
P02,session_02,007,raise_arms,2.960334300994873,0.4142585174169398,-0.02638859554711557,-0.7555041660734254,-0.0003831596994712138,-5.971133131075994e-05,0.012138770298249115,-1.895660080593093,-0.03596744105993942,1.1259498747381087
P02,session_02,007,raise_arms,2.9930732250213623,0.41338032810992403,-0.02351200803970563,-0.7556255402274994,0.0008535952803648698,-0.0006515152490420041,0.032799598174335934,-1.8270397583683582,-0.10463250408596317,3.1961347929451427
P02,session_02,007,raise_arms,3.024860143661499,0.41388452426787636,-0.02460054443406024,-0.7558184679939792,0.0009302503001475931,0.003096201923991513,0.10170628221565518,-1.8584534333053342,0.023448466133574,0.7446549114339948
P02,session_02,007,raise_arms,3.056067943572998,0.4134146828328207,-0.006287100706995286,-0.7601087741940932,0.0016310677253247798,0.0031250957730290167,0.11295698791402764,-1.8854504743920086,0.04919710797401245,1.580477973097737
P02,session_02,007,raise_arms,3.0881903171539307,0.41456462300326685,-0.007373828700791423,-0.7612634255453777,-0.0016983237984649735,-0.00035218050281190735,0.05399523770561292,-1.87751560072306,-0.015106357269438386,0.47336486619456053
P02,session_02,007,raise_arms,3.135967254638672,0.41349458268852374,-0.009785956803114424,-0.760981316378634,-0.0017773155917570125,-0.0010748436675468817,0.04347391884529062,-1.8205274690007618,0.036138215064077085,0.7576428544037491
P02,session_02,007,raise_arms,3.167996644973755,0.4138569884669639,-0.013147401784678615,-0.7607833017895012,0.00019720256545871623,0.0005341787951698948,0.01777795633653044,-1.9204126853226684,-0.10102936632075407,3.1543207632862575
P02,session_02,007,raise_arms,3.2014849185943604,0.41423245855717516,-0.015398614546086332,-0.7638248955621925,-0.000205909133655713,0.00364931131600934,0.10914614054778256,-1.9372451822834722,-0.04773356560200038,1.4295542289152365
P02,session_02,007,raise_arms,3.232457399368286,0.4131441110247733,-0.020412086578714614,-0.7574678921992892,0.0009813662693090868,-0.008053630673915417,0.26194873006738045,-1.8564396052653558,0.11487645276007694,3.7182231713460925
P02,session_02,007,raise_arms,3.2640814781188965,0.4137457967758455,-0.022052646060336495,-0.7572791946786857,-0.0007066193418798232,0.0009164442290251774,0.036593314111000134,-1.9018358003937335,-0.010228787673958259,0.32551275211313363
P02,session_02,007,raise_arms,3.2964060306549072,0.4136810072391726,-0.02214932196566085,-0.7553165821605975,1.3976108262253838e-05,-0.0017676895279944457,0.05468737040371246,-1.890150856386041,0.032754574370330636,1.0147779064465656
P02,session_02,007,raise_arms,3.3284807205200195,0.41391833134990935,-0.023019132433327007,-0.7513780982122382,0.00030621808099559524,0.0016113709505481827,0.05113717685861443,-1.9176549997420844,-0.1131764756242349,3.5288996038371487
P02,session_02,007,raise_arms,3.3605635166168213,0.4131491463458164,-0.02378578650272198,-0.7471997587196624,0.0011646842345620185,-0.0024178775460351972,0.08365137349917552,-1.8867704815842223,0.01648855191830032,0.5207007806488391
P02,session_02,007,raise_arms,3.39269757270813,0.41485145776086496,-0.025883497231914417,-0.7479156211758609,0.002398760636442459,0.002921745196153192,0.1176414604119491,-1.9261912225593498,0.11629088688196111,3.620841199380801
P02,session_02,007,raise_arms,3.4260051250457764,0.41493133870537047,-0.024636700948119154,-0.7452198471726004,-0.0013486884610379168,0.0004953031887800546,0.04313623087906895,-1.9236496326850823,-0.1450882900600114,4.356231352879551
P02,session_02,007,raise_arms,3.4627761840820312,0.4150077618638665,-0.02423572884462092,-0.7534117424149828,-0.0003361136411259803,0.005835688266736814,0.15896631331766128,-1.9966132515283683,0.1760321170663088,4.789884927675902
P02,session_02,007,raise_arms,3.491487503051758,0.4147311641750112,-0.023955041360165807,-0.7495566646658538,-0.000323151610861128,-0.0005699885651212959,0.022820982876931104,-1.982502712826719,-0.01595694551802482,0.5562402802978336
P02,session_02,007,raise_arms,3.5203590393066406,0.4145628797819802,-0.02340457399142599,-0.7427588487379686,0.00011024108430925003,-0.009631411641669639,0.33361725006227355,-1.875500125100744,-0.16209714740043324,5.624330780871746
P02,session_02,007,raise_arms,3.567878007888794,0.4147197067305808,-0.0316611094153653,-0.7428091822517912,6.0255750851783315e-05,-0.0007469988432967055,0.01577107318704833,-1.9319921808299616,0.0886166227908784,1.8649350837928307
P02,session_02,007,raise_arms,3.600149393081665,0.4135491375302247,-0.024129121763413135,-0.7471799031197167,0.0010333727315466196,0.0005971286623379678,0.03698296317503917,-1.919806623044917,-0.01841039512533954,0.5716841627977794
P02,session_02,007,raise_arms,3.6320581436157227,0.41580556298132165,-0.022007409000328618,-0.7448409547187917,0.0026005009511624265,0.005872512779784807,0.20127830862434298,-1.9497863674300144,-0.1623505707790846,5.09194359698958
P02,session_02,007,raise_arms,3.6640284061431885,0.41843641415698307,-0.018688931292670442,-0.7414518684435925,-0.003405317008251369,0.0011052394656999236,0.11198490759773351,-1.9698073398987823,-0.002656824953864611,0.1394515303574164
P02,session_02,007,raise_arms,3.6962804794311523,0.41764527420290865,-0.023689492973366377,-0.7415236380140038,-0.0002894993177107949,-0.002534706744985246,0.0791014460064691,-1.8569964775279468,0.3097140696128602,9.603245472594823
P02,session_02,007,raise_arms,3.7283971309661865,0.4168822178876092,-0.022576668960129862,-0.7444879776984059,0.0010445198037302963,0.0009127663304379183,0.043190753643879976,-1.8279296822695845,-0.1925006086407888,5.993950090926327
P02,session_02,007,raise_arms,3.7604587078094482,0.41739211096213175,-0.02090625305265455,-0.7446917873645233,-0.0016589725616058162,0.0010248936774748707,0.060821240446389355,-1.8871291008949438,-0.06692959488032832,2.088418689524821
P02,session_02,007,raise_arms,3.792344331741333,0.4172703686648012,-0.022312761291832683,-0.7466936815348935,-0.0009160954546783264,0.00040860578460333725,0.031459005246596186,-1.9764252114642282,0.16957747595203027,5.318398129611858
P02,session_02,007,raise_arms,3.82436203956604,0.41730471479598696,-0.030819523877300838,-0.7485711039161503,-7.063063463311272e-05,0.0008566374746452853,0.02684590450317862,-1.9615113897232797,-0.1132758174576315,3.538013375917483
P02,session_02,007,raise_arms,3.856900691986084,0.41693450222228495,-0.030223551666311844,-0.7465459398812933,-0.0002660829086988094,-0.005072265758005699,0.15609866193711086,-1.8788674404793633,0.03205594528754471,0.9974553113512804
P02,session_02,007,raise_arms,3.887725591659546,0.4168240491009506,-0.03157090744138815,-0.7537311056502105,0.00018621801891270822,-0.002432023771670482,0.0791289722686783,-1.9318723218059424,0.17564984582199575,5.698859763114566
P02,session_02,007,raise_arms,3.9202287197113037,0.4167950938750339,-0.027347206065372328,-0.7556370543270896,0.00010907864192868915,0.0020410683932182445,0.06288567052974545,-1.9193104942839556,-0.28138086438738313,8.657267930975575
P02,session_02,007,raise_arms,3.9519994258880615,0.4189105952650216,-0.024522443766139785,-0.750829285228082,-0.00252473852418704,0.0027793217499870407,0.11818606435934424,-1.919059534336477,-0.03674523983816169,1.1625989203445386
P02,session_02,007,raise_arms,3.9999570846557617,0.4172885850684836,-0.020970824599923346,-0.7558477791886666,-0.0019337401257616689,-0.0001969735288392186,0.04053046561956489,-1.8276662157956731,0.08349174834131215,1.741418853789973
P02,session_02,008,raise_arms,0.0010790824890136719,0.4945136904841534,0.010909638123366424,-0.8156557721346643,0.0,0.0,0.0,-1.9990955290257686,0.0,0.0
P02,session_02,008,raise_arms,0.03394889831542969,0.497346473520795,0.01637913935357834,-0.8163121014225303,-0.0054188658396689925,0.005154367229498819,0.2275261844897295,-2.0337260384710394,-0.003225337039512816,0.2477833707594564
P02,session_02,008,raise_arms,0.06552934646606445,0.48763996964188294,0.02673549126617582,-0.8217022841739605,-0.009943173535235245,-0.002675816508763052,0.3260538413707957,-1.8617365247060045,0.2593823906207316,8.219854636229845
P02,session_02,008,raise_arms,0.09717607498168945,0.4851099188745367,0.034465149713592776,-0.8261955135675261,-0.005265921531498442,4.245100742873803e-05,0.16640243349747846,-1.8945902124182568,-0.10118626123934667,3.2016959229474082
P02,session_02,008,raise_arms,0.1291952133178711,0.4864471439285866,0.04644864260007369,-0.8278306074211558,-0.0007326408978270715,0.0020392762407552708,0.06767482358732792,-1.8309975868479729,-0.14306901910439393,4.468746980616573
P02,session_02,008,raise_arms,0.16096186637878418,0.48843526176573376,0.05178984750980261,-0.8278494786523084,-0.004278344144907141,0.0013912847991924048,0.1416226586130735,-1.7940984801369373,-0.09774477397301413,3.080219167430354
P02,session_02,008,raise_arms,0.2092595100402832,0.4885031279455981,0.055239760780009896,-0.8431902135381643,8.083485018768163e-05,-0.0008642313115159984,0.017971963212061987,-1.7998929332228242,0.05882318494068835,1.2180633323895766
P02,session_02,008,raise_arms,0.2416841983795166,0.48645835669082754,0.056952518693708015,-0.8392398112691968,-0.002615783533134276,0.00023929668314922554,0.08100945644393451,-1.8190498520112486,-0.000815146445888894,0.08482060944843849
P02,session_02,008,raise_arms,0.27312445640563965,0.4841824259682488,0.060274707290567414,-0.8340791628158718,-0.0012571656899571144,-0.001036102233055796,0.05181579693473104,-1.7976560553372354,0.0060844000319352125,0.20033938213157995
P02,session_02,008,raise_arms,0.30486321449279785,0.482855629645781,0.062008259734308874,-0.8335018320821074,-0.0014433759645894983,-0.0029378569001516125,0.10313183113972907,-1.7852104495595458,0.01786905677980722,0.5723722553345586
P02,session_02,008,raise_arms,0.33728909492492676,0.4811667804558756,0.05603282267009701,-0.8344222370835085,-0.001005433290430203,-0.0032607056967102832,0.10523070856711483,-1.783437917415733,-0.020773318346003582,0.649225078646606
P02,session_02,008,raise_arms,0.36941051483154297,0.4769391747571853,0.062142829900704646,-0.8353252244960809,-0.004390341961711797,-0.005092785427992043,0.2093293091103447,-1.7716926753418198,0.026249790259087864,0.8435893797176565
P02,session_02,008,raise_arms,0.40140724182128906,0.47773728105063484,0.0577061933402608,-0.836801374706034,-0.0007080384397810696,0.0009990515958672977,0.03826982351225057,-1.78850637772293,-0.09448932053593918,2.9533412771340837
P02,session_02,008,raise_arms,0.4329252243041992,0.4776644887189914,0.05671737445878767,-0.8371606196417322,0.00025402800180292554,0.00018455479045389998,0.009962298659219687,-1.7861094387766063,0.0019435029488299475,0.062462873034088345
P02,session_02,008,raise_arms,0.4667019844055176,0.4761184611853104,0.05879693222923636,-0.8435029669170718,-0.00046360500329046156,-0.0013256230013751968,0.04157747796339919,-1.7912550285803355,0.04363533040691602,1.2925432503063377
P02,session_02,008,raise_arms,0.496976375579834,0.47592201179137456,0.05865400633510218,-0.8421573944210698,0.0003338908036068093,0.0001338819463824753,0.01188240120321989,-1.8047647064598624,5.538754984812881e-05,0.01202242052261863
P02,session_02,008,raise_arms,0.5289280414581299,0.47751504622087876,0.05874348824736309,-0.8538148126514444,-0.0006422744207098926,0.0043940033345310735,0.1389816763770627,-1.8252198924560812,-0.052961270945302126,1.6633598007963228
P02,session_02,008,raise_arms,0.561288595199585,0.47764742006218713,0.05644748829139391,-0.8525126868996705,-2.299218071446069e-05,0.0008554838257149811,0.02644555307535247,-1.826095646074052,-0.0009933745160242296,0.040517625979585546
P02,session_02,008,raise_arms,0.5933678150177002,0.4794623262966305,0.05508570122402401,-0.8495620286571597,0.0008652987048296939,0.001136368861554232,0.04452453370794651,-1.8113379028441863,0.021954507171760423,0.6858308798684006
P02,session_02,008,raise_arms,0.6410410404205322,0.4817454238558323,0.05437254156539987,-0.8442160392403819,0.002176595477536838,0.005412598570831361,0.12237159735227658,-1.8123766450657874,0.0005343744808709416,0.12288389646569899
P02,session_02,008,raise_arms,0.6736466884613037,0.4970045112723183,0.03588023132333315,-0.8129278985378664,0.015706550814103593,0.014853894321897954,0.6630111215444103,-1.8493102628235047,-0.047870250398721635,1.6109228178556525
P02,session_02,008,raise_arms,0.7052531242370605,0.4986813677299575,0.03583314847593552,-0.7997345937679905,-5.504103560959751e-05,0.00826195228004346,0.2614067488664695,-1.8730950882690725,0.042481639431996454,1.3692661329396896
P02,session_02,008,raise_arms,0.7371871471405029,0.4982143105067596,0.03623058538726664,-0.8017351151475822,-0.0002684943431293821,0.0023573187198491006,0.07429568038497911,-1.8358324788328604,0.22086409867746554,6.916661962708108
P02,session_02,008,raise_arms,0.7694289684295654,0.4979696019202257,0.03946089300095069,-0.797657519156006,-0.00041055504350312043,0.002436638198423622,0.07663908999212464,-1.826366888502026,0.015716029110997256,0.4934304347011728
P02,session_02,008,raise_arms,0.80096435546875,0.4973170788474578,0.03906298291006717,-0.7857622731127624,0.00033342937296548943,-0.0016698435437964348,0.053996713928179535,-1.804786258297564,-0.03508466231641873,1.1138585422096043
P02,session_02,008,raise_arms,0.8332998752593994,0.4886864487398786,0.0631976166813282,-0.7907138845921184,-0.011491287963545238,-0.008256880962101372,0.43760286127712794,-1.8586320886954146,0.0030957891229209263,0.44795349268415996
P02,session_02,008,raise_arms,0.865478515625,0.488658951934719,0.06475234109014773,-0.7765220148237281,-0.000463264696084348,-0.010440959212157994,0.324787857803325,-1.8566091081111553,0.002255518464361169,0.33226536506546733
P02,session_02,008,raise_arms,0.8981482982635498,0.4790508877875828,0.07500696560507454,-0.772684354194394,0.0012205834080529978,-0.01321471283325146,0.4062152219799013,-1.7322612888334503,0.17529843781977353,5.381121172206927
P02,session_02,008,raise_arms,0.9288628101348877,0.44248726470410293,0.03991161061234105,-0.7781544327955184,0.04312126157107621,-0.058896337384820606,2.3765531315769777,-1.9495898458034946,-0.03729244989320239,2.6687447676072704
P02,session_02,008,raise_arms,0.9609923362731934,0.4356057337329379,0.030649773128227427,-0.775680135133671,0.010179965775099279,-0.014304379126100974,0.5464432736474537,-1.811878740893547,-0.22091128817396835,6.8973274111441985
P02,session_02,008,raise_arms,0.9929683208465576,0.42751778650327615,0.01826910921725926,-0.7589099749050129,0.009366950769436423,-0.02700033841534884,0.8937638478196481,-1.8449546929334943,-0.053957386837188565,1.9095155871513037
P02,session_02,008,raise_arms,1.0254106521606445,0.41072334401039307,0.005014407440238291,-0.7633640335952807,0.019062534022702377,-0.017949091985116093,0.8070632020149133,-2.0099300936904654,-0.012765473281818094,0.8978747647963344
P02,session_02,008,raise_arms,1.0730409622192383,0.39702445493651556,-0.00903817985213688,-0.7359066549993752,0.014172908799992447,-0.05420235625825124,1.1762404605118773,-2.0653861973493557,-0.1006940430100713,2.41926730787427
P02,session_02,008,raise_arms,1.1055059432983398,0.3980809246189562,-0.007467445345609781,-0.7341869814634329,-0.0013293401033562424,0.001258854720127008,0.05639333799684146,-2.0943936934752925,-0.05832248089928657,1.797358490949667
P02,session_02,008,raise_arms,1.1370997428894043,0.3951167345303776,-0.0067331086741856585,-0.7296038707746507,-0.0027442092412488348,-0.018411941252684822,0.5892081242094707,-1.891161116310646,0.4184219133809886,13.256898695917812
P02,session_02,008,raise_arms,1.1695432662963867,0.3931314799798734,-0.012448087472938131,-0.732683770877953,-0.008544000211737669,0.0036041927135245593,0.2858224430077105,-1.9015299911110322,0.20247301546518207,6.247325585674825
P02,session_02,008,raise_arms,1.201481580734253,0.39454415601302817,-0.025055282873106138,-0.7340659800491829,-0.0024808317630910658,0.003977503825749361,0.14677533198010978,-1.9429298330316356,0.029335176546177434,0.9301482368617128
P02,session_02,008,raise_arms,1.2337393760681152,0.39292172611991644,-0.02040413273353961,-0.7489049821937543,-0.004537681733135106,0.0037814014442792547,0.18311040230112874,-1.8783149163488833,0.22411967399825994,6.950180415191799
P02,session_02,008,raise_arms,1.2656230926513672,0.3921878661522271,-0.021459285869109765,-0.7544062892823917,-0.0012206259954195967,0.008750846565431732,0.2771184762241373,-1.922920548103944,0.08703565640676078,2.7438139196701945
P02,session_02,008,raise_arms,1.2980318069458008,0.3933031159074329,-0.016191216601429498,-0.7573458775587772,-0.0013204453484426712,0.002189199274753656,0.0788859839564756,-1.9581933434354541,-0.09683366921162966,2.9889310609161863
P02,session_02,008,raise_arms,1.329235315322876,0.3948166057357058,-0.014778514632936236,-0.7693452406834307,-0.0018800790871679322,0.0009336611486401474,0.06727280609500881,-2.0028533014371783,-0.01311218726035006,0.4255659890101407
P02,session_02,008,raise_arms,1.3612158298492432,0.39542258343212927,-0.012478501020188885,-0.7749531476852545,-0.000988417387699645,0.0002830832824888381,0.032149456295095066,-1.9963867879091473,0.034221544974463766,1.0705577136708666
P02,session_02,008,raise_arms,1.3934340476989746,0.3949587295726461,0.003138172910174617,-0.7770748151760223,-0.0007427967522123381,-0.0026993916104880314,0.08689882759348852,-1.9623778392327,-0.009474205060369438,0.30663464558874604
P02,session_02,008,raise_arms,1.4248526096343994,0.3946269206293055,0.0016427919257655259,-0.7774949106910475,0.0004428507264602144,-8.767900638136237e-05,0.014368798262761545,-1.9295744173482103,0.03308237093522154,1.0530542777961809
P02,session_02,008,raise_arms,1.4742543697357178,0.39458866767951173,0.017319226593382607,-0.7920137229695725,-0.00023904475237911978,-0.0015798856651710672,0.03234434709005642,-2.0224804135006167,0.12998318036629267,2.631343517451811
P02,session_02,008,raise_arms,1.5055992603302002,0.39441765558227504,0.016576913096995608,-0.7912490332409521,0.0021789705904174178,0.000308361646449709,0.07020862448398343,-1.9772699180026585,-0.05918321666314708,1.8894345049615224
P02,session_02,008,raise_arms,1.5377650260925293,0.39584272494491307,0.014818843801516417,-0.7916803247773386,0.0019075417927181127,0.0026864368104421565,0.10243165504519683,-1.9244945984374189,-0.15397980630880068,4.788166825543198
P02,session_02,008,raise_arms,1.569700002670288,0.3953504907457635,0.02103569457331258,-0.79141670613838,-0.0005029865923696918,6.942684924278549e-05,0.01589966572295141,-1.8733773173648824,0.2532774513116826,7.9310520129335265
P02,session_02,008,raise_arms,1.601593255996704,0.3964690409708024,0.0195322309081788,-0.7932629630058149,0.0025533150917036954,0.004205349607871149,0.15425817474174638,-1.9076217420899415,-0.05228691504623268,1.6466762370239771
P02,session_02,008,raise_arms,1.6349952220916748,0.3938443701081148,0.02175017972117287,-0.7893611862454831,-3.424081160974877e-05,-0.0010962356636252607,0.0328355008896483,-1.936296349412827,-0.22920259194786016,6.8620276839368515
P02,session_02,008,raise_arms,1.6678588390350342,0.395851996087453,0.015617663228114347,-0.7872751382060594,0.0020540047001876643,0.007197015644256934,0.22774065669520308,-1.9863114819980807,0.24810784938740565,7.5530551149199505
P02,session_02,008,raise_arms,1.6977472305297852,0.39544359437754134,0.023337341109953884,-0.7887113984578714,-4.7140358115665885e-05,-7.905713135624862e-05,0.003079616716739837,-1.9958543601112426,-0.016290625345280224,0.5450572801947648
P02,session_02,008,raise_arms,1.7292020320892334,0.3965679883875867,0.021071401667944276,-0.7905751467988056,0.0003452042824850548,0.0021369073195738617,0.06881653851246076,-1.9595255813645072,0.006110448341391804,0.20609012647798308
P02,session_02,008,raise_arms,1.761902093887329,0.3950896127024568,0.036864918300952086,-0.7919533096503063,0.0017474908967411843,0.0004501015768827681,0.05518419213019553,-1.9402412585138507,-0.25710543943340036,7.862730461786526
P02,session_02,008,raise_arms,1.7934446334838867,0.3976462324874794,0.014515888330556597,-0.7911544179464064,-0.003178794613102513,0.002405718118686697,0.12638500706977943,-1.9299479808443198,0.2631847911688679,8.344761865287467
P02,session_02,008,raise_arms,1.825166940689087,0.3961664235755986,0.029318695200725282,-0.7895706008116408,0.0007258631514591186,0.0008551779775922127,0.035359916278942465,-1.930393547845332,-0.2163455048615917,6.82007179700863
P02,session_02,008,raise_arms,1.8568975925445557,0.39869672606185325,0.025831806722234226,-0.7883292529300457,-0.004265758712540697,0.0026857442597202834,0.15886296048185555,-1.9270516957443182,0.010764990723392338,0.37461427120326635
P02,session_02,008,raise_arms,1.9051620960235596,0.3986691287184477,0.02738714348757452,-0.8008507113034969,-0.00037377263802062063,-0.00021731141174518884,0.008958018041343845,-1.9540163808593873,0.03004079839709762,0.6224845868727303
P02,session_02,008,raise_arms,1.9372999668121338,0.39815081885779846,0.030288498663614275,-0.8010497475627139,-0.0012032433683209509,-0.0003918493955309597,0.03937537932192828,-2.0220217747817557,-0.2251191712554731,7.004904878707602
P02,session_02,008,raise_arms,1.9696369171142578,0.40029680989530786,0.028117148074513588,-0.7950822671618838,-0.0019766624160713437,-0.0010446902833262934,0.06913913169266489,-2.03376923557951,0.18408091256602663,5.693007146663203
P02,session_02,008,raise_arms,2.0014970302581787,0.40016597103727436,0.025678537382547852,-0.7966826277636407,-0.00017847910809852226,0.0012148346385575193,0.038539580561455726,-1.9927298545938603,0.0007987805858171085,0.045976939904792825
P02,session_02,008,raise_arms,2.0331242084503174,0.40129765099630366,0.029527753908078557,-0.8015331395294659,0.0013952885884826098,0.00183671904249265,0.07293069522597553,-1.997252126300867,-0.07818268790311453,2.473085181744474
P02,session_02,008,raise_arms,2.0654659271240234,0.4015791555302007,0.029714479970524916,-0.8030090795762418,-0.0002332508995414779,0.0029832812315201624,0.09252401979551543,-1.9961413092396723,-0.15552309854818783,4.809635671288136
P02,session_02,008,raise_arms,2.0973997116088867,0.4009711335854443,0.042760083596018246,-0.8129775856316268,-0.0012332063124720427,-0.0001491709901839073,0.03889910242892827,-1.971627519970064,0.21744505473515133,6.809359001796878
P02,session_02,008,raise_arms,2.1289079189300537,0.40285222067144993,0.045736787986902776,-0.8251896883675934,0.0007079353406907058,0.007961174741463012,0.25366688487164857,-1.9866781346684865,0.06955581238108494,2.222072361086311
P02,session_02,008,raise_arms,2.161489486694336,0.4007260310457347,0.045533012212843504,-0.8318730648573852,0.00036835865741252063,0.0054836578327588925,0.168684821742827,-1.9667558844972406,0.0019515646131964372,0.1790036785698486
P02,session_02,008,raise_arms,2.193713426589966,0.40090871314895377,0.04112047560807402,-0.8299443032451913,-0.0005800138854642389,-0.0029122978520772173,0.09215179941266873,-1.9569887046133527,0.06051807455656519,1.880306516000044
P02,session_02,008,raise_arms,2.225175380706787,0.400926555112253,0.04595858203488701,-0.8355418576415572,-0.001647604697918595,-0.0006635018963961823,0.056455037614709165,-1.9731522824868464,-0.017037265813802934,0.544454482083227
P02,session_02,008,raise_arms,2.257582664489746,0.40156207281150746,0.04506887784878659,-0.8308817280806119,-0.0020744850467287143,0.001936146461757967,0.08756152807132758,-1.9721127776058456,-0.11211512020613303,3.460673390637998
P02,session_02,008,raise_arms,2.2891221046447754,0.40206617672881456,0.0497794391231936,-0.836416835627583,-0.00043339676174349126,0.0029520938652228537,0.0946033833263048,-2.0409234078336875,0.07258068032250387,2.3032109541258303
P02,session_02,008,raise_arms,2.3373100757598877,0.4021018726854679,0.053139754005667054,-0.8544770756481601,-0.00030535935437771516,0.01467577809716781,0.3046186470261727,-2.0346149740030013,-0.07201920754994154,1.525275217366584
P02,session_02,008,raise_arms,2.369450092315674,0.4018485990099183,0.045075567187855894,-0.8453490663330294,0.00014146603993292934,-0.00832613859564357,0.2590957067644489,-1.906654580646138,0.08927425814692962,2.7897246541491962
P02,session_02,008,raise_arms,2.4017672538757324,0.4041375295163004,0.04360402717849126,-0.8488746472153862,-0.0027068850774498747,0.0029493521309997476,0.12387340345009853,-1.893150390149,-0.04221572262651641,1.3121544544240575
P02,session_02,008,raise_arms,2.4332470893859863,0.4031266832787007,0.04570716432028739,-0.8520726546717682,0.0006250237086205863,0.0012816146445853078,0.0452956614950891,-1.8829651320537961,-0.12261416188122021,3.895269801266875
P02,session_02,008,raise_arms,2.4655990600585938,0.4098403828407379,0.02667150475110643,-0.8384329903655481,-0.007665306644696647,-0.00038539957326792925,0.2372340544425445,-1.8803283504057826,0.08176280124678108,2.538399705858209
P02,session_02,008,raise_arms,2.4974775314331055,0.4087276844030998,0.026363352427080548,-0.8343261850536594,0.0001532670382981781,-0.0003792301932392123,0.012830946410850936,-1.828962083957162,0.1655150602210173,5.192079748333383
P02,session_02,008,raise_arms,2.5294437408447266,0.4105141502742759,0.017089826737977456,-0.8169544822263798,-0.0033642794578619068,-0.007586516785732597,0.2596182950079867,-1.9112618501260046,-0.12614878465792256,3.9548472556288266
P02,session_02,008,raise_arms,2.561379909515381,0.4094038868487708,0.009395358635257714,-0.8173105950183019,-0.001814910716869884,-0.0019642120918217584,0.08373978701828196,-1.8906041936480433,0.1344207831652811,4.209878306337803
P02,session_02,008,raise_arms,2.593287706375122,0.4109965892440209,0.011915915764208555,-0.8151841783285589,-0.002107824811685646,0.0009806568193486654,0.07285938342815929,-1.8800302841010381,-0.016827221538017873,0.5323794026777644
P02,session_02,008,raise_arms,2.6252450942993164,0.4109832610780148,0.011993566595348977,-0.8161794109229011,-8.770651348030224e-05,0.002281021982667538,0.07142972843883413,-1.8898051757781258,0.05052837867391613,1.58272995142176
P02,session_02,008,raise_arms,2.657360076904297,0.4123219227658059,0.012936902885931174,-0.8187203034068087,-0.000569849665350065,-0.00011687555921753615,0.018113406371416174,-1.9405121680037003,-0.07585786667935107,2.3621403751417946
P02,session_02,008,raise_arms,2.688865900039673,0.4136668855843968,0.014295237112778744,-0.8178600656139445,-0.0016173935137654544,0.002156428626014592,0.08555812041807626,-1.9117309099340627,-0.1051539117276842,3.3386988701545435
P02,session_02,008,raise_arms,2.7370197772979736,0.4146486698025149,0.0009917847965692746,-0.8206517154013528,-0.0016878813075319116,-0.00017752796923879328,0.03524517119041562,-1.9768532321023287,0.17006870396287843,3.5319517752835545
P02,session_02,008,raise_arms,2.769097328186035,0.4142242137783284,0.024497990781674524,-0.8279902726377557,0.0003067833758485639,0.00624826507400763,0.19502087101691484,-1.9396469321847196,-0.04040371774507868,1.2745719990620383
P02,session_02,008,raise_arms,2.801175355911255,0.4138417159844997,0.017637732545433646,-0.8243797761485523,-0.001012694328265018,0.0014404924194336111,0.054892496991687224,-1.9123401843963437,-0.018539957675507833,0.5805652594606425
P02,session_02,008,raise_arms,2.834190845489502,0.41368431676793693,0.020094421145537004,-0.817782739378847,-0.004060675340146305,-0.00023622315651881866,0.12320097436198295,-1.9011620239398719,-0.005572194665141043,0.20895821600651432
P02,session_02,008,raise_arms,2.8657217025756836,0.41337654919370487,0.01927542463103114,-0.8197478443183731,0.00036505229845387965,-0.007892367970049,0.2505737783287242,-1.8982586594712778,0.10624729181293621,3.3789328361310957
P02,session_02,008,raise_arms,2.897627592086792,0.41364776920837387,0.01853261990667036,-0.8146129968176006,0.0005190668187406346,-0.004541879693720537,0.14327900612988456,-1.8729521180518844,-0.032602702521471544,1.0318357985250493
P02,session_02,008,raise_arms,2.929471492767334,0.4127557051563259,0.021513910709584683,-0.8167780537014768,-0.0013970976774804551,-0.004590396751517994,0.15068172515485462,-1.8830143797679946,-0.005545095808510455,0.230277056967195
P02,session_02,008,raise_arms,2.960914134979248,0.41414141020810946,0.015267971230346488,-0.8116840026767251,-0.0016734694721244844,-0.0020411937895855087,0.08394657924946333,-1.887546696068809,0.012905900193880607,0.41895491375711524
P02,session_02,008,raise_arms,2.9930825233459473,0.4127940490107655,0.013966357987459542,-0.8126654564522382,0.0012454633605842602,-0.0016215353938161547,0.063560560769903,-1.8349570036657208,0.1562477591133462,4.8575991663156515
P02,session_02,008,raise_arms,3.0252277851104736,0.4140005790597428,0.011034150458060853,-0.8125999995450709,0.002403582733202786,-0.002692787232540667,0.11228639162918684,-1.8433444531079437,-0.04320870721515982,1.3488521484065157
P02,session_02,008,raise_arms,3.0576682090759277,0.414206263711013,0.0202319956855389,-0.812679413699852,-0.001671696492834332,0.003723291302022511,0.12581081134387526,-1.8762974899510318,-0.11608077878748746,3.5804866858268505
P02,session_02,008,raise_arms,3.089433431625366,0.41507328417692785,0.020965068218937996,-0.8077650686690369,-0.0013915227287635546,0.0015727103970917624,0.0661081881264401,-1.8863705014671877,0.016152326872834008,0.5127702180932576
P02,session_02,008,raise_arms,3.1212871074676514,0.414285806195518,0.0168679514409846,-0.808632831566709,0.0012022408333953352,-0.003150896080391867,0.10587369395968829,-1.8893809837492497,-0.0011877590917185724,0.11224808330974373
P02,session_02,008,raise_arms,3.1691362857818604,0.416172362626232,0.025168844658545957,-0.8062804012554913,-0.0029196328136762676,0.006751010862537501,0.15371836890835913,-1.9222818565893864,-0.06892297985582758,1.4486003978942779
P02,session_02,008,raise_arms,3.2014081478118896,0.4129891527814864,0.02336953121156704,-0.8011377025095769,0.0026030811392737663,-0.011396260001935256,0.3622280041297465,-1.8195019496373463,0.17531420512187118,5.444479892728644
P02,session_02,008,raise_arms,3.2330942153930664,0.41521748806388215,0.014588993290257994,-0.7984784678455831,0.0034983596213895036,0.0013021458592186862,0.11780702200927154,-1.9224451989563944,0.07121854302698959,2.2507148330873035
P02,session_02,008,raise_arms,3.266331672668457,0.4145224657451451,0.015826152651204142,-0.8019253836856381,0.0007519196532120936,0.0019928009702856824,0.06408248031223658,-1.8316707426370933,-0.14443697417293166,4.346080889537324
P02,session_02,008,raise_arms,3.297703981399536,0.4123958243911149,0.017850933572831667,-0.8054993850608,-0.0020467985538722647,-0.0008343867564526769,0.0704550021277344,-1.8368374769224571,-0.03402724344954358,1.0869125857333448
P02,session_02,008,raise_arms,3.3296329975128174,0.4115747272698656,0.01870597959036294,-0.808607219137144,-0.0007961169911112437,-5.104938639623691e-05,0.02498517425136622,-1.906242767675913,-0.06522240675735513,2.0428842874021074
P02,session_02,008,raise_arms,3.361257791519165,0.4108677286544924,0.014549267108190864,-0.7982592589940422,0.0008708561360085726,-0.004502977588156937,0.14502590770480495,-1.90316628682125,-0.003139562944020494,0.1757501404003607
P02,session_02,008,raise_arms,3.392909288406372,0.4122361524684074,0.009496867886756336,-0.7927477285388034,0.0020297707988681394,-0.00039834157041523867,0.06535200238787352,-1.8703987736074135,-0.0700031902593685,2.2126518755805953
P02,session_02,008,raise_arms,3.425476312637329,0.41089165757795937,0.012715420093329037,-0.7812676780599894,0.0006772568392735169,-0.01408331571424244,0.43294071374500165,-1.861385752612862,0.01618109837458977,0.6590165734256819
P02,session_02,008,raise_arms,3.457162857055664,0.4109229973533248,0.010071881461796486,-0.7877634394978211,-0.0018953404826091166,0.00291979690777586,0.10985812024020965,-1.9072293454767557,0.058546650305885184,1.8509448154733517
P02,session_02,008,raise_arms,3.4907777309417725,0.41153648446220253,0.010268723607668699,-0.7903154741965163,-0.0007571580977364524,0.003123571348062398,0.09561331759279602,-1.912005987450715,0.13336271279573406,3.968524068866403
P02,session_02,008,raise_arms,3.521299362182617,0.40936171651719794,0.012316593850752233,-0.7937128324335225,-0.0002472353489468558,-0.0010566471892269331,0.03555465192558488,-1.9183103294768373,-0.1945893041238696,6.375554717189102
P02,session_02,008,raise_arms,3.5535531044006348,0.4081969731952478,0.010891033565435158,-0.790545171314782,0.0013701722966533484,0.002177659140634061,0.07976912471122603,-1.8995417164340231,-0.025287936265845076,0.7880785771758794
P02,session_02,008,raise_arms,3.60215163230896,0.40842441986181927,0.0005751781597694057,-0.7908213358429725,0.004750136104620205,0.004619083776685432,0.13633513739054132,-1.9131230442024598,0.01667338963723429,0.36918027336752063
P02,session_02,008,raise_arms,3.634758949279785,0.4089748564590433,-0.010454554157716704,-0.78936478394303,0.001970389825866442,-0.0006020584974318513,0.06318575857880439,-1.907762670934912,-0.0011392164442373116,0.0722015606942189
P02,session_02,008,raise_arms,3.6653354167938232,0.408754099082051,-0.010686768677366551,-0.7803197791429297,0.00025514906744654936,-0.00924034068064177,0.3023195095776763,-1.879328080110372,0.17047191270550585,5.583455757952233
P02,session_02,008,raise_arms,3.6983320713043213,0.41335787862305107,-0.01823869529399132,-0.7726807953067917,0.0058402354171513,0.0013850768184150613,0.18190425566846194,-1.9216661474521897,-0.14334605091468297,4.348066848001045
P02,session_02,008,raise_arms,3.7300310134887695,0.4161962306336241,-0.005635998161058831,-0.7678632177202553,-0.007048971857672815,0.0004212605730231883,0.22276921047060516,-1.9288980741731372,0.029190473761912947,0.9474281288911001
P02,session_02,008,raise_arms,3.760850191116333,0.41482317276941644,-0.00631496624951605,-0.7725396600378962,-0.0015241585112854869,0.000108124372353743,0.04957915841517747,-1.932474833474141,0.14863393628280339,4.82302908595039
P02,session_02,008,raise_arms,3.793417453765869,0.41473712763332904,-0.005620508012723779,-0.7749005998671602,1.9509539872718747e-05,0.0014639700030456687,0.04495618835380674,-1.9056637087528068,0.06374379268783384,1.9578128274174251
P02,session_02,008,raise_arms,3.8252205848693848,0.41473481686990066,-0.004401563550875309,-0.7790889644911451,-5.112749524835979e-05,0.0023076716548219626,0.07257895312440477,-1.9304313384510603,-0.12881848634865517,4.051147177478445
P02,session_02,008,raise_arms,3.857139825820923,0.4147513259894375,-0.004292670397601717,-0.7796371832277101,-8.313725560805469e-05,-0.00035935126646143603,0.011555505653367621,-1.911391836144859,0.12233359514647152,3.8326146719009944
P02,session_02,008,raise_arms,3.8888838291168213,0.41556798694196445,-0.0119647685094037,-0.7829435823914338,0.0010102087444307831,0.004856015668309489,0.15624938002381594,-1.9719265726954736,-0.18231602516323436,5.745446789463307
P02,session_02,008,raise_arms,3.921638011932373,0.4172805439159904,-0.0018648210419812464,-0.7917387861047127,-0.001994341846241333,0.005330243542067153,0.17375259569682086,-1.9805283649770662,-0.09708471677139054,2.9691286041054434
P02,session_02,008,raise_arms,3.953369617462158,0.41453266804246824,-0.0013044408296113985,-0.7961961302418704,0.0034628000870066036,-0.00887816347270236,0.3003180375158332,-1.917501562615986,-0.03828581284807357,1.2433652669872042
P02,session_02,008,raise_arms,3.984800338745117,0.4140716358685089,-0.0015277165596585365,-0.7895998648191389,-0.0013633283271955148,-0.007546960110059133,0.24400049301916452,-1.921347133218357,0.012562528572151132,0.4682818800124156
P02,session_02,009,raise_arms,0.001064300537109375,0.49783595265030667,0.022854719066150032,-0.8681865309578678,0.0,0.0,0.0,-1.9624091781773652,0.0,0.0
P02,session_02,009,raise_arms,0.049059152603149414,0.49706643096067454,0.02073766567823041,-0.8270072239589505,-0.002026287080919845,-0.0005399674946965357,0.04369216222788529,-1.9609910949265656,-0.010971244942486674,0.2327302343522104
P02,session_02,009,raise_arms,0.0822291374206543,0.49669766555375916,0.017240727531214684,-0.8287574001576437,-0.0005763689437457524,-3.09604804260679e-05,0.017401270791565955,-1.973534424117268,-0.023211990189668297,0.7000053109953819
P02,session_02,009,raise_arms,0.11329460144042969,0.4945679710370704,0.01658893482064906,-0.8271831002266276,-0.0022651171588066793,0.00014685192716082623,0.07306739448526059,-1.9813985726796042,0.011012930388176217,0.36195882727162343
P02,session_02,009,raise_arms,0.1452786922454834,0.494151238359976,0.008398154591494202,-0.8200922393457128,-0.0005851891317474623,-0.0012637383352196562,0.04354203712197388,-1.9820443341966134,0.027535491697029797,0.8620125301907291
P02,session_02,009,raise_arms,0.17710161209106445,0.49521160200919123,0.003468952383388726,-0.8133796642358168,-0.0012158063655912483,0.00016904838910757663,0.03857290726919262,-1.9704380134815556,-0.015239269947802414,0.4804281607767923
P02,session_02,009,raise_arms,0.20888519287109375,0.49394617442399064,0.00459600078767456,-0.8116615404397568,-0.001908552007773146,-0.00013412506483141402,0.06019646090854406,-1.9265098636755744,0.005332964622304927,0.1782612484531659
P02,session_02,009,raise_arms,0.24144196510314941,0.49402030341586817,0.0029065420669393332,-0.8103858307775976,-3.426522958503007e-05,0.00017132614792515034,0.0053665969416886875,-2.0354529085814095,-0.030189235743230524,0.9272952832630693
P02,session_02,009,raise_arms,0.27318525314331055,0.49415701803885614,0.003345845917530921,-0.8004913138566621,-0.000247720936339779,0.00031318681008216,0.012579477008584486,-2.0231992771803755,-0.003994292784852967,0.12645832688665246
P02,session_02,009,raise_arms,0.3058004379272461,0.4938996254448323,0.00466148138537634,-0.8008918306511624,-0.0012355693807664298,-0.0006448023052215988,0.04273165192923978,-2.0025662785615705,-0.020262607720304693,0.622730853536357
P02,session_02,009,raise_arms,0.33721160888671875,0.4936058899898616,0.004383412863475977,-0.8018890548784054,0.00030897804890894494,-1.9924329485090734e-06,0.00983677027844858,-1.973957721545109,-0.022432591248617604,0.714227404596476
P02,session_02,009,raise_arms,0.3692939281463623,0.4931612829120296,0.0017745618466784257,-0.8029400748502433,0.0004649575633694469,-4.1274501661207724e-05,0.014549632248238664,-1.9589634482575777,0.025823818004212667,0.805055152445053
P02,session_02,009,raise_arms,0.40108823776245117,0.4929674641028284,0.004198807728053306,-0.8068941854187693,-0.0005907959789269214,0.0011916879341629545,0.04183445920918326,-1.9662381178743111,0.04141695938716671,1.3033247867668567
P02,session_02,009,raise_arms,0.4330313205718994,0.49273060594695844,0.004144061874274463,-0.8079219239663001,0.00022890173193011317,-0.0003949000945360573,0.014289323825391937,-1.9618449800963624,0.022926100694336853,0.7178594550804861
P02,session_02,009,raise_arms,0.4809837341308594,0.4921162242659919,0.006737912768722573,-0.8077862400550425,-0.000743913145225983,-0.0009555081085457147,0.025253183063241435,-1.960693252010187,-0.04920618464977915,1.0264568419552857
P02,session_02,009,raise_arms,0.5131490230560303,0.4918860655773214,0.009814960118232886,-0.809794206879177,0.0008474726437078963,0.0013039112611429944,0.048347732741094426,-1.9442189974655155,0.09814111888240971,3.0515329535067863
P02,session_02,009,raise_arms,0.5448298454284668,0.49381954858224525,0.007945553125024016,-0.8119799886898245,0.0018383406344643566,0.0016339933908316358,0.07763558075664063,-1.8997589909519736,-0.09988488440716752,3.15380581527989
P02,session_02,009,raise_arms,0.5769367218017578,0.4947635829521969,0.005908377857807487,-0.8134027679649174,0.0008927199457796658,0.0029585861190148674,0.09625155161960566,-1.965567652216522,-0.004443631666955347,0.16858014663582996
P02,session_02,009,raise_arms,0.6088035106658936,0.49437233873085956,0.0020103526639404564,-0.8133221292031962,-0.00018859583816776518,0.00020556554519804356,0.008754329523722803,-1.962749169439338,-0.008020190986580092,0.2518308765785569
P02,session_02,009,raise_arms,0.6412415504455566,0.4949520796419253,0.003228144854278079,-0.8129057922785872,-0.0012814432975284881,0.000456109998063072,0.041932127982600896,-2.0069656396831106,-0.030634394696309863,0.9453276779411245
P02,session_02,009,raise_arms,0.6728885173797607,0.4948104671429862,-0.0006466870786389756,-0.8141599993980275,0.0023224299533183925,0.0009366332085233035,0.07912887913404035,-2.010156706607727,-0.0056757527107705935,0.19602632320018373
P02,session_02,009,raise_arms,0.7051665782928467,0.4955283976558374,0.00038019088686954203,-0.8164718227340039,0.0006982244880347937,0.002766675817096049,0.0884012581199835,-2.009554669621559,0.007597322346141626,0.2514246048983395
P02,session_02,009,raise_arms,0.7375233173370361,0.49582816924448314,6.010615014694813e-05,-0.8370601856912033,0.00020565319272778304,-0.0013341161086616606,0.04171847187625077,-2.0069842638902955,0.005751737826011907,0.18258995392890434
P02,session_02,009,raise_arms,0.7698287963867188,0.49959647882815406,0.0005508338360860166,-0.8194412691759287,-0.001926069189900943,5.840007857138947e-05,0.05964791154798218,-1.9350312158501672,-0.03818157169630086,1.183395722200596
P02,session_02,009,raise_arms,0.8008236885070801,0.5251532762895333,-0.004172980101386976,-0.7974172095162096,0.00491810445006323,0.01867895650185791,0.6231855213633377,-1.9355729453359913,-0.007846448815336908,0.6726415221500051
P02,session_02,009,raise_arms,0.8331279754638672,0.530702887841006,-0.007786607564786159,-0.7857610495510446,-5.44435544197129e-05,0.0128337412613342,0.3972802977744468,-1.9468428788485062,0.04258218795626889,1.3767261513190199
P02,session_02,009,raise_arms,0.8809247016906738,0.5307803537531398,-0.007516914642609245,-0.7858208782943916,-8.05725613692042e-05,-0.0021656332348503177,0.045340585892915584,-1.925249574077598,0.06049640574168605,1.2665137153651604
P02,session_02,009,raise_arms,0.9130749702453613,0.5235635450435767,0.0026286044140579647,-0.7644275240133653,-0.007153368466455692,-0.018753033907529627,0.6242886525142817,-1.814646774272409,0.07861148907896164,2.52356538914193
P02,session_02,009,raise_arms,0.9453697204589844,0.5132434120699009,0.007184237436627887,-0.7568024854111733,-0.004495693762374647,-0.014330731554790414,0.4650712077237334,-1.8228777724759062,0.14432927396199755,4.493258178069935
P02,session_02,009,raise_arms,0.9769196510314941,0.4907727445668134,-0.002885484103535683,-0.7483787854541756,0.015190008841272098,-0.03354526324545208,1.1671718604358468,-1.903250758837608,0.07244174623964136,2.5757247871309574
P02,session_02,009,raise_arms,1.0093579292297363,0.46415775998854936,-0.02976712008722871,-0.7585977125463377,0.029512794922050875,-0.03307363616744721,1.3664985309224826,-1.9964190946361344,-0.028213495744434457,1.6198146687343338
P02,session_02,009,raise_arms,1.041426658630371,0.4538963775368917,-0.033035373094155024,-0.7384803254989453,0.0026869578596108727,-0.03741550901511808,1.1697334523654388,-2.310372603433254,-0.33720155693207526,10.579827906903901
P02,session_02,009,raise_arms,1.0732777118682861,0.43038063848351726,-0.05198090535659002,-0.7514851003922287,0.025496188978672476,-0.02773326411859831,1.1827594063305127,-2.188058570331256,-0.02885408682072298,1.4898278445596633
P02,session_02,009,raise_arms,1.1052188873291016,0.41410865543401415,-0.06852429768491916,-0.7367282374188957,0.014864722105559933,-0.04213029048149403,1.398687894868386,-2.0746321391711087,0.005689562561052658,1.409984679568615
P02,session_02,009,raise_arms,1.1371543407440186,0.41243394721820476,-0.06849836705566899,-0.7163906662520687,0.0001227329731631416,-0.04430331549895392,1.3872821821535948,-1.9260052643337708,0.17084032436371485,5.526503741464908
P02,session_02,009,raise_arms,1.1697773933410645,0.41364677425231194,-0.062292490937410835,-0.7176200145715346,-0.002460863197383998,-0.0007616168421227966,0.078963352435,-1.9463713154684348,0.12987087365872121,3.981737112398135
P02,session_02,009,raise_arms,1.2007203102111816,0.4122378075270483,-0.052694450074340475,-0.7398213574948983,-0.010251940647630645,-0.001986422393324452,0.33747990824652097,-1.9359516345699888,0.2607306447953278,8.432937412865256
P02,session_02,009,raise_arms,1.2330820560455322,0.40738578838664896,-0.04849253536186285,-0.7537080056515182,-0.013183964175136344,0.004610888821657304,0.4315899487996099,-1.96687005213695,0.4285314067303335,13.248943979732106
P02,session_02,009,raise_arms,1.2650222778320312,0.40356204796807676,-0.02656987327479884,-0.7617461826416992,-0.010471893337890522,0.00889619474088926,0.4301959559460061,-1.990222014234704,-0.21776176580390727,6.83135027611047
P02,session_02,009,raise_arms,1.3130927085876465,0.3985864925351597,-0.05239819863618252,-0.7719418233991924,-0.009240154576158632,0.008598777293612863,0.2625768021030042,-1.9446730500244043,0.25540910696181024,5.319711169599418
P02,session_02,009,raise_arms,1.3450870513916016,0.39992702521759216,-0.03549888160327381,-0.7722958970721374,-0.0011342225438631425,0.003026978071135695,0.10103349017798413,-1.9893058254345846,-0.058299757401039515,1.8249883711080284
P02,session_02,009,raise_arms,1.3776066303253174,0.4006110904875218,-0.03306679220725784,-0.7778349261663912,-0.0006001959075354533,0.003239778355623326,0.10132065365741098,-1.988609858906295,-0.07304178872358327,2.2483706649124287
P02,session_02,009,raise_arms,1.4093596935272217,0.4014647539069363,-0.018751797688736825,-0.7804905386223009,-0.00045512846839181276,0.0034174350303189517,0.10857561805483606,-1.9918959557873281,-0.009874092294447682,0.32937503786186745
P02,session_02,009,raise_arms,1.4412600994110107,0.40694793431679854,-0.015379599673309792,-0.7682094181711844,-0.0029158016684816667,0.0015416436248450976,0.1033926306671512,-1.9380243056808593,-0.07989138203660158,2.506533515859464
P02,session_02,009,raise_arms,1.472914218902588,0.4072601599088189,-0.01138745954693221,-0.7761774942254381,-0.0009063046158363349,0.005855598631781,0.1871895546618292,-1.955590918582185,0.2017720427960268,6.377022327104234
P02,session_02,009,raise_arms,1.5053138732910156,0.40837022820524427,-0.0067225045790683495,-0.783377072503333,-0.001221809150014789,0.0014696447654400802,0.05898818581195431,-1.9725061938970878,-0.06880422700165578,2.1244290145357234
P02,session_02,009,raise_arms,1.5367026329040527,0.40820404080466693,-0.013451577995508467,-0.7825802124500647,-0.0006764227918413106,0.0012225255962636532,0.04451216582103655,-1.9354396363972413,-0.010951113430179482,0.3517145141083564
P02,session_02,009,raise_arms,1.5691757202148438,0.4085612993268222,-0.013019144271667575,-0.7818615434412861,-0.00012918480785030972,0.0011340690048835488,0.03514920433758376,-1.9438782244357526,-0.02670688010321882,0.8231819617702089
P02,session_02,009,raise_arms,1.6015310287475586,0.40939048887305063,-0.015559153781872287,-0.7820295787639009,0.0006340602311289155,0.0006382824462156522,0.027806475340574448,-1.9135655096350692,0.06819145348343439,2.10776504225852
P02,session_02,009,raise_arms,1.6333327293395996,0.41355269335894423,-0.02031848645202146,-0.7762458133504596,-0.004861879790644014,0.0019563974825305146,0.1647943632087174,-1.957989073281207,-0.1723476023051562,5.421951054076788
P02,session_02,009,raise_arms,1.66501784324646,0.4129589696432758,-0.024398872058182516,-0.775479421888229,-0.001529126509728457,0.0006314678698409042,0.052213223211095464,-1.8977763448175624,0.2828675049685152,8.927610097176794
P02,session_02,009,raise_arms,1.6967952251434326,0.4125306728217703,-0.0254601273540241,-0.7767726102418121,-0.0008045306328384462,0.0005783749155034885,0.03118103620060693,-1.922893605656985,-0.05329736179435452,1.6775004195600827
P02,session_02,009,raise_arms,1.7450871467590332,0.41280000980054377,-0.011214928420820206,-0.7819906846584803,-0.00036920802585328104,-0.002718956484485807,0.056819222198849356,-1.935868689226256,-0.010860416700943216,0.23195768736106037
P02,session_02,009,raise_arms,1.7775356769561768,0.41500144400902417,-0.013698895024159842,-0.785479053047762,0.0023505692100021488,0.0019867667042624787,0.09484957456380812,-1.9989506075390056,0.09945559841592456,3.066493543925687
P02,session_02,009,raise_arms,1.8092010021209717,0.4141268690899681,-0.012697477169553504,-0.7883085831925156,-0.0010399911093240675,0.00018466022118988044,0.033356928032216134,-1.8725292832680243,0.08765982304563753,2.768523173353858
P02,session_02,009,raise_arms,1.8423213958740234,0.4150178965617373,-0.017717470641600296,-0.7877177480065205,-0.0018217769018598565,-0.0022202849890066777,0.08671474659753692,-1.981066583097618,0.036353782661538665,1.1010453132156162
P02,session_02,009,raise_arms,1.87312650680542,0.4149854749314116,-0.01569750442967357,-0.7838386388866246,-9.526304662545545e-05,0.003212587356006878,0.10433331901474921,-1.9689352809407248,-0.046605909386527276,1.5165210304848606
P02,session_02,009,raise_arms,1.9053597450256348,0.417755383316365,-0.01917186694446472,-0.7785968448673324,0.003232306462084531,-0.00028528534158502814,0.10066850081462747,-2.0000720770047726,-0.068201131752077,2.118256932959545
P02,session_02,009,raise_arms,1.9369232654571533,0.4180825522187368,-0.009722727345732854,-0.7795877966732792,-0.0006828231521184717,0.0014817668716031601,0.05169027500452108,-1.9611081630339933,-0.21904241211451028,6.939925750093296
P02,session_02,009,raise_arms,1.9692840576171875,0.41950880271313384,-0.011350468274360627,-0.8012448744118842,0.001648861473572965,0.0013673970548613715,0.06619377000096224,-2.067589988533831,0.21860474690101034,6.755559028961035
P02,session_02,009,raise_arms,2.000812530517578,0.4182618692309801,-0.00888055503710758,-0.804884552200988,-0.0013812352068996179,0.0010393643519754823,0.054826916932793505,-1.9144605597537312,-0.26452205908485704,8.390121143849735
P02,session_02,009,raise_arms,2.0332586765289307,0.42042780843935823,-0.02891417350241889,-0.8200203886053754,-0.0018000716401762333,-0.0032744234572993913,0.11516283857755974,-2.061907966106416,0.25714480858548183,7.926117185002107
P02,session_02,009,raise_arms,2.064680337905884,0.41857316036410275,-0.015891793805286866,-0.8236538017799666,0.0016926682797042442,0.0003943044538247252,0.05531177583580942,-1.9513425323076523,-0.027381573631471756,0.8731771189654831
P02,session_02,009,raise_arms,2.097076654434204,0.41893781227772087,-0.026133793969464244,-0.8181431838225101,-0.0014533100793866914,-0.004231704318872059,0.13811162592635812,-1.8845305358206332,0.09511688873776442,2.9392868306365005
P02,session_02,009,raise_arms,2.129458427429199,0.4208288687164239,-0.024381662540653624,-0.8270594082153587,-0.002443863574316711,0.013069560592996705,0.4106039920330637,-1.9385838455615965,0.032598081799532164,1.0871983127278615
P02,session_02,009,raise_arms,2.176954984664917,0.4203110696450496,0.013788688530948893,-0.8432059638620879,0.00033258175493102024,0.00022760631773341327,0.008484989010041246,-1.9508542898680992,-0.09321734359865527,1.9626309817855303
P02,session_02,009,raise_arms,2.2093513011932373,0.4200925957520377,0.013158407726123573,-0.8301893588641048,-9.523999758638184e-05,-0.0014734000073531206,0.045575395444877286,-1.8797353471524079,-0.12823295106165275,3.9585195044722767
P02,session_02,009,raise_arms,2.2422499656677246,0.4196497143506351,0.01886357264622227,-0.8370459316172304,0.00015414270171156327,-0.00032973257961151266,0.011063758940441286,-1.9128726544407748,0.022553476752009208,0.6856331106194409
P02,session_02,009,raise_arms,2.273630142211914,0.4191648870009781,0.012845898274264276,-0.8311555802476184,0.00018716885912589535,-0.001544845193195614,0.04958997908043551,-1.8777835460783994,-0.028618420732296704,0.9133376770468757
P02,session_02,009,raise_arms,2.3047351837158203,0.4189607132689945,0.02160764282133058,-0.8338553399595907,-0.0010471270284151857,0.004530022115455608,0.14947642620076193,-1.9040271655671261,0.032163060099754094,1.0447626204088656
P02,session_02,009,raise_arms,2.337453603744507,0.4190968501509712,0.005126521530285358,-0.8343953521694263,4.906646862199547e-05,0.00019064811938488384,0.0060168224739114776,-1.8884814976112738,-0.00027535888858191585,0.01034560540092365
P02,session_02,009,raise_arms,2.369274139404297,0.4191921794327459,0.026111075265729547,-0.8371723095135565,-0.00022622318471201565,0.008760212004094863,0.27539236290303515,-1.9101218047582256,0.08400259722217492,2.654211899769776
P02,session_02,009,raise_arms,2.400825023651123,0.4191215913916872,0.033207363351094726,-0.8298188090378893,5.190783722398578e-05,0.00025754820058257054,0.008327089696392918,-1.8881428882072266,-0.026966634183298945,0.8547435239380525
P02,session_02,009,raise_arms,2.4327666759490967,0.42127442201906246,0.02063389639495588,-0.8270608389026529,0.0014174825303189906,-0.0021866739038858113,0.0815836395236859,-1.9315223263163555,-0.0846841133960642,2.6524676307572994
P02,session_02,009,raise_arms,2.4654126167297363,0.42068451699224624,0.020006262445955953,-0.8250672460940423,-0.001715804169335009,-0.0005694316231674154,0.05537675939595284,-1.9230623456936933,-0.006059159283277617,0.19368730425307676
P02,session_02,009,raise_arms,2.4971365928649902,0.41896812587492216,0.022569009822842812,-0.8337393651567533,-0.0003837963332103561,-0.0036978319677398504,0.11718882986842928,-1.8857781438935137,0.005907412828957683,0.22001921955000855
P02,session_02,009,raise_arms,2.5293991565704346,0.42000366609226975,0.018572609716625756,-0.8345526129463005,0.0014170880600692392,0.0011507143893717316,0.056581181241484826,-1.8744307557346382,-0.005980670756945865,0.19381769224679182
P02,session_02,009,raise_arms,2.576955556869507,0.4181851877223737,0.02945727540219921,-0.8384304542239192,-0.007885423645714856,-3.3494948968675277e-06,0.16581205279432953,-1.8869981920631942,0.0035309243857426674,0.181676270849476
P02,session_02,009,raise_arms,2.608799457550049,0.4174545493823905,0.03148874283738249,-0.8443752256722211,-8.163512818520776e-05,-0.0024886756174344925,0.0781943834788981,-1.86926912248643,0.004576635909548853,0.16361563296815826
P02,session_02,009,raise_arms,2.6412200927734375,0.41912588098726994,0.024236303320790877,-0.8397502097179742,0.004878504595996283,-0.0017185584628931214,0.15953895992415068,-1.8649008328200953,0.01391841968899968,0.4579929605306239
P02,session_02,009,raise_arms,2.673870801925659,0.41778667505143974,0.02694407045473507,-0.8414871358128477,-0.002893157354172014,-0.0010276351113023827,0.09403297185610632,-1.8883433607932647,-0.08945036754407798,2.741228138495194
P02,session_02,009,raise_arms,2.704742908477783,0.41699312743291356,0.01238181831955807,-0.8419454209878394,-0.0017815936129546633,-0.0012462864819762281,0.07042722618351954,-1.8766827716576548,0.3299640603821041,10.688328738174002
P02,session_02,009,raise_arms,2.737532138824463,0.4180460210874835,0.008265883424077292,-0.8407178645104709,-0.00010736209711819438,0.0004502649438237156,0.014117068964019921,-1.8617196943365162,-0.031207847171711794,0.95187595212605
P02,session_02,009,raise_arms,2.7693283557891846,0.4178888457097675,0.007907632239040657,-0.8374383724670055,0.0002047493453187266,-0.0035765880937232526,0.1126688737341395,-1.8597529389896628,0.005593881285912455,0.20891467014587928
P02,session_02,009,raise_arms,2.800827980041504,0.41925155309838386,-0.00254386847763682,-0.8365407332021473,-0.0019085144627675847,-0.0008811645075317794,0.06673453663145293,-1.8587943147056811,-0.023581935440756086,0.7516103013157105
P02,session_02,009,raise_arms,2.8329973220825195,0.4187998014605325,0.0002498471908016391,-0.8346302319311415,0.0011714922752982012,-0.002934263476364223,0.09821392104805889,-1.8378270610926157,-0.06120553901936022,1.9051378799212912
P02,session_02,009,raise_arms,2.8650283813476562,0.4217726373030083,-0.002696585621471998,-0.8318636308206043,0.003024234588449585,0.0038041762096483354,0.15172179537055563,-1.9145268770770378,-0.1104895230266921,3.4527846318290303
P02,session_02,009,raise_arms,2.8971452713012695,0.42250330407332004,0.007358858864019571,-0.8288057678104273,-0.010155035486500172,0.00021245891846602172,0.3162590693322886,-1.8747612412265888,-0.21277542899873148,6.632576497330067
P02,session_02,009,raise_arms,2.9288253784179688,0.4244461163092416,0.005359481876364746,-0.8263936979387927,0.002190380150322762,0.002489038032690343,0.10465812854872769,-2.014061574072104,0.1742809480042005,5.502269385745296
P02,session_02,009,raise_arms,2.961298704147339,0.4233989539661915,0.022894631395902282,-0.8425844755955826,0.001477872240803919,-0.002092784219069448,0.0788955714441217,-1.9695973894675238,-0.013125631752183061,0.4118252027931724
P02,session_02,009,raise_arms,3.0089569091796875,0.42703357848253704,0.018205309636688673,-0.8387509060659262,0.003997838162714285,0.0021505535176887408,0.09525239967358978,-1.9479991087970385,0.018353908243780633,0.39672015789395076
P02,session_02,009,raise_arms,3.041290760040283,0.4259819987824308,0.02015771550164212,-0.8426252639240138,-0.0019855412034816508,-0.001826203979298516,0.0834315935237227,-1.9479098351297972,0.0027118810767941893,0.11830139654243023
P02,session_02,009,raise_arms,3.073392629623413,0.42580531246937275,0.019421661020155554,-0.8398882575168162,0.0002763224538094134,-0.0007992214032547344,0.02634242672523511,-1.9402626171419801,0.08325976204990149,2.5937447714255892
P02,session_02,009,raise_arms,3.1058945655822754,0.42536856576151666,0.019873221311728053,-0.8451423303034696,-0.00045810269168125524,0.0009981082734099812,0.03378924624510936,-1.9205094939259217,0.10543105574303573,3.244015232496738
P02,session_02,009,raise_arms,3.1368377208709717,0.4259801009019945,0.01635811155104206,-0.8483367092807503,0.0008628735060401483,0.004640214479921583,0.1525300396936605,-1.9096154031716506,0.02060859687857486,0.6832576520653156
P02,session_02,009,raise_arms,3.169229507446289,0.42371060209491695,0.02083831464414249,-0.8408197289086581,-0.0024985636256062917,0.0007772887038418808,0.08078211057865457,-1.8433478674042214,0.06957838017643807,2.149543870228338
P02,session_02,009,raise_arms,3.2040975093841553,0.4283937519053969,0.017507137091988388,-0.8492678243902803,0.0061596190793017066,0.00324247596513695,0.19963664139027118,-1.950242493729939,-0.030416186700127777,0.8948762697442594
P02,session_02,009,raise_arms,3.2336511611938477,0.42928110937049335,0.018319203077873984,-0.8473219616593278,0.0014162106421111904,-0.00010843996289015316,0.04806026121647464,-1.886672997512882,-0.1654969497592086,5.600087790327027
P02,session_02,009,raise_arms,3.2665140628814697,0.42439505020143253,0.012483203648897729,-0.8563354812775178,-0.005750005238258621,-0.00034886820087038457,0.17529124343988264,-1.8764110805666594,0.10365520497585338,3.1590379024218214
P02,session_02,009,raise_arms,3.298861503601074,0.4241760411801528,0.015068341811338752,-0.8622670526107655,-0.0002337176450297521,0.00023916274272697314,0.010337729604393352,-1.906112829825034,0.022739245048315905,0.7030449152958548
P02,session_02,009,raise_arms,3.330721139907837,0.4237610849433722,0.014857625097758675,-0.8642220956719537,0.00026640293603098466,0.0006660776682020738,0.022516803061035397,-1.9064510526191671,0.005998652773074206,0.1896253898225227
P02,session_02,009,raise_arms,3.361032724380493,0.42332130332611034,0.022811955936932665,-0.8667880076849509,0.00018948479577152058,0.0017116640682121418,0.056813932439322826,-1.9105466986836221,-0.00201114851919196,0.08735007435169428
P02,session_02,009,raise_arms,3.393387794494629,0.4240014275439646,0.022662797516972706,-0.8677613505960685,0.0018602139330527766,0.0024602296606794994,0.09532773538368704,-1.907086825277794,0.0002587222973616837,0.09566252486678982
P02,session_02,009,raise_arms,3.441155433654785,0.4206745693853742,0.029222174920652794,-0.848026155281675,-0.005631045390851527,-0.004135384193246224,0.1462584472050422,-1.9132506412657218,-0.05509125305886397,1.162554400958201
P02,session_02,009,raise_arms,3.473100185394287,0.41992931728383104,0.02493657118681987,-0.8306132881991433,0.0002616658521347385,-0.0006434126974379005,0.021743334683005284,-1.9179470494953366,-0.19436123835004035,6.084332132084127
P02,session_02,009,raise_arms,3.505333662033081,0.42080829341050774,0.024369894320043488,-0.8292527532920871,0.000502125240964853,1.154392302923428e-05,0.01558187244867806,-1.900388955423421,0.015819215808381366,0.49101706549567947
P02,session_02,009,raise_arms,3.5375125408172607,0.41986030374769456,0.023591630805121014,-0.8170541470116041,0.00144159917270155,-0.00011768735952825869,0.044948582807537885,-1.770513910600453,0.26692741084850874,8.29523400700025
P02,session_02,009,raise_arms,3.569127082824707,0.4189525258814914,0.018827741070105174,-0.8250866368627567,0.004181049623638431,-0.00262652945511096,0.1561810966406573,-1.7998181297545037,-0.016556139075851423,0.5464806368926997
P02,session_02,009,raise_arms,3.6007261276245117,0.41956659119703205,0.018995840808586625,-0.8185912880225511,-0.0002371376925113589,0.006173109313489491,0.19550155555435494,-1.8377787651043487,-0.03450948478898217,1.1094660329439723
P02,session_02,009,raise_arms,3.6327364444732666,0.41878204996983315,0.040715930236561636,-0.819959014271939,-6.63606895962417e-05,0.0018014525430984048,0.0563154189422603,-1.812948766443019,-0.044233168542795,1.382988069882364
P02,session_02,009,raise_arms,3.665177583694458,0.419642087823324,0.03881817690249359,-0.8256503997339905,0.001577674430314503,-0.0033188332873039547,0.11327406097376592,-1.8118948603619072,-0.12194572345796131,3.7606903312721043
P02,session_02,009,raise_arms,3.697150468826294,0.41842159607888624,0.05628323967260793,-0.8277385760272851,0.0014015770348395288,-0.0014629022623523266,0.06336484353534418,-1.811362606519279,0.027095696902591063,0.8498242200288448
P02,session_02,009,raise_arms,3.7287728786468506,0.41810333017575985,0.056991836581132466,-0.8281146918805561,0.002450742135689276,-0.000358893800628105,0.07832677761903267,-1.8864551314731712,0.013750983839467816,0.4418472893255083
P02,session_02,009,raise_arms,3.7616324424743652,0.41814425857446874,0.06422365713166917,-0.8171753628676433,0.0017674947765923539,-0.0016873128489474328,0.07436421739136836,-1.880364372680146,-0.10981091279848973,3.3426523230319387
P02,session_02,009,raise_arms,3.7929017543792725,0.4175476679289134,0.0600428612095161,-0.8089875781188091,0.0008053202767680496,0.0008228070682072211,0.03681968732573098,-1.8578864582875279,-0.12662693333365768,4.04972669994816
P02,session_02,009,raise_arms,3.8248634338378906,0.4169994844443855,0.05972174811542036,-0.8098614594587439,-0.0006977111079586438,-0.00045904209438344377,0.02613056955540018,-1.89434123379021,0.07371716292400166,2.3065713404153545
P02,session_02,009,raise_arms,3.873021125793457,0.4157353505795755,0.04802027629716276,-0.8105263547047331,-0.0015749370890516552,-0.00019046917822531853,0.03294204234443279,-1.899041957547429,0.116166926437379,2.412444481757022
P02,session_02,009,raise_arms,3.9053072929382324,0.4176150463195309,0.04564193963902691,-0.8193360192883816,0.002944621699720513,0.0019288030366566744,0.10902800277138454,-1.9135917630011978,0.025839640815832246,0.8077238545880825
P02,session_02,009,raise_arms,3.9367897510528564,0.4179172235253539,0.05071373920568181,-0.8180689869458054,0.0005459255235149698,-0.002736794427726146,0.08864342411555756,-1.928716014243992,-8.987817276649143e-05,0.08868938433658348
P02,session_02,009,raise_arms,3.9692368507385254,0.4185225289833699,0.04736391556439072,-0.8137048702263319,0.003089198696482993,-0.001104228760130508,0.10110673559352613,-1.894755948257095,-0.037272429310286743,1.1531547311548396
P02,session_02,010,raise_arms,0.0015227794647216797,0.5084573220604616,-0.01465125427922232,-0.8255404592628599,0.0,0.0,0.0,-2.08255281059636,0.0,0.0
P02,session_02,010,raise_arms,0.033512115478515625,0.5095294545086502,-0.015595452155962137,-0.8266221333485534,-0.0010629952837491548,0.002861559439977091,0.09542613752144072,-2.0099404818009883,-0.06774647220521922,2.119931841153219
P02,session_02,010,raise_arms,0.08118271827697754,0.509510260440062,-0.014332610416837699,-0.812153492706534,-0.0036791527545823707,0.00456513251251018,0.12299311922913041,-2.000986540859991,0.01934228284882047,0.4239802782847993
P02,session_02,010,raise_arms,0.11365580558776855,0.5091059145218186,-0.013637082231967607,-0.7905245502664918,-0.0009169478581275701,0.0016542409041641346,0.05824444161881184,-1.9318520196047178,0.014439762839133417,0.44846693783699876
P02,session_02,010,raise_arms,0.1455850601196289,0.5096797227554112,-0.014220547691212913,-0.7911163163155629,-0.0005394101663299306,0.0003388489879546827,0.01995067486611616,-1.9144194226322981,0.0017199729043463315,0.05744403574021889
P02,session_02,010,raise_arms,0.17722773551940918,0.5109549262116772,-0.012117025092629165,-0.7977563543413952,-0.0010637626291944446,0.007964104653914741,0.2539239706609388,-1.905655887863073,-0.008224620926713128,0.3633685751092857
P02,session_02,010,raise_arms,0.20927000045776367,0.5094131962127536,-0.010576859231074097,-0.7953571617223122,-0.0016648266956799597,-0.0009783496795816833,0.06026459898302992,-1.9088934659925643,0.007758758168737812,0.24952809173150217
P02,session_02,010,raise_arms,0.24123167991638184,0.5063205984879218,-0.007840434819410318,-0.7936634191434712,-0.0026524635950594152,-0.004277162661546206,0.15746545427108474,-1.8732151899937153,-0.008453526585609989,0.30781493018174355
P02,session_02,010,raise_arms,0.2733914852142334,0.5041308347225801,-0.004724304348660761,-0.7917594879336501,-0.003641560747007813,-0.002220760893215836,0.1326281429964251,-1.9057856629839114,-0.00322635779397844,0.16629751667302528
P02,session_02,010,raise_arms,0.3050816059112549,0.5047007277479688,-0.012658735188217479,-0.7931751776502555,0.0012241845763476648,0.0021003314374796853,0.07671328544002852,-1.9025611611149111,-0.001274258546911436,0.08661275426712785
P02,session_02,010,raise_arms,0.3375685214996338,0.5049582780022644,-0.012041221585823596,-0.7973443900362391,-0.0006103488751420548,0.004154019748392243,0.1292403245272966,-1.9400128005941304,-0.01610786314830008,0.5123930707617635
P02,session_02,010,raise_arms,0.369600772857666,0.5039895555074236,-0.011852848029411995,-0.7999316060852601,-0.0003358152703567856,0.0009170908659910879,0.030489301008053228,-1.9467840691424727,0.005992135358108705,0.1895340910446161
P02,session_02,010,raise_arms,0.40129780769348145,0.5013156287522765,-0.009621278463223793,-0.79854750515434,-0.0009539953296625978,-0.0018476507148100039,0.06560247140755822,-1.9142661621753285,0.037977366595649605,1.199930901554136
P02,session_02,010,raise_arms,0.4335825443267822,0.50119145367751,-0.008043910034252005,-0.8066168205723819,-0.0006144306631178182,9.490286831859458e-05,0.01925729356608908,-1.9020071928305773,0.03503643239655799,1.0854029412858432
P02,session_02,010,raise_arms,0.4655611515045166,0.49972499664714515,-0.006540557952539621,-0.7990145070151013,-0.001738908643775533,9.184166648653272e-05,0.05445303748689706,-2.0007251414005465,-0.032777515482248505,1.0264279979273594
P02,session_02,010,raise_arms,0.5134096145629883,0.49763954848724157,-0.009008317665882715,-0.8000849854333651,-0.002184032395457262,0.0034764017802489397,0.08580273119592187,-1.9019814010073588,0.07580548932524055,1.5866044210333974
P02,session_02,010,raise_arms,0.5463495254516602,0.5000901496686246,-0.0023485062095178794,-0.8039258234473439,-0.006061682932880607,0.002371122094581052,0.19760022666342583,-1.8727096439248534,-0.02183127177531555,0.6915904340869474
P02,session_02,010,raise_arms,0.577735185623169,0.5005921072438575,0.00457743146451105,-0.8021216743677978,-0.006970138462065027,-0.0007628705158347533,0.2234065373694531,-1.8627720639550522,0.04001453508909967,1.2943563011276595
P02,session_02,010,raise_arms,0.6094646453857422,0.4968382921491617,0.009478603513046819,-0.7939961255768816,-0.00783135431913004,-0.00026830820036741415,0.24696131771776744,-1.9112448183352722,0.03868832695206216,1.244077264477116
P02,session_02,010,raise_arms,0.6411395072937012,0.5006945325683491,0.018256666353730678,-0.7855706545184217,-0.006562445433934992,-0.0028538401285725687,0.22592435674956873,-1.8667031761168726,-0.0022784561744809057,0.23709938521667034
P02,session_02,010,raise_arms,0.6734757423400879,0.49513964686351075,0.025571155994471663,-0.7736167527756956,-0.001653592492832332,-0.015376008613054807,0.4782458341272861,-1.830873326612333,0.10195740250271892,3.189102147858626
P02,session_02,010,raise_arms,0.705482006072998,0.48948454746257014,0.0183583230608819,-0.7727908219273126,0.006482590281701449,-0.007583728007778245,0.31171456240449075,-1.8827996917437095,0.011688191407321885,0.4801309063242052
P02,session_02,010,raise_arms,0.737525463104248,0.477382101288755,0.021236886131661546,-0.7815934602323679,0.001587654333408345,-0.007275185710558752,0.232384624958017,-1.8133192496147352,0.06256593536706485,1.9663141030847229
P02,session_02,010,raise_arms,0.769169807434082,0.45231875722985265,-0.0025338830081777326,-0.8027727472862992,0.02799694468098201,-0.014244761222622407,0.9926719151728488,-1.938743846009593,0.028690612244138616,1.3444058463600594
P02,session_02,010,raise_arms,0.8018999099731445,0.44160317845566954,-0.01273847775082381,-0.7941429640693296,0.012905338511113772,-0.02541851205638529,0.8709716273961449,-1.9359459742103473,0.020471706329536214,1.0722894405042787
P02,session_02,010,raise_arms,0.8335070610046387,0.42240872835922555,-0.03343421288161678,-0.7829199701863124,0.02370579712611032,-0.031697332170391626,1.252291941261453,-2.0494236748243866,-0.2655737031523211,8.495138558360273
P02,session_02,010,raise_arms,0.8653991222381592,0.41161678077736874,-0.04623696840651392,-0.7594991058468746,0.01203317455744536,-0.03560826877981536,1.1785539521250552,-1.9788631655355158,0.02550096182736364,1.4242026089598157
P02,session_02,010,raise_arms,0.8974504470825195,0.4058552329713728,-0.04430355314041748,-0.7216499848044655,-0.005279426005819349,-0.04919673251683749,1.543748851701275,-1.9872180538788624,-0.00813157465489866,1.5644572981874119
P02,session_02,010,raise_arms,0.9455511569976807,0.4100949815239405,-0.04105539978593682,-0.6930113810827884,-0.004572761231540873,-0.021485404627922148,0.45667991809562863,-1.992769389774126,-0.0021144937451592653,0.4587908069963245
P02,session_02,010,raise_arms,0.9777255058288574,0.40381639257869695,-0.04591186859539724,-0.7016989306026478,0.004194222460359976,-0.018284731672264888,0.5830610181545857,-1.941836843057054,0.2153835928412595,6.719608163595095
P02,session_02,010,raise_arms,1.0104100704193115,0.40418741715988177,-0.05548411064703762,-0.6898635442486128,-0.005574505498734185,0.0037770200147171223,0.20601687905460675,-1.983210590545814,-0.051584157755413966,1.5916316357821438
P02,session_02,010,raise_arms,1.041553020477295,0.40448771090629604,-0.06826302239716832,-0.6942763970531313,-0.004213933275007013,0.002225847992550869,0.15302571977000506,-1.908720161663724,0.14767375060128604,4.744272084621504
P02,session_02,010,raise_arms,1.0734474658966064,0.4019537982791261,-0.0607595732775231,-0.7058270997923637,-0.007467118370316056,0.00025475758697274855,0.234255928362401,-2.009797664057249,0.05087906051100224,1.6123408541746658
P02,session_02,010,raise_arms,1.105527639389038,0.4064855829772247,-0.053050491894981816,-0.7163835007405237,-0.014889958973172645,0.0024172630230218234,0.4702248381902854,-1.984212295349196,0.2036854502941495,6.366651298616824
P02,session_02,010,raise_arms,1.1377394199371338,0.4080206472155221,-0.03875059045517758,-0.7335097927319538,-0.004658860634012647,0.002877677650489625,0.16999831502555834,-2.0566174752366204,-0.013737198461513715,0.4590989678296553
P02,session_02,010,raise_arms,1.1690330505371094,0.40756992417183346,-0.03627340434880535,-0.7316127468459294,-0.0045895380274336775,-0.0026750216226686034,0.16975378829755672,-1.8944800573698584,0.34661481347504375,11.077510403034138
P02,session_02,010,raise_arms,1.201303243637085,0.40789786742780676,-0.03977838104040539,-0.7333874789537317,-1.3808944299693665e-05,0.0014980147353260275,0.04642297540283982,-1.963819803668093,-0.1977456383893944,6.127986661094988
P02,session_02,010,raise_arms,1.2335326671600342,0.4089522513814342,-0.03621364869108671,-0.7309971336164869,-0.003262350703931912,-0.0011473411922465241,0.10730026069246443,-1.9117559498339811,-0.15302197322063923,4.74910900187847
P02,session_02,010,raise_arms,1.2650017738342285,0.4071779398687651,-0.028646216555006748,-0.7479080614101696,-0.004651302538703503,0.009916615950861879,0.34806387480035844,-1.9034035856149576,0.2429423756968999,7.727870106579735
P02,session_02,010,raise_arms,1.2973275184631348,0.4074089276772208,-0.013476001780834265,-0.7480583290770648,-0.00010566644902571406,0.000820679744977145,0.025597378306552277,-1.8900493913084944,-0.33826812717449206,10.464388155465825
P02,session_02,010,raise_arms,1.329671859741211,0.4076585346583165,2.3942245168866354e-05,-0.7501738510163577,1.5388832390981276e-05,0.0021988119326534147,0.06798301328896392,-1.8348707436731262,-0.06308083438816552,1.9514741740801247
P02,session_02,010,raise_arms,1.3772931098937988,0.40718346746284406,0.001340866193670791,-0.7444495694484983,-0.0008352966940648419,-0.006663782940444915,0.14102801932150882,-1.8346789792225486,0.3457973147689877,7.262777111210275
P02,session_02,010,raise_arms,1.4097082614898682,0.4080256888744574,-4.057389163910829e-05,-0.7439094115885152,0.0014991888619955303,0.0010850137899171082,0.05709143457591799,-1.8576572316687483,-0.05462061127072979,1.6860002373280945
P02,session_02,010,raise_arms,1.4417626857757568,0.40803648249253993,-0.0010973650933825865,-0.7428119789753966,-0.0002784953310305037,-0.0032116435080181767,0.10056944481728576,-1.8876365058024887,0.022919442663879373,0.722054586865614
P02,session_02,010,raise_arms,1.4730257987976074,0.4071670343760312,0.005386993639139056,-0.7447565824966178,0.0017583476319902925,0.00028553112069242524,0.05698024754454447,-1.8471944010104275,0.1617439675375879,5.1739497858405965
P02,session_02,010,raise_arms,1.5054447650909424,0.40752216183327084,0.005134935139136206,-0.742696670678684,0.0003718323133607446,0.0012846844820155767,0.04125402923348601,-1.827307011732986,-0.261012921655414,8.051347031830375
P02,session_02,010,raise_arms,1.5371010303497314,0.4069388824884904,0.0032833982651105558,-0.7432608589899294,0.0012602709814124482,-0.004040102795746237,0.13368933643247083,-1.7956661494408752,-0.05406900125346384,1.7132272617075839
P02,session_02,010,raise_arms,1.5693445205688477,0.40595716563369244,0.005122062156646693,-0.7496455218285658,0.0012089934303182708,0.005772570143776681,0.18291493127022507,-1.785553567550997,0.11299581964847015,3.509224107347507
P02,session_02,010,raise_arms,1.6018562316894531,0.40576655148391644,0.005875353376279931,-0.7488519049464112,0.000305282317015639,-0.0004033707410200624,0.015559648024645054,-1.8355434779585615,-0.089373087586562,2.74899462879501
P02,session_02,010,raise_arms,1.6337661743164062,0.40806102973910324,0.003091455474577677,-0.7428971489325216,0.0026987152299571696,-0.0010223296967360042,0.09043782741559468,-1.862149970886556,0.013224792833139706,0.42419388824800397
P02,session_02,010,raise_arms,1.666017770767212,0.4081793080738177,0.0016767394135266892,-0.7467189040802334,0.0008722111488782856,-0.001321678069395172,0.04909945059621181,-1.8902877660764037,0.026566006643559327,0.8251734207893213
P02,session_02,010,raise_arms,1.697702407836914,0.40716485521152207,-0.00036439997241427546,-0.7460651913672778,-0.001325739580265856,-0.005495094492116447,0.1784068366110623,-1.8170633165778536,0.29223170520504965,9.224860970271306
P02,session_02,010,raise_arms,1.7294893264770508,0.41173149058880903,-0.0060450585177465755,-0.7318797912476034,0.006032861997837095,0.0010177760620012524,0.19247262904801582,-1.7582522034161912,-0.05839967656724933,1.847278053813093
P02,session_02,010,raise_arms,1.7772645950317383,0.4120143995107304,-0.004721477680985178,-0.7323299480034612,0.00040586161822483426,-0.00048354748134610894,0.013213985101154943,-1.8199585960711677,-0.16075085065020947,3.364755345901826
P02,session_02,010,raise_arms,1.8100008964538574,0.4116882632049564,-0.002388090458527904,-0.7361633960157725,0.00033234482085245403,0.004775095059440302,0.14621830861871807,-1.8361300085671375,0.15703274348321025,4.799127348337187
P02,session_02,010,raise_arms,1.841627597808838,0.4104224179623614,-0.005442910965500284,-0.7378993977699181,0.004658609548176104,0.00048135673506545594,0.1480841099796911,-1.8499158270256604,-0.035512917522753575,1.1326002039109964
P02,session_02,010,raise_arms,1.874466896057129,0.4131376128801213,0.003345621088293381,-0.7684318659187107,-0.005757650936484712,-0.0017760740165780058,0.18348021999418027,-1.889388204746217,0.027114229088249793,0.8458050424150989
P02,session_02,010,raise_arms,1.9050981998443604,0.41028013166209387,0.000869996833118412,-0.7735480558729861,0.0020362153482487537,6.602881533811777e-05,0.06650992222779195,-1.753413394740784,0.212903237380797,6.950829977702961
P02,session_02,010,raise_arms,1.9373886585235596,0.4089066238590605,-0.006444893798070292,-0.7735325843773978,0.0019155826626711166,-0.002011496629268354,0.08602208249969383,-1.8659731449539896,0.013698685317178536,0.43286675214409503
P02,session_02,010,raise_arms,1.9695894718170166,0.4096178943832321,-0.00738619310612199,-0.7795608634258956,0.0013353345433459575,0.002353887731542854,0.08404357810851258,-1.897334586175268,-0.029661107630612443,0.9249552559723927
P02,session_02,010,raise_arms,2.0010855197906494,0.40625923436156575,-0.005270251273583734,-0.7688557380647513,0.003089797871994628,-0.0008838892807289563,0.10203622629044169,-1.8423478392023245,-0.10046876524507856,3.1915163388187002
P02,session_02,010,raise_arms,2.034189224243164,0.40789490586305516,-0.016160965960059052,-0.7552030571885955,0.0018949077814283265,1.5927892668262007e-05,0.057243585078101164,-1.7775467609134918,-0.06962186172352602,2.103923017247559
P02,session_02,010,raise_arms,2.065608263015747,0.4094429456569201,-0.01499491345266056,-0.7595847937457769,-0.0018539336443027666,0.0032092730143088387,0.11796283522617307,-1.869219689499751,-0.08640877493767403,2.7527329724834044
P02,session_02,010,raise_arms,2.0981392860412598,0.4094061379859528,-0.010748620772445044,-0.7490033905524859,0.00020808173263916726,-0.006878380618788719,0.21153737747406845,-1.8277991206493855,-0.038822593578124856,1.2120052843496645
P02,session_02,010,raise_arms,2.1297922134399414,0.4101491994254706,-0.01344969118400635,-0.750857444862752,0.0008673680768857952,0.0009842088130533715,0.041445352999900945,-1.8963303615089804,-0.05093837381270653,1.609812049203661
P02,session_02,010,raise_arms,2.1614809036254883,0.41019378025948217,-0.00987509331333778,-0.7560426192935911,7.003869918155386e-05,0.002642217192049346,0.08340973674388923,-1.9052704624318944,-0.00945212750200706,0.30972344616177727
P02,session_02,010,raise_arms,2.209737777709961,0.408964558869362,0.0012598584386483618,-0.7661198546003345,0.0001450529671243638,0.002457119289374177,0.051006144153464106,-1.8472614874398552,0.1659577285670595,3.439426688544094
P02,session_02,010,raise_arms,2.2424981594085693,0.40889297359921944,-0.00040385792618700787,-0.7560664979077987,8.975835338373943e-05,-0.0009746233872897797,0.029875959202950518,-1.8057426916918489,-0.2055879643735402,6.275576885108544
P02,session_02,010,raise_arms,2.2741589546203613,0.4101217587493512,0.0013047725174691422,-0.7534828572281309,-0.0017340165519260063,-0.001469544965095846,0.07179119431724416,-1.8467043652742745,0.05207179946760354,1.6462436810050507
P02,session_02,010,raise_arms,2.3062758445739746,0.4088710239398036,-0.0012658320141123748,-0.7525853668835355,6.880749842064214e-05,0.0020462212957231855,0.06374769952831456,-1.809195827311738,0.1430662508591024,4.455004828251171
P02,session_02,010,raise_arms,2.337353229522705,0.40857340801532777,-0.0025218373778039317,-0.7524802983481145,0.0007112248098885615,-0.0006998093252726382,0.03210644841255805,-1.7776612609747517,-0.0953394104080254,3.0679747227945353
P02,session_02,010,raise_arms,2.3695499897003174,0.4128520347902731,0.002167325947231217,-0.7558635142843277,-0.004693201987051612,-6.24412784557355e-05,0.1457791815568725,-1.8211147069418532,0.05949293573431709,1.8535342251225402
P02,session_02,010,raise_arms,2.4016358852386475,0.41166595079045737,0.0021370836115920983,-0.759072335157772,0.0007320524891740954,0.0019268501831346643,0.06424087374014956,-1.7889480308722314,0.039212104357704294,1.2237851427779438
P02,session_02,010,raise_arms,2.433539867401123,0.4101160043238664,-0.0034242629420625456,-0.7561933375196305,0.0016693300009562582,-0.00014693475805038978,0.05252586115683261,-1.7907893509278794,-0.01265906559194099,0.40024792003981546
P02,session_02,010,raise_arms,2.4656167030334473,0.41183306426532906,-0.00046950447749089425,-0.7506354076850831,-0.0019603693426677444,-0.001826928181062749,0.08353958477951648,-1.8757280444337736,-0.14403951747672736,4.491229844733959
P02,session_02,010,raise_arms,2.4976348876953125,0.4101658098786083,-0.004848003923343849,-0.7525487700102653,0.0020241765116486136,-0.001459578145485125,0.07794095164439117,-1.791880157185078,0.1405859899682015,4.391508720438415
P02,session_02,010,raise_arms,2.5294673442840576,0.4101532170751195,-0.019929869749843995,-0.7513938880489566,-9.69666884731403e-05,-0.00015796596533578641,0.005822771958751967,-1.8192451579554683,-0.031211391272634146,0.9805068469440423
P02,session_02,010,raise_arms,2.56144118309021,0.4109176269452068,-0.012802409546913522,-0.7575459464806176,0.0017124177396013799,0.0009769288447092706,0.061659405284905176,-1.8231343293977964,-0.04840354244166781,1.5151035096117458
P02,session_02,010,raise_arms,2.5934231281280518,0.4126010896433961,-0.01347146646259676,-0.7669337270136891,0.001549774455765607,0.0014690209210179398,0.0667681181008856,-1.8848625889769814,-0.03585895290751703,1.1232111300175451
P02,session_02,010,raise_arms,2.641331911087036,0.4111297137927138,-0.010904426034064166,-0.7705872685369214,0.0005058272332176626,-2.9937897294195277e-05,0.010576607874387328,-1.8179028358084064,0.12215584969772415,2.5497809188756566
P02,session_02,010,raise_arms,2.673524856567383,0.40997886762605024,-0.016823914689426143,-0.7697734770742605,-0.0013504055616378736,-0.0014951360064471004,0.06258211674835337,-1.7895926701745621,0.17762329383802272,5.5178150604721115
P02,session_02,010,raise_arms,2.705477237701416,0.4104113998644215,-0.01679195129691047,-0.7663848634196602,-0.0008041465666654554,-0.0005192750675658905,0.0299581652256814,-1.8132839441701134,-0.022296917831566898,0.6984598713843334
P02,session_02,010,raise_arms,2.7378742694854736,0.41091278633558753,-0.016922427345911907,-0.7645698389126752,0.000342291759190621,0.000311721576650342,0.014290265648613455,-1.888021837882099,-0.11973486904946651,3.695886860253886
P02,session_02,010,raise_arms,2.769460439682007,0.4110183453144969,-0.017345518865564395,-0.7712117561020263,0.0006823774636531005,0.009511664613963843,0.3019077780571123,-1.919997251888853,-0.019827025727554615,0.6965421494033678
P02,session_02,010,raise_arms,2.801774740219116,0.41642874878279795,-0.012628255883610138,-0.7696882420603176,-0.006588227400784564,0.0014416343346430683,0.20870364275187706,-1.9506306516091707,-0.06892266623347315,2.1430709053638384
P02,session_02,010,raise_arms,2.8335206508636475,0.4159304166582469,-0.004650584946670817,-0.7680618199449668,-4.1414961854644984e-05,-0.002448999967525797,0.07715482329303323,-1.7978941062170573,0.16567350499642555,5.219305620265653
P02,session_02,010,raise_arms,2.865464210510254,0.4156260247133939,-0.008801460077776893,-0.7675052306059718,-0.0010780795485749075,-0.0006369524861982642,0.039199879398274434,-1.7672966532309013,-0.03993864470944976,1.2509022159492258
P02,session_02,010,raise_arms,2.8979151248931885,0.4169570450948432,-0.004041311041379309,-0.7671928074182857,-0.0015279373575204807,1.836927075280739e-05,0.047087972796000306,-1.7792081953739411,-0.13443705590138486,4.143049349414721
P02,session_02,010,raise_arms,2.9295787811279297,0.4157169429302695,-0.001957610896742549,-0.767470143496352,0.0015543604007460339,-7.247755581377365e-05,0.04914306904505227,-1.7772662617138055,-0.0395778219500089,1.250910470037363
P02,session_02,010,raise_arms,2.961576461791992,0.41548487281854274,-0.002191249805186824,-0.7628194688275401,0.0018107273587396047,-0.004919534776547132,0.16383031176574667,-1.7894911398122824,-0.04921974459810051,1.5469283483444296
P02,session_02,010,raise_arms,2.993236780166626,0.41371186115357655,-0.0036907140659531985,-0.7648431851947701,0.0017687102795282213,-0.0005621002040955773,0.058618506252703796,-1.858736438752506,0.1174983834854746,3.711682174108714
P02,session_02,010,raise_arms,3.0258615016937256,0.4128583361932186,-0.009670526608347906,-0.7622566225781074,0.0020240771385560377,0.0005755337740979775,0.06450052353088265,-1.809584819312562,0.12406467444668116,3.8033280714660096
P02,session_02,010,raise_arms,3.0733489990234375,0.41327268891671703,-0.006535166093704217,-0.7635118977143794,0.0004483984680730582,0.0001541054239742884,0.009984543417904005,-1.8356720987017083,-0.20997372187605626,4.421674525098612
P02,session_02,010,raise_arms,3.105236053466797,0.4145529008426729,-0.013450347101546764,-0.7636040599205343,0.0015563885265810064,0.0024757573190326196,0.09170907681140139,-1.885151241004022,0.028690097086208437,0.9044030116766899
P02,session_02,010,raise_arms,3.137648344039917,0.4155044526371643,-0.012807796322918159,-0.7646369129941779,-0.0009063969004976676,0.001015419871832356,0.04199377891237777,-1.8586983175668206,-0.02412251588084386,0.7454235855405659
P02,session_02,010,raise_arms,3.169883966445923,0.41554916321343915,-0.0130350550161791,-0.7606259349319676,6.68411031092981e-05,-0.0033989991853670323,0.1054627173642545,-1.868728858555789,-0.08961387411042814,2.781963868999387
P02,session_02,010,raise_arms,3.201510190963745,0.41578259992870753,-0.013865325878630501,-0.759711983275878,0.000617682205123544,-0.0006579292092635927,0.02853462085026335,-1.860176862250018,0.13439442778710742,4.249557438408217
P02,session_02,010,raise_arms,3.2330727577209473,0.41559423870231416,-0.014150311580348704,-0.760683989071715,0.0002903185149133123,0.0005773383632375146,0.020474355148921645,-1.8687894593953263,-0.05189792592835365,1.6444147111507947
P02,session_02,010,raise_arms,3.265512228012085,0.4125731475058856,-0.014410642435159571,-0.7627763043234205,-0.0019207712819911706,0.0013015346442871293,0.0715241566742043,-1.7870292806370776,0.2725757257363062,8.4028992484152
P02,session_02,010,raise_arms,3.2976324558258057,0.411956907590695,-0.012638591639469664,-0.7737996413922673,-0.0014191585272804496,-0.00023952866818706064,0.044807610762264326,-1.8402297760833652,0.061398768043639064,1.9120547455965393
P02,session_02,010,raise_arms,3.329768419265747,0.413051542355197,-0.011075881184623217,-0.7720854970688403,0.0003716888766588593,0.004151169140966866,0.1296919613556153,-1.8876226275141539,-0.3661107994941088,11.393295309950418
P02,session_02,010,raise_arms,3.3612301349639893,0.4147747681494617,-0.019967297716879048,-0.768386463178088,-0.0018687940118436864,-0.0018013251519443739,0.08250041569356346,-1.9178732514037895,-0.01548738158622441,0.49912663428762255
P02,session_02,010,raise_arms,3.3943285942077637,0.41456519285203025,-0.018943784054255144,-0.7640488354952669,-6.153625148402821e-05,0.001471837865518684,0.04450731924964578,-1.8852599155155545,0.12269260108371205,3.7071648405450004
P02,session_02,010,raise_arms,3.4261326789855957,0.4178454637341434,-0.020636825592396997,-0.7416172863864546,-0.0032961220001183336,0.003338096050927505,0.14750289138199776,-1.973663251742911,-0.18068006550496646,5.682947892304515
P02,session_02,010,raise_arms,3.4734020233154297,0.4147144093895855,-0.02241294638730665,-0.7460318485594823,0.0033888453986114014,-0.00136538329159978,0.07729250474368347,-1.9544233333599803,0.034791708930216145,0.7400783444282938
P02,session_02,010,raise_arms,3.505427360534668,0.41479700708814404,-0.029909770515637504,-0.7460469624020357,0.0001179025166587463,-0.00010173672369822349,0.004862665291143801,-1.921000583186224,0.19531393179329978,6.098733404093508
P02,session_02,010,raise_arms,3.537468194961548,0.41617219966275537,-0.028829120640940505,-0.7451434916888116,-0.0008375928620175782,0.001498307652032128,0.053573311598139134,-1.8715393339017579,-0.14834051150084085,4.6300430473212515
P02,session_02,010,raise_arms,3.5689876079559326,0.4159422337680976,-0.027355560577362218,-0.7458335404013482,0.0005982429062849049,-0.0006423435720515207,0.027848907042279693,-1.8690993507720315,0.0031870254281864095,0.10487811869933789
P02,session_02,010,raise_arms,3.601290464401245,0.4145969220633533,-0.029187336040893887,-0.7497376879028086,0.0018693800044564076,-0.004146118944745102,0.14079447621310584,-1.8009558368020275,0.17679951416146195,5.474995776981916
P02,session_02,010,raise_arms,3.6340434551239014,0.4139446056415615,-0.02175986663406513,-0.7497158975277501,0.0008712946143528059,-0.0016309235580014968,0.0564550475103291,-1.849352364289179,-0.11398015389243242,3.4804501483671095
P02,session_02,010,raise_arms,3.665504217147827,0.4152514064635339,-0.023911501078236534,-0.7458095449303767,0.00124175324616796,-0.00015968679763748186,0.0397949303268488,-1.8605286063030726,0.010890469146676537,0.34844029756446715
P02,session_02,010,raise_arms,3.6974904537200928,0.41539928867071807,-0.021166357302177,-0.7454245832013122,0.0004589809435769518,-0.00016623037847093353,0.01526143152701524,-1.8822282614056183,-0.10184918070402733,3.184192998598977
P02,session_02,010,raise_arms,3.729606866836548,0.415044325222643,-0.02138601673750243,-0.7523327024444019,0.0002219497362141999,-0.002819214022401138,0.08805271288273049,-1.7994808230322226,0.27098396912141975,8.438013412198078
P02,session_02,010,raise_arms,3.7616078853607178,0.4159846863532162,-0.02003742640161763,-0.7508366161260461,-0.0010722783165096842,0.00023957364137157643,0.03433377464354858,-1.82294972425744,-0.08632148512094914,2.6976790473345953
P02,session_02,010,raise_arms,3.7940163612365723,0.4143802949127717,-0.01841118101449019,-0.7537491600655221,-0.0013134430359915041,-5.509088928511935e-05,0.040563397550093784,-1.8310939015013235,-0.017137757086470733,0.5303582646101449
P02,session_02,010,raise_arms,3.826749563217163,0.41342029354237697,-0.022795999497905846,-0.7499382684411598,0.0009199411424431912,-0.0023155138060900163,0.07611736089273137,-1.8432185805724555,0.020704086470828838,0.6370738545447012
P02,session_02,010,raise_arms,3.85727858543396,0.4144748115473968,-0.017618305484246248,-0.7535435525815772,-0.0010111115217139028,0.002075719485765677,0.07562923912693605,-1.8464636638707805,-0.19634453525565093,6.43185061450214
P02,session_02,010,raise_arms,3.9052469730377197,0.4121239238715183,-0.015038307415013556,-0.7514675302545154,-0.000751884637307941,-0.0013033872279719478,0.03136876059376258,-1.8301270793298554,0.01773993069879193,0.37115342540653395
P02,session_02,010,raise_arms,3.937509775161743,0.41234729768223155,-0.017554105731284745,-0.7365330694127774,0.00040817198664950014,-0.0008843545690382088,0.030189747167204184,-1.8630224342063124,0.07124300528492139,2.2084152147984413
P02,session_02,010,raise_arms,3.9691200256347656,0.41680819091706717,-0.014120539059628621,-0.7285570087456933,-0.0054939801960853735,0.0016979410797649504,0.18191490906603294,-1.8488003105697737,0.015956589345477855,0.5365702259667771
P02,session_02,011,lean_left,0.00020503997802734375,0.5474578699869731,0.02088013398447923,-0.8157210340752736,0.0,0.0,0.0,-1.8615142954639252,0.0,0.0
P02,session_02,011,lean_left,0.04785799980163574,0.5493726398879917,0.022913968311260524,-0.8122358616577936,-0.002492312135779178,0.00028073298005479064,0.05263205332618821,-1.8937430403317466,0.027875048986037473,0.5873224724822242
P02,session_02,011,lean_left,0.07980775833129883,0.5480052035954608,0.02503318285821886,-0.8240224737883591,-0.002045613615851891,0.0006525994028997319,0.06720517469538845,-1.8819117476070302,0.06041517828105452,1.8921370667675892
P02,session_02,011,lean_left,0.11259984970092773,0.5482040832474948,0.02805253173418833,-0.8268735190669646,7.018334846138793e-05,0.008214659219679694,0.25051647158888635,-1.9047709942497517,-0.004314998386851855,0.2829726566537196
P02,session_02,011,lean_left,0.14361357688903809,0.5474179377440435,0.02718984910200198,-0.8263037776696412,0.0009270319999176857,0.008081859313353326,0.2622984736856399,-1.9199610416916297,0.011799786805623623,0.4621231043055821
P02,session_02,011,lean_left,0.17547917366027832,0.5472415734604351,0.026147454507817063,-0.8238206520443695,0.0003658430954979606,0.004606755727924973,0.14502347307116237,-1.929385253060671,-0.03949373629742481,1.2478407316137878
P02,session_02,011,lean_left,0.2072126865386963,0.5460384547602025,0.025121711263381842,-0.8198024035756823,0.001064471080819896,0.0004621763609851116,0.036569430202108684,-1.9373315817008236,0.031902803984445074,1.005999667092172
P02,session_02,011,lean_left,0.23958611488342285,0.5458261468536566,0.02562442876162851,-0.8228655493543339,0.0002656718645558176,0.00037090047288242697,0.014092828218692172,-1.9308484292976162,-0.005614421960152769,0.17399851401400737
P02,session_02,011,lean_left,0.2716331481933594,0.5453744254819157,0.023496181186756473,-0.8308374368936803,-0.00023023564900206514,-0.0017530860631662616,0.05517328304004123,-1.8655721547162611,0.07443473586216164,2.3233268610381614
P02,session_02,011,lean_left,0.30368757247924805,0.5453827126671994,0.02723052215334093,-0.8304807139478722,3.131146318268047e-05,-5.2404351120751426e-05,0.00190445095210843,-1.9100400737996996,-0.061303910486995246,1.91249545881382
P02,session_02,011,lean_left,0.33588576316833496,0.5446730315575165,0.032902446397300604,-0.828097514979675,0.000226154852309654,-0.0037581128351869054,0.11692928554503151,-1.9225181466232337,0.008987866850491261,0.3026428677534227
P02,session_02,011,lean_left,0.3675727844238281,0.5442926905893433,0.03481035204157816,-0.8254883276330525,0.001398039530351031,-0.0017073461260097068,0.06964064598675695,-1.9313266179193638,-0.005289613672065831,0.1808770019049457
P02,session_02,011,lean_left,0.399578332901001,0.5433809728604093,0.042064936347865886,-0.8238406676710491,0.0007762504401161761,-0.0016961702161010978,0.05828231249840618,-1.8930655170478548,0.01228706011681746,0.38830292036911634
P02,session_02,011,lean_left,0.43153882026672363,0.5432514172953052,0.0480643414938813,-0.8269840087477415,0.00010569990768984632,-0.0015046773416982507,0.04719531763475995,-1.8668459035189475,-0.03161981125944474,0.9904657683585435
P02,session_02,011,lean_left,0.479414701461792,0.542097059297367,0.061362742920461004,-0.8285480897021212,0.0012924305435643452,-0.0009156251096628598,0.03308350927701643,-1.8232765017691,0.07113392795069116,1.4861671044387632
P02,session_02,011,lean_left,0.5115697383880615,0.5408511990306792,0.08302574688256682,-0.8286698519096418,0.001562379912432773,-0.0017369450377268064,0.07265543599564285,-1.7926424709777597,0.16287821607637246,5.0659239006791195
P02,session_02,011,lean_left,0.5440812110900879,0.540993185609256,0.08245826672774785,-0.8308381764180647,0.00650127122093916,0.001416977804615037,0.20466306416528582,-1.8038640599015263,-0.07477034132403859,2.308902678834265
P02,session_02,011,lean_left,0.5753288269042969,0.5401188645922916,0.08070008804592703,-0.8323205480160476,0.007129202046274398,-0.0010781652292317977,0.2307461748692469,-1.7993297285697316,-0.04742900710090549,1.535283131940825
P02,session_02,011,lean_left,0.607567310333252,0.5474706792435081,0.08888127297951266,-0.8225493919951581,0.015458054100133702,0.0012816501502244035,0.4811359967170951,-1.8220106254079453,-0.17793342175844573,5.540217842056283
P02,session_02,011,lean_left,0.6392848491668701,0.5472422934037692,0.08918791195980905,-0.8224005819480196,0.008361568415084127,-0.0009754713863362406,0.2654139100321472,-1.8586967916811494,-0.006348869023826044,0.3324337298375037
P02,session_02,011,lean_left,0.6714568138122559,0.553123247317727,0.08903353826260804,-0.8126186538045854,0.021891232260419575,-0.0010368142949829715,0.6812071189684237,-1.8254016807439808,-0.059964429269325395,1.9844552329869012
P02,session_02,011,lean_left,0.7038099765777588,0.5503700046743333,0.1033856076006846,-0.8137927554683839,0.011648150181752269,-0.0028055455641020164,0.37032718576459595,-1.8255302581049593,0.011423916637119924,0.511685605600996
P02,session_02,011,lean_left,0.7357981204986572,0.5444437757146569,0.1112420733199798,-0.8119130010844076,0.012810711271412811,-0.009118317593365892,0.49157090377184115,-1.843518403706905,0.011016530192532323,0.6002077106960627
P02,session_02,011,lean_left,0.7679803371429443,0.5471245673618793,0.12303026653525351,-0.8019165953171531,0.014458652056605558,-0.005961885432021108,0.4859698657110182,-1.8123646378361398,-0.024865601304739506,0.9127734059319436
P02,session_02,011,lean_left,0.7998433113098145,0.5531753254102946,0.1385638412366679,-0.7974065611963146,0.013699605170809506,0.004998415040357726,0.45767795938894984,-1.7851326049482803,0.0030569215525764483,0.46762541067398794
P02,session_02,011,lean_left,0.8319301605224609,0.5503097025951542,0.15837607993099995,-0.803164763687613,0.01858997425954934,-0.0028323350533819747,0.5860500998589387,-1.7682490046779809,0.04462582161005498,1.509215059647382
P02,session_02,011,lean_left,0.8795826435089111,0.544719881480897,0.17978942065737155,-0.809420189543284,0.019397528980833433,-0.0019989860662308324,0.40921809591950115,-1.7399772277081957,0.051675488597335555,1.1590662255962174
P02,session_02,011,lean_left,0.91147780418396,0.5536570600880895,0.168782935849794,-0.7974406050329343,0.022920608465117134,0.0012623233996196948,0.7197123980581407,-1.706438791552173,-0.026486533461616477,1.0989046084061014
P02,session_02,011,lean_left,0.9435830116271973,0.5575941529379134,0.18435131746578415,-0.7899871446848135,0.012575151245377078,-0.0005720010737426597,0.3920907143186237,-1.6922665395930352,-0.005244910985557927,0.42476310684763036
P02,session_02,011,lean_left,0.9759783744812012,0.5617261047269595,0.180501126395042,-0.7824231075208234,0.009087375931819377,-0.0013976782890712692,0.2838132189208446,-1.6997720945980483,-0.04509260641214185,1.420585980145679
P02,session_02,011,lean_left,1.0074527263641357,0.5617619256135656,0.1978015469024021,-0.7801172534079587,0.005174910232893752,-0.002002005099786883,0.17629174255296148,-1.7492036392696146,-0.05170804045472295,1.6522944081320363
P02,session_02,011,lean_left,1.0393130779266357,0.5579168048377872,0.2106422282979543,-0.7846184696864459,0.008016925119739568,0.0013411442381726017,0.2551236904868787,-1.7867735315062745,0.035768039597085154,1.151274181748091
P02,session_02,011,lean_left,1.0712828636169434,0.5511989145187213,0.22609363916642522,-0.7884329672510045,0.014385353063026957,-0.004315722165496108,0.46978053186846863,-1.74861867329135,0.09478941432662039,3.001954899060586
P02,session_02,011,lean_left,1.1034417152404785,0.5518979654172509,0.22442576080104515,-0.7775140836976788,0.008864239106897107,-0.0058586970238392825,0.33040350225379095,-1.7551314930972404,-0.10341630291278645,3.232724808483197
P02,session_02,011,lean_left,1.1355829238891602,0.5521199020464141,0.23812730218983452,-0.7668435465861412,0.00448972724955846,-0.0036087524796095116,0.1792176853186072,-1.7025676517113353,0.07660216237369277,2.390029456993955
P02,session_02,011,lean_left,1.1677665710449219,0.5579425575813627,0.24307580703008227,-0.7572712223535467,0.005416488775589321,-0.00018465454390300512,0.16839717953233935,-1.738801168517684,-0.08481756875113136,2.6407989961759206
P02,session_02,011,lean_left,1.1999483108520508,0.5523936774415112,0.25598130275323405,-0.7597889629332929,0.01312015862415489,-0.0055980343359325925,0.4432488977813519,-1.723041286842591,0.1475503757364778,4.6062856935755025
P02,session_02,011,lean_left,1.2321786880493164,0.5563032704880827,0.24485158584610064,-0.7541948439647725,0.005237286736690306,0.00022098482315479522,0.16263994697001413,-1.6992867845468749,-0.021884421683450242,0.6982066782471374
P02,session_02,011,lean_left,1.2636194229125977,0.5571601316110277,0.2518555071887971,-0.7415806259678376,0.005433937311932499,1.5939927442140445e-05,0.17283186015295804,-1.6622816131982845,0.004809699264175319,0.2308088316779063
P02,session_02,011,lean_left,1.311875581741333,0.5579785223458592,0.25804965559996984,-0.7405311338647125,0.00020515255642794043,0.00037291724784688365,0.008820073978211327,-1.6324101879734783,0.04435327767140912,0.919163913622998
P02,session_02,011,lean_left,1.3432862758636475,0.5577091903607813,0.2632168596337461,-0.7401407971266287,-0.0014532200138374616,-0.0004127476148880512,0.048095027057038234,-1.623549877005571,0.02918917574033851,0.9305188511704098
P02,session_02,011,lean_left,1.375511884689331,0.5612526499046516,0.26196603557400167,-0.734657417011034,0.004896637836401481,0.00010025214968254961,0.1519804953914743,-1.6288934234647996,-0.00766299714153211,0.282211237386948
P02,session_02,011,lean_left,1.4076728820800781,0.5617647573910635,0.25421254307424557,-0.7338810667230167,0.0031540824709361337,-5.506719713442786e-05,0.0980866080022972,-1.6450048863471922,0.010985335527384645,0.35537761494904946
P02,session_02,011,lean_left,1.4392962455749512,0.5627651559601409,0.24826124935839225,-0.7327933958712589,0.0023865840798078797,0.00021124524634381708,0.07576407496532488,-1.626415095250836,-0.021141722401679316,0.6728268950722314
P02,session_02,011,lean_left,1.4714069366455078,0.5623371804085381,0.2540079872682427,-0.7260906889698986,-0.0005487069957153388,-0.0012070652952540259,0.041292426528725557,-1.6229845487899783,-0.002007469465779919,0.07492303233142907
P02,session_02,011,lean_left,1.5038211345672607,0.5645311724261859,0.25178388544266217,-0.7288848016058015,0.0004258408486234253,0.003249092031163123,0.10109395697811296,-1.7697257534473334,-0.11108711696436216,3.4286036596654217
P02,session_02,011,lean_left,1.5356652736663818,0.5655473510529243,0.2478916407063264,-0.7281347733505206,0.0017029639510270243,0.0004491843088996134,0.05530712421221503,-1.6766398218364285,0.07814407884824967,2.454578002440957
P02,session_02,011,lean_left,1.5676283836364746,0.5652186793449993,0.2468249113381448,-0.7254565630084079,-0.0002850952437329321,-0.0006593519554060137,0.02247429345535457,-1.6807775857967298,-0.05644851553319411,1.766195033984522
P02,session_02,011,lean_left,1.5997209548950195,0.5644379950718957,0.24479249078072074,-0.7272972044335652,0.0012551878419723396,0.0009140206849251517,0.04838244550985141,-1.669139182656027,0.00687682953420984,0.21967527167501416
P02,session_02,011,lean_left,1.6324708461761475,0.5634431505233817,0.24281938997263144,-0.7300993936340915,0.00041346629893044857,-0.00043948976305655587,0.018424844694872895,-1.625182551418435,0.0881747428303598,2.6924305406513476
P02,session_02,011,lean_left,1.6642589569091797,0.5681183779972541,0.23828570187010378,-0.7280406264103061,0.001984221753727572,0.0010949546772123096,0.07129357609231841,-1.752884001701162,-0.18098365954304071,5.693885044119641
P02,session_02,011,lean_left,1.6959505081176758,0.5651906548675497,0.22085771114833705,-0.7454361118991768,0.00202674434651276,-0.0012989429378844413,0.0759593390489674,-1.6815554282786127,0.11889965457001367,3.7525465493906243
P02,session_02,011,lean_left,1.7438292503356934,0.5643714114393888,0.2221123190028409,-0.746879172789792,-8.984978777244367e-05,-0.0006635101871059387,0.013984621606122783,-1.6495183389178214,0.10809580305718652,2.257742616866021
P02,session_02,011,lean_left,1.7759919166564941,0.5640003298884555,0.21558527688815216,-0.7472782655077552,-0.00025902641647989,-0.0001676115448947799,0.009592675935365336,-1.6281719684075957,-0.02523625101256835,0.7847028798673381
P02,session_02,011,lean_left,1.8079326152801514,0.5612867430117936,0.21381451929740536,-0.7507098255653689,-0.0019608777165001667,-0.004180919108938577,0.14457772680989173,-1.6564638556670277,0.009001862587834046,0.31675091385256887
P02,session_02,011,lean_left,1.8401126861572266,0.5629225965916566,0.21045466292059972,-0.7499162989421112,-0.002132270835445466,-0.00014024370754168265,0.06640376650271862,-1.668636441457835,-0.009004927223769272,0.28760025438657794
P02,session_02,011,lean_left,1.8715438842773438,0.5627473541691799,0.21104462230456877,-0.7526761117110837,-0.0004643676454815364,0.00014918442804601564,0.015517800803516862,-1.680577198517046,0.010843674307998596,0.34534598217567697
P02,session_02,011,lean_left,1.9037814140319824,0.5641956928435059,0.20439900838713182,-0.7562143489124721,-0.0015697048461509565,0.0005392138061181149,0.05148460155297686,-1.773665479207272,-0.1176242517958926,3.649037688650944
P02,session_02,011,lean_left,1.9357120990753174,0.56331514566046,0.20306358632125635,-0.7608804484723397,-0.0004747187091361751,0.0014115646805374221,0.04664016429230755,-1.7494534327036722,0.037887425561574456,1.1874685262268212
P02,session_02,011,lean_left,1.9677972793579102,0.5632696149557788,0.2025920689842172,-0.7610526922454434,-0.001059671775172218,0.00013084523167569877,0.03327765042910415,-1.7431004411344009,0.005123466472584089,0.1631139123518466
P02,session_02,011,lean_left,1.9999003410339355,0.5625623911883777,0.20297268107265745,-0.762810074299294,-0.0018166010615065322,0.001179087510599017,0.06746107314163385,-1.7409978294106823,4.585075438843731e-05,0.06747619023052333
P02,session_02,011,lean_left,2.0314228534698486,0.5609802090452212,0.20136166060316196,-0.764883135048859,0.0013510065903576138,1.3759489860703564e-05,0.04286069071686684,-1.729851990362156,0.014284023926879844,0.4551597377217134
P02,session_02,011,lean_left,2.0648295879364014,0.5563024007425924,0.2004798878869731,-0.7698259156837809,-0.0031017478271901087,-0.001038603506580216,0.09791482766039547,-1.6757520431061395,0.06902068612304602,2.0683899037770876
P02,session_02,011,lean_left,2.0954012870788574,0.5574955575045397,0.20039284024223933,-0.765224105491041,-0.0002693189177350285,5.0677716159747325e-05,0.00896402427040971,-1.6984941813301417,-0.07488955635888483,2.4496531062713607
P02,session_02,011,lean_left,2.143501043319702,0.5576072834471407,0.1971623687989042,-0.7672401854717038,-0.0034691513187257318,0.002204626863139923,0.08545574038615297,-1.6817609792196002,0.008828234769321104,0.20245902599468849
P02,session_02,011,lean_left,2.1754512786865234,0.5577866216486489,0.19604144533573986,-0.7702579466601684,0.00011246933180411569,0.00022964046940336782,0.008003169210556294,-1.7084430244780868,-0.03410567035685955,1.0674922579911812
P02,session_02,011,lean_left,2.207313299179077,0.5554131201393888,0.19585876870109242,-0.7685082415107298,0.0013723285759530027,-0.002984025210294946,0.10308392828417334,-1.6917763302371005,0.02850003780248307,0.9004033834577858
P02,session_02,011,lean_left,2.239678144454956,0.5553815505280081,0.19555024341953203,-0.7686439008372384,0.00017777885127182546,0.00011730291846671007,0.006580946084539451,-1.69586591990759,0.003909283423914698,0.12096709695159635
P02,session_02,011,lean_left,2.271991014480591,0.5533022865158645,0.19867897619742783,-0.766175276335803,-0.0015175260457320609,-0.00203827005830172,0.07864195913943549,-1.709651069643032,0.007468243685025566,0.24413591476740357
P02,session_02,011,lean_left,2.3042564392089844,0.5593330158790524,0.2037297150230806,-0.7584867808155139,-0.004909873237837927,0.0006142869543785983,0.15335770667145626,-1.7565051128040778,-0.0781524699521413,2.4270239045940687
P02,session_02,011,lean_left,2.3358945846557617,0.5594759816034116,0.20392636453184246,-0.764243933122426,-0.0002047099941764769,0.0008897400553551115,0.02885712952633737,-1.7611455954056199,0.04620583694342289,1.4607321416937569
P02,session_02,011,lean_left,2.3673207759857178,0.5592885162382033,0.2041762635351646,-0.7621035527166075,-0.00021191895183734555,-3.127896020329943e-05,0.006816444263056219,-1.7596812457489739,0.0027212695376870504,0.08686028317948487
P02,session_02,011,lean_left,2.399986743927002,0.5586416979004152,0.20391871965304337,-0.7616053590641705,0.0005252093873579112,-0.00039792146473363734,0.020171703354751557,-1.7495055182699506,-0.0018376460296215629,0.05976285155488829
P02,session_02,011,lean_left,2.431881904602051,0.5570481299877036,0.2026387639054241,-0.7627294035499076,0.0005012991620290859,0.0005941759331371427,0.024373505287317025,-1.7538836080934415,0.00627584285509508,0.19826857771828155
P02,session_02,011,lean_left,2.4639430046081543,0.555979880996529,0.17980675818776914,-0.7651622747278857,0.0004940074497528711,0.0007823392718254289,0.02885913747200964,-1.767485031167136,0.027778886902843424,0.8669163496141051
P02,session_02,011,lean_left,2.4973182678222656,0.5560939877561578,0.17773681462999175,-0.7683580526759768,-0.00014065283356525594,0.003260873427743023,0.09779414833694904,-1.77279094027624,-0.03934632387903328,1.1829559910067267
P02,session_02,011,lean_left,2.527564287185669,0.5547198284125326,0.1893820462102591,-0.7687505313177593,-0.0013921759066056506,-0.0016177671786249896,0.07056533848757886,-1.6947141104333157,0.07239583339345834,2.394605614820314
P02,session_02,011,lean_left,2.5754051208496094,0.5583143052929956,0.18961325848323773,-0.7660097548219935,-0.002540045091759308,0.0013536409263827738,0.06016249468962096,-1.7783368126891645,-0.15379688786825924,3.2153247741718056
P02,session_02,011,lean_left,2.6071746349334717,0.5584404463362571,0.20260359738341763,-0.7673124336551896,1.9025355346156225e-05,0.0007165060894179341,0.022561208608341182,-1.7509091627817142,-0.014411693332949425,0.4541934796200821
P02,session_02,011,lean_left,2.6395578384399414,0.558543535614124,0.20313923294924013,-0.7700028527270633,0.0001105828090563916,0.002680185805409702,0.08283510690906655,-1.7311694738083307,0.09348561295355422,2.8880431861469087
P02,session_02,011,lean_left,2.671865940093994,0.5556648846984111,0.20264154092659173,-0.7709327379276285,0.0011700175425705325,-0.0003259851764264816,0.03759370232513449,-1.7183056498332232,0.008923643078578916,0.2787511659812129
P02,session_02,011,lean_left,2.7038490772247314,0.5567473373819118,0.18791298554956215,-0.7748514013579425,0.0005568658150340119,0.0010671075673077985,0.03763447575686615,-1.796742112190099,-0.060518729344306244,1.892581641100038
P02,session_02,011,lean_left,2.736081838607788,0.5564440613875166,0.19576341988381396,-0.7750728703767586,0.00046893165328212123,-0.000287877064290035,0.01707100064309188,-1.7624346698699307,0.04742542993563805,1.4714414731479497
P02,session_02,011,lean_left,2.7673349380493164,0.5535903316463261,0.1898668004345179,-0.7729499195681214,0.002136668953174777,-0.0010898817812525568,0.07674701808320172,-1.768486618735105,0.00618963486290505,0.2123991091139296
P02,session_02,011,lean_left,2.7999284267425537,0.5530345973192843,0.17530634045530075,-0.7737864053524802,-0.002349898139281782,0.000463496815749088,0.07348622197956627,-1.7706025368484901,0.020317499587423717,0.6276772850170913
P02,session_02,011,lean_left,2.8317439556121826,0.554513083412517,0.17592218295330805,-0.7716681869460449,-0.0013124267637972524,-5.976447352904625e-05,0.04129388586260735,-1.7622466267025514,-0.07837240033845952,2.463684059570086
P02,session_02,011,lean_left,2.863752841949463,0.556355590848173,0.16881494745676423,-0.7702252602509638,-0.0004198048952762405,0.0012152754445747184,0.0401682593467358,-1.8017112251547756,-0.04999998435592038,1.5625821032224434
P02,session_02,011,lean_left,2.89599871635437,0.5565109901200993,0.17278919435287107,-0.7665610012134759,-0.0011440331358612296,-0.0008908924424559947,0.04496700513632863,-1.7733313406199387,0.031249434062869393,0.9701413647498758
P02,session_02,011,lean_left,2.9285197257995605,0.5561411871943451,0.17668778247675682,-0.7670006824873816,-0.0010065644038941752,-0.000754943398304956,0.03868937599620226,-1.7554766950741079,-0.011380632401449228,0.35207929352351414
P02,session_02,011,lean_left,2.9595282077789307,0.5563247348735489,0.16419109388706957,-0.7710829405798415,-0.0005382982595243132,0.0022450120376319763,0.0744520646321245,-1.7949104806117342,-0.004190005226434186,0.15427811565515923
P02,session_02,011,lean_left,3.0074210166931152,0.5549562699076294,0.16982451698999554,-0.7728275951831911,-0.0001117003878102397,-0.0016430697430010065,0.03438641944137585,-1.7497311544703757,0.040099902202780806,0.8379902190638935
P02,session_02,011,lean_left,3.039604663848877,0.5549873072504408,0.16773442093073448,-0.7720500936697368,-0.00016380912366098505,0.00032133545188898035,0.011206926778402241,-1.7729750950352852,0.00294987985400122,0.09234031410526011
P02,session_02,011,lean_left,3.0715794563293457,0.5551432139072336,0.1651695872179426,-0.7731587830631673,-0.000660367196260639,0.0006659503349006769,0.029331118571749054,-1.7797741462624033,-0.0602998030953107,1.8860824831734417
P02,session_02,011,lean_left,3.103667736053467,0.556741774155199,0.16797476748965642,-0.7710737247876059,-0.002065691444700852,-2.8477898096136334e-05,0.06438138015465728,-1.760215723059052,-0.01671572323417744,0.5248925959608594
P02,session_02,011,lean_left,3.1353108882904053,0.5555143121021635,0.16592024895111776,-0.779744719284956,0.002764623961950174,-0.00036470021235797374,0.08812570959791063,-1.7297653818783914,0.013941494481502541,0.44931189454474424
P02,session_02,011,lean_left,3.1675848960876465,0.5569708270829535,0.16471742185585536,-0.779042637207557,-0.0011943759113219464,0.0018489109262289066,0.06820154837108755,-1.7400125928946824,0.016318321746469085,0.5101971095374226
P02,session_02,011,lean_left,3.1997482776641846,0.5586452876638996,0.17337202511249508,-0.7774771041121377,0.0010718843885335497,0.0003205117036859309,0.03478421119696049,-1.743525706006515,0.019015018330010347,0.5922232511057971
P02,session_02,011,lean_left,3.2320356369018555,0.5566853808803711,0.17928877722053338,-0.7795837002846577,-0.0023746655823086533,-1.397271494876927e-05,0.07354911477080359,-1.7462459663737877,-0.01381917569025176,0.4342791750150656
P02,session_02,011,lean_left,3.2640748023986816,0.55969649253143,0.17935357138974617,-0.775183603480259,0.0009764754583950871,-0.000197014979200143,0.03109170270955589,-1.7818550152644352,-0.044480524455995527,1.3886653070949917
P02,session_02,011,lean_left,3.2958130836486816,0.5588643804975888,0.17180648753592065,-0.7775136514471407,-0.0003780054152978706,-0.00023106404239058663,0.013958963326524201,-1.7960924241600353,0.0227114676367174,0.7157220702311219
P02,session_02,011,lean_left,3.327291250228882,0.5594093612634043,0.1724453971462639,-0.7769532014105164,-0.0010157605845595367,0.0010689020202240866,0.046843831515987415,-1.7874914878523056,-0.003656610245321004,0.12525284645687054
P02,session_02,011,lean_left,3.3600077629089355,0.5603545086972704,0.17290308323225087,-0.7754308298337748,-0.0009999001584772918,0.0005177536790391977,0.03441677880101219,-1.782102100189805,0.004911878893442743,0.154028885686719
P02,session_02,011,lean_left,3.391653060913086,0.5593226770262343,0.1716950453560801,-0.7769277256633285,0.0006543403926119129,-5.4987930880297555e-05,0.020750217028562834,-1.719632980091972,0.05638809836835226,1.7820000178355035
P02,session_02,011,lean_left,3.43965744972229,0.5545072946821731,0.17338701258965056,-0.7798479373797407,-0.0023647522680252347,-0.003281920782169889,0.08426578697263565,-1.6864096516062304,0.0604321339676475,1.2617047713150298
P02,session_02,011,lean_left,3.4714601039886475,0.5569744448179276,0.16914658751066625,-0.7785841543236758,-0.0027122160314599596,-0.0001566700245640483,0.08542485886626533,-1.766312250458512,-0.022248855728800476,0.7047873402677054
P02,session_02,011,lean_left,3.5039093494415283,0.5569967024643472,0.18099576537799777,-0.7793816798997484,-0.000598404213363039,0.0018460427547792894,0.05980442687989243,-1.7635051890830749,-0.02818877644565303,0.870759737049457
P02,session_02,011,lean_left,3.535259246826172,0.5570837371217672,0.18799068431675603,-0.7761321580099488,-1.2839285903410731e-06,0.0006620256793946159,0.021117355386923723,-1.7591966383388817,-0.03406711925181487,1.0868791950725116
P02,session_02,011,lean_left,3.567788600921631,0.5577387757999299,0.1874652962303485,-0.7751775048996901,0.001590228354029958,0.0003633525245679244,0.05014583420512799,-1.7423752505303565,0.024992054567216707,0.7699271206940553
P02,session_02,011,lean_left,3.5997579097747803,0.5550539643708391,0.18624774792403764,-0.7803145856574208,0.001967755357379505,-0.001765414577694534,0.08269257168136725,-1.7484932829994304,0.0042784188717068855,0.1573157585669836
P02,session_02,011,lean_left,3.632028818130493,0.5550411280740614,0.17740160928145093,-0.7783842412762783,-2.6846949604533333e-08,-8.113148170489973e-05,0.0025140750688678556,-1.746269448234829,-0.01233252215813685,0.3821642975646184
P02,session_02,011,lean_left,3.663771629333496,0.5548008502458519,0.17413696433736883,-0.7786713935312094,0.0002410288673752599,7.880306406050953e-05,0.007988705981270564,-1.7469711069803944,-0.004437305457885747,0.1400173871225307
P02,session_02,011,lean_left,3.6955530643463135,0.5555051102397953,0.17211275673793247,-0.777431466410893,-0.0006821208680416687,0.00047543789630620693,0.026161896392818833,-1.744991631265483,0.0015563589902779353,0.05552093193453691
P02,session_02,011,lean_left,3.7279112339019775,0.5538568586994487,0.16388214398594944,-0.7803818375573275,0.001432360922029772,0.00018983712439831835,0.04465290081019088,-1.7536258982134016,0.004515922784492933,0.14652992424113837
P02,session_02,011,lean_left,3.759458541870117,0.5534012735698426,0.16171979767820227,-0.7811663476547908,-0.0005690108667750427,0.00021648908616654096,0.01929809145112749,-1.7361705772919689,0.03487733420904366,1.1057250061351345
P02,session_02,011,lean_left,3.7916665077209473,0.55418547166761,0.16092678424795578,-0.7790294682703028,6.146688469950854e-05,-0.00014960706319687905,0.005021798916106457,-1.7385033119803248,-0.003882765770456313,0.12065751432744917
P02,session_02,011,lean_left,3.839416265487671,0.5550113358552613,0.16055675934654817,-0.7786884937023976,0.0009379485294744058,0.00048386169738622416,0.022102734155048254,-1.765350367404625,-0.019018138105017426,0.39890045281496445
P02,session_02,011,lean_left,3.871535301208496,0.5553798403279671,0.15295395185018396,-0.7830850350741579,-0.00038847991457218107,0.0010783745235503214,0.035686462124398306,-1.7692473753411766,-0.013569671297364382,0.42398517508582123
P02,session_02,011,lean_left,3.9038987159729004,0.5576485929867455,0.14980614845765103,-0.7835946828008971,-0.002095359998592047,0.002284200260149784,0.0957777248734453,-1.764606774819904,-0.0022092199610227133,0.11761459786854896
P02,session_02,011,lean_left,3.9401707649230957,0.5567066456008879,0.14919719954996413,-0.7854054289221976,0.0008864037424285275,0.0006629023760413369,0.03051565863370963,-1.726103247471991,0.02976395801140458,0.8211428050576322
P02,session_02,011,lean_left,3.9741785526275635,0.5569509554361729,0.15047838040619033,-0.7851560465656168,-0.00010926696816242022,0.0003901933064840197,0.011915028495085748,-1.7256357572463479,-0.018274793405607326,0.5375029175104189
P02,session_02,012,lean_left,0.0005817413330078125,0.5806740751384949,0.09220014347806738,-0.7887107429858828,0.0,0.0,0.0,-1.9298693903535087,0.0,0.0
P02,session_02,012,lean_left,0.03239750862121582,0.5792269010326874,0.07199725577423985,-0.8034921569590632,0.0007193489607604646,0.00979721281476317,0.3087647049108164,-1.864783885468332,0.037490398439570284,1.2181402944188997
P02,session_02,012,lean_left,0.06501913070678711,0.577836735093679,0.053911903298845015,-0.8123445487981634,0.0007341798010125914,0.006596271559571857,0.20345412957271605,-1.8436406746233027,0.023142291162856012,0.7380137065907257
P02,session_02,012,lean_left,0.09663724899291992,0.5752129091470303,0.047319476889747275,-0.8179336343072617,0.001133545683677496,0.001845350303519043,0.06849544287068765,-1.7793207040008399,0.11610873439617607,3.6728602639576273
P02,session_02,012,lean_left,0.12901020050048828,0.5714452410596844,0.04809225872554484,-0.8226807556465414,0.0003540375367440309,-2.033949168891096e-06,0.01093639482152724,-1.815649107424553,0.05009348217383391,1.5474255807191164
P02,session_02,012,lean_left,0.16089224815368652,0.5658413552068678,0.042592164281134506,-0.8312861896502306,0.004821245147217433,0.0005290605319488424,0.15212907991803018,-1.8208896879698795,0.023561087978914094,0.7545038551453404
P02,session_02,012,lean_left,0.19276785850524902,0.5619549476795802,0.042792698133069816,-0.8356016080546665,0.0010562641319321125,0.0009182714989408309,0.04390858569516232,-1.802348030980041,0.0017537977997169243,0.07039297002669735
P02,session_02,012,lean_left,0.2245187759399414,0.5574256300960185,0.04566135134704443,-0.8385842496816578,0.0038718782753945536,-0.0007980068370414126,0.12450849503139204,-1.8217161088267209,-0.019401735033339966,0.6236164178780589
P02,session_02,012,lean_left,0.273406982421875,0.5508016068784335,0.044248203557197816,-0.8485353292096719,0.007904220522374336,-0.00013391527364557147,0.1617026972930452,-1.8845387852637325,0.011567574283913827,0.2865891980044381
P02,session_02,012,lean_left,0.30490565299987793,0.5492601138780182,0.05150913050469145,-0.8490243970815258,0.002002863667871048,-0.00046608508945391333,0.0652846560001901,-1.8628281043199408,-0.01819620063202392,0.5813587978189145
P02,session_02,012,lean_left,0.3366854190826416,0.545429583587712,0.05395610689553575,-0.8550332325595895,0.007206099195432364,0.0005518102846816606,0.22741501165938202,-1.8746400713790978,-0.01629640730827857,0.5609573442661405
P02,session_02,012,lean_left,0.36875462532043457,0.5441990199875645,0.06214230778816506,-0.8548853192249343,0.002231262603579865,0.0002864686312988887,0.07014757624797444,-1.8345250165800664,0.0688025254840153,2.1465854625504432
P02,session_02,012,lean_left,0.4002666473388672,0.5433943417887378,0.06410297300971882,-0.853971241003074,0.008343338618116055,-0.00015833676966538408,0.2648145176490218,-1.8226528920927758,-0.089970660028419,2.8673763339782417
P02,session_02,012,lean_left,0.4331965446472168,0.5474865110032658,0.06744469826211487,-0.8457905526584948,0.006334496801423176,-0.0014193331494374156,0.19713272503409093,-1.8194184726355118,-0.057447936536711854,1.7556551295449947
P02,session_02,012,lean_left,0.4645349979400635,0.5450762429317159,0.08818487495834684,-0.8386125579521093,0.006566665619687584,-0.0025270474659256923,0.2245205190249633,-1.8184423118757527,0.0004461795115793637,0.2249714833244785
P02,session_02,012,lean_left,0.49707603454589844,0.5470931961359707,0.12349155224909036,-0.8331367619658525,0.010302166161252227,-0.0013238801836755985,0.3191932887018897,-1.8063850482870922,0.008225565063367295,0.40716044336003676
P02,session_02,012,lean_left,0.5287256240844727,0.5491068474120586,0.14416990826452158,-0.8287773249598371,0.011287400651039274,-5.058353323445018e-05,0.35664013840148806,-1.802822470516599,0.033686652126672725,1.1225242927869026
P02,session_02,012,lean_left,0.5606744289398193,0.5529346200209426,0.14364582658565495,-0.8231742510228853,0.014507658805418554,-0.001778972444682547,0.457492021118237,-1.7852130774313675,-0.058820570995450724,1.8970780422050897
P02,session_02,012,lean_left,0.5925464630126953,0.5560017894281535,0.155511582207547,-0.8171009362713066,0.009289128866692932,-0.0005517699987520962,0.29196448078735776,-1.7636061415485684,-0.031172324873156,1.0206947708768743
P02,session_02,012,lean_left,0.6250343322753906,0.5607948736720207,0.15239735951149228,-0.8077460832049187,0.015948320808693513,-0.0026062921853928197,0.4974127131446718,-1.7457117825656518,-0.04185508195494117,1.3810186218895122
P02,session_02,012,lean_left,0.6563620567321777,0.5570096037714914,0.1441599086007034,-0.8060130259201953,0.011520806689581406,-0.0035436330014683172,0.3847543280924464,-1.7523221051341527,0.006677772032186717,0.4398550403339833
P02,session_02,012,lean_left,0.7046992778778076,0.5541620597990772,0.1337837283987287,-0.8025573820090347,0.01585778175309136,-0.0035932488251827054,0.33638233224824216,-1.754590553953549,-0.007996383614338156,0.374859793582588
P02,session_02,012,lean_left,0.7362720966339111,0.5546632717109263,0.15680995356791852,-0.7985448267856391,0.0049314638118887625,-0.003302221410794893,0.18797755192720492,-1.7449780106143051,-0.00715209071253378,0.29436366473112513
P02,session_02,012,lean_left,0.7682640552520752,0.5463568578697491,0.1600790093576732,-0.8010975894684175,0.008623118876970301,-0.0041597268712330595,0.2992627529716021,-1.7537979381753341,-0.01453021577132299,0.543912432646141
P02,session_02,012,lean_left,0.8007388114929199,0.5380403683300283,0.1856579999655541,-0.8067265573667655,0.010462876791664608,-0.006168063972792025,0.37400279461876434,-1.7995545433076394,0.03244503789761577,1.0667936469165988
P02,session_02,012,lean_left,0.8326253890991211,0.541802905744198,0.18223634611110437,-0.7944125067040861,0.0069092832013821215,9.675526750442762e-05,0.21670436750998662,-1.795767148755611,-0.016228317121412036,0.5531541408207016
P02,session_02,012,lean_left,0.8653082847595215,0.5382783960328075,0.17951003023230963,-0.7972440648559865,0.019192928872140805,-0.001753607359950486,0.5896929640948287,-1.7655992482753606,0.0613529485117094,1.9676606627499247
P02,session_02,012,lean_left,0.8971803188323975,0.5372873880181919,0.18565990268006685,-0.7923706648618757,0.0003518342978464829,-0.0037210789643751076,0.1172713109258433,-1.7326303256641102,0.00980681943773546,0.3292838950690344
P02,session_02,012,lean_left,0.9285836219787598,0.5338677631761034,0.17963252448944067,-0.7960045704326947,0.017488555237349573,-0.0002452880911791206,0.5569565479100453,-1.7613508697671059,0.03160169178529616,1.150163204190746
P02,session_02,012,lean_left,0.9605958461761475,0.5281382974928475,0.1900137510693964,-0.7929423403994006,0.0038165480199016935,-0.00876624703208759,0.2986678186177642,-1.726271739661992,0.049466772385871306,1.5738452045045734
P02,session_02,012,lean_left,0.9931278228759766,0.5315121855317558,0.21771443087703785,-0.7773012106849116,-0.0013003663480692517,-0.0017094870629297519,0.06602301196747011,-1.707411685751723,-0.020994035230325298,0.648703921889987
P02,session_02,012,lean_left,1.0246334075927734,0.5309131026583538,0.253088839879517,-0.7750744960623728,3.870445310809959e-05,-0.004008029958479215,0.12722242324117336,-1.7096869234784988,0.02773192308773668,0.8893689409599604
P02,session_02,012,lean_left,1.056760311126709,0.5385860449962091,0.2394279135241533,-0.7681338153388698,0.012819038072169194,0.0008519280433346293,0.3998927441130119,-1.6991025318179527,-0.016329091172771117,0.6467232908226385
P02,session_02,012,lean_left,1.0883326530456543,0.5346306212739701,0.2442128940301073,-0.7696733606982558,0.002226768209466257,-0.0013716867643056632,0.08283653563373014,-1.6587508640999897,0.10975043791043335,3.4771445043020823
P02,session_02,012,lean_left,1.1367223262786865,0.5367536992839436,0.2654750372279352,-0.7597693683951929,-0.0011671269682654783,0.001167821009182836,0.03412004072764565,-1.6518389818647814,-0.0831800266194983,1.719300948736808
P02,session_02,012,lean_left,1.1687939167022705,0.535315733079568,0.26246982370615224,-0.7603245882052369,0.001017218624183117,-0.0021025246181703527,0.07282668700189464,-1.6637551601595921,-0.010349085356755607,0.3308030040229087
P02,session_02,012,lean_left,1.2009551525115967,0.535075275414998,0.2623297288779328,-0.7606076770314318,0.00253685124348078,0.00018101667598991228,0.07907971164622932,-1.6720861533539617,-0.013363597878034348,0.4229769118443092
P02,session_02,012,lean_left,1.2332749366760254,0.5367313856057031,0.26992065223612655,-0.7576445074760563,0.002092537070913469,-0.00013215088438077948,0.0648737565296831,-1.6578157704405143,-0.02575698472395734,0.799577842505281
P02,session_02,012,lean_left,1.2649037837982178,0.5443032424458497,0.26180790031084417,-0.750071365157734,0.008690914294428633,0.0028045663488664545,0.28873097127893116,-1.6698891879726916,-0.07077029321156103,2.256075713090648
P02,session_02,012,lean_left,1.2978382110595703,0.5425465858612779,0.2654895528005175,-0.7440229149769558,0.0010960819889411727,-0.0035827280527568465,0.11376069398374729,-1.6074047860866245,0.06892825348396682,2.095983134612198
P02,session_02,012,lean_left,1.328848123550415,0.5449226437810257,0.26855400782091987,-0.7394469845798566,0.0038412169815077606,0.00181683246423703,0.13702763590822414,-1.645275679746295,-0.016910050575401566,0.5622640010833593
P02,session_02,012,lean_left,1.360978603363037,0.5458860469668116,0.2662441242983218,-0.7270562012005674,0.0037195439171177807,-0.001335870426724521,0.12300340721214055,-1.6896001696979464,-0.06705431879539737,2.090559731551032
P02,session_02,012,lean_left,1.392444372177124,0.5488606481156277,0.2561423127664514,-0.7261995201427438,0.007012328421886978,0.0023770264303796243,0.23531145493208502,-1.709674210281311,0.02361630084254167,0.7865627425229885
P02,session_02,012,lean_left,1.4247448444366455,0.5488198188452644,0.2551233749119876,-0.7259591713277254,-0.0006841579820360621,0.002112532579978484,0.06874683838768836,-1.7108198997911968,0.0004969770498923756,0.0704475597458436
P02,session_02,012,lean_left,1.456716537475586,0.5494534272230999,0.2545998229352603,-0.7312434348216936,-0.0011991095323870878,0.003512036287326199,0.11607455091970692,-1.705295715523226,0.07781812709623673,2.4367357340964144
P02,session_02,012,lean_left,1.489166021347046,0.5493463638682694,0.2539289142738937,-0.7248035709405071,-0.00012567131476936644,2.6420000126346407e-05,0.003957487910361304,-1.6877376284612862,-0.004450196756394782,0.1371993853929287
P02,session_02,012,lean_left,1.5211310386657715,0.548096138406256,0.2578433429560984,-0.7154941509434853,-0.00033374921295301334,-0.001276490147162747,0.04127636507502237,-1.6833914456731176,-0.012159634387237364,0.3826372607298825
P02,session_02,012,lean_left,1.5686390399932861,0.5481325247678392,0.2588460026282785,-0.7153867382549516,-0.0004417071714184153,0.00010798011354467906,0.009571316546645987,-1.671860502035024,-0.05354187949341265,1.1270482620500752
P02,session_02,012,lean_left,1.6007745265960693,0.5480278888314578,0.25838584709019446,-0.7204906549571756,3.0154282474955064e-05,0.0008328455114588581,0.0259336736045929,-1.6874938199108542,0.039016405851163075,1.2143990830211409
P02,session_02,012,lean_left,1.632920503616333,0.5472408887168562,0.2546234370736362,-0.7213089182583654,-0.0007684198632824643,1.715466030715636e-05,0.023910031552182527,-1.6850007699503422,-0.017834556677329992,0.555314007272786
P02,session_02,012,lean_left,1.6648640632629395,0.5455937721487535,0.25675632905610823,-0.7223506647138196,-0.0015676167740604002,-0.00019522491943801487,0.049453670705501517,-1.6344293618782768,0.09795407601619976,3.0668721508563754
P02,session_02,012,lean_left,1.696995496749878,0.5454311363474698,0.26000244166389347,-0.7168402259284308,-0.00010534579662660125,-0.0008315105461948225,0.026085273172091004,-1.61357487353749,-0.03189630852534403,0.99302507004626
P02,session_02,012,lean_left,1.729259967803955,0.5424675637621872,0.26532130144021254,-0.7172539840952274,-0.003876456415369477,-0.0012288630541239295,0.1260387419712203,-1.61956269614135,0.007683031133455082,0.2694254565810517
P02,session_02,012,lean_left,1.7605006694793701,0.5432044762740535,0.2644160186365753,-0.7182290633727577,0.0005067230878890707,0.0005557714248934914,0.024074272895561768,-1.6509005559398502,-0.06479279831892806,2.0741263725397516
P02,session_02,012,lean_left,1.7927885055541992,0.5432768167167108,0.26345118264128153,-0.713028032404,1.626498373583159e-05,-0.0019663899055467763,0.06090396295689982,-1.66065851482102,0.03523288960024248,1.0929107758733667
P02,session_02,012,lean_left,1.8246641159057617,0.5433570737849944,0.26289537703883936,-0.7120635121189556,-0.0010937888576943247,-0.00045123863866468805,0.037119662209982245,-1.6597926697220744,-0.03130741612647704,0.9828758278990917
P02,session_02,012,lean_left,1.8568637371063232,0.5446220184713633,0.2625275163917309,-0.7151070357852314,-0.001294263737430647,0.0015062533247300859,0.06167556820027993,-1.6644391996215837,0.00464855845149389,0.1569893887534928
P02,session_02,012,lean_left,1.8889107704162598,0.5462391767663056,0.260162461679104,-0.714151120373954,0.0018117443083940366,-0.0004982883358497527,0.05863313455189072,-1.6694586551466428,-0.0017763627266795326,0.08068651925657558
P02,session_02,012,lean_left,1.9209961891174316,0.5452414903605548,0.2613403294351642,-0.7109726753423871,-0.0007499206688925896,-0.001033600572066973,0.039799792662906425,-1.6521110351766521,0.009859407085654501,0.3098529418413555
P02,session_02,012,lean_left,1.9685089588165283,0.5450257406776937,0.2645679017298337,-0.7137403320069624,-0.004168300441717088,0.0026858006178179183,0.10436466740855452,-1.6482020149068393,-0.01079309849846657,0.2499891676500384
P02,session_02,012,lean_left,2.000351667404175,0.5445871119908874,0.27269351683027515,-0.72552920717479,-0.0003889825940928307,-0.0009245724433312288,0.031500653513796786,-1.6220031305447433,0.06912909679986781,2.171183820391481
P02,session_02,012,lean_left,2.032756805419922,0.5465868035902494,0.26813539454938784,-0.7249127578626158,0.00039456588512925525,0.0011744557680763018,0.03823352661580379,-1.6850650257890638,-0.15519964065211642,4.7895054738980205
P02,session_02,012,lean_left,2.0644659996032715,0.546637819963909,0.26783450236674977,-0.722169458842351,0.0001699912406554108,-0.00011029258494095447,0.006390459307054911,-1.677623000244501,0.012085079650776874,0.38117582905267106
P02,session_02,012,lean_left,2.096360683441162,0.5477720687269007,0.2663048094089893,-0.721394597026252,0.0009580156121931919,0.0008153891575057141,0.03944342370845521,-1.674726794963328,-0.03150654564321939,0.9886177917205026
P02,session_02,012,lean_left,2.128603935241699,0.5475452970768003,0.24505861987099878,-0.7223580566832996,9.478803802216136e-05,0.0002853166209085098,0.009324427795483838,-1.7191673526557152,0.059365451575434575,1.8411980665628005
P02,session_02,012,lean_left,2.161679744720459,0.5464047888680281,0.24786168121232208,-0.7230256575658168,-0.0006933451717676744,-0.0007991577609140942,0.03198736137299244,-1.6551857523440814,0.043545643871200766,1.3169290674739251
P02,session_02,012,lean_left,2.1932694911956787,0.5457501757169072,0.2508124418991246,-0.7228312194281071,-0.0005911315363719586,-0.0009839268380923741,0.03633600424547553,-1.6494283190593229,-0.008367501027341401,0.2673609362186557
P02,session_02,012,lean_left,2.2247209548950195,0.5473568063825974,0.24715346387223122,-0.7281462124341793,0.0013032875110251837,0.001891731091974975,0.07304005899204963,-1.6680066392721573,-0.012641559448323904,0.4085211666764589
P02,session_02,012,lean_left,2.2569072246551514,0.5472921200769499,0.24657594773424374,-0.7326916874821288,3.0494319075456154e-05,1.845995386889221e-05,0.0011075065953171398,-1.6578966523134608,0.04938941598672688,1.5344875072079718
P02,session_02,012,lean_left,2.2891411781311035,0.5438619191800214,0.2515365273716817,-0.7357261956553169,-0.0032800193362495836,-0.0010497574289478804,0.10684107391284602,-1.5784545764772395,0.08243848054199052,2.5597351814590397
P02,session_02,012,lean_left,2.3206844329833984,0.5435276573810187,0.2567702959547854,-0.7363797231678642,-0.0006945479453684926,0.00043695054682572963,0.02601387807056544,-1.653238774475798,-0.10713965448809643,3.3966943871176913
P02,session_02,012,lean_left,2.353018283843994,0.5457569637668956,0.2608176417915642,-0.7343770275743725,-0.0033788003067333587,5.302370278286033e-05,0.10451017256377959,-1.6720543036057451,-0.0032843023482722468,0.1457388179501399
P02,session_02,012,lean_left,2.400693416595459,0.545027259236141,0.2609709970519995,-0.7360637049033362,-9.703041486600667e-05,5.746912709167259e-05,0.002365433283430371,-1.671598676250176,-0.0033611237284819,0.07054023491554998
P02,session_02,012,lean_left,2.4327046871185303,0.5475199237279242,0.25705802109481657,-0.7358360003129247,0.0010751579028482551,0.002856074437177613,0.09533334266759273,-1.7170926519248375,-0.061440790354220155,1.921714824128375
P02,session_02,012,lean_left,2.464717149734497,0.5464250109851525,0.2541612686685275,-0.7366237844842526,-0.0001654760384434974,-0.0016711225503984047,0.05245754997526334,-1.7037597810617877,0.09373980326417657,2.9286982696000976
P02,session_02,012,lean_left,2.4966280460357666,0.5437605567872453,0.25351169187797795,-0.7315573123760927,0.0021607976994083584,-0.0016447822183701924,0.08509871942483013,-1.6304230942188456,0.02797184821469368,0.8806821424394813
P02,session_02,012,lean_left,2.529128313064575,0.5451039839519446,0.25051345124674373,-0.7333636942409789,0.0005078003068884497,-0.0010977737254536158,0.037216071656842535,-1.6848149362174207,-0.013017440091448392,0.4022586012430489
P02,session_02,012,lean_left,2.5612633228302,0.5480099576293291,0.24641654170915464,-0.732412699602779,0.0024564444173869114,0.00022862534078735817,0.07677174407379155,-1.68757630866279,-0.04303529428607707,1.341401496954337
P02,session_02,012,lean_left,2.5933244228363037,0.5429647560389829,0.2510076091304297,-0.7376281877317603,-0.0033766356829167806,-0.0017929209031832154,0.11924476536777175,-1.6711525929222248,0.022625465236846925,0.7157020813473471
P02,session_02,012,lean_left,2.624744415283203,0.5444469962493791,0.2422981315753092,-0.7401468536595897,-0.0009317622012391223,0.0025232899888685124,0.08560879590743024,-1.69709227941449,-0.016597103159964124,0.5351260152464026
P02,session_02,012,lean_left,2.656545400619507,0.5429065070422538,0.2450279810831126,-0.7387900034369788,-0.0013929358384516684,-0.003823917655430275,0.12797463403296697,-1.6289319686642374,0.040456785303141,1.2786070872147675
P02,session_02,012,lean_left,2.688323497772217,0.5423553894542321,0.24626804235952698,-0.7360317995635598,-0.00035486583469449933,0.0015164497429644003,0.04900915222860781,-1.669384966135344,-0.012824514973058287,0.40652955736301294
P02,session_02,012,lean_left,2.7209179401397705,0.5448630157056703,0.2581969742582057,-0.7340425731634553,-0.0068651730472149095,-0.0011203567720164684,0.21341031593223203,-1.6529139577585357,0.03234364928050765,1.0149948096262853
P02,session_02,012,lean_left,2.7527639865875244,0.5453884477627727,0.2578647013290025,-0.7370485735992837,3.98083090107542e-05,0.003034502424138919,0.09529482825363514,-1.7131261249925878,-0.0790506952318449,2.484105094208911
P02,session_02,012,lean_left,2.784827470779419,0.5455284229088118,0.25126184310974337,-0.7379048603478141,0.0005833138731761517,-1.6279797162865206e-05,0.018199550714822276,-1.7422475852575754,0.033845561726117204,1.0557365396850769
P02,session_02,012,lean_left,2.832784652709961,0.5448126627933527,0.2509490592857533,-0.7351953739084697,0.00040690055540239245,-0.0024499915406819054,0.05178684630253588,-1.7024339606409498,0.011620912474284057,0.24779050374788997
P02,session_02,012,lean_left,2.8657548427581787,0.5450369830247564,0.25207737640470923,-0.7325996983223405,-0.00013877644375654246,-0.00039713684436712686,0.012759581841191803,-1.676751536217786,-0.030410112740863075,0.9224400098432242
P02,session_02,012,lean_left,2.8964757919311523,0.5432745251951758,0.24314374403438804,-0.7359212074146617,6.456649782670292e-05,0.0006411667175858146,0.02097622334508814,-1.6892400072853353,0.007297248533262885,0.23845769447820606
P02,session_02,012,lean_left,2.928781270980835,0.5422539656440292,0.23885585661918587,-0.738961879647952,0.0011378110965006567,0.0008879350839301828,0.04467585901258429,-1.6958721412215985,0.02176886405784145,0.6753237154421803
P02,session_02,012,lean_left,2.960833787918091,0.5408570579308934,0.22063475876468852,-0.7507047809273302,-0.0014355732143664353,2.3418363186801327e-05,0.04479411757856442,-1.6994892409526596,0.043228975994090584,1.3494357566149684
P02,session_02,012,lean_left,2.9926764965057373,0.5410324532707297,0.22141687133296575,-0.750527568764917,0.00018337519427691815,2.68259896704293e-05,0.0058200763888743515,-1.691138591917726,-0.030948709117849443,0.9719419412785697
P02,session_02,012,lean_left,3.025200128555298,0.540414497708411,0.22178162077299293,-0.7517547198228136,-0.0005286957806320674,0.000356912390972227,0.019613172081775408,-1.6968785565197049,-0.013026943813974958,0.40101770590374197
P02,session_02,012,lean_left,3.056593418121338,0.5401788501927017,0.22264569197379372,-0.7521087611381485,-0.00016816185714285228,-0.0004135082412354586,0.014219403681318932,-1.698739688436912,-0.004357174130178914,0.139519658392967
P02,session_02,012,lean_left,3.0888187885284424,0.5390854580035775,0.23159174131180651,-0.7437201834711178,0.0008359912374852778,0.00013842891539896413,0.026295266987580314,-1.6981403157267643,0.0018609677973712578,0.063453399296077
P02,session_02,012,lean_left,3.1203713417053223,0.5377817231433034,0.23537776968133378,-0.7527030707885167,-0.0015445586800042837,-0.00038476116876629327,0.05044792612719635,-1.685601689427474,0.009982953545138644,0.3203879718753848
P02,session_02,012,lean_left,3.1524157524108887,0.5375645913906423,0.24415015324199135,-0.7531799611609562,-0.0057760494481476155,0.00017773909797105437,0.18033670598394502,-1.6820473700126752,-0.00547079945643563,0.24833151022217362
P02,session_02,012,lean_left,3.1846468448638916,0.5377529112718497,0.24402901727083218,-0.7554118219160902,0.0001110064687541536,-0.0006178787419570936,0.019477190180139287,-1.6771008319161527,0.018614809416237273,0.5778703281927329
P02,session_02,012,lean_left,3.2167179584503174,0.5403093319596316,0.24093189490429875,-0.7532125855733205,-0.0009483020139447325,0.0009200887535036837,0.041199143064046796,-1.7452313913082669,-0.0410293063647996,1.2799859994060074
P02,session_02,012,lean_left,3.264679431915283,0.5419779071231953,0.23656073783216114,-0.7541707013612495,-0.00015762332006811886,0.0029611628846985065,0.06182785607127718,-1.7575160202896631,-0.01992429700279159,0.41999870809862366
P02,session_02,012,lean_left,3.297144651412964,0.5404944998595446,0.23866722845198035,-0.7545262796205072,-0.001489000933640687,-0.0018662894925266654,0.07354026477255816,-1.75915054203213,0.025313401844841946,0.7831687169652981
P02,session_02,012,lean_left,3.3290390968322754,0.5407568368630863,0.23894362270234648,-0.7541658582386228,-0.0003333188477955706,-7.484242647261654e-05,0.010710892564717963,-1.754778788443662,-0.041637272296648424,1.3055148991750447
P02,session_02,012,lean_left,3.3605282306671143,0.5418747876115215,0.23838556342870384,-0.7566144800279465,-0.0005208636766747169,0.004068847015899079,0.13026874984098422,-1.7619899156295913,0.025226758001055647,0.8116480261406691
P02,session_02,012,lean_left,3.392886161804199,0.5413223565433904,0.23582537475132748,-0.7565511116878517,-0.0005970403424626634,-0.0012462725097816692,0.04270673873599491,-1.7537721060725175,0.052595513206299266,1.6259897454111591
P02,session_02,012,lean_left,3.4250662326812744,0.5426572570321455,0.2357349475068548,-0.7540562786572964,-0.001263609259383162,0.00020781439196409523,0.03979431639956045,-1.7558500490998201,-0.02040299073577935,0.6352732699278109
P02,session_02,012,lean_left,3.457519054412842,0.5419841401598132,0.23066410565505055,-0.7553294115229673,0.0005997205546006487,0.00040366282412537135,0.02227592447746106,-1.718548861629228,0.01977898349514999,0.6098757899959607
P02,session_02,012,lean_left,3.4888248443603516,0.5390003175032412,0.2343208429117747,-0.7582516927809099,-0.002408346923159352,-0.0012677867300576436,0.08693782325234058,-1.7024880693166422,0.014895015021304834,0.4836686045673336
P02,session_02,012,lean_left,3.520728826522827,0.5376392583979066,0.23820677039473614,-0.7585547399311688,0.0026282720109802185,-0.0016324670875653533,0.09697811750870636,-1.693368364818169,0.018811730326172876,0.5975576476705974
P02,session_02,012,lean_left,3.552643060684204,0.5372663758161208,0.2229399822361331,-0.7696685419131162,-0.0004415989892686738,-0.00018183161497584634,0.014964146194801475,-1.7208154362517512,-0.0699928850961715,2.1932067671582822
P02,session_02,012,lean_left,3.5846540927886963,0.5376271946343646,0.23178540013332893,-0.7553463328367187,-0.0003859527042069488,-0.00047068214167629476,0.0190149467691607,-1.7246299220558021,-0.019612079262715687,0.6129612648603504
P02,session_02,012,lean_left,3.6166956424713135,0.5377796284026387,0.23427308265706964,-0.7583054272464118,-0.0005062652093785683,0.0011714119638601254,0.0398273822738417,-1.7514971301378823,-0.0018597508797039432,0.07039230742698706
P02,session_02,012,lean_left,3.671868324279785,0.5401159613514475,0.22711683668822408,-0.7566275391958999,0.001577473460717489,0.0015141847112179274,0.03963175964472726,-1.8177498327353976,-0.0786969942425897,1.426926568236717
P02,session_02,012,lean_left,3.7015438079833984,0.5399964336996742,0.22713178726073818,-0.7601598327173436,1.9426827337721136e-05,-0.001842513155311989,0.06209218308871904,-1.7761969758920089,0.004864764552587407,0.1752973893595137
P02,session_02,012,lean_left,3.7335052490234375,0.5407404922356034,0.2196173266683358,-0.7591723842952353,0.0006870224350832434,-4.3264418718891826e-05,0.02153793218845947,-1.7712385784545095,0.013198844315995379,0.41352276211367645
P02,session_02,012,lean_left,3.766334056854248,0.5406999938441108,0.21927021741712063,-0.7589151836772977,0.00040588922611725056,2.8881851505355687e-05,0.012395073967635945,-1.7649181896553328,0.006471684340651409,0.19752360255695367
P02,session_02,012,lean_left,3.7993011474609375,0.541581402275773,0.2147426813433426,-0.7584845849020784,0.0006338988955352716,2.922004544721813e-05,0.019248650289025594,-1.7829342606464675,0.025310942644055263,0.7680051719087359
P02,session_02,012,lean_left,3.8302524089813232,0.5410334026696467,0.20571691662210326,-0.7610332077946169,-0.00013721442096076693,-4.89697391546053e-05,0.004707106378971467,-1.7604426228469123,0.019739762445699537,0.6377866074027088
P02,session_02,012,lean_left,3.8566393852233887,0.5421552984636259,0.20486786925379016,-0.7621029381366239,-0.0009124209420326253,3.1003127469735255e-05,0.03459841358632608,-1.7569926664844604,-6.956464151232263e-05,0.03469870936318731
P02,session_02,012,lean_left,3.8888959884643555,0.5419821129108298,0.2051927096972212,-0.7647554152680007,-3.755656451736965e-05,0.0023512718869146795,0.07290202856496637,-1.756064812333253,0.0028276848810266718,0.11401476874933655
P02,session_02,012,lean_left,3.9207701683044434,0.5432171001914387,0.19970169813316688,-0.7622079276261227,0.0003589936628930846,0.0012777508074852816,0.04163947175752251,-1.7878008950260798,-0.02028170180924732,0.6376660338638792
P02,session_02,012,lean_left,3.952728271484375,0.5425430921742901,0.20071258649084314,-0.7666584238453437,-0.0006476615169938255,0.0008839463238594325,0.03428934151445338,-1.753022579885561,0.03889745593994107,1.2176219739117375
P02,session_02,012,lean_left,3.9850428104400635,0.5429378361944187,0.20092473850740122,-0.7637902829827287,-0.000410446373043328,-2.140743369935111e-06,0.012701773534476274,-1.7667630781455252,-0.017383741862991152,0.5381041287481689
P02,session_02,013,lean_left,0.0013661384582519531,0.5540996974915637,0.050782208873439275,-0.7699630239119533,0.0,0.0,0.0,-1.7867266850061325,0.0,0.0
P02,session_02,013,lean_left,0.033745765686035156,0.5520985087433634,0.021571884454741487,-0.7774156249174323,0.0005824180871886911,0.000861522097551463,0.03211645436816111,-1.8104244517076522,-0.0068312332686237594,0.21340373431222526
P02,session_02,013,lean_left,0.06509542465209961,0.5516742362662923,0.016545653208669617,-0.7843043756464633,0.00013377097562502146,0.0028519620862884434,0.09107268510824969,-1.8716620143697278,-0.0014204438296150689,0.10172120441071487
P02,session_02,013,lean_left,0.09729766845703125,0.5512079848174523,0.014051250827090299,-0.7875630267828052,9.94838150095375e-05,0.001972591036308677,0.06133417571937225,-1.86454107008662,-0.0010769663647690094,0.06985965123528123
P02,session_02,013,lean_left,0.12967300415039062,0.550879631920753,0.004739685793870096,-0.7943902847037203,1.6770850481388986e-05,0.0019069538987692915,0.058903717992702255,-1.8486546896292633,-0.027131016316508192,0.8400825887289677
P02,session_02,013,lean_left,0.16152405738830566,0.5500066471978163,-0.0006011191240559384,-0.7925307334341533,0.0006460117162164201,0.001179886776456839,0.04223292573081712,-1.8615094804460022,0.021284317573801004,0.6695785545745854
P02,session_02,013,lean_left,0.2090606689453125,0.5476663335241027,0.000838809819637949,-0.7951446383693991,-0.0016067279793107135,0.003207660555216098,0.0754696272071311,-1.9216712597095027,0.17426927686390659,3.666777979191098
P02,session_02,013,lean_left,0.24127864837646484,0.5472329649832419,-0.0006917240408185278,-0.7971425341231444,0.0007402751554419752,0.0015421446021224462,0.05309516629486759,-1.9467915115553742,-0.020303978107475997,0.6324391300042627
P02,session_02,013,lean_left,0.2735152244567871,0.5469749051925391,-0.0013514365948525486,-0.7990218282152717,-0.00019712934062436838,0.0015614518086271832,0.04882175308002533,-1.9340869595010635,-0.041046355212817194,1.274220845617948
P02,session_02,013,lean_left,0.30539655685424805,0.5466960484448742,-0.006019681979015234,-0.8004921313308037,0.0010094267284768926,0.0014846210251844084,0.0563114244008237,-1.9185042454702241,-0.08325279242369887,2.611940620784871
P02,session_02,013,lean_left,0.33722424507141113,0.5463883457554153,-0.006002495203603426,-0.804291403715012,9.162064202068506e-05,0.0005225335618741854,0.016668037601154723,-1.9125910337693914,-0.003284188889435022,0.10452408644171109
P02,session_02,013,lean_left,0.3696420192718506,0.5446801925390647,-0.007539285090505657,-0.8072461843850944,0.0018189543497774355,0.00041911894836046075,0.05758002003210804,-1.9196757734108514,0.003804981768591251,0.13073620323578547
P02,session_02,013,lean_left,0.40166282653808594,0.5446335720176549,-0.007375633798799774,-0.8084536236331326,5.474731100109745e-05,0.0016894784879149262,0.052789590235681576,-1.9244470793777828,0.006593097459170644,0.21255992366440354
P02,session_02,013,lean_left,0.43312954902648926,0.5421916362510218,-0.006192885654029752,-0.8130897033671065,0.0025466482812085416,6.464048647128801e-05,0.08095754240036661,-1.934899814183482,0.0040051267404170076,0.15084649246658047
P02,session_02,013,lean_left,0.4654231071472168,0.541502646100514,0.003545908670590714,-0.812097814006854,0.00010499557286479483,-3.109553068725414e-05,0.0033908755091198273,-1.9413322310598382,0.15227407078492727,4.715309152021827
P02,session_02,013,lean_left,0.4974994659423828,0.5400735620200303,0.006586009349188077,-0.8178502472588288,0.0027360737578813296,-0.0004809108571012255,0.08660634990933788,-1.9760949380986483,-0.010770968467881607,0.34678031638367657
P02,session_02,013,lean_left,0.5292017459869385,0.5390720308874044,-0.001546832392461273,-0.821517351447106,0.00768887014374192,0.000544607512576565,0.24314129610572865,-1.9651343604448512,-0.08016217902659058,2.540256432241353
P02,session_02,013,lean_left,0.5620627403259277,0.5353194459500004,-0.002850964860365682,-0.8254870492048848,0.0072578795625577695,-0.0021771105610126997,0.23058876009823834,-1.9639045972455542,0.04063529596573351,1.2578969966059468
P02,session_02,013,lean_left,0.5933866500854492,0.534435089391266,0.022069250772343174,-0.8272086878408347,0.0046345312305398215,-0.0040692220859823705,0.19689274887199215,-1.9402054753690796,-0.04621317913469253,1.4884127321515659
P02,session_02,013,lean_left,0.641103982925415,0.5370499412807777,0.02779016229466652,-0.8222606759050992,0.01770040612209976,-0.003844197573435429,0.3795903774105844,-1.9179140307744986,0.10105280240343541,2.1514884393170823
P02,session_02,013,lean_left,0.6732935905456543,0.5406761820354908,0.02659658880953043,-0.8241541322682211,0.016645084998246004,0.007215820029440649,0.5635935517505808,-1.898434019339252,-0.07386445427814597,2.362866425355578
P02,session_02,013,lean_left,0.7052829265594482,0.5457456324593398,0.03735359874837748,-0.8206041624730633,0.006670722358371503,0.00030635339735389836,0.20874935637709707,-1.8613981910407793,-0.06039904671643667,1.899604092124784
P02,session_02,013,lean_left,0.737246036529541,0.5482553445828112,0.05066554697052839,-0.8214383101289501,0.016611323692434385,0.00019226591282113173,0.5197377961936168,-1.8515139184793563,-0.037294857900300564,1.2773298737236933
P02,session_02,013,lean_left,0.7694430351257324,0.5437311454587913,0.06305239065272457,-0.826952275143863,0.017835342121683636,-0.0021780703513736674,0.558059596002119,-1.8596602867631853,0.0075059237780710775,0.6047956318530401
P02,session_02,013,lean_left,0.802680492401123,0.5380501761968949,0.061094602414178405,-0.8280613967396825,0.01935535717335713,-0.0021635133003606605,0.585962362264931,-1.8529004763800483,-0.04155501981232666,1.3807492860100417
P02,session_02,013,lean_left,0.8334634304046631,0.5365857831288547,0.04846518646334666,-0.8323158854812494,0.021642330120953204,0.002044951138276901,0.7061940484781272,-1.8307763724528374,-0.024223637302097645,1.0573312751816137
P02,session_02,013,lean_left,0.8648762702941895,0.5415503272196655,0.08770577966663258,-0.8286547930286097,0.01123333077792034,-0.0014366521247388905,0.36051583665427034,-1.8011549991509834,-0.012543603081757414,0.5379811840083051
P02,session_02,013,lean_left,0.8974857330322266,0.5469803018771046,0.10164134794423262,-0.8133863190667827,0.021488302744180343,-0.0012685785388823975,0.6601064268907183,-1.80601369210044,-0.02993369696106209,1.130647480640614
P02,session_02,013,lean_left,0.9289512634277344,0.5473156925540228,0.11931210705360033,-0.8096445701193524,0.017745459123546928,-0.0018533213254934694,0.567032435430022,-1.7971929043386115,-0.005153100157462685,0.5902086869752068
P02,session_02,013,lean_left,0.9609160423278809,0.5405273816289996,0.1285032821515372,-0.7994474076486643,0.02414982324093999,-0.006694183294012653,0.7840019181734168,-1.8160095320614191,-0.0019404436662423406,0.7863486423887551
P02,session_02,013,lean_left,0.993607759475708,0.5361753562763776,0.128125778021453,-0.7836536238861311,0.013980888649114611,-0.009293115822349608,0.5135157378507642,-1.7999805648993576,-0.00022819667694614197,0.5135631772687886
P02,session_02,013,lean_left,1.0249617099761963,0.5258282600734869,0.15064666716885794,-0.7906771649225687,0.01237282508698827,-0.008723823755531417,0.48284458534495966,-1.7970417783900101,0.05136716446580953,1.7079708612156463
P02,session_02,013,lean_left,1.0733263492584229,0.5205870774885221,0.15210055178013282,-0.7867066690943829,0.02615942886581696,-0.009892429784774445,0.5782614731579768,-1.7588555934789467,0.025707287903437414,0.7854369215319121
P02,session_02,013,lean_left,1.1053390502929688,0.5283030317003583,0.17994965464606963,-0.7752168557378808,0.01239719854745068,0.003135628589123087,0.3994539351273678,-1.7421067867099675,-0.05069677082232888,1.633247257346825
P02,session_02,013,lean_left,1.1372439861297607,0.531980551124958,0.2026438177828393,-0.7686108346452455,0.0011687755326010771,-0.0013646825468131255,0.056316471614742444,-1.7436261510587578,0.008732175613171408,0.2794274721716221
P02,session_02,013,lean_left,1.1696662902832031,0.5272983811596074,0.2044186453219477,-0.772310198050017,0.017301705753512978,-0.0032604620748512662,0.5430286027638159,-1.7674171495506081,0.052918303250429746,1.7201214496821546
P02,session_02,013,lean_left,1.2010903358459473,0.5262812259968239,0.20817166461246653,-0.7675983975435594,0.012068360838724665,-0.00028217797846883855,0.38415356974866327,-1.7699003814483363,-0.010546791263675807,0.5101177862405515
P02,session_02,013,lean_left,1.2341852188110352,0.5266694954708081,0.21104157922550992,-0.7610967127691094,0.0031082052014597007,0.001107621883236793,0.09970307109326253,-1.763229862579765,-0.01120362307626839,0.3529072340769535
P02,session_02,013,lean_left,1.2649869918823242,0.5325835746901215,0.21031234302611265,-0.7525850083858913,0.011623711855212177,0.001417528565661003,0.3801673255241422,-1.7747460160186663,-0.06101766036140938,2.0171277395902876
P02,session_02,013,lean_left,1.2969775199890137,0.530474237378338,0.2258206633271687,-0.7554828096637227,0.005547770892714611,-0.00022382322085869234,0.1735602513389039,-1.7205599980307962,0.011234841402929002,0.3917390783334554
P02,session_02,013,lean_left,1.3289744853973389,0.531370993077545,0.23142497390273778,-0.7554343193818285,0.009706025681937692,0.0034479254512836902,0.3219133010131721,-1.7084250755105594,-0.011530325752760529,0.4832030988187887
P02,session_02,013,lean_left,1.3611679077148438,0.5287767957099022,0.2185143776528041,-0.7600612740505379,0.0010564845842135487,-0.0020814634398287845,0.0725065595253182,-1.7245765785026794,0.006982210521777075,0.2286820885426805
P02,session_02,013,lean_left,1.3930931091308594,0.5300245081822066,0.21195491513844056,-0.7583243883877168,0.0032588457196229647,0.0007793228085057895,0.10495577222116924,-1.7205448699409391,-0.006845501826950746,0.2387320583180146
P02,session_02,013,lean_left,1.4261126518249512,0.5301832606760692,0.24098822043373241,-0.7524842258927087,-5.359753222014561e-05,-0.0006216414355769169,0.01889631651994534,-1.7127821887577002,0.021793762784063843,0.6602966267015351
P02,session_02,013,lean_left,1.4731359481811523,0.5309596351603537,0.2364513314061576,-0.7436518624458898,-0.0022767393635973994,0.0035635847261740595,0.0899297137392633,-1.707430280785413,0.0024747069379680133,0.10419683884207721
P02,session_02,013,lean_left,1.5053191184997559,0.5307971290395374,0.23527446580097267,-0.7450844357893436,0.0031052301374657667,-0.0010019877957764814,0.10138489468105882,-1.7056817024182027,-0.0008481187184299921,0.10475385588839617
P02,session_02,013,lean_left,1.5376439094543457,0.5318548510212593,0.23570491380358907,-0.7429785408246239,0.0001970179745731947,0.0017711445222723372,0.0551300933226787,-1.7275656704403497,-0.031008701604440494,0.9608683051475931
P02,session_02,013,lean_left,1.5693557262420654,0.532689136613842,0.23460791653703206,-0.7400430095042576,0.00047652798506610044,-0.0018839010086446491,0.06127794339224862,-1.7249949963810438,0.0004697863798767297,0.06304322306071543
P02,session_02,013,lean_left,1.6014113426208496,0.5341104368755079,0.23115743926704888,-0.7407984964939267,0.0008207893575110569,0.00254288466280431,0.08335730854535021,-1.7358528453063902,0.001895041370120277,0.10219244396968136
P02,session_02,013,lean_left,1.6334810256958008,0.5333976095585781,0.22026453785413716,-0.744465852432691,0.00028475481203334634,0.00028467100310210924,0.01255531146612977,-1.7452714898711261,0.0171510228604011,0.5349522320516921
P02,session_02,013,lean_left,1.6661608219146729,0.532430522745191,0.22451490890429757,-0.7408919591336025,-0.0008747073506441289,0.0012058501602947764,0.045584549245175146,-1.754721522293796,0.007405290230318826,0.23114104446635306
P02,session_02,013,lean_left,1.6972858905792236,0.5323897008546292,0.22533824088438872,-0.7355230061191331,-0.00012620329753787885,-0.004778092111174623,0.15356619996614992,-1.7308319315971386,-0.0010857570011287194,0.1574784082025355
P02,session_02,013,lean_left,1.7292518615722656,0.5326860516614415,0.22428468485957004,-0.7333701582789269,0.0005003083281807968,0.0016710326134866133,0.05456808319746391,-1.738662774322119,-0.0004849787803002781,0.05663794496194118
P02,session_02,013,lean_left,1.7612841129302979,0.5312618490572426,0.22019652492406286,-0.7343012333117187,0.000627868336332088,0.0001764258135148016,0.020360247686552466,-1.7425407626225808,0.049664792108843676,1.550595789365231
P02,session_02,013,lean_left,1.7928414344787598,0.5305280825737615,0.21263806086562265,-0.7375210797591804,-0.00047467727430057857,-0.00013936974172067875,0.015676694944095026,-1.7488207879572615,0.0021622252029708366,0.07028791532813104
P02,session_02,013,lean_left,1.8249666690826416,0.530471925381343,0.21120436569081616,-0.7430131843883777,0.0006251796328182035,-0.0023550979697824484,0.07584893832355717,-1.7481952343121347,-0.02912242687490763,0.9096956636073267
P02,session_02,013,lean_left,1.8577697277069092,0.530038189518699,0.1932697104315266,-0.7440200724769314,0.0005970155837259444,0.0003953864743605991,0.021829405712083617,-1.7477196018566847,-0.019668677843583785,0.5999961357805812
P02,session_02,013,lean_left,1.9051101207733154,0.5302240814487287,0.19748636094571315,-0.7431283578033141,-0.0039484035432895866,-0.0046414643624010455,0.1287207728329156,-1.746438677428226,0.08714338380036549,1.8452779054756667
P02,session_02,013,lean_left,1.9374284744262695,0.5305761366105214,0.19661469600889173,-0.7493819827701484,-0.0018186918499471345,0.00681501809726318,0.2182511448206105,-1.7939379589117868,-0.06886291877345578,2.1419165462168377
P02,session_02,013,lean_left,1.9696085453033447,0.5284782117829936,0.1951541882318391,-0.748306150810616,-0.0031832843015912487,-0.0021103282661921524,0.11868416664723543,-1.7935693017477512,-0.005951969345712435,0.21976233252823096
P02,session_02,013,lean_left,2.0015628337860107,0.53110776024624,0.1886537721210918,-0.748720532248908,-0.0031495953900643327,0.0038032617069212052,0.154536121608065,-1.792242609427299,-0.02810585599241876,0.8930369670776677
P02,session_02,013,lean_left,2.0332939624786377,0.530893652385524,0.18753527849778867,-0.748582886912868,-0.00020826509332241632,-0.001286472006380004,0.041070737135816514,-1.7896031132432946,0.012554764346069657,0.3977867376316619
P02,session_02,013,lean_left,2.0651001930236816,0.5289274108001489,0.17674157364676196,-0.7533277744411174,0.0009370144393871021,0.0009496920250071923,0.041945651204691244,-1.761811144899453,0.017179368101371575,0.5417521559016021
P02,session_02,013,lean_left,2.097720146179199,0.5275824224601804,0.1798585453430127,-0.7533029716753121,-0.0028452393621926017,-0.0025496069688905384,0.11712021193023975,-1.7265670073107333,0.07264120322648422,2.2299725291450843
P02,session_02,013,lean_left,2.1289005279541016,0.5285301301468001,0.18235252402054064,-0.7540128930849845,-0.0027534422760521608,0.0011794505967148543,0.09606749548399876,-1.754876952605965,0.015420990916095289,0.5038173501770578
P02,session_02,013,lean_left,2.16129732131958,0.5295472130682868,0.18776982958481972,-0.7521793452660843,-0.005611988901755929,-0.0011449937494043107,0.1767953516597081,-1.7490772844327156,-0.004282287878547491,0.2207460065072435
P02,session_02,013,lean_left,2.1932425498962402,0.5331565882354191,0.1901215145985995,-0.7528920520605729,-0.0038699219498978944,0.0024965669639514915,0.14416357884846234,-1.7267298052988824,-0.03965593964477102,1.2497158500771652
P02,session_02,013,lean_left,2.2250514030456543,0.532974663311237,0.19342612721505048,-0.7534101196005966,-0.003114462781470941,9.433190980540554e-05,0.09795672349008254,-1.7265409249595887,-0.0044068434959803875,0.1696739316915274
P02,session_02,013,lean_left,2.257495164871216,0.5334980586081525,0.1964118450918864,-0.7521474370700876,-0.003069343134750999,0.00039069953379649626,0.09536839425023473,-1.728944927451225,0.00017744596355512873,0.09552509775787539
P02,session_02,013,lean_left,2.2896268367767334,0.5329190053603146,0.1973296636809964,-0.7529149258352646,-0.0011373578848274338,-4.518562154295243e-05,0.03542470851572585,-1.7303135294114882,-0.0017940033899726659,0.06612275781579112
P02,session_02,013,lean_left,2.337101697921753,0.5330050398449715,0.1842724750145445,-0.7546526954799807,0.0007146898364606811,0.002772372567769516,0.06030582916103579,-1.749716663166457,-0.01873838248263715,0.3992815974281344
P02,session_02,013,lean_left,2.3695411682128906,0.5326573634349334,0.17901777902350946,-0.7574133288318552,-0.0006075639632972342,8.868117523032656e-05,0.018927617621753483,-1.7625852440275624,-0.0020224902979342867,0.0651563640616032
P02,session_02,013,lean_left,2.401542901992798,0.532058859094879,0.1830099309301175,-0.7552601102233489,0.00012028835951806385,-0.0014710188114846997,0.04612027416878636,-1.7587554290696226,0.003639822134585828,0.12273335270581198
P02,session_02,013,lean_left,2.433504581451416,0.5325324868002215,0.18175856436517637,-0.7587734454774979,-0.001242611075753269,-0.00021859299504108578,0.03947512831256696,-1.7734418068368851,-0.013020050198487898,0.4092725688665084
P02,session_02,013,lean_left,2.465489625930786,0.5331474314204567,0.17895879121890548,-0.7574827066080065,0.00047078002135440714,-0.0002618301614846881,0.016841990213800832,-1.7748787476154169,-0.02929191392306598,0.9159551714423337
P02,session_02,013,lean_left,2.4972939491271973,0.5322946643857547,0.1799179701964167,-0.7603517587597809,-0.0007276811322537879,4.092751463241663e-05,0.02291610412166112,-1.782496448848403,0.009002037637015698,0.28397062678070156
P02,session_02,013,lean_left,2.5298120975494385,0.5319889348238296,0.18022651485975394,-0.7572854242630634,-5.4339951122550215e-05,0.0012156463292364327,0.03742095699243537,-1.7910164706020464,0.003714695864907983,0.1202075668271833
P02,session_02,013,lean_left,2.560864210128784,0.5348005895834635,0.17828442334496894,-0.755905427736273,0.003609236700259502,-0.0003285050426221448,0.11671205207911504,-1.762516681341113,-0.01721243826038297,0.5664620014495404
P02,session_02,013,lean_left,2.5936129093170166,0.5335857938681645,0.17599167179258313,-0.7579644483189489,0.0023242073829004115,-0.00017923200662599235,0.07118169466596706,-1.7635237550775649,-0.004256243517896677,0.14818300107365132
P02,session_02,013,lean_left,2.625523805618286,0.5333350761090258,0.17156157460705776,-0.7565214537225516,0.0017023310317477523,0.00025346792364909336,0.0539344798811825,-1.7567068024482102,-0.01907840656130568,0.6002927883899158
P02,session_02,013,lean_left,2.657461643218994,0.5336811439268688,0.17090485096444577,-0.756167531820105,0.0005989713400371203,-0.00020008524252778317,0.019772996345876426,-1.7693371584780224,0.0024820789330878153,0.08019188266170978
P02,session_02,013,lean_left,2.68927264213562,0.5333953513669534,0.17064931144272863,-0.7566762737123153,0.0002777160375477864,0.0001585671692104653,0.010053013805397758,-1.7606143018439697,0.021087813192128213,0.6629857164247588
P02,session_02,013,lean_left,2.721750259399414,0.5308768547435,0.17399628309830079,-0.7617362781974341,-0.0018699260453774597,-0.00016128424408560444,0.05778960505596669,-1.7729512691732312,0.052467510490358325,1.6165308255395168
P02,session_02,013,lean_left,2.7691493034362793,0.5316389380447124,0.17949328735409784,-0.7568038076446003,-0.0022821828144284945,-0.003853108722344855,0.09447994710563012,-1.7714500720214816,0.0010521422508138587,0.0970525180365494
P02,session_02,013,lean_left,2.8012771606445312,0.5337608728678702,0.18051106944419418,-0.7551439192953814,-0.001591760563535969,0.0007263522518210155,0.05445909560644622,-1.772780676986609,-0.05632286895712125,1.7539308113057177
P02,session_02,013,lean_left,2.833631753921509,0.5327347601109439,0.17882548298425854,-0.7557910625231544,0.0005428625239133411,-0.0008403068808431881,0.030920110640747536,-1.7730408614644992,-0.0011315416602633089,0.04668161986974947
P02,session_02,013,lean_left,2.865412950515747,0.531449883432941,0.1762309928852629,-0.7582022586352405,-0.0013337446441615127,0.0006467405390646959,0.046640094440801014,-1.777344950044835,0.0005279686270089406,0.04951037490501488
P02,session_02,013,lean_left,2.8968939781188965,0.532147396206047,0.18029353588126573,-0.7577880284291412,-0.0006961843132987796,0.0002506173921657179,0.023503681516151606,-1.7730626337267448,0.0049900302945371415,0.1602422145209077
P02,session_02,013,lean_left,2.9293549060821533,0.5316706402092808,0.17912913546210316,-0.7559145065279758,0.0006301042047915497,-0.003217449626441612,0.10100046457319868,-1.7646037145158557,0.005721638781940241,0.20314896667230606
P02,session_02,013,lean_left,2.961482524871826,0.5308122195879234,0.1802857793415391,-0.7565542323741301,-0.0009637528038505291,-0.00041996277258465864,0.032721980470237735,-1.7656880000800859,0.006799859796262802,0.21416605658526455
P02,session_02,013,lean_left,2.9929113388061523,0.5309041084814116,0.17890042994984293,-0.7561073599580299,6.135559670638993e-05,4.878134815906024e-05,0.002494032893602661,-1.7955428526080026,-0.027112325269569106,0.8626618438344477
P02,session_02,013,lean_left,3.0250556468963623,0.5268828403069657,0.17706312283397838,-0.7606269284648735,0.0015950616074005839,-0.0007767861506208344,0.0551933742821695,-1.7269851004587888,0.06389766061813032,1.9886035762879497
P02,session_02,013,lean_left,3.057375907897949,0.5264045984836822,0.17369336990410153,-0.7588930916714473,-0.0011808727396248574,-0.0015398675637672116,0.06004063312623577,-1.7549142104242756,-0.020677982979394625,0.6425949969106356
P02,session_02,013,lean_left,3.0890746116638184,0.5266396084210452,0.17486561314391486,-0.7596987947340353,0.0005650754053508434,0.0002405623702515082,0.019374615573324594,-1.7492886899370719,-0.005243959746627002,0.16656203455703303
P02,session_02,013,lean_left,3.125431776046753,0.5266292706299318,0.17395122940507096,-0.7595939617712619,-0.00015106889049062834,-0.0004835675854064128,0.013934410481968754,-1.760885981325673,-0.036211827059767054,0.9960999809200407
P02,session_02,013,lean_left,3.1702938079833984,0.5255468851465793,0.17620719749798983,-0.7616403318399124,-0.0017049036877768878,0.0004732787686075472,0.03944037627726644,-1.778204650934912,0.026362948690533183,0.5889670513312781
P02,session_02,013,lean_left,3.201453924179077,0.52461706539062,0.17689318473283921,-0.7615418188675972,-0.0003101703908843637,-0.0014225232157757054,0.04672465665972242,-1.7582544872571355,0.007267843293730454,0.23787592630953602
P02,session_02,013,lean_left,3.2332215309143066,0.5260208883015627,0.17291816256051576,-0.7585985863374345,0.0016536799302033852,0.001433230820691895,0.06888572127010568,-1.7708816624486663,-0.02774137599645304,0.8759726228171495
P02,session_02,013,lean_left,3.2653987407684326,0.5259284737827835,0.17488173998535234,-0.7603130961465794,0.00015359349960810675,-9.43490783425559e-05,0.005602019235548975,-1.7494034407953964,0.06226639674511202,1.9351167470317938
P02,session_02,013,lean_left,3.297330856323242,0.5255275037433724,0.1721036576107229,-0.7583546102781382,-0.0001923014009672549,-0.0004740334446137669,0.016020048490596822,-1.7807404334633572,-0.03981197587105493,1.2468720467329513
P02,session_02,013,lean_left,3.329758882522583,0.5259044775536196,0.17314061185575816,-0.7548738184675284,-0.002465286734245223,-0.0032374827571903316,0.12548611183774108,-1.7667351137274845,-0.019294048517825124,0.6080696943933726
P02,session_02,013,lean_left,3.3615975379943848,0.5274465927895442,0.17262848963924898,-0.7527080129870631,0.0012590284166814035,6.622153278808953e-05,0.03959868069420377,-1.7727076882068202,-0.0017310828498538387,0.0672622045561496
P02,session_02,013,lean_left,3.393709659576416,0.5265076599814613,0.17137387949070923,-0.7535637678398447,-0.0008888208147043164,-0.0008479245855290979,0.03825361941585052,-1.771882874302988,-0.0056745003829772565,0.18080211411983324
P02,session_02,013,lean_left,3.4255874156951904,0.5265662773514517,0.17161367900300548,-0.7527704883364568,-0.0002475573612109133,-0.0010280365589929194,0.033171192829424,-1.777412076013977,0.0011223562531991352,0.04837293261855354
P02,session_02,013,lean_left,3.457585334777832,0.5270476958117167,0.1686405754763968,-0.7509777018239568,-0.00044611792129287424,-4.3257520728696216e-05,0.014007480663207589,-1.8214795402518031,-0.0731815751056719,2.2871158422898157
P02,session_02,013,lean_left,3.4893879890441895,0.5267788240901976,0.168798444064034,-0.7524792040357642,-0.00019003421611178494,0.0011205173219142638,0.03573656179529224,-1.7933486260615865,0.056912475568114455,1.7899079064872103
P02,session_02,013,lean_left,3.521127462387085,0.5268197657436055,0.1656205036710627,-0.7536987602604773,9.560371138336777e-06,2.3250370046487667e-05,0.0007920490725822555,-1.7973427592971298,0.04444930507063761,1.4004426506840117
P02,session_02,013,lean_left,3.5530998706817627,0.5271985256442722,0.16186598375753042,-0.7545190718844945,-7.009670544048057e-05,0.0006748503786681105,0.02122083134962044,-1.81734425718945,-0.0060745578816315815,0.19117518224191907
P02,session_02,013,lean_left,3.602248430252075,0.5261113023182594,0.16237982678792612,-0.7544195289334615,-0.0007369699387856306,0.0007179367412889379,0.020933724554133695,-1.7653211373192899,0.029754665622285025,0.6057644144063957
P02,session_02,013,lean_left,3.633270025253296,0.5257450233033523,0.16221590221640722,-0.7549944389163704,0.0002772790107331143,0.00020214186901242674,0.011061323290627333,-1.743435980803963,0.02610917891640765,0.8417179605394266
P02,session_02,013,lean_left,3.666022300720215,0.5259876070765624,0.1745239338492669,-0.7570110456110521,-0.00016031874147124059,0.00011739898650942233,0.006066979231823803,-1.752641792204054,0.009750376781830938,0.29776255868388035
P02,session_02,013,lean_left,3.696977376937866,0.5268436481279067,0.17338027564117836,-0.75180532781762,-0.0009336778262735765,0.0001739456130254308,0.03068132603924784,-1.8032999684217417,-0.05570587044259784,1.799832946920232
P02,session_02,013,lean_left,3.7288646697998047,0.5271189637120701,0.17306370749033773,-0.752053913481458,0.00016721153008973148,-0.0008236475301258523,0.026356870691722375,-1.797166005540861,-0.0032623351152908336,0.10564883052093957
P02,session_02,013,lean_left,3.7612602710723877,0.5266320885783603,0.17284322054818718,-0.7505539377725858,4.003771047490409e-05,0.00046879490257824096,0.014523623580120038,-1.770605326537575,0.04221545067751963,1.3032038568476445
P02,session_02,013,lean_left,3.7930963039398193,0.5265119018514254,0.1773144324695456,-0.7531002852749308,4.11506146388471e-05,0.0001882060435683172,0.006051389847634077,-1.7548501595290624,0.029176295208834958,0.9164750950172441
P02,session_02,013,lean_left,3.825845718383789,0.52719117160955,0.1749476214403619,-0.7540506150296808,0.0006312465968012642,0.00026846282077725374,0.02094579436492359,-1.78823028389339,-0.09194744203880474,2.807683811557767
P02,session_02,013,lean_left,3.856950283050537,0.5266694671123446,0.17496561847204814,-0.7537602154781967,-0.0003721969617487842,-0.0009009684568550578,0.03134010627237466,-1.786716816560966,0.014492113277937535,0.4669688310392284
P02,session_02,013,lean_left,3.889540433883667,0.5255813740335896,0.17727217968575457,-0.7550328155279421,-0.0020374431054420074,-0.002889215272159153,0.10847926507555564,-1.7916399676992285,0.00039357924369628247,0.10914942043305598
P02,session_02,013,lean_left,3.921290159225464,0.5264007163273158,0.17519753171316715,-0.7542093016557245,0.001578717000195237,8.877275439505582e-05,0.04980234951416464,-1.7870733353631232,-0.020048601904577273,0.633418374354077
P02,session_02,013,lean_left,3.9534378051757812,0.5253860759885747,0.1745678158412308,-0.756327657903588,-0.0007908545690850852,0.001656415454874019,0.05709680957204398,-1.7811387567410681,0.025396800927079573,0.7920656160877958
P02,session_02,013,lean_left,3.985490322113037,0.5267173668517855,0.17089990473787806,-0.755461982310571,-0.0004096764770409173,0.0010453950127488417,0.03503008965837583,-1.8042150068538554,-0.013324684272559405,0.41718742446284085
P02,session_02,014,lean_left,0.00020003318786621094,0.5372545895882824,0.05398470539444692,-0.762546243701697,0.0,0.0,0.0,-1.8438033168065104,0.0,0.0
P02,session_02,014,lean_left,0.03195977210998535,0.5355103967324772,0.052198602938436714,-0.7797894783608023,-0.001403464567111949,0.012371368889499853,0.3920284778710488,-1.8717655794125896,0.16208172271594104,5.118405939638794
P02,session_02,014,lean_left,0.06412982940673828,0.5358362997679198,0.045994360109034134,-0.7906566678672381,0.0005611611827360078,0.010103682205957273,0.31455504209034263,-1.896902887553759,0.009607149527541523,0.4337378970087665
P02,session_02,014,lean_left,0.10007953643798828,0.5362712657800797,0.042724665691663194,-0.8001033007877012,-0.00042766373395169234,0.005916158550489937,0.1649970542226137,-1.8726036978052176,-0.027022201587335537,0.7695628762064605
P02,session_02,014,lean_left,0.14386391639709473,0.5367688189636056,0.0358258271714985,-0.8048565245359344,0.0005408647322329249,0.00529460573119786,0.12155384556402611,-1.873806973559341,-0.007010198791161034,0.20102160182443904
P02,session_02,014,lean_left,0.1759178638458252,0.5367782390907915,0.03537814549177681,-0.8038847781621359,-0.00011515000447256477,0.0019165202528391818,0.05989828273026924,-1.881010273362053,0.001977259936972733,0.08598191909318337
P02,session_02,014,lean_left,0.20922207832336426,0.5366673447201227,0.02764619587012429,-0.8101891416285824,-5.4463212582787565e-05,0.006932751858537207,0.20817082443131288,-1.8858177373744274,-0.0009702864969184357,0.2101996306998158
P02,session_02,014,lean_left,0.2539939880371094,0.5370414778121598,0.028099740782505163,-0.8111230436761832,-0.00041686732780567764,0.0006060447400114225,0.016429356165406143,-1.9136638742748227,0.025555931665122267,0.5710391985934513
P02,session_02,014,lean_left,0.29324889183044434,0.5374314873540081,0.026203670595683345,-0.8115472720608784,0.0003237637975348922,0.002477595736929254,0.06365218421322578,-1.919554825172577,-0.007633694333930506,0.20461703846157173
P02,session_02,014,lean_left,0.3340160846710205,0.5368475846449673,0.025976447809700324,-0.8133966652986014,-0.0004952642552311355,0.0008897158794585451,0.0249777696724967,-1.9115131261416596,0.029627311180359904,0.7271730694901077
P02,session_02,014,lean_left,0.3771936893463135,0.5363740027231146,0.018745396986695192,-0.817438592890554,0.00030521913184654846,0.0022872890878068565,0.053443531363944086,-1.9048556135960717,0.012850540831572502,0.30238085339477305
P02,session_02,014,lean_left,0.41431570053100586,0.5368183583271898,0.01980984447874223,-0.8168894177683492,0.00042553462928042034,0.0011354807270283675,0.03266522762676095,-1.9256757440436842,-0.0069842640621817715,0.19095806621743971
P02,session_02,014,lean_left,0.44692277908325195,0.5365423292188565,0.020542983691294994,-0.8167639429340271,0.00023998280632116876,-0.000534233220969101,0.01796111097296773,-1.9256213991518711,-0.0022010319831692244,0.06985038174673036
P02,session_02,014,lean_left,0.47876906394958496,0.5363247535386747,0.028259721712962,-0.8165974004845641,-0.0009343705425540464,-0.0007858937010610692,0.038338315925107995,-1.9577570080237872,0.05095381236098543,1.6004516133003226
P02,session_02,014,lean_left,0.5098216533660889,0.5361196608557818,0.02712687346686362,-0.8205937244679893,0.0005579739614267975,2.2179986113005447e-05,0.01798286827260746,-1.9400151498836498,-0.033480021970330204,1.0783216210185023
P02,session_02,014,lean_left,0.53560471534729,0.5354899511106834,0.026565470585979765,-0.8205713391059648,0.0005848432900776578,-2.4766166825384944e-05,0.022703565542273294,-1.927860090660644,-0.015523015958845237,0.6024904663650832
P02,session_02,014,lean_left,0.5755207538604736,0.5348324070369209,0.02387217521998656,-0.8213160561570827,0.002766076370579895,0.00027148114579905817,0.06963032976015704,-1.9160016178852703,-0.017921739798009727,0.454353112629059
P02,session_02,014,lean_left,0.6080741882324219,0.5333528157522842,0.03913314553841903,-0.82273627591912,0.001517376381443795,-0.0006211880920075368,0.050366586174884195,-1.9500952687557094,0.051177612175857964,1.5729176014078137
P02,session_02,014,lean_left,0.6395771503448486,0.5318134512786027,0.03349871711840274,-0.8254257798364905,0.005522312476888659,-0.0001566291542143997,0.17536551782723023,-1.915474498312287,-0.005521443871561174,0.24793495973356494
P02,session_02,014,lean_left,0.6715238094329834,0.534139622427166,0.03921582545736163,-0.8239543401176004,0.004980652625044978,0.0007016779707233989,0.15744482766198717,-1.891870605725895,-0.016148496939854092,0.529435604511731
P02,session_02,014,lean_left,0.703920841217041,0.5349296674191562,0.03733902996851662,-0.8222278831703683,0.006836799519106757,0.0006799165658061032,0.21207267001328622,-1.8947023899991304,-0.006545506191974897,0.2929080100068465
P02,session_02,014,lean_left,0.7368178367614746,0.5400964796615846,0.03373083706687532,-0.8150000585346104,0.010018661418699072,9.430198284662869e-05,0.3045598863371369,-1.877835522373985,-0.06211772037028895,1.912652915347066
P02,session_02,014,lean_left,0.7676928043365479,0.5383238383663919,0.03951686030209918,-0.8187795863646601,0.012445475577555104,-0.0010580103323672594,0.4045466990640368,-1.9139105746901408,0.06718116484557755,2.213197766618379
P02,session_02,014,lean_left,0.79970383644104,0.538723915045786,0.04834837358561956,-0.8173264028780522,0.011712395755415068,-0.00038685425806545237,0.3660857535542152,-1.8925111393540632,-0.03976303591951334,1.2949890807739626
P02,session_02,014,lean_left,0.8319976329803467,0.541603936662145,0.05401628919283425,-0.8144739973516598,0.013692873535571555,0.00021058467277880412,0.42405954744778057,-1.8782832186798335,0.0018040013599991387,0.42772313609822354
P02,session_02,014,lean_left,0.8639826774597168,0.5453162896347823,0.06554385873885682,-0.8110877019485621,0.011353974013863299,0.002695135935758504,0.3648413875681967,-1.8611358347321154,-0.006440180752422546,0.4167144831250047
P02,session_02,014,lean_left,0.8956630229949951,0.5466276692245815,0.07394818983120821,-0.812480371207869,0.010019283320289086,0.0012696695078556373,0.3187910563906847,-1.8387343671983456,-0.018262566802962343,0.6587397419715578
P02,session_02,014,lean_left,0.9276854991912842,0.5424151390820269,0.08221777418325489,-0.8161516760445492,0.010720212634016943,-0.0022400567318284106,0.342001950407003,-1.8326756575386345,0.00025172479560637385,0.34209227920760843
P02,session_02,014,lean_left,0.9596881866455078,0.5431948479840332,0.09905854827357556,-0.8112519827798477,0.013730869953355266,0.0004459417781044709,0.42927987095150183,-1.798261235206635,0.007787192462288382,0.4934474337993017
P02,session_02,014,lean_left,1.0077593326568604,0.5449212964226661,0.10164256616254073,-0.8107183717106499,0.016831173189640336,0.002093573711452257,0.3528286956994984,-1.7813502257883618,-0.03191554132293456,0.7518523056622911
P02,session_02,014,lean_left,1.0397837162017822,0.5402251647357506,0.11091533105642283,-0.8099902173606749,0.012071833234274815,-0.005707303669294188,0.4169633704784111,-1.7944619251076592,-0.003007400822877094,0.42740787010363174
P02,session_02,014,lean_left,1.072223424911499,0.5424445937332206,0.10333869422271541,-0.8040639033491396,0.02727630556364228,-0.001492081367858716,0.8420878742860052,-1.7870580197309172,-0.0012456720249451605,0.8429629397197226
P02,session_02,014,lean_left,1.1047778129577637,0.5421775056610216,0.13185774388548652,-0.7993161124055964,0.00851751302148523,-0.00515521315117027,0.30583023805934767,-1.7746576666048446,-0.03912986856357936,1.2402817335583531
P02,session_02,014,lean_left,1.1360816955566406,0.5366171640525311,0.13001344347424132,-0.8027140398455241,0.019771731130088874,-0.004181466425610476,0.6455767153414982,-1.7857203927225378,0.012546620772853853,0.7598753621629166
P02,session_02,014,lean_left,1.1684379577636719,0.5365021638696347,0.1411021786175673,-0.7990514789321135,0.011734790702410744,-0.003003550926766149,0.3743657651735063,-1.7684628999287482,-0.032782561278127606,1.0801266776227583
P02,session_02,014,lean_left,1.1996846199035645,0.5323897222233671,0.15027495413535083,-0.7982580763001529,0.008359477701518925,-0.0067876603365454435,0.3446178258889046,-1.7822598857383403,0.04157238334720747,1.3743656480657964
P02,session_02,014,lean_left,1.232182264328003,0.5303261298866271,0.1886157752278077,-0.7886241069990966,0.011390439364574633,-0.004296200805769045,0.37460314039289955,-1.7772688148221814,-0.005749744062036138,0.41428376628380315
P02,session_02,014,lean_left,1.2638335227966309,0.5266254641559718,0.1945929642340378,-0.7892406899589371,0.02102487265219527,-0.0034221779273760065,0.6730083949831325,-1.7490631583427576,0.015553869984729289,0.8333234493029933
P02,session_02,014,lean_left,1.2953760623931885,0.5275792367879357,0.202639279983841,-0.7825671978501119,0.005975696833972968,0.000828408374212095,0.19126058345603011,-1.7408884204901802,0.042575699574239165,1.3632698459580923
P02,session_02,014,lean_left,1.3275761604309082,0.5284128897381417,0.20687608785592757,-0.7788352554154673,0.022857919559307945,-0.0026774060131079937,0.7147242539400148,-1.7338475150330694,-0.00606059772827264,0.7390915391781869
P02,session_02,014,lean_left,1.3600592613220215,0.530791482773552,0.22048926579053116,-0.7667870374106369,0.005984619088501965,0.00046439141634416247,0.18479177437567457,-1.731450634094386,-0.033259150646138526,1.0404328556253872
P02,session_02,014,lean_left,1.4074327945709229,0.5252156476037804,0.23254515550639132,-0.7677029401388069,0.012740141618289336,0.0002325896420346556,0.2689743343394875,-1.7181441684086396,0.05070056995210275,1.1035121884603594
P02,session_02,014,lean_left,1.4396836757659912,0.5258541369398892,0.26205165492014626,-0.7562339461816713,0.005273272173650855,0.003210645779854959,0.19143002475059773,-1.6935573028631759,0.0329866636132206,1.040574177521694
P02,session_02,014,lean_left,1.471792459487915,0.5279158931627029,0.2675777891917043,-0.7527728222539012,0.009418215697732735,-0.0007940084203029422,0.2943626330176329,-1.701057078621705,-0.01085719718607415,0.4483153013072778
P02,session_02,014,lean_left,1.5039246082305908,0.5328994352786889,0.27063515402846344,-0.7480861733641699,0.005508961496174643,-0.00037670980735517347,0.17184740638355298,-1.710251564121371,-0.10120550010711596,3.1543494301161084
P02,session_02,014,lean_left,1.5360071659088135,0.5267438284486246,0.2717702932464562,-0.7526535563340991,0.017539756253007074,-0.004457302835307961,0.564083888231417,-1.6882645959773857,0.03618010380853415,1.2609283684393728
P02,session_02,014,lean_left,1.5678598880767822,0.5274147228880459,0.27279190393355807,-0.7506790325987144,-0.001087946523277644,8.747195149109477e-05,0.0342657455684312,-1.6822045732059803,0.004423803536376339,0.14304770456773716
P02,session_02,014,lean_left,1.6001644134521484,0.526925415096949,0.2534889629252289,-0.7465745521582676,0.017522286883701683,-0.00498470562197401,0.5639307218444272,-1.7439479279539745,0.06557153359675442,2.106675525516461
P02,session_02,014,lean_left,1.6318178176879883,0.5290858052197259,0.2715825118762418,-0.7331606866153936,0.0012911775900852993,0.00030096027326102103,0.041884565054168404,-1.7003108883686724,-0.0730127482468878,2.3070120282746647
P02,session_02,014,lean_left,1.6636781692504883,0.5321233627685458,0.2821564590733268,-0.7294879361455903,-5.4410233087697515e-05,0.0001586661763638158,0.005264731254835991,-1.7407382702219392,-0.08234508522806315,2.584568343663589
P02,session_02,014,lean_left,1.69580078125,0.5355602092366917,0.28423152555483855,-0.7223488374152277,-0.00035505572429607294,-0.0026200280020424738,0.0823088862767963,-1.727510869486327,0.006839156203322327,0.2282641115846865
P02,session_02,014,lean_left,1.7272899150848389,0.5390424765086965,0.27815284643122823,-0.7184319259974729,0.0012206102509321048,0.00030601643025293624,0.0399625487446148,-1.787209125711554,-0.059838016000241086,1.900695227206266
P02,session_02,014,lean_left,1.7596735954284668,0.5405687108974866,0.2845262736213381,-0.7145374265985981,-0.00038740851106724435,-0.0038820240356181794,0.12047138913612693,-1.7671989868184121,0.020329657186215353,0.6392296192128241
P02,session_02,014,lean_left,1.7920722961425781,0.5401874637853189,0.2820053651562364,-0.7147886580445911,-0.001510618894372911,-6.625957021810256e-05,0.04667074046334554,-1.7766259111266365,0.02948868104121679,0.9113767428011966
P02,session_02,014,lean_left,1.8394579887390137,0.5433201077384696,0.27347810594117133,-0.7148872078597757,0.003474121174355024,0.004056267947492417,0.11270652396710316,-1.7769750777880091,0.061373836953056565,1.3000921784923467
P02,session_02,014,lean_left,1.87204909324646,0.5402341852766487,0.2720005055575172,-0.7180020198335698,0.0024318358824012855,-0.0005949605850779304,0.0768172259568863,-1.7771422475616452,-0.007448729995377612,0.24111501899291915
P02,session_02,014,lean_left,1.9039242267608643,0.5400714014454465,0.28780786857840884,-0.7183395037559367,-0.0005954158240976855,4.4145751554972043e-07,0.018679639019642418,-1.736665806029268,-0.038574143842313745,1.2103083069410934
P02,session_02,014,lean_left,1.935774326324463,0.5411075007773257,0.29110026911575343,-0.7210178977073013,0.0003240427521631443,0.0030479350564644185,0.09623555597403828,-1.7107161449146642,-0.06793425354655132,2.1351068415091676
P02,session_02,014,lean_left,1.9680418968200684,0.5413984256155309,0.291343594844556,-0.7052565603553793,-0.002374394370300092,0.0015507271249066605,0.08788795408110617,-1.7090591662484758,0.013298815855658747,0.42140857635031576
P02,session_02,014,lean_left,1.9999234676361084,0.5410599334687068,0.29052910964654816,-0.7064392808482036,-0.0007146256943831193,-0.0036658854989960014,0.11714888301977541,-1.7031167040059292,0.044507482023349275,1.4009320908820153
P02,session_02,014,lean_left,2.032597303390503,0.541847238610724,0.2730128023310207,-0.7072615830624316,0.00036848145493605756,0.0014461501447322579,0.04567436810822292,-1.7493603584289434,-0.051534849913871944,1.5779124851208486
P02,session_02,014,lean_left,2.0638279914855957,0.5422039280267851,0.2227131699623749,-0.7103515663860736,-0.0005754301969228251,0.0033724419870471735,0.10954551444954126,-1.7196477496027283,0.14840489886646144,4.7531558533306475
P02,session_02,014,lean_left,2.0952532291412354,0.5416253489151863,0.22240482884093335,-0.7075437913074302,-0.0007179789580652303,-0.0024142823116088522,0.08015150314956897,-1.660714520167521,0.022928803976626347,0.7340194573456879
P02,session_02,014,lean_left,2.1276776790618896,0.5420002326374357,0.22231159310454818,-0.7060086314135268,-0.00016385771696659213,0.0013806387299711953,0.042879008201739184,-1.7466657477055008,-0.08424711526350698,2.5986126816858555
P02,session_02,014,lean_left,2.1595256328582764,0.5417709260846161,0.23105237269433462,-0.7153463248323071,-0.011481303482977797,0.009003886870917277,0.4581381007447545,-1.743434722315103,0.11580405098277778,3.664901543597922
P02,session_02,014,lean_left,2.191617965698242,0.5389941533364779,0.22356847221601014,-0.7228623411982361,0.002955991168560883,-0.0006240861996510855,0.09413941122489287,-1.7148081255304664,0.07891190411726225,2.460703494937279
P02,session_02,014,lean_left,2.224355697631836,0.5383120413562252,0.2173280901172806,-0.7248410419549115,-0.0017521413745653484,0.001125077555458142,0.0636042267673131,-1.7210811621762454,0.016983455936068464,0.5226576955197418
P02,session_02,014,lean_left,2.271649122238159,0.5396238864145063,0.21348315348710237,-0.7262497850031304,-0.003574960595788122,0.00038957797720859264,0.07603858094690413,-1.7105531723468816,-0.026870442344363064,0.573230060597739
P02,session_02,014,lean_left,2.304564952850342,0.5411588373718964,0.20147081782254977,-0.7298774383109337,-0.003114943049030143,0.0034753847281769603,0.1417867917411443,-1.7488123340858042,-0.008657346534160055,0.2987979489056934
P02,session_02,014,lean_left,2.335986852645874,0.5397772396639408,0.19279255064182937,-0.7415163591845769,-0.0029595980932145636,-0.0013163155387718904,0.10308483653918186,-1.735279047421764,-0.003431248841503598,0.1501697916681233
P02,session_02,014,lean_left,2.3679897785186768,0.5359771398609132,0.19039530832106238,-0.7475275600651314,-0.005717730446343233,0.00020167468957392695,0.17877384333516277,-1.720116622796391,0.003339726186897925,0.20700350232978554
P02,session_02,014,lean_left,2.399547815322876,0.5365614962953215,0.193731273803604,-0.7431089719492482,-0.0013850243004588294,-0.0034887215806913507,0.11894258119085764,-1.7434899291006123,-0.026609340581581393,0.851535327244629
P02,session_02,014,lean_left,2.4316728115081787,0.5347978348352517,0.1941309852452098,-0.7469379947412896,-0.0024612092361601112,0.0005406011592625377,0.07843988642763482,-1.7578394262182522,-0.0028675656585230042,0.1188303630529075
P02,session_02,014,lean_left,2.4643547534942627,0.5333223272116697,0.19600132763977246,-0.748405683189605,-0.0026167165319045957,-0.0001372425267977382,0.08017617603570147,-1.7789289988138501,-0.012081449575513516,0.37826211769487295
P02,session_02,014,lean_left,2.4960720539093018,0.5331447956856922,0.20047988503907996,-0.7473916860865574,-0.0036052134391039914,-0.0011888623834849785,0.11968788871729619,-1.782173273108857,-0.03093473808575031,0.982643304052766
P02,session_02,014,lean_left,2.527618408203125,0.5331474273345606,0.19382170703437954,-0.7532710702615485,-0.0008235296506480199,-0.0005143252208119756,0.0307783147793422,-1.7468433970796844,0.01882611420411308,0.5975693821497974
P02,session_02,014,lean_left,2.5599441528320312,0.5340772869225451,0.19528058669014564,-0.7529001161168197,-0.0013215752093410863,0.00027169758246381443,0.041738089191319674,-1.7488703534429182,-0.044665347129896726,1.3823570344100187
P02,session_02,014,lean_left,2.59158992767334,0.5329347173668642,0.19343908757441017,-0.7543076453046861,-0.0011202684023711555,-3.6628353394554325e-05,0.03541916888771755,-1.7583425668739494,0.0052997872092906875,0.17117666858346603
P02,session_02,014,lean_left,2.62381911277771,0.5335467259106447,0.19446384647810308,-0.7530590647591393,-0.0025264402859111607,-0.00022661187119181922,0.07870453503197816,-1.7730079008559627,-0.011858442261282529,0.37626462362690166
P02,session_02,014,lean_left,2.656348705291748,0.5351894790519179,0.19555894922960407,-0.7573693016157701,-0.004446881248731184,0.003146512202556514,0.16746300366540295,-1.7549915016414026,0.016464937412889166,0.5331362857354688
P02,session_02,014,lean_left,2.7038564682006836,0.5345392459924191,0.20020284964255436,-0.7530695205587389,-0.003038610138786363,-0.00023003808063397978,0.06414331115189319,-1.7391912840719312,0.020073972596283185,0.4273817628274431
P02,session_02,014,lean_left,2.7360036373138428,0.5336656485891593,0.2014726744290005,-0.7506565205079984,-1.3179315742150555e-05,-0.0028529867908262184,0.08874863044439728,-1.7438819213020043,-0.01529507059751067,0.4839892622147409
P02,session_02,014,lean_left,2.76790452003479,0.5336802512141985,0.20104275467921623,-0.7447860326363898,-0.0006488960109674866,-0.0002644167480147202,0.02196494880054014,-1.740563897532884,-0.024169003079755214,0.7579463687339044
P02,session_02,014,lean_left,2.7996182441711426,0.5336892019129179,0.19684980192056173,-0.7514951985240672,-1.4211812831292867e-05,0.00016143949271225021,0.0051102112968835645,-1.745094268680666,0.0018630597700998977,0.058968012763690805
P02,session_02,014,lean_left,2.8313097953796387,0.5330983917786053,0.1966356566466826,-0.7517616852613308,-0.0007034397934558166,-0.0005471322624614224,0.02812006492946637,-1.7580756633371748,0.008570834997535432,0.2719034117242135
P02,session_02,014,lean_left,2.863525867462158,0.5334898368230829,0.20702271781074824,-0.7506642475259461,0.00017256068907291997,-0.0013005456142138718,0.04072326464220673,-1.728346717623316,-0.0709088964407279,2.201417723828982
P02,session_02,014,lean_left,2.8961973190307617,0.5337216454289753,0.1764505964194077,-0.7508360731854109,0.0004217776140117465,0.0004745172653566984,0.01943202369059086,-1.7434410662147735,-0.032804789039649035,1.0042691782934912
P02,session_02,014,lean_left,2.9277758598327637,0.5331604940776719,0.1817768096251914,-0.7485110502926698,-0.00393154850823058,0.00018457344386404174,0.12463776304306592,-1.7577952541836883,0.015753667639118316,0.5142065808393748
P02,session_02,014,lean_left,2.959662437438965,0.5291516185662419,0.19268174570655983,-0.753471257212988,-0.005691541865089703,-0.0023305609529160895,0.19287791211084646,-1.7146576455002425,0.08627921943624196,2.7126819567698788
P02,session_02,014,lean_left,2.9919042587280273,0.5327995033382714,0.19947124651986467,-0.7444483877650716,-0.0024609313025890345,0.00126671175285097,0.08584516480527436,-1.7548971821034578,-0.07649490821217858,2.3740893756152235
P02,session_02,014,lean_left,3.0233006477355957,0.5326881152753531,0.21311194772540304,-0.7416609621350078,-0.00014965832745466093,0.00043644284578460185,0.014695612824959306,-1.7253860167397803,0.05638392872289883,1.7959331708315007
P02,session_02,014,lean_left,3.0558643341064453,0.5317364852409112,0.2172711217309463,-0.7367521988171332,-0.00010478017448540073,-0.0023171579319336308,0.07123044169070482,-1.7349201719197107,-0.0053236119194482725,0.1783269329932427
P02,session_02,014,lean_left,3.1047182083129883,0.5297538287092634,0.219997494267185,-0.7371326559749025,-0.0014781226243958776,-0.0028816485637949353,0.06629224892363894,-1.7195240791060262,0.04778297408302493,0.9803235280655854
P02,session_02,014,lean_left,3.1383278369903564,0.5297748399322868,0.21982712115205325,-0.7355651924047039,-0.0001638418011041386,7.943163026919955e-05,0.005417527271701645,-1.7537391808106102,-0.019234042992451857,0.5723034015811965
P02,session_02,014,lean_left,3.169274091720581,0.5306676667664363,0.22289255307589367,-0.7364627827096022,0.0007242680772598782,-5.924885213113415e-05,0.02348224277883823,-1.7445274422328445,-0.03626992895272849,1.172264893603418
P02,session_02,014,lean_left,3.200132369995117,0.5309278813377776,0.20617128283074065,-0.7411049247664359,6.68538368606854e-05,0.0015492576803987548,0.05025229988294092,-1.7607266667073764,-0.00714314442460665,0.23687409480167598
P02,session_02,014,lean_left,3.232374429702759,0.5315952722480349,0.20042310127722981,-0.7470753514143456,-0.0005266749579754912,0.00146529388222954,0.04829318723889085,-1.7688241251731878,0.02026166692604313,0.6302763561191451
P02,session_02,014,lean_left,3.2665529251098633,0.5320480073178476,0.19632457728497274,-0.7461705504161138,3.755762052692382e-05,-0.0016935378061312672,0.04956198898746221,-1.804891249738121,-0.1010675008236037,2.9574647592351813
P02,session_02,014,lean_left,3.3010246753692627,0.5320492150099593,0.19590746986621635,-0.7450074018171915,-0.0004478617051363519,-0.0006758115780714259,0.023519004900478285,-1.8040317036519173,0.03527148288210858,1.0234699175881374
P02,session_02,014,lean_left,3.3304684162139893,0.5320525279738366,0.20272747933786578,-0.7376406355352209,-0.00042668567265868266,0.000818362675095944,0.03134514305980336,-1.7876422101500082,-0.013702589573217532,0.4664364964323372
P02,session_02,014,lean_left,3.3676300048828125,0.5316269136016907,0.21580228929848844,-0.7391733049038389,-0.0006241016898380683,-0.004622377520640237,0.1255145357578831,-1.7203711205015286,0.05333263709358959,1.440633043058869
P02,session_02,014,lean_left,3.408388376235962,0.5324491743735946,0.204069151264816,-0.7418375702730863,0.0008444237653874042,0.004117982651183648,0.10313633265633043,-1.7172469575604172,-0.029682840084150636,0.7355304478263809
P02,session_02,014,lean_left,3.4445507526397705,0.5324506466420067,0.19958537051054287,-0.74443245146351,0.00018087348640331147,-0.0001848754837042048,0.007152158795290992,-1.7719651565103944,-0.026628310530315277,0.7363887338475116
P02,session_02,014,lean_left,3.4781455993652344,0.5324145868188821,0.19252808349858763,-0.752090595401533,-0.000547051309084488,0.0012559286014456829,0.04077704148291419,-1.7760227020181407,0.008781004751155968,0.2645411463105385
P02,session_02,014,lean_left,3.512132406234741,0.5322177637334954,0.1926980054214353,-0.7524961791530361,-2.4470462601741237e-05,1.4111113445397691e-05,0.0008311343541285431,-1.7788502367210257,0.03824097744582293,1.12517154157873
P02,session_02,014,lean_left,3.546886444091797,0.5309141104229251,0.19331583035970967,-0.756650133069167,-0.0002614159477677805,0.0007542161636692934,0.02296814423364965,-1.7515558106393267,0.02846520477074402,0.8193693911179091
P02,session_02,014,lean_left,3.5763230323791504,0.5313550802524343,0.18928360116629825,-0.75529148503309,0.00026717230712529024,-0.0010151818534623184,0.03566140454211441,-1.765274766094753,-0.016714240081119228,0.5689237025205895
P02,session_02,014,lean_left,3.605839729309082,0.5307278603144684,0.18451495566538753,-0.7566713421774138,0.0005815836628332846,0.0004707362986899126,0.025349020856137838,-1.7701922274116748,0.006084560063544653,0.20769233750640972
P02,session_02,014,lean_left,3.6340885162353516,0.530861280021974,0.17998752186139708,-0.7569577952559169,-0.0001470856654916133,0.0004054399527406226,0.015267750488232158,-1.7644505904529544,0.013672370491599707,0.48423925073153895
P02,session_02,014,lean_left,3.663578987121582,0.5305199736139796,0.17806144184481107,-0.756639444286966,-0.00030537101816526733,-6.224265786002873e-05,0.010567814132486756,-1.7929270329527045,-0.011916744459522026,0.40422613062549023
P02,session_02,014,lean_left,3.6961846351623535,0.5308347782511539,0.17769323889622685,-0.7591510040109166,0.0007308332979989343,0.0009345458865750152,0.03638566657247097,-1.76217059497653,0.01875657623290301,0.5764050066803866
P02,session_02,014,lean_left,3.7276804447174072,0.5311329553359256,0.17638317116484264,-0.7572767652593273,-0.00035922167135223916,0.0006069510807586958,0.02239304404185455,-1.7607273226779119,-0.0010999410221052709,0.04148605645813144
P02,session_02,014,lean_left,3.7651445865631104,0.5309982664155143,0.17514073847821646,-0.7555560512436347,0.00010630090938587995,-0.002298715071656539,0.06142331080256347,-1.759928379245907,-0.0007435731774017056,0.06455036951103574
P02,session_02,014,lean_left,3.794132947921753,0.5302899279943974,0.17617182548562374,-0.7574288604632414,-0.0005997669722379577,0.0009242660818427149,0.03800874834683751,-1.7627109164033363,0.030685088776658015,1.059213503919974
P02,session_02,014,lean_left,3.825422525405884,0.5302627957785966,0.1761864319470356,-0.757280685253532,6.005282988880167e-05,-0.00019153958283672074,0.0064153324586272075,-1.7568031332867842,-0.007807036494331926,0.24959163085165004
P02,session_02,014,lean_left,3.856287717819214,0.5317151350952831,0.17625425222437263,-0.7561355328663248,-0.0015589584350327267,0.0013528647352550845,0.06687535602635104,-1.7911789531733413,-0.021999955969464857,0.7159059755797069
P02,session_02,014,lean_left,3.8876776695251465,0.5320286159418685,0.17299359639049608,-0.7554198371378574,-0.00022400954320362268,-0.0030341837752356654,0.09692406416672046,-1.7866046366555126,-0.029385273870256964,0.9411405227470847
P02,session_02,014,lean_left,3.9196295738220215,0.5319348270749499,0.17623588777651364,-0.7518534476346816,-0.00033472892926448254,-0.0007432444515227425,0.025511517476796947,-1.7861875492402053,0.0014107974169903649,0.05099405837324053
P02,session_02,014,lean_left,3.969332456588745,0.5326830692766135,0.18054862137298175,-0.7433148044111634,-0.0008056449831709599,-0.0016090520636108893,0.03620465222931037,-1.7876488141956504,-0.06339374203271869,1.2759677717815356
P02,session_02,015,lean_left,0.00020051002502441406,0.5543973006774706,0.08182658795780962,-0.7683161592182374,0.0,0.0,0.0,-1.849026389610832,0.0,0.0
P02,session_02,015,lean_left,0.031209945678710938,0.5535250576799113,0.07900991784201726,-0.7782053327119162,-7.012785486654568e-05,0.0016795688541741975,0.05421034670305308,-1.8204877230538465,0.04585292965148017,1.479670069090422
P02,session_02,015,lean_left,0.0632772445678711,0.5516824280423045,0.07656512884174368,-0.7847282993890976,-0.0012010172860420119,0.0020321001798737147,0.07361024285662632,-1.7831748225007211,0.09883430951803289,3.082969157889696
P02,session_02,015,lean_left,0.0958702564239502,0.5522147720594299,0.07227938431546374,-0.7864380169820926,0.0015656324607955174,0.0010275103902477028,0.05745691595875158,-1.8062563540284073,-0.020745817417299913,0.6390992237311882
P02,session_02,015,lean_left,0.12825441360473633,0.5457768765227367,0.07033662454017438,-0.7949979082387479,0.00583446950476989,6.607244029622985e-06,0.18016443081670047,-1.8343554813109284,0.009375215132793265,0.3409831392544074
P02,session_02,015,lean_left,0.15940332412719727,0.5359950908849551,0.06693223659504172,-0.8071808873332569,0.010588484032956414,0.0001922712214518588,0.33998715820430464,-1.8412234673669023,0.003899052420098575,0.36229814831060775
P02,session_02,015,lean_left,0.1914958953857422,0.5367842808003129,0.06734195166350672,-0.8078883350554253,0.010707941560910726,0.0020718439498330736,0.3398461573766843,-1.8252402211352277,-0.006493021359943943,0.3955116345359937
P02,session_02,015,lean_left,0.22350239753723145,0.5340184040338872,0.07363367105751308,-0.8111535321214803,0.013437621701338703,-0.0008309761929564954,0.4206423653748032,-1.834571115121979,-0.0009798989579601495,0.4217550424509723
P02,session_02,015,lean_left,0.2555234432220459,0.5305994540891373,0.0861391070084537,-0.8146756289259227,0.013780246333114388,-0.0018034186802298692,0.43401930215157075,-1.8101839997242115,0.018694320717483122,0.7274689196015972
P02,session_02,015,lean_left,0.28829026222229004,0.5298989302751128,0.08542839741386471,-0.814235736061392,0.013999386589519934,-0.0015185773377054772,0.42974904654195506,-1.78206192282636,0.003874984629849623,0.44572360345498285
P02,session_02,015,lean_left,0.3202500343322754,0.5270567285014162,0.10011224621589941,-0.8145023682048599,0.00626934922509855,-0.004341171216044483,0.2386014506461192,-1.7607051185435065,-0.0022272717796960454,0.24857056882241257
P02,session_02,015,lean_left,0.35120320320129395,0.5287428696606036,0.10306013152385399,-0.8125923156940503,0.01497455143357239,-0.0011897416628299246,0.4853054035013118,-1.7780336027461028,-0.0020784687648135727,0.4899288710567645
P02,session_02,015,lean_left,0.39954543113708496,0.5224639520059675,0.11582460688436073,-0.8140154209207567,0.016025543441955677,-0.004261655372314898,0.3430233578731041,-1.7435068658400847,-0.005057874356326054,0.358624751370939
P02,session_02,015,lean_left,0.43199658393859863,0.5170159418786178,0.12274745584267499,-0.8133911475598344,0.014289715311728974,-0.0018328727766464617,0.44395287703550335,-1.7486476985917352,0.0258195727992397,0.9111223371476425
P02,session_02,015,lean_left,0.46371912956237793,0.5199532847733807,0.15241927353536366,-0.8069360986736371,0.004191815319121335,-0.0007953349609703849,0.13449739481591982,-1.7339268518961395,-0.06122328155723215,1.934642008791377
P02,session_02,015,lean_left,0.4954683780670166,0.512602635916836,0.1388196491853974,-0.8116883553922016,0.020724106326899604,-0.006669267315847256,0.6857107016937662,-1.7554906684265545,0.008763907483008013,0.7391850590300487
P02,session_02,015,lean_left,0.5276339054107666,0.5149760591107775,0.17195920566763462,-0.8039816986554698,0.005007485893645754,-8.779072786451332e-05,0.15570257406336044,-1.7686180276449854,-0.009682877461747334,0.33891593935641956
P02,session_02,015,lean_left,0.5600240230560303,0.5119556975014125,0.18435553955135645,-0.7995259675354671,0.009086565556365346,-0.0035083628806702864,0.30071959623700517,-1.7545060925516676,0.017743026593851147,0.6249061126258989
P02,session_02,015,lean_left,0.5917305946350098,0.5070503692152262,0.1926866119871803,-0.800094176120906,0.009538558271474134,0.00019754567125169955,0.30090303632751353,-1.7391244386831195,0.09639664508810394,3.055127620123192
P02,session_02,015,lean_left,0.6237952709197998,0.5047164652145871,0.215199848141439,-0.7959382035723327,0.012796541509032424,-0.006831518141930348,0.4523950024801334,-1.7416653621728637,-0.01729694690653823,0.7040284151437309
P02,session_02,015,lean_left,0.655353307723999,0.5022365565554986,0.2049854150801957,-0.7926043812374707,0.011216031158514344,-0.0003228646620699178,0.35555688260308493,-1.7457086964440842,0.07802180917747821,2.497764010366618
P02,session_02,015,lean_left,0.6871259212493896,0.5072386139952828,0.19696927718623655,-0.7830280195718492,0.00913722406324752,0.0013935872885267346,0.2909073374947028,-1.7379336946505721,-0.023624386190398854,0.7984278934187429
P02,session_02,015,lean_left,0.7200057506561279,0.514352474475942,0.19949069326055135,-0.7645852596106661,0.01541569639461845,-0.0011597558377062125,0.47017458959057035,-1.6952613915964316,-0.15680816138763157,4.792249937637938
P02,session_02,015,lean_left,0.7519259452819824,0.5148897682814401,0.22218321729619162,-0.7633660319828932,-0.0007237147850467015,0.0018957177302235029,0.06356993062293928,-1.7124378508304336,0.011397574533745446,0.36267937898754343
P02,session_02,015,lean_left,0.7831363677978516,0.5149002534157701,0.2254284119932528,-0.7611926126240515,0.00013300777459828355,0.0008489808693679823,0.027533645582693916,-1.7093813938379463,-0.04542965045908689,1.4558526792093307
P02,session_02,015,lean_left,0.8314821720123291,0.5085663471425858,0.2338667274797082,-0.7580426950435879,0.008685174166038057,-0.0072404042526614835,0.23388440514259332,-1.7421390676879265,0.13625183233396315,2.8279644619364963
P02,session_02,015,lean_left,0.8633787631988525,0.5121405726578094,0.23388616958216857,-0.7506909381012002,0.0004604126041171789,0.0026469069402014662,0.08423004995528174,-1.7510684555057534,-0.03447714709689429,1.0841806853351188
P02,session_02,015,lean_left,0.8957858085632324,0.5130713670400349,0.24093594789190065,-0.7486872699293345,4.051506515621922e-05,-0.000700111943122452,0.02163983932738252,-1.7506805939129584,-0.00124045802715934,0.0439709379942619
P02,session_02,015,lean_left,0.9275491237640381,0.5170966028962986,0.2437802761348273,-0.7401424554897637,0.004943984752371641,0.003316776481382981,0.18743275437747672,-1.7277686009834483,-0.04335805322998935,1.3778436001992338
P02,session_02,015,lean_left,0.9593861103057861,0.5152762409173459,0.24606378381924035,-0.7427801837586829,0.001170690126087345,-0.0011185206436640069,0.050857098038576666,-1.686920283793226,0.03767206330967079,1.1843722166168285
P02,session_02,015,lean_left,0.9914395809173584,0.5145714603381668,0.2449930497900361,-0.7429642807077407,0.0009246124443934154,0.00010917313149059401,0.029046321592129144,-1.6935160005178083,0.0005887530335106808,0.034366646042319135
P02,session_02,015,lean_left,1.0231318473815918,0.5143695841618913,0.24091752915756076,-0.7469356704402653,0.0013056379197455591,-0.0001136193818642988,0.041353063115798366,-1.7101214127551663,0.022261490102095847,0.7036427824938248
P02,session_02,015,lean_left,1.0554418563842773,0.5133929919097965,0.2434610142370901,-0.7480176206016796,0.0007659661314090016,-0.0004034455940350558,0.026794197916211564,-1.7218670181248101,0.013192728974672083,0.4091952811089166
P02,session_02,015,lean_left,1.0875825881958008,0.5150809803698151,0.24410808533307968,-0.7492247234783213,-0.002421940355729827,0.004422316473617195,0.15687541513602116,-1.7334295035647014,-0.0006545644005917852,0.1581918215747762
P02,session_02,015,lean_left,1.119469165802002,0.5151135820681284,0.24871161347626994,-0.7491094977838175,-0.00010957893669910936,-9.326359343134335e-05,0.004512699693360699,-1.7447965968579775,0.010436554811095903,0.32733355299827055
P02,session_02,015,lean_left,1.15142822265625,0.5155849730274835,0.2477563659897243,-0.7475072666399106,-0.0005691276541793362,-0.00024080700866454548,0.019336489652483347,-1.743657856337345,-0.10352796766013887,3.239451418027895
P02,session_02,015,lean_left,1.1841151714324951,0.5160153142234106,0.24189336243643283,-0.7328684136033002,0.0018994373842598185,-4.042830725437463e-05,0.05812312412063159,-1.7389085602580616,-0.00826643373902663,0.25949032379846976
P02,session_02,015,lean_left,1.2158026695251465,0.5163678263988115,0.24096127780247528,-0.7315898685040793,-0.00028427669466613985,-0.0006691511517529644,0.02294383317104074,-1.7597070228697385,-0.060252259302655986,1.9015905051680582
P02,session_02,015,lean_left,1.2633352279663086,0.5173143304042862,0.24213125664757357,-0.7338422430270417,-0.0012519451538527003,0.0,0.026338686469031813,-1.7353223501125836,0.028530252414721083,0.6008030841219426
P02,session_02,015,lean_left,1.296015977859497,0.5161626271522198,0.24245185409395772,-0.741191521423222,-0.002125315798205505,-3.446973013837967e-05,0.06504120354739507,-1.71300505299781,0.05055961701073678,1.548443010460225
P02,session_02,015,lean_left,1.3275012969970703,0.5163976021723506,0.2411309079021985,-0.7410984960797262,-1.9679781415430117e-05,-0.0007982719546575642,0.025361486632426242,-1.7248381645773705,-0.10053312454528347,3.1931166165559026
P02,session_02,015,lean_left,1.35945463180542,0.5167467808601391,0.22931474212263903,-0.7411866737279046,-0.0003750473339467925,0.0001191523592086842,0.012315451405583835,-1.7257497693177335,0.014941423247208437,0.4677635245803552
P02,session_02,015,lean_left,1.3914625644683838,0.51650318708661,0.2230514946125064,-0.7453111512714592,-0.0006024763389483987,0.00016935000285529377,0.019552190134023192,-1.7448909746493881,0.09509692177372146,2.9711066317644903
P02,session_02,015,lean_left,1.4240455627441406,0.514918813740111,0.2131066297042998,-0.7465494326731598,-0.004392947218139415,-0.0008974517897045444,0.13760802612490575,-1.7539676292669828,0.06166230578533662,1.8974651278833854
P02,session_02,015,lean_left,1.455751895904541,0.5148610355599221,0.20988795831732562,-0.7470285602678136,-8.471353589024096e-05,0.0004778920070446391,0.015307424642842885,-1.7553586123073064,-0.006295370506560182,0.1991416515260039
P02,session_02,015,lean_left,1.4872334003448486,0.5162435760197797,0.20357257117255,-0.7453738152298203,-0.0015133129308733753,0.0008868935132756415,0.055716884531457615,-1.7592444091052906,-0.010884809508648412,0.3502130446430887
P02,session_02,015,lean_left,1.5196897983551025,0.5158832790457858,0.20389464211387656,-0.7477563591751732,2.5996277877563522e-05,-0.001296752110039263,0.039961694456522714,-1.7813037812789496,-0.005542002056951781,0.1753660688857498
P02,session_02,015,lean_left,1.5517923831939697,0.5150748147390479,0.20250997067886445,-0.7506109378735303,-0.0006549483271443338,0.001668051179225584,0.055821815461884916,-1.7661371479463692,0.0027409525291295007,0.10200980080733947
P02,session_02,015,lean_left,1.583754062652588,0.5142850770547049,0.20670396535015909,-0.7499101364087214,-0.001008168284231155,-0.002083847190743057,0.0724277661165779,-1.7314191712895934,0.0316780991137945,0.9937703362632749
P02,session_02,015,lean_left,1.6159629821777344,0.5159742914416707,0.19888106600614655,-0.7502120224976991,-0.0015222179058029793,0.001818147763716488,0.07362079376022407,-1.7700843015480345,-0.03962104279754342,1.2323274828995467
P02,session_02,015,lean_left,1.6638445854187012,0.5143374912491799,0.2000120825884972,-0.7588187247686977,-0.0025322594916909647,-0.0017364396189461662,0.0641255325149582,-1.730105276342616,0.006431078653464546,0.1488348882585646
P02,session_02,015,lean_left,1.6956400871276855,0.5143984674446964,0.19695077537569966,-0.7585828338461986,-0.00012780738541823914,-0.00014292874878821214,0.006030341218011922,-1.7309589478262442,-0.01066522504460982,0.3354860859943316
P02,session_02,015,lean_left,1.7274410724639893,0.5148825241429886,0.19243322183409783,-0.7576601928856329,0.00033276241350789975,-1.6959364612596037e-05,0.010477483637271318,-1.7620388840992547,-0.06057966074125986,1.9049905653858108
P02,session_02,015,lean_left,1.7594919204711914,0.5145441451515376,0.1922110070332707,-0.7587700856358013,-0.002023980380478549,0.000535642821006614,0.06532305885787157,-1.7648856387204221,0.003470528764414555,0.1264598185509114
P02,session_02,015,lean_left,1.791534185409546,0.5143611880525308,0.2025463960899572,-0.755704693944383,-0.0026468069943381195,-0.0033672676090529896,0.13366716655913655,-1.7230335471658105,0.03957472281997745,1.242290870475456
P02,session_02,015,lean_left,1.8232142925262451,0.5158676171201471,0.19531694748820322,-0.7521407914785436,-0.000865933420599118,0.0019899310609471357,0.0685028164640734,-1.7623703554916135,-0.049194943392549005,1.5543756631936954
P02,session_02,015,lean_left,1.8560669422149658,0.5126280146534548,0.20150152406855787,-0.7509646916952439,-0.004868163655600214,-0.004680906467801651,0.2055697322775479,-1.7560166616238708,0.017010202255126766,0.557088317081406
P02,session_02,015,lean_left,1.8876752853393555,0.5150413211209793,0.20240440327738254,-0.7481315014795048,-0.000944252777282254,0.0008428462146578002,0.0400433071123076,-1.7724879409223007,-0.03105555004694041,0.9833268312429325
P02,session_02,015,lean_left,1.9195363521575928,0.5153670539299353,0.2034293798306775,-0.7476769834084286,-0.0015716901458844338,-0.0006333832064414512,0.05318453173585695,-1.7531640917010476,0.022337586202483977,0.70310785921565
P02,session_02,015,lean_left,1.9517245292663574,0.5182448553326684,0.19878544761511388,-0.7475645054129643,-0.000539782491256056,0.004719308573740956,0.14757212642500359,-1.7778036100888326,-0.03617756073460587,1.133586047055099
P02,session_02,015,lean_left,1.9834356307983398,0.5177199245895842,0.20044240665592938,-0.7478583964938625,-0.0008654832387496136,0.0001366582779375845,0.027630887125912943,-1.7599533445963556,0.05992995081563512,1.8900748590212226
P02,session_02,015,lean_left,2.0157763957977295,0.5174520311581338,0.20105479484662553,-0.7468281777106986,0.00020278976756979292,-0.0009190909147624981,0.029102496602510162,-1.7576294833819612,-0.001324728044269471,0.05024743124968668
P02,session_02,015,lean_left,2.048006534576416,0.5196032038704995,0.19377871326904805,-0.7471380667623783,0.0023291094021451646,0.0007351882465695607,0.07577958721489987,-1.7551779982885978,-0.052450932322148675,1.6291511173869486
P02,session_02,015,lean_left,2.095416784286499,0.5193173929178068,0.19418905571402065,-0.752112484613319,-0.0007075877681963988,-0.00013692655433224717,0.015201659200477937,-1.7637339596562396,0.017417706189713958,0.36769708820642744
P02,session_02,015,lean_left,2.127894401550293,0.5195873839587771,0.19038175469644106,-0.7533581392373103,0.00040775568536693886,0.0018023501056808721,0.056897615201850445,-1.7405337357879282,0.04199493527114539,1.2942935969080385
P02,session_02,015,lean_left,2.1602001190185547,0.5184391373768267,0.19262522035393706,-0.7609488774390996,-0.0011168129055181644,-0.000397679209407796,0.03669641564933479,-1.7408425212085725,0.034043766179981665,1.054438779381144
P02,session_02,015,lean_left,2.1912431716918945,0.5186209507145196,0.19228571184419643,-0.7586111459030312,-7.556589043660119e-05,-8.453036108915615e-05,0.0036524267333335413,-1.7450272763674006,-0.0366667824252243,1.18116469129287
P02,session_02,015,lean_left,2.22309947013855,0.517936458572416,0.1939172364031007,-0.7572527060552778,-0.0008365237775817567,-0.0027762140061056953,0.09101830241744382,-1.744203776396507,-0.0016683867747271314,0.10501041094002485
P02,session_02,015,lean_left,2.2554543018341064,0.5180370469454941,0.18615739281993302,-0.7553456739765049,-0.0004756237064377276,0.0003240626959012663,0.017788063217238814,-1.749233277089206,0.003908082204502898,0.12209097780607436
P02,session_02,015,lean_left,2.2886807918548584,0.5197245208283711,0.18649478791779972,-0.7575308630235024,-0.0013113377995649233,0.001659206298201065,0.06364938655008733,-1.7841992085643086,-0.006371071206662465,0.2020347926526631
P02,session_02,015,lean_left,2.3196964263916016,0.5190249025478576,0.18618492294496072,-0.7582513245619888,0.0006252158340100051,9.531692009520214e-06,0.020160428653453917,-1.7741676540126818,-0.011351556145361983,0.36654948220123623
P02,session_02,015,lean_left,2.3517494201660156,0.5172274099100754,0.18503060674843372,-0.7606309503367243,0.0012792078429181776,-0.00022863369761268992,0.04054158446724938,-1.7570056856604233,0.05189976292901145,1.6196935951252907
P02,session_02,015,lean_left,2.3837502002716064,0.5188991499412717,0.18564740728295545,-0.7598118273120087,-0.0022575195682331068,3.865291159021741e-05,0.07055610648282275,-1.755588078265443,0.0062577225984664685,0.20788843308903665
P02,session_02,015,lean_left,2.415945529937744,0.5180859036482725,0.1850281595912452,-0.7590981718942755,0.0007941174574814272,-0.00039979111405258376,0.027615049653849963,-1.7733442407788376,-0.022458711642138987,0.698123080461551
P02,session_02,015,lean_left,2.447554349899292,0.5173097958644444,0.18685866483892816,-0.7610773891539356,-0.001422251888187755,0.000901311626964959,0.05326975995424048,-1.7747523882550185,-0.020417660873663444,0.6481410073996391
P02,session_02,015,lean_left,2.4798996448516846,0.5153267548967153,0.189043266995989,-0.7646199366246048,-0.0024254407284350263,-0.0001382182272311237,0.07510754965980262,-1.7465808354993189,0.029124373266319177,0.9035477790345388
P02,session_02,015,lean_left,2.5275352001190186,0.5137748945672069,0.19974665902879424,-0.7624931330751,-0.001371652495660145,-0.004269864047767884,0.09414755055142306,-1.7455747458857875,0.0020527367059150915,0.1035409465783923
P02,session_02,015,lean_left,2.559267997741699,0.5152129264574621,0.1998123275181723,-0.7608900212034586,-0.0016940101217683846,0.00041347371055301815,0.05495073216168946,-1.7706473120543067,-0.033212414627382336,1.04806891079553
P02,session_02,015,lean_left,2.5911953449249268,0.5156537767408685,0.19492963030526816,-0.7647049996719724,1.3292900116999493e-06,-0.00023985015428499085,0.007512488790720438,-1.7787798351501158,0.03394064627829901,1.0630853099014805
P02,session_02,015,lean_left,2.623164176940918,0.5156080428691496,0.1889971841130557,-0.7648765219900285,0.00022969856814036805,-4.2425452696283374e-05,0.007306607681096467,-1.7856741544082453,-0.018460707456449874,0.5775057768095369
P02,session_02,015,lean_left,2.655320644378662,0.5153733480565269,0.18728278899867437,-0.7651009149967046,-0.00044124637379262924,-0.00016972126427905994,0.01470191800301555,-1.781336852340489,0.03867820394254899,1.202902438867033
P02,session_02,015,lean_left,2.6878163814544678,0.5149322228708055,0.18724375755310338,-0.7642442197381706,0.0008825252970094073,-0.00017843233699577025,0.02770771728048477,-1.791666644847643,-0.029389189144479456,0.9048257050017319
P02,session_02,015,lean_left,2.7196061611175537,0.513802425608171,0.1787116130973547,-0.7660441411926987,-0.0011649706466199826,-0.00026606190624839355,0.037589652008205195,-1.7877497028510163,0.0037939488174844505,0.12512470846966323
P02,session_02,015,lean_left,2.751666307449341,0.513685407474714,0.17750574839577282,-0.7666099114355392,5.1315754289193184e-05,-0.00023752029175800666,0.007579516326163718,-1.7761120531671284,0.02873479181811537,0.8963096733375585
P02,session_02,015,lean_left,2.7834906578063965,0.5139006094410918,0.1788038345667415,-0.7638360965001503,-0.002257730566419106,-0.0027261640624377625,0.11122544849479835,-1.7762711686641777,0.00213904914895056,0.12995711936141893
P02,session_02,015,lean_left,2.815171718597412,0.514396686543615,0.17860773156004237,-0.7604472482485577,0.0002028065736953032,0.00017276651985699017,0.00840939089415143,-1.7914465189744098,-0.025111631042151136,0.7926831880096349
P02,session_02,015,lean_left,2.847561836242676,0.5155934940277105,0.17607071245341288,-0.7636049014224002,-0.003054776590688827,-0.004829297231271373,0.1764225727426924,-1.7573142930911128,0.05332362272481472,1.6557190104670787
P02,session_02,015,lean_left,2.8795700073242188,0.5179945076820143,0.1717584734744128,-0.7593991300134924,0.0028760121380102433,-0.0001251365607780323,0.0899374480656835,-1.7862276328327429,-0.10592338090642789,3.3104825580070996
P02,session_02,015,lean_left,2.9122345447540283,0.5176250747580942,0.17099373993325032,-0.7656891303542224,0.0002518047585378249,0.005419948451920709,0.16610657949007004,-1.7977064567564294,0.019411852514996553,0.6170567774661647
P02,session_02,015,lean_left,2.9595277309417725,0.517452549530356,0.18134651179018418,-0.7605722539684614,0.00017776483685916277,-0.0032290825670973013,0.06838135065495969,-1.7653738117161177,-0.033160557341606486,0.7044964155917497
P02,session_02,015,lean_left,2.991375684738159,0.5175279575947326,0.18376982185043084,-0.7595410366354053,-0.0020709335662727124,-0.0008704111464501092,0.07053562208496642,-1.7706749766149124,0.008151373033194352,0.26548803462265874
P02,session_02,015,lean_left,3.023378610610962,0.5177925097299706,0.1826807490202708,-0.7595001503846341,8.233456717601206e-05,0.00031667583963818134,0.010224195454259146,-1.7661679807537076,0.01918452971696835,0.5995489264434631
P02,session_02,015,lean_left,3.0551581382751465,0.5177862966099328,0.18149024106142472,-0.7621738163106793,-1.0245179178633369e-05,0.00254126489379225,0.07996612071843044,-1.778272729405381,-0.0029308119313259055,0.12206437573835238
P02,session_02,015,lean_left,3.087123155593872,0.5178392376970427,0.18144619125249015,-0.7621234628494499,-3.850182107875065e-05,-0.0003658536272012225,0.011508643293034233,-1.7578267120901945,-0.03517000354853823,1.10032561859386
P02,session_02,015,lean_left,3.1196470260620117,0.5183033304832717,0.16705132232271286,-0.7674695575475248,-0.00021441664301113852,0.0005647052429639022,0.018572260967347355,-1.779913522221716,0.0068365789252927975,0.21102076182630888
P02,session_02,015,lean_left,3.1515111923217773,0.5163110746695302,0.17561474424676998,-0.7666630466454016,-0.0037247774801439327,-0.0005614006783182998,0.11821577856028932,-1.7791836875336475,0.03673073320406773,1.158774356994685
P02,session_02,015,lean_left,3.1835601329803467,0.5167902986750449,0.17273209390337996,-0.7649773493835795,0.0007534339227990645,0.0008246540448546975,0.03485333670923974,-1.779131963122052,-0.008693785514621842,0.27349580770914417
P02,session_02,015,lean_left,3.2156972885131836,0.5168458916915701,0.17280617717373525,-0.7633609139986751,-5.875748845302632e-05,-0.001601328961559366,0.04986149412646426,-1.7921554665239494,0.019181955841516062,0.5989568593838611
P02,session_02,015,lean_left,3.2476272583007812,0.5154901497113199,0.1741005738345892,-0.7663279157459405,-0.00235278077101735,-0.000904724451681996,0.0789457293185122,-1.7942075425847284,-0.0020609668103895224,0.10197389302915884
P02,session_02,015,lean_left,3.2797176837921143,0.5154773277738656,0.17283855351536423,-0.7585276718346752,3.165371322484464e-05,3.4804630796998126e-05,0.0014660426923639414,-1.7729163547158622,-0.017252227655062173,0.5376149283379944
P02,session_02,015,lean_left,3.3116095066070557,0.5167742665501046,0.1741340735525822,-0.7551501969595337,-0.003714979881616104,-0.0030307841395022,0.15033470027748283,-1.7829411226852085,0.014487371946048383,0.47849571993966
P02,session_02,015,lean_left,3.3602352142333984,0.5180380851409155,0.17332228149896162,-0.754991333543071,-0.0013932136712065982,0.0017255311594578592,0.04560899439177229,-1.8081197785848955,-0.03868471263390028,0.7968672134087473
P02,session_02,015,lean_left,3.3912136554718018,0.5180153347590892,0.1737366141485978,-0.7551840270299176,-3.8833922978457474e-06,0.0008755755167542879,0.02826430554954581,-1.7963796954350923,-0.007387247721782037,0.24013334375231854
P02,session_02,015,lean_left,3.423158645629883,0.5180529482721051,0.17459027867990207,-0.7557423252284756,-0.000750648374790422,-0.0004556182801348923,0.027487903017160472,-1.812652101681336,0.02076894510151258,0.6507280029032548
P02,session_02,015,lean_left,3.4555130004882812,0.5198839168880335,0.16612064133410398,-0.7556426012560475,0.0013793244161580188,0.00011080913893287827,0.042769149148025404,-1.807277250223128,-0.02806887782348121,0.8685991872553294
P02,session_02,015,lean_left,3.4875752925872803,0.5194569891103431,0.16820125269203864,-0.7562972636911107,-0.0016213059929321228,4.199635474181475e-05,0.05058433776903746,-1.806798785712549,0.012179315793576853,0.3832173776634745
P02,session_02,015,lean_left,3.5194833278656006,0.5206827870722535,0.16989817083195785,-0.7566459384515917,-0.0017166235836533078,0.0021277855966627783,0.08568094969122157,-1.8080826198012636,0.009636965622523568,0.31394141795400715
P02,session_02,015,lean_left,3.551344394683838,0.5186651341583036,0.171615485488161,-0.7617050222805409,-0.0014434441249193194,0.0002551208914709517,0.04600650605016234,-1.795970517511842,0.02725825949199528,0.856771162955862
P02,session_02,015,lean_left,3.584202289581299,0.5197522776032603,0.17228123851743996,-0.760954400279855,-0.0012709294488700534,0.0008316517359084709,0.04622482109456803,-1.8046769274686654,-0.015464570909954936,0.472914615189193
P02,session_02,015,lean_left,3.6156904697418213,0.520819557127928,0.1714823780937435,-0.761498508726761,-0.0011039835158966106,0.002018276192877694,0.07305859523517032,-1.8090353812165416,-0.007112204797909272,0.23739077134919997
P02,session_02,015,lean_left,3.647327423095703,0.5198810315697854,0.1678629044711003,-0.7670159445836876,9.662174869659129e-05,0.002136226321672189,0.06759216943045394,-1.7938911093193706,0.0526095246416871,1.6642868836059952
P02,session_02,015,lean_left,3.6797196865081787,0.5184871625878349,0.16451907174746427,-0.7694620202891712,0.0008852687228805435,0.0013258194566738706,0.04921569086195381,-1.7848962843001712,0.007180037172913229,0.22705704737967458
P02,session_02,015,lean_left,3.7115843296051025,0.5176202809395458,0.16687310876710482,-0.7698328015124091,-0.0020452309076748666,-0.0009244921580557487,0.07043769922619195,-1.783050671942226,-0.0014042700214846927,0.08308803220502514
P02,session_02,015,lean_left,3.7437448501586914,0.5192612292510758,0.16579977687258013,-0.7677207804444024,-9.165773636093362e-05,0.001100179804823254,0.0343275313880365,-1.7984047942171013,-0.04211208096827778,1.3098839392480055
P02,session_02,015,lean_left,3.7917513847351074,0.5171902516566695,0.17148425092505132,-0.7662943265421005,-0.005140882263928012,-0.004551105545088094,0.14302109799383134,-1.77411117990638,-0.03302726576095862,0.7026832708524166
P02,session_02,015,lean_left,3.8234498500823975,0.5188804644334039,0.1693161304632007,-0.7686034349371711,-0.0010373482555985655,0.0043716121908185385,0.14174200255314617,-1.8102949007160136,-0.00023741094150471573,0.14193974212882585
P02,session_02,015,lean_left,3.855454921722412,0.5196959321457261,0.16790178947900247,-0.7723354377797282,0.0010299572848957957,0.0010302153405057192,0.04551660004544961,-1.7983987208674692,0.002474093823718814,0.08970809643079505
P02,session_02,015,lean_left,3.887317657470703,0.5200212247666827,0.1624058552079231,-0.7732174331264906,-0.0004916036293640707,-0.0004028307193751519,0.019947063929695513,-1.7970101303984103,-0.01218956931117048,0.38308472697241736
P02,session_02,015,lean_left,3.919583559036255,0.5213051578387226,0.16444050466224241,-0.771802252496673,-0.001417725840190331,0.0006114760912406057,0.04785150686105455,-1.8095666197157454,-0.00904354044609172,0.2843370808306435
P02,session_02,015,lean_left,3.951458215713501,0.520491429956388,0.17200686418589503,-0.7646948355590583,-0.0012024762300436565,-0.004868250869339641,0.15732123521926597,-1.7550014037204873,0.006296839124165088,0.25253907063592756
P02,session_02,015,lean_left,3.98311185836792,0.5224572699597316,0.17135883012146896,-0.7631944842709306,-0.0005217972066164469,0.0013455209084087183,0.04559209431230765,-1.8193517035926767,-0.028837887707564333,0.9121849230288062
P02,session_02,016,lean_right,0.00020694732666015625,0.5338119514872282,-0.012760250276282978,-0.774913713606477,0.0,0.0,0.0,-1.7696143547617547,0.0,0.0
P02,session_02,016,lean_right,0.031163454055786133,0.5341840140944244,-0.023394156320082966,-0.7794057702358765,-0.00012753677980005762,0.00428185490501952,0.13837975611083644,-1.8176852051546772,0.005609275115773138,0.22799535726765857
P02,session_02,016,lean_right,0.06329941749572754,0.5324177204468874,-0.03297043665033664,-0.7856746864422202,-0.0022233729286975164,0.0025519208423690483,0.10532203650396457,-1.8614170742452698,0.06552105741302756,2.041588676301543
P02,session_02,016,lean_right,0.09512662887573242,0.5349770351524498,-0.03875745320010027,-0.7946074177482016,-0.0018485335785086328,0.012134745338254272,0.38566794037777935,-1.917013314147979,0.008701064029582574,0.4727354509606866
P02,session_02,016,lean_right,0.12674880027770996,0.5347939889666226,-0.03864798074475093,-0.7985848848210954,-0.0005842669430102604,0.0005709761169424511,0.025834224052042647,-1.9221906797362562,0.017013371901476705,0.5386402418463294
P02,session_02,016,lean_right,0.1601405143737793,0.5317744416857871,-0.039873422382264545,-0.8045659220973914,-0.003251946638890206,0.0022058029023335262,0.11767795378686056,-1.9018273573419477,0.007809642962006862,0.2618163464809355
P02,session_02,016,lean_right,0.20705175399780273,0.531755073161727,-0.04659116402236842,-0.8068380444573101,0.0022906796420152217,0.0023638746804883056,0.07016812762274018,-1.856217348557527,0.010893870900278229,0.2425924744602976
P02,session_02,016,lean_right,0.23867464065551758,0.5317945002147463,-0.047270513928265624,-0.8053525974937585,-0.00046267491208249573,-0.0006342165673495161,0.024825278222259925,-1.8491047480561928,-0.0076815467779975406,0.24417625729771178
P02,session_02,016,lean_right,0.27121758460998535,0.5315305426015788,-0.049275042139528914,-0.808079057025989,-0.00033801124510147296,0.000972178316134103,0.031627838604735385,-1.9210383418666312,-0.007836579197826586,0.24287545514750034
P02,session_02,016,lean_right,0.302959680557251,0.5320213134275846,-0.04789329833502846,-0.8081925998177413,-0.0016925024353265678,0.000745476349021181,0.0582634862062776,-1.9180899476913302,-0.004458237615685958,0.1520571255096411
P02,session_02,016,lean_right,0.33495450019836426,0.5310230766588102,-0.050735098414646816,-0.8102261763216945,-0.0008122323298447645,0.0005313674692672468,0.03033629601265641,-1.9295459416583434,0.03362442610817581,1.051371200846501
P02,session_02,016,lean_right,0.3667266368865967,0.5315799804523088,-0.05082235780994961,-0.8089582760699582,-0.0025879268466932623,0.0010765905749948704,0.08821972919261603,-1.9469279130556703,-0.006243221795351834,0.21539482983724795
P02,session_02,016,lean_right,0.399355411529541,0.532628923764383,-0.05100820491895288,-0.8061914066334624,-0.0016276662212601988,-0.0011545394790083428,0.06115950650917386,-1.9358983271636037,-0.004274828738792158,0.14458621362142793
P02,session_02,016,lean_right,0.43118810653686523,0.5326150330900465,-0.05517113917171514,-0.8015418362009992,-0.0003223830905420145,0.0009702547583092132,0.03211828090530747,-1.93155245370344,-0.023464833559169656,0.7378293696042204
P02,session_02,016,lean_right,0.46319580078125,0.5338012237124307,-0.055298115920233,-0.8022507741997388,-0.001052835250354024,0.002610405004072742,0.0879390091008362,-1.9559930623390953,-0.002495561923112488,0.11752535994081335
P02,session_02,016,lean_right,0.4946897029876709,0.535228507311416,-0.06194612034403414,-0.8007292692874436,-0.0018995323728578791,0.000673189250470163,0.06398995165198723,-1.9469645969954936,0.0022517038957620282,0.09595032024101136
P02,session_02,016,lean_right,0.5269479751586914,0.5315394573165176,-0.07533181886088694,-0.7944608990311943,-0.0041633388999024815,-0.005707660221616285,0.21900602325513177,-1.9620430053543383,0.005987607445916427,0.28708262104631405
P02,session_02,016,lean_right,0.559218168258667,0.5257267099802841,-0.09079854756812566,-0.7980270973521435,-0.006349989895790276,-0.002644205252242521,0.21315432779357293,-1.953549582706336,0.03321888783568945,1.051235466037274
P02,session_02,016,lean_right,0.5916755199432373,0.5140839408905532,-0.0763924167062724,-0.8065326743215625,-0.017089928095103915,-0.0016982810877832996,0.5291282785845373,-1.9252227170839131,0.2955537214972322,9.121270342670663
P02,session_02,016,lean_right,0.6388401985168457,0.5209238262613268,-0.1110565443191508,-0.7984975096424644,-0.008264431317907103,0.003548139169267431,0.19069128774733315,-1.8134337112152181,-0.24988175865170906,5.301500415425791
P02,session_02,016,lean_right,0.6710734367370605,0.5201962962969859,-0.10864595045349348,-0.7967691004321306,-0.008932954537502983,-0.0017025600201734095,0.28212354415867064,-1.8067792315031812,-0.04520558098384818,1.4305475573203394
P02,session_02,016,lean_right,0.7030539512634277,0.5168910962432006,-0.12120275361112208,-0.798592151156431,-0.01012992275529224,-0.0024934289705231603,0.3262074700586578,-1.8408118468802996,1.7643002011286293e-05,0.32620793655674307
P02,session_02,016,lean_right,0.7353882789611816,0.515850787337344,-0.12581665109482312,-0.7936723886170486,-0.011667431086162324,-0.0015532310060607027,0.36402068926815456,-1.8244273928715604,-0.0064128768794399875,0.4145430854647539
P02,session_02,016,lean_right,0.7674915790557861,0.5174622366861875,-0.12375501119340741,-0.7892308059697395,-0.008504533325412596,-0.001062767900788191,0.26697194322564,-1.7911060166231858,-0.007981673173279849,0.3648126328742095
P02,session_02,016,lean_right,0.799201488494873,0.5198468545385121,-0.1222108422535979,-0.7838608572586943,-0.00892934233475098,0.00016527962936315185,0.28164293123478656,-1.7783660444818512,0.003275838814235123,0.2999916123792312
P02,session_02,016,lean_right,0.8316290378570557,0.5239804801089244,-0.13509719686925012,-0.785143733283126,-0.004909034864709595,0.007477590240567379,0.27584561925737316,-1.765295392864078,1.9082159623567017e-05,0.2758462469256937
P02,session_02,016,lean_right,0.86269211769104,0.5243567948679138,-0.14220326203653685,-0.7882005399652448,-0.0056532741232473505,0.00468777323431827,0.23642300138030828,-1.7694418357189914,0.011499790514183228,0.4392602383904222
P02,session_02,016,lean_right,0.8949387073516846,0.5229729754343299,-0.137217481208232,-0.7843485892022003,-0.01108098201994846,0.0015530490678936609,0.34699130172730475,-1.7953534720999675,0.01676321945876546,0.6250131991794549
P02,session_02,016,lean_right,0.9273831844329834,0.5186510601845918,-0.1280060138033954,-0.7826038235592163,-0.013132287650436792,-1.149224389017481e-05,0.4047620384214784,-1.836334733579337,0.0328662948035845,1.0908729420032925
P02,session_02,016,lean_right,0.9595274925231934,0.5232745808715439,-0.13427634982161477,-0.7787432954647321,-0.0039561329644702825,0.0033660092040044367,0.16159390917668748,-1.8168467382881683,-0.04438395326127246,1.3901954105590462
P02,session_02,016,lean_right,0.9911024570465088,0.5171830647704699,-0.14496355683188894,-0.790728927886034,-0.018679802076805096,0.0028343674244904788,0.5983732408118814,-1.8246831952862357,0.07866235408368055,2.562141721373871
P02,session_02,016,lean_right,1.0392627716064453,0.5210498545210859,-0.16455214909996077,-0.7813211923453854,-4.7215860282035436e-05,-0.0028497102444964887,0.059179459173002394,-1.7181597603368428,-0.11635915501647989,2.416804292921286
P02,session_02,016,lean_right,1.0710999965667725,0.5170738150067539,-0.16712768019714075,-0.7841518352157165,-0.011777254083296324,-0.0002863957439858441,0.3700302343047839,-1.7302027407056189,-0.0033437812612877333,0.3846467613707086
P02,session_02,016,lean_right,1.1029927730560303,0.5161438599958172,-0.16944913469244505,-0.7769490026482736,-0.00537475962511905,-0.0010341295040649104,0.17161695816024686,-1.7699845329314137,0.034057562628567656,1.0815792515909064
P02,session_02,016,lean_right,1.1352612972259521,0.5140944908044823,-0.17408209423817123,-0.7776988062655379,-0.00912096488818145,-0.0005721110124792659,0.28321375996043296,-1.763498080319263,0.010800718530657812,0.4384556124575489
P02,session_02,016,lean_right,1.1670687198638916,0.5146112108198867,-0.1785338550677969,-0.774264378655339,-0.0027567416342113038,-4.424500249017764e-05,0.08668092046483104,-1.7397721630806993,-0.02852314314328503,0.9009244960024357
P02,session_02,016,lean_right,1.19893217086792,0.5197340490009319,-0.1850272974727328,-0.7683655830221956,-0.007368638911826856,0.0005926815931943425,0.23200362251688755,-1.710891535263424,-0.015674180353762297,0.5438825569762535
P02,session_02,016,lean_right,1.231696367263794,0.5217655435337157,-0.19197655762407248,-0.7678128421963001,-0.0056913171861078665,0.0020485451860153816,0.1846152662600763,-1.7178279712195417,0.017081091336610284,0.5530569523183332
P02,session_02,016,lean_right,1.263620138168335,0.5223502910980791,-0.19123100089505407,-0.7690401279185757,-0.013346637576471752,0.0020851059002783396,0.4231495935544496,-1.695867475475182,0.01229633950714135,0.5722043320051007
P02,session_02,016,lean_right,1.2952325344085693,0.5214257051323938,-0.18095753640014078,-0.7670032028968053,-0.00887336979087811,-0.003398520391404194,0.30057600657000655,-1.7159769654428936,0.07134726630279743,2.2768666889578775
P02,session_02,016,lean_right,1.3277273178100586,0.5232391513829062,-0.18336696877040126,-0.7634089939410565,-0.0005977960055040995,-0.0003702228608238432,0.021638969670750675,-1.6853336332049875,-0.1273972747233663,3.9206051512830014
P02,session_02,016,lean_right,1.3592097759246826,0.5228057742453677,-0.19527693358447945,-0.7590238189037535,-0.00152638307517927,-0.0028696104421610164,0.10324191043628884,-1.690429480816941,0.006263092953520677,0.22413315485952037
P02,session_02,016,lean_right,1.3915290832519531,0.5241157949444708,-0.20032747959372588,-0.7494408266143042,-0.0007203432413784081,-0.00024746383963679527,0.023566855694430653,-1.6746705940332487,-0.039563736258696684,1.22437856730784
P02,session_02,016,lean_right,1.4230079650878906,0.5261740139519223,-0.2055402781567124,-0.745842669281792,-0.001929628589293978,-2.3845300969891976e-05,0.061303826716581626,-1.6593332670117695,-0.018044662470534382,0.5764994631661946
P02,session_02,016,lean_right,1.471451759338379,0.5271335113003871,-0.212962317568375,-0.7469712130916157,-0.004614515110760148,0.0022654204911560782,0.10611495052960632,-1.6320828716666835,0.011357462595629426,0.2573429519200618
P02,session_02,016,lean_right,1.502734899520874,0.5256972234246762,-0.21003085043870945,-0.747747902965086,-0.005648751929270622,0.001884466864853672,0.19035165599258652,-1.6746207279964556,0.08237848739171848,2.6401898991481176
P02,session_02,016,lean_right,1.5347397327423096,0.5253097376937657,-0.2055534673835462,-0.7475730021611134,-0.002537221027454265,0.001005476429955379,0.08527428113374265,-1.6784510576535399,-0.02278289430087124,0.716947288413979
P02,session_02,016,lean_right,1.5666730403900146,0.5224892470807795,-0.20424500853552247,-0.7500639160930844,-0.0059724655398868814,-0.0003342491930075913,0.18732200954943676,-1.7113002835847744,0.08591564643102816,2.69698445134171
P02,session_02,016,lean_right,1.5988962650299072,0.5222139235911556,-0.203220995136257,-0.749615827863679,-0.003537790040164886,1.8319207999401986e-05,0.10979154039325535,-1.7123445380952298,-0.006403362164364177,0.22703163643363056
P02,session_02,016,lean_right,1.6314005851745605,0.5248395020732105,-0.205313446889611,-0.7465434896281233,-0.0038902362496251335,-0.003055132750281253,0.15217949730127578,-1.6906797326738525,-0.02770879287934675,0.8659417128869418
P02,session_02,016,lean_right,1.6630797386169434,0.5235940669146247,-0.20659449010687184,-0.7466502666446653,-0.0009776080756341426,-0.00143036831187948,0.05469000730142053,-1.693136248528797,-0.0024877480225752656,0.09569680759002158
P02,session_02,016,lean_right,1.6951816082000732,0.5220606055630156,-0.20609352958839203,-0.749448531690545,-0.0014816513997600758,-4.669630202578496e-05,0.04617759294976535,-1.733847023785272,0.002189445745410689,0.08236520817980329
P02,session_02,016,lean_right,1.7274792194366455,0.5234038703706559,-0.20529836190159484,-0.7479752516425071,-0.0007433443671248309,0.0011332656406653015,0.04196301300070844,-1.706020817162696,-0.06719682189296952,2.080973967699446
P02,session_02,016,lean_right,1.7588756084442139,0.523677928756883,-0.21096929952397822,-0.7495980137625033,-0.000850116201926223,-1.2918488274016108e-05,0.027080004380751328,-1.6916113901313992,0.012757206354330815,0.4072285692841521
P02,session_02,016,lean_right,1.7912099361419678,0.5266131607598404,-0.20870052990931504,-0.7466345541488276,-0.0032934676409385657,0.0011570323847153205,0.10795942648366287,-1.6894882468565922,0.00747441788677347,0.25512819031677497
P02,session_02,016,lean_right,1.82322096824646,0.5270930352949803,-0.20693875861455882,-0.7370016079375025,-0.00021925153227306564,0.0001748810494025123,0.008761176511891794,-1.691538844466445,0.005328613701702446,0.16669218854350856
P02,session_02,016,lean_right,1.8550405502319336,0.526913986132933,-0.20728520443688647,-0.739301389494442,0.00011871970822196146,0.0005588706226494527,0.017955646888306996,-1.6832816078972186,-0.006509901027738494,0.205374313286576
P02,session_02,016,lean_right,1.903501033782959,0.5268136657181929,-0.20951952933932105,-0.7422730945598428,-0.00036068190582017116,0.0027476485379266304,0.057185163108148876,-1.686711034950032,0.010955491909215612,0.23319106189467378
P02,session_02,016,lean_right,1.9350354671478271,0.5253361095242244,-0.21255355951731916,-0.7444242868855682,-0.0013907787259052876,-8.571904407749668e-05,0.04418718431080466,-1.6809166432741574,0.10407389676688375,3.300621361910221
P02,session_02,016,lean_right,1.9670672416687012,0.5254335177001401,-0.21259631318396746,-0.7432087239054789,0.0001924775972901682,-0.001177269783219311,0.03724116403224498,-1.6975494622206682,0.0005897125619643079,0.04154324405486547
P02,session_02,016,lean_right,1.9990684986114502,0.529788416967751,-0.21548273035311186,-0.7403926722093386,0.004228388343666363,-0.00028767914097289747,0.13243739779462899,-1.7142493430340642,-0.12391455541197038,3.874441929625029
P02,session_02,016,lean_right,2.0305588245391846,0.5298388300487744,-0.21772259172461164,-0.7401171455115589,0.002091226672400603,-0.00024299093500374823,0.06685534348244106,-1.6998028685690616,-0.0018003828350925866,0.08796783281221213
P02,session_02,016,lean_right,2.0631821155548096,0.5311123536203787,-0.21371618884809915,-0.7392897615860808,0.0012560340195042596,2.9291000633542865e-05,0.0385116115016649,-1.6939895258562263,0.003237721717539125,0.10645588478810594
P02,session_02,016,lean_right,2.0949599742889404,0.5325460783435404,-0.21673980405708304,-0.7366031611920563,0.0018707103927142455,-0.00025764886430059564,0.05942407149774848,-1.6843626617771141,-0.0027143229507323612,0.10405303780528177
P02,session_02,016,lean_right,2.127650737762451,0.5340934304241761,-0.22054644089992478,-0.7345669238954019,0.0017725792357292886,0.00033742156935962945,0.05519628258091347,-1.6832411139089245,0.006739363914888811,0.2134162791942315
P02,session_02,016,lean_right,2.158895969390869,0.533212331275734,-0.223084716606746,-0.7363009916460304,0.000932530661261793,0.000309641874997173,0.03144781561121119,-1.6660657237619778,0.05319823472362306,1.7028937103792694
P02,session_02,016,lean_right,2.1915156841278076,0.5340450082653334,-0.22027224854537117,-0.7361660413489183,0.0010474438146204378,0.0009064946163211759,0.042466134878332125,-1.6672907592678614,-0.0962671165845054,2.951499828675073
P02,session_02,016,lean_right,2.2234957218170166,0.5339376847873866,-0.21982557957982046,-0.7370227663987057,6.71188674114171e-06,0.00055637494416383,0.017398835888459314,-1.703891177856273,0.05683999660308701,1.7774438075450418
P02,session_02,016,lean_right,2.2550125122070312,0.5339676935846711,-0.2161601550050945,-0.7357928646132518,0.0005193954905361981,-0.0018153726332667504,0.05991134498349899,-1.7078684270028575,0.005633537850071104,0.1885203667130824
P02,session_02,016,lean_right,2.287140369415283,0.5335699631062215,-0.2155038381561963,-0.736196001259058,0.00017682161407587364,-0.00010478317871162882,0.006397465327093581,-1.6816006672566886,-0.049675102204087294,1.5461824016861996
P02,session_02,016,lean_right,2.3352627754211426,0.5337360628738745,-0.2118232691120356,-0.7351107997298872,-0.0030552994070315673,-0.00038036294383382135,0.06398027165647853,-1.687832812178747,0.05245239614526702,1.0918548339739018
P02,session_02,016,lean_right,2.367258071899414,0.5341539081257506,-0.2085025993670614,-0.7343018124914379,0.0004658618753343962,-8.709367195388992e-05,0.014812586976737034,-1.6686215794717887,-0.08904214876724399,2.7830156251240252
P02,session_02,016,lean_right,2.399092435836792,0.5338983342397151,-0.2101812553014721,-0.7345957676572339,0.0012177460058469764,-9.550839614055037e-05,0.03837003467362224,-1.6671879204232867,0.004255677740128241,0.13907949385934873
P02,session_02,016,lean_right,2.4305922985076904,0.5338614187450713,-0.21059959241322798,-0.7322172670714379,0.0009451295813264531,3.935597618706768e-05,0.03003024628980998,-1.6527754331261926,-0.012428338159477484,0.39569332214682973
P02,session_02,016,lean_right,2.462653398513794,0.5338358231914935,-0.2116598470364607,-0.7320181252494948,0.0010968841071263052,-0.0009580987910475189,0.045425840961208656,-1.6604805569850536,0.011161722514164182,0.3510902166948027
P02,session_02,016,lean_right,2.494617462158203,0.5311683547954205,-0.21360656444728243,-0.7364794578851412,0.0008261070907073021,-0.002419394777715567,0.07998186202983147,-1.6714727231894184,0.0035419297680394307,0.13665978934578318
P02,session_02,016,lean_right,2.52746844291687,0.5319187768499882,-0.22001119808288416,-0.737786615767721,0.000826020170906102,-3.546569681771434e-05,0.025167625814234488,-1.6642986425089668,0.009916220035824342,0.3029019905859462
P02,session_02,016,lean_right,2.560061454772949,0.5326919649201318,-0.21155633600123167,-0.7370501313554382,0.0016122840848143273,0.00032465831701014255,0.05046010401570403,-1.669025888307315,-0.0038964592704615526,0.1297619576866766
P02,session_02,016,lean_right,2.5908474922180176,0.5319488385042221,-0.21197548246676465,-0.7367921641543774,-5.6683082080855804e-05,0.0005730775849815409,0.01870568837855031,-1.6852778940282687,0.07241296650393918,2.352211013041924
P02,session_02,016,lean_right,2.623258352279663,0.5325994312544824,-0.20779533398049496,-0.7370484234392408,0.0004804832238738689,0.0008052119360112934,0.028930823098103183,-1.6802565346603273,-0.01258810929540713,0.3894677282239473
P02,session_02,016,lean_right,2.6550443172454834,0.532333718695618,-0.21324815675685513,-0.7412097577817184,-0.00021237638347377675,7.216374279628266e-05,0.0070566327532590985,-1.6557354397634063,-0.0028608249330965415,0.09027898368185167
P02,session_02,016,lean_right,2.6870341300964355,0.5323355134997444,-0.2134162298255463,-0.7405370731334959,0.00016487316214307921,-0.000694258772066664,0.02230608165145202,-1.6879156178773285,0.03161293126637268,0.9884704144068601
P02,session_02,016,lean_right,2.7350335121154785,0.5316072008778243,-0.2118566880566196,-0.7430367864930278,-0.001789979143484199,0.0015037747690540854,0.04870503901415594,-1.6527140062599681,-0.05441395322988192,1.134684406928534
P02,session_02,016,lean_right,2.7673120498657227,0.5319452832556054,-0.20952505588958953,-0.7410369049232716,-0.00017341189267804617,-0.0006834509906403312,0.021844476255019486,-1.7177377847440378,0.006663969303443301,0.20760447364639598
P02,session_02,016,lean_right,2.7989087104797363,0.5317171742118143,-0.20630228120323443,-0.7413895635710843,0.00027672891406368895,7.95898643922099e-06,0.008761791247237829,-1.6878128187709516,-0.02897883777280445,0.9171906005994495
P02,session_02,016,lean_right,2.830681800842285,0.5309072909419563,-0.2041483534175852,-0.7407795135107504,0.0006080510884127398,-0.002156639103187689,0.0705225157646608,-1.731406416524062,0.09242255854265069,2.909686020357731
P02,session_02,016,lean_right,2.8627326488494873,0.5282892033166322,-0.20463620450354741,-0.7455222767127292,-0.0008856401130435434,-0.0014609811072249749,0.053304570075528385,-1.6999626516557962,-0.049616239591318105,1.5489650965618023
P02,session_02,016,lean_right,2.8950819969177246,0.5263655258667601,-0.20287048742270367,-0.7440859587112089,-0.0025634138810676165,-0.003627130355196962,0.13729882148524927,-1.727835537982784,0.0457359158270436,1.4204636665065735
P02,session_02,016,lean_right,2.927112340927124,0.5267893677532375,-0.1989707381620412,-0.7471181730119899,0.00031832498482299527,0.0010946973752743517,0.03559252593557696,-1.7036693785543553,-0.09767025758616404,3.049511763139579
P02,session_02,016,lean_right,2.959441661834717,0.5277782227569563,-0.19800071429465935,-0.7479388305549189,0.00034097906275487035,0.0022394450028641886,0.07006813105475208,-1.7016072670996556,0.05298199704020257,1.6403190398547915
P02,session_02,016,lean_right,2.9919776916503906,0.5287619650157057,-0.19801156190865257,-0.7463129063200671,0.0009992076904660988,0.00010094515666378706,0.03086712651241184,-1.7045736115012404,-0.0619142693944631,1.9031951467696042
P02,session_02,016,lean_right,3.0230908393859863,0.5273281942778495,-0.1990268642138976,-0.7484170784470556,0.0005139961687553508,-0.0010574652754150877,0.03778999356635895,-1.6970179116298443,-0.006609059068868109,0.21575541182169683
P02,session_02,016,lean_right,3.055126905441284,0.5272811226061552,-0.19935230250814165,-0.7468802283392919,0.0011086261719065493,-0.0037825378828163854,0.12303804968071407,-1.6877924472380086,0.07755737198026784,2.4240638510842496
P02,session_02,016,lean_right,3.0866382122039795,0.5301529994464463,-0.20085801399064743,-0.7429231997819992,0.005034661124830999,0.00035150970019001736,0.16016209953363256,-1.7236633705966662,-0.029916156921113553,0.9627935504320838
P02,session_02,016,lean_right,3.119173526763916,0.5292373255630991,-0.2016142731874028,-0.7433309680298854,0.0008082155422697965,-3.3505538940987905e-05,0.02486251511941686,-1.698801214095778,-0.025917181956900903,0.7969740821589812
P02,session_02,016,lean_right,3.166825294494629,0.5253227010723767,-0.20442255917418548,-0.7484400756330067,0.002776593532057192,-0.003133562044290094,0.08786089520158812,-1.7050046649552366,0.1035388240537789,2.174597969588782
P02,session_02,016,lean_right,3.1997454166412354,0.5246844637825432,-0.2049059936317802,-0.7510985851478922,-7.604162472983548e-05,0.0004598565780113897,0.01415855249806061,-1.7268175976940534,0.012177423645204154,0.37017908190633597
P02,session_02,016,lean_right,3.2309892177581787,0.5259826027208806,-0.20455902817828733,-0.7482378308417168,0.0006622312062888275,-0.00033219923103004393,0.023712935611305268,-1.7541122568672074,0.026321533818012433,0.842789857817417
P02,session_02,016,lean_right,3.2629597187042236,0.5259241329083578,-0.19850015681715538,-0.7490399453738863,-0.000159898924455959,0.000709635591729237,0.022753074985687016,-1.730928651367895,-0.10817086447893767,3.383535044831681
P02,session_02,016,lean_right,3.2950758934020996,0.5234475566363676,-0.19554561012416788,-0.7508925033847517,-0.0032338901770765953,-0.0066843029658331604,0.2312072792533354,-1.7284832417761091,0.05796341059403352,1.8195536299344577
P02,session_02,016,lean_right,3.3269784450531006,0.5249511598416631,-0.18650343829893698,-0.7464502701031648,0.0017650293473261715,-0.0003757712849775468,0.05656558699672595,-1.7261654335216785,-0.07334009181993903,2.2995743678649916
P02,session_02,016,lean_right,3.3590710163116455,0.5244696843839772,-0.1850717975334314,-0.7484724775980004,9.350344347653362e-05,0.002883122282049445,0.0898849169825694,-1.7213546401328672,-0.0032808315502914744,0.1361261257373237
P02,session_02,016,lean_right,3.391904830932617,0.5254592196453611,-0.18142430324403122,-0.745835221023798,0.002817814163476629,-0.0010943490740512266,0.09206542214224465,-1.767261030115681,0.05238018611162513,1.5979665709311086
P02,session_02,016,lean_right,3.424102544784546,0.5234547822995087,-0.1831238195453606,-0.7500488536528473,0.0008493683916454111,0.0020235446845099174,0.06815934460382447,-1.7066024293530524,-0.051432007444861705,1.5988342227293935
P02,session_02,016,lean_right,3.4551992416381836,0.5232081402809278,-0.18791027433858984,-0.7495248919743108,0.004294569166669351,-0.0009723198168988872,0.14159907724526716,-1.7168625239039716,0.023564543855385815,0.7708989301261173
P02,session_02,016,lean_right,3.4866228103637695,0.5231099330932703,-0.18860788771961584,-0.7528308815031881,0.00014252828194742597,0.0014318630199598907,0.045791718050769106,-1.7343902725155407,0.02358281185474146,0.7518773806481474
P02,session_02,016,lean_right,3.518873453140259,0.5229149709821067,-0.18927050410394938,-0.75265129196606,0.001040201786606782,0.0006533640129118237,0.03808837741207335,-1.7157991545179967,-0.0016625902812860886,0.06409640899347825
P02,session_02,016,lean_right,3.551157236099243,0.5219065158404695,-0.18529702369982815,-0.7543553148016673,-0.0005287290830693829,0.0012020710022619088,0.04067718113767128,-1.741673371729406,0.0405423585019681,1.256470507709984
P02,session_02,016,lean_right,3.599193811416626,0.5230181605108944,-0.1838944861481444,-0.7522769792737614,0.00011788033206977033,-0.001326527676415349,0.027723771253290192,-1.7770491826664767,0.018992822121651997,0.39635330616165143
P02,session_02,016,lean_right,3.6322834491729736,0.5244524336919681,-0.18201541159693002,-0.7509303689719711,0.002262383267607454,0.002250691401124726,0.09644216823324876,-1.756536752572894,-0.042265571698294375,1.2809410903480178
P02,session_02,016,lean_right,3.6661839485168457,0.5243176697571436,-0.17938401208057123,-0.7512650811724884,-8.956594868176493e-05,0.00016443870508414782,0.0055234847231116465,-1.8039473887280622,0.07448254841399621,2.197099901970788
P02,session_02,016,lean_right,3.699728488922119,0.526383993531538,-0.17649661377105216,-0.7489629485562498,0.0004897801672609343,0.0007005230771342994,0.025481389020968342,-1.7978759452790867,-0.03248424531937075,0.9687266153256539
P02,session_02,016,lean_right,3.731456756591797,0.5262873331740757,-0.17583913743434382,-0.7503420072882622,0.00012016350027898525,0.0013975660635652009,0.0442104948156341,-1.7894538373617155,-0.015184289131507107,0.4806106431426689
P02,session_02,016,lean_right,3.7608861923217773,0.5268283668762963,-0.17475169422562792,-0.7505746334693756,0.0011191108544354722,0.0011899922121975733,0.055507402021853273,-1.7855257551195194,-0.001082086234598844,0.06658092314257852
P02,session_02,016,lean_right,3.7931904792785645,0.5264952191431905,-0.17265621398395958,-0.7522375423539849,-0.0002857850739836538,3.2661151312417577e-05,0.008904247635614922,-1.7775400270807526,-0.008590703569332251,0.2660797897941463
P02,session_02,016,lean_right,3.8234047889709473,0.5326312474631026,-0.17551360273943936,-0.7447598756537909,0.005741954007231887,0.0012967110446945457,0.1948266280738557,-1.7336133657500343,-0.05472204538128438,1.8215788788234337
P02,session_02,016,lean_right,3.856929302215576,0.5316074099702764,-0.17654685292970054,-0.7468395449663641,-0.0007876959076103229,0.00028349932955788146,0.024971575354010084,-1.7380924000003206,0.003436245087057612,0.10549749968234833
P02,session_02,016,lean_right,3.8872900009155273,0.5314999860768863,-0.1759904562596882,-0.7460621623725423,-6.910886793047055e-06,6.997798553933245e-05,0.002316099867094324,-1.7297288552893006,-0.01453489860219125,0.47874618570607796
P02,session_02,016,lean_right,3.9190120697021484,0.5305236786565728,-0.17815912299757267,-0.7474336023133145,0.0008894233930505335,-0.0003143007569075813,0.02973713202073488,-1.7191787394935483,0.0211895447200299,0.6686364645341459
P02,session_02,016,lean_right,3.951085329055786,0.5292572256331474,-0.17406252899026436,-0.7484561458475519,-0.0011862767201533983,3.924786984131194e-05,0.03700670972664922,-1.7533105449246038,0.025237985134779182,0.7877552951332778
P02,session_02,016,lean_right,3.983517646789551,0.5300874470305763,-0.1744847545449063,-0.7471426313559704,0.0008962834833499342,-0.0003734795621561669,0.02993879727552898,-1.720130934515576,-0.06206515747507118,1.9139166325651162
P02,session_02,017,lean_right,0.00019502639770507812,0.5395064377755292,-0.01861628603262384,-0.8052111368907717,0.0,0.0,0.0,-1.7845328762601143,0.0,0.0
P02,session_02,017,lean_right,0.032354116439819336,0.5482710117938229,-0.02942993609115773,-0.7987488719163629,0.007086497800405896,0.006496412688662134,0.29893965398681516,-1.8056235879455598,-0.05027460467324523,1.59163466188568
P02,session_02,017,lean_right,0.06460094451904297,0.5488327686998716,-0.04144429881062062,-0.8016753871050218,-0.0003192643815593214,0.003611035185593141,0.11241792056689072,-1.78961690164366,0.015548818852118639,0.49511275063896054
P02,session_02,017,lean_right,0.09628486633300781,0.5517365562688559,-0.05251918334001505,-0.8039636349101642,0.002261237101946794,0.005929280725243792,0.2002855079744783,-1.7997330464304877,0.025284733546576545,0.8227799473123181
P02,session_02,017,lean_right,0.1282486915588379,0.5529625584798923,-0.05984202222757154,-0.8071816789793218,-0.0024740836214445098,0.0020157004126353266,0.09983972790304113,-1.7891309434306153,-0.005725774878009407,0.2050770378539584
P02,session_02,017,lean_right,0.16010475158691406,0.5532389921437206,-0.07186014849593383,-0.807963365203775,-7.681691335634084e-05,0.001121225269704683,0.03527911524763859,-1.7875442799853236,0.00220802837416764,0.07777442584747056
P02,session_02,017,lean_right,0.20801520347595215,0.5520654839785849,-0.0724989110878693,-0.8113559835191095,-0.006592441867143662,0.0015575804552300694,0.1413876492060373,-1.7703643915116636,-0.027150555078674813,0.5840653281509176
P02,session_02,017,lean_right,0.23994827270507812,0.5515197048979271,-0.08515818783413477,-0.8104821345221672,-0.0007192829372724436,0.00037015161297545174,0.025332286984692136,-1.7548240070751633,-0.015792045746194215,0.4951841842330353
P02,session_02,017,lean_right,0.2719907760620117,0.552667281374615,-0.09358313369113637,-0.8108420996507112,-0.0034790487844776805,0.002001354938808448,0.1252594717004014,-1.740578104481708,-0.01457162081565355,0.471694602223073
P02,session_02,017,lean_right,0.3036625385284424,0.5526983463758153,-0.10248143182516675,-0.8106723981172248,-0.0018723835523605107,6.028423397306064e-05,0.059149021916255866,-1.7372077777585886,0.0029716137157919245,0.11091348085836764
P02,session_02,017,lean_right,0.3360433578491211,0.5505771547218272,-0.10300593900687595,-0.8114252772037801,-0.010168786497296833,-0.0016711319951881781,0.3182497625820422,-1.734962925935101,-0.017420007013294707,0.6250582986858747
P02,session_02,017,lean_right,0.36821532249450684,0.5515811869950593,-0.10818032529619222,-0.8063751511060702,-0.005564852309958103,0.00011524750145897108,0.17300919061506556,-1.7303425743325342,-0.014639242282136897,0.48681148337812824
P02,session_02,017,lean_right,0.40058302879333496,0.5546253097823463,-0.0989131340627194,-0.8042219573622343,-0.009299703045934846,0.003178375270908504,0.30363119817646056,-1.6944384444337475,-0.013577814967531958,0.5178424527561988
P02,session_02,017,lean_right,0.4323301315307617,0.5517902910395553,-0.11073687090981768,-0.8039067849073749,-0.006016294412457472,-0.0007415605041041288,0.19094101497205304,-1.690050145249163,-0.012466047952787319,0.4366303367205313
P02,session_02,017,lean_right,0.46378397941589355,0.5525751332790265,-0.1340656940256583,-0.7996974444042785,-0.006293178929081262,0.000850585554922188,0.20189584863810783,-1.6884208480168135,0.0010917223259612535,0.20485757954489253
P02,session_02,017,lean_right,0.4963109493255615,0.5579834702373423,-0.13866272391574858,-0.7935919515566434,-0.006926214161018544,0.003993148807299832,0.24579151906233035,-1.6856231423196057,-0.01732778649610433,0.5866896065303618
P02,session_02,017,lean_right,0.528639554977417,0.549633383467978,-0.135191967747099,-0.800640754803225,-0.015734071319814386,-0.006349634621660495,0.5248291076337243,-1.6455416685349349,0.057165906248039716,1.8445179757134016
P02,session_02,017,lean_right,0.560105562210083,0.5506372927373516,-0.14157654360118155,-0.7939388759783773,-0.005515897711103864,-0.0035203435739458327,0.20795591566251312,-1.655100764587203,0.0011712288015649313,0.21126084042952217
P02,session_02,017,lean_right,0.6082582473754883,0.550685003556289,-0.13226321840594993,-0.7974949562546192,-0.016506089898004242,6.017992551295201e-05,0.342788767575777,-1.635898840435809,0.016181148065485228,0.48002697903699315
P02,session_02,017,lean_right,0.6396932601928711,0.5540506558342717,-0.14732301132934777,-0.7919500182133409,-0.00530350807987842,-0.00043935580023121386,0.16929134584125363,-1.6247714755144247,-0.008530914770968392,0.319856315568875
P02,session_02,017,lean_right,0.6722676753997803,0.5481101587920713,-0.14707873558045673,-0.8025819478541509,-0.014651286352956667,0.0008226071496231582,0.45048732350561976,-1.6958660259183254,0.11497793108814516,3.5583317385424023
P02,session_02,017,lean_right,0.7040979862213135,0.5413421048156444,-0.15462235742429425,-0.8016936138114439,-0.012756953576362105,-0.010783219403168752,0.5247772341199508,-1.7072713477289378,0.0018272528103219672,0.5279077584718648
P02,session_02,017,lean_right,0.7364621162414551,0.5497932466047689,-0.15603608701559699,-0.7914962009488806,-0.007091270015145155,0.0024803772622483383,0.23212576034248214,-1.6712868235439902,-0.02675769715578911,0.8587381884713127
P02,session_02,017,lean_right,0.7677159309387207,0.5520398584010159,-0.16897374251843025,-0.7996127536929641,-0.008628026658035417,-0.0022592524264736426,0.2853704819802049,-1.6486131897571583,0.03635531736527451,1.1977211964188383
P02,session_02,017,lean_right,0.799654483795166,0.5549613731962725,-0.17838912827641304,-0.7987556300474059,-0.005329657125636647,-0.002485579282337956,0.18412734554614485,-1.6460938766748627,-0.00845156027772167,0.32237602165882423
P02,session_02,017,lean_right,0.8325555324554443,0.5560495026254824,-0.1670484639905491,-0.798166721156135,-0.0065371148470446064,0.0011727456154283715,0.2018621357374887,-1.6571201046208908,-0.032580257058936905,1.0106151594364081
P02,session_02,017,lean_right,0.8638355731964111,0.5501785188802175,-0.16857086900691784,-0.8026587959769439,-0.01526218668879209,-0.0055491794164856615,0.5191711992208918,-1.6834557019920495,0.04181409583309281,1.434043984364671
P02,session_02,017,lean_right,0.8963017463684082,0.5532978603346396,-0.18563272117667343,-0.7995725779814011,-0.010009138984914057,0.001098106445144166,0.31014421052907337,-1.6636809800086991,-0.01745756020678254,0.620747329208724
P02,session_02,017,lean_right,0.9284822940826416,0.553326229728169,-0.18594302618914949,-0.7921500817226406,-0.005320267583520067,0.001147709350542414,0.16912869763246213,-1.6509758881621508,0.0017150199981215235,0.17732662887143089
P02,session_02,017,lean_right,0.9601325988769531,0.5569341457848485,-0.19689925367759753,-0.7891640958773991,-0.011139453466483283,-0.00013179856289373613,0.3519787000940797,-1.6401916706380593,0.011776921322801738,0.5121950035175936
P02,session_02,017,lean_right,0.9919660091400146,0.5522204676640466,-0.1799207373079808,-0.7967161829269034,-0.015710563033522373,0.00087045244777774,0.49428127165053654,-1.6806662833178867,0.09704379080472313,3.0883000505499503
P02,session_02,017,lean_right,1.0404636859893799,0.5557002855683545,-0.19505788969841975,-0.7873990485042762,0.0006630101610103673,-0.0008550800503250156,0.02231054107243341,-1.6412357092515972,-0.030769930116256915,0.6348540879190371
P02,session_02,017,lean_right,1.0717058181762695,0.5577519941005207,-0.19512212683623756,-0.7868308623683837,-0.009236349218870893,0.0031989225598088766,0.3128667026000637,-1.6536717643184693,-0.03754312432947071,1.2417433178048218
P02,session_02,017,lean_right,1.1040747165679932,0.5577305405100748,-0.2057493144144659,-0.786799892010603,-0.0007416642161684562,-5.450368345912753e-05,0.02297465312439607,-1.6084732445102476,0.04015411932645816,1.2407282037380505
P02,session_02,017,lean_right,1.1361539363861084,0.561297061237037,-0.20327758559172449,-0.7822663169676265,-0.0006691620088377905,0.002439311355234926,0.07884949578289145,-1.6001301626072553,-0.015141097925513816,0.478531709011924
P02,session_02,017,lean_right,1.168203592300415,0.5588307763772344,-0.1904034536924969,-0.7880055763249797,-0.009833598134872477,0.0027448837790193807,0.3185527895792967,-1.6375808103524676,0.015336364826797696,0.574853180891495
P02,session_02,017,lean_right,1.2004411220550537,0.5586605779411972,-0.205319503142074,-0.7920673017801273,-0.0033895265493923796,-0.003760681533652277,0.1570457675871174,-1.5790163723263586,0.04898093518043074,1.5274709111040055
P02,session_02,017,lean_right,1.232408046722412,0.5586782181532695,-0.20795287169058302,-0.7945365671106873,0.0009520631582390955,0.003802651476961699,0.12262747575437503,-1.6103787847217785,-0.05511566838156626,1.7285020732460856
P02,session_02,017,lean_right,1.265981674194336,0.5589034344425692,-0.19960847261649825,-0.7959571242017,-0.006099747119491616,0.003074861978975801,0.20346137256975638,-1.6125414186291538,0.007569444762429721,0.30369040958052057
P02,session_02,017,lean_right,1.2963402271270752,0.5588664814634714,-0.19775109514596054,-0.7977335289264132,-0.00022345749980982055,-0.00026145920629240825,0.011329235523778021,-1.5782616502604536,0.044812230870192954,1.4761425169750626
P02,session_02,017,lean_right,1.3283298015594482,0.5591497672295576,-0.19662216300208082,-0.7958218489026796,-0.003102355628392171,-0.0022529637695631838,0.11985521727514194,-1.5631471705785116,-0.01610381406132129,0.5174795534403979
P02,session_02,017,lean_right,1.3605549335479736,0.5551752374392954,-0.19169178517523752,-0.8032393325854722,-0.006471403718698775,-0.0014501902912981094,0.20579904955762926,-1.6247400850913627,0.027812464973295932,0.8872647885489368
P02,session_02,017,lean_right,1.3920748233795166,0.5565104152190113,-0.21266631617728532,-0.8040887213610387,-0.00029710056594640146,2.195637645729664e-05,0.009451516954280734,-1.6201210421131254,-0.0036007921868589482,0.11462904791012682
P02,session_02,017,lean_right,1.424072504043579,0.5579069026750372,-0.21225377806547288,-0.7985717934528386,0.0004020980120651866,1.2232743122659326e-05,0.012572287575977904,-1.6395830859912848,-0.0831953400309901,2.6000732210572104
P02,session_02,017,lean_right,1.4722745418548584,0.5521774907684638,-0.2016397187191419,-0.8056786666413799,-0.010429537913072006,-0.0011357403742254996,0.21765044023360774,-1.704879073718396,0.2065187053836712,4.289964087619079
P02,session_02,017,lean_right,1.5041356086730957,0.5530699217197084,-0.2143227768105063,-0.8030161383739551,0.0004198807641051024,-0.0009026860529430259,0.03124694904360014,-1.6361630610206486,-0.07775943609555425,2.4407785655105765
P02,session_02,017,lean_right,1.536083698272705,0.5577892254786384,-0.20909063847455245,-0.7950138913059698,-0.001024748446412385,-0.0013697151214696892,0.05354380782512848,-1.6308925087588404,-0.11486698369171722,3.5958244105543495
P02,session_02,017,lean_right,1.5677101612091064,0.557771140507216,-0.21153877815588795,-0.7944701465174712,-0.0005268973783376631,0.0011876663633605855,0.04108258413330634,-1.5867109340577576,0.03290423034234813,1.0412126462316795
P02,session_02,017,lean_right,1.600172996520996,0.5603724259860987,-0.21415183015002812,-0.7928458265157683,0.0025125141793044255,0.00010381334020568741,0.07746267221516147,-1.5818763532297866,0.009271882130184086,0.2959333702297564
P02,session_02,017,lean_right,1.6321306228637695,0.5589499219836848,-0.216096025975379,-0.7805757974822238,0.0011659470454711833,-0.0007702377838872175,0.04372633828128401,-1.5994581816123001,0.0006060437332517,0.04766156872537284
P02,session_02,017,lean_right,1.6653094291687012,0.5587200185616089,-0.21452093338984088,-0.7782580834117856,-0.0014266210485216592,-0.005388389005701288,0.16800018330210612,-1.6172521584819897,0.022512748900333373,0.6990166670702544
P02,session_02,017,lean_right,1.6989011764526367,0.556769773665463,-0.21994275549341843,-0.7758147122084608,-0.00013435994197551765,-0.0007421545124209161,0.022452501144561644,-1.5820288012154888,0.0006593479469167577,0.02982253950720921
P02,session_02,017,lean_right,1.7286512851715088,0.5577117794727469,-0.20926821449880278,-0.7782315875089283,-0.0004479404988385443,-0.00047270176737307975,0.02188993018937602,-1.6012596562752601,-0.015012849958896367,0.505106315786341
P02,session_02,017,lean_right,1.7600791454315186,0.5504723984928739,-0.20718349902642869,-0.785281628443519,-0.007452490389592941,-0.0014331277609641953,0.24147479301490946,-1.6416728355821544,0.0008577868703379816,0.24301240535536547
P02,session_02,017,lean_right,1.7919316291809082,0.5562639993484194,-0.21508550861945205,-0.7757309907195934,0.0055576784870641485,0.00046027021689808,0.17507912601463319,-1.6228041597256215,-0.01236967501836271,0.42598432216634846
P02,session_02,017,lean_right,1.8239245414733887,0.5564014927538996,-0.20726780035618692,-0.7746548723936832,7.056875342201063e-06,-0.0005410895992934735,0.01691423432085961,-1.6361360928070363,0.0072872213946423205,0.2284032654513384
P02,session_02,017,lean_right,1.8557243347167969,0.5558407746226796,-0.20786180753677475,-0.7783807368195841,0.00021787797484793767,-0.002122147157890153,0.06708541908898859,-1.6215799064242014,-0.0009724720585202792,0.07372690133301629
P02,session_02,017,lean_right,1.9043171405792236,0.5568980306745399,-0.21238115638378227,-0.7768006278249161,0.0016864339781140377,0.000242154759716026,0.03506137845158494,-1.643541011874526,-0.006601352809314971,0.1403019434272603
P02,session_02,017,lean_right,1.9356894493103027,0.5577517647619634,-0.2022227315111148,-0.7815182407754011,-0.0007823051478360913,0.0007527634053780839,0.03460562548430462,-1.659750282092011,-0.020110933576518105,0.6419743042876023
P02,session_02,017,lean_right,1.9684169292449951,0.5610431572574117,-0.20706959129606994,-0.7816069235310931,0.006576517337557388,0.004057212983003028,0.2361112249501067,-1.6350991418183354,-0.0125069556846983,0.4492111063306452
P02,session_02,017,lean_right,2.000689744949341,0.5621870267049659,-0.20592314831454286,-0.7778632821533338,0.0010886620276739306,0.0022381413861206445,0.077119629462707,-1.644979237537665,-0.022769934425367462,0.7097475965253122
P02,session_02,017,lean_right,2.031808614730835,0.5664888945936573,-0.20190094836083478,-0.77329967464846,0.003908363171165796,0.001191064088452082,0.13129722922521578,-1.657133463670894,-0.03911585462482831,1.2638205343646314
P02,session_02,017,lean_right,2.064276933670044,0.5661357670613633,-0.19999449527682625,-0.774682719471701,-0.0006467290233127867,0.0012837193408901239,0.044271651289111355,-1.6425052624808838,0.002398669543467538,0.08612679358328691
P02,session_02,017,lean_right,2.0966904163360596,0.57353508416071,-0.20342734081481917,-0.766785190440721,0.008640404060653696,0.002441146744318821,0.2770029111149602,-1.6069102671057462,-0.003791392559494209,0.30068671967988303
P02,session_02,017,lean_right,2.1295320987701416,0.57094229270011,-0.19094430717992844,-0.7703765004141073,-0.001878107995343063,-0.0010409943753982706,0.06538381088074056,-1.6293747003542038,0.021356957714477612,0.6535790642322482
P02,session_02,017,lean_right,2.1602799892425537,0.5719907582967367,-0.1929593285119921,-0.7741522155797117,0.0015497458031301667,0.001549902111542263,0.07128235559798665,-1.6123356250952048,-0.008625384744892585,0.28943461864002107
P02,session_02,017,lean_right,2.192018985748291,0.5720423162731626,-0.1911674560582471,-0.7738143446439614,0.00025203110983126827,0.0002234487853164124,0.010612243858826793,-1.6316386598128507,-0.005739205727123797,0.18113619056600003
P02,session_02,017,lean_right,2.223945140838623,0.57187793029504,-0.1917925306808621,-0.7752059862703647,-0.0001292339331805596,3.908481269637369e-06,0.004049752383404952,-1.6302705829727961,-0.014232708486842681,0.44581928821180267
P02,session_02,017,lean_right,2.25571346282959,0.5704363394236746,-0.19152039898930528,-0.7754985089935115,0.0008130528944505761,-0.0010692417152154147,0.042282830548311036,-1.5780164781882744,0.02973054644604573,0.9368098116374259
P02,session_02,017,lean_right,2.3039357662200928,0.5710114901595745,-0.19189991429047415,-0.7724011531016253,0.00237999506270988,0.0006881536141627394,0.0513763304477508,-1.6242888764137386,-0.020740146171618994,0.4331521478403911
P02,session_02,017,lean_right,2.3365259170532227,0.5732495248872745,-0.18621505287636658,-0.7783701889225184,-0.0007625787661128438,0.0002330119836870633,0.024467018448522965,-1.6233938144986426,0.0076791537479768916,0.23689494248860177
P02,session_02,017,lean_right,2.3681087493896484,0.5728711250551065,-0.18688636703519174,-0.7793841619383481,0.0004390653755461224,0.000900981737180147,0.03173466707234135,-1.6245399906908469,-0.010315900141802323,0.32816800277673663
P02,session_02,017,lean_right,2.3999862670898438,0.5729345664311691,-0.18434762232290014,-0.7747846595557712,-1.8453021490552794e-05,0.00041504343473747923,0.013032804217178834,-1.6615895889624648,-0.0243887824160777,0.7651888372542331
P02,session_02,017,lean_right,2.4323031902313232,0.5742002761519782,-0.18693168147667039,-0.7743580621561454,-0.001094321340306099,0.0011633384408561319,0.0494215464153819,-1.650930567007094,-0.009562015003897834,0.2999816625274323
P02,session_02,017,lean_right,2.4643874168395996,0.574581689388882,-0.18716577429116593,-0.7770590127164044,0.0004479113849641955,-0.0005144772992643677,0.021260835051313112,-1.6465423499239735,0.016711668756032007,0.5213024119542881
P02,session_02,017,lean_right,2.496527910232544,0.5748742226444501,-0.17891889588271867,-0.7773832061259607,7.71595417511355e-05,8.864890662261977e-05,0.003656615195199102,-1.6253948624509336,-0.020396713694286556,0.6346216292183271
P02,session_02,017,lean_right,2.52831768989563,0.5732936351746089,-0.17880698473795661,-0.7816769130050363,-0.0007409530662822372,-0.0021432126087108545,0.07133361214373332,-1.5801285922341435,0.0736010390071016,2.316340836528915
P02,session_02,017,lean_right,2.561079263687134,0.5682924843177429,-0.18385481599084494,-0.7872137684328829,0.005276779941465536,-0.0011593324902329882,0.16490765756178874,-1.6011092015289694,0.08267435084768872,2.5288983368787203
P02,session_02,017,lean_right,2.5920979976654053,0.5700043202252079,-0.18531088043900348,-0.786764838635001,0.0004573314704389894,0.001532925732456926,0.051571790490270934,-1.6568162369853559,-0.12863915490060515,4.147464596249752
P02,session_02,017,lean_right,2.6237237453460693,0.5734775221465216,-0.18359198300425855,-0.7853085672814815,0.0005007155300890367,9.198287393859393e-06,0.015835199079028858,-1.6379600831533245,-0.003364390541686198,0.10755347785150057
P02,session_02,017,lean_right,2.655731439590454,0.5750833932141365,-0.18189245080811176,-0.7848723950955224,0.001836230539124617,0.0015494960381516115,0.07506446149097581,-1.6248624371724965,0.0015285597037230747,0.08896802618348414
P02,session_02,017,lean_right,2.68780517578125,0.5754662477090661,-0.1817145559817066,-0.7863663358601929,-0.00032504174123281827,-0.0005603475955689541,0.020197131558958213,-1.6511246270947575,-0.026012661162507385,0.81127829510158
P02,session_02,017,lean_right,2.7359085083007812,0.5757824637566429,-0.1870651196677686,-0.7836972076142023,0.0050678819219418456,-0.0009935272680926827,0.10735953119265013,-1.6530120351638578,0.006753604477245806,0.1767416909003534
P02,session_02,017,lean_right,2.7681760787963867,0.5760447137718694,-0.1875965605281688,-0.7834253207452714,0.00032175990696284274,0.0002119629117380338,0.011940846525205683,-1.6534713522305584,-0.016605434220914397,0.5147553261309068
P02,session_02,017,lean_right,2.7996914386749268,0.5770574139930941,-0.18443381245980953,-0.7838184322471174,-0.000992939630653434,5.639670379099011e-05,0.03155730878156971,-1.6398749995465156,0.0024914741614331,0.08512164329832345
P02,session_02,017,lean_right,2.8322954177856445,0.5749315755007508,-0.18481362498099382,-0.7764423240284564,0.0004244744554857403,-0.0025497236472517286,0.07927913087577598,-1.5636964809086449,0.07771356863018897,2.3848789433897224
P02,session_02,017,lean_right,2.864328622817993,0.5750764165573833,-0.1783324446496863,-0.7774571497077186,0.0021004995096986956,0.0017367003742480677,0.08508287799834986,-1.653456135919744,-0.08116770706650916,2.5352896346691285
P02,session_02,017,lean_right,2.8967089653015137,0.5744821783440537,-0.17744200215775185,-0.78606138970186,-0.0012008646403789825,-0.003332205325231822,0.10938693685288432,-1.6168812904389327,0.06126048325744913,1.895063152806599
P02,session_02,017,lean_right,2.9279520511627197,0.5788057995782331,-0.18035041852005976,-0.7732382731138046,0.009539711221907205,0.00244661845808736,0.31522024832079726,-1.6614024797562108,-0.05989321161568589,1.942750450751705
P02,session_02,017,lean_right,2.9606311321258545,0.5770782645097706,-0.1694594774997468,-0.7789417199833394,-2.367207424813441e-05,-0.0008263471176316306,0.025297104034529297,-1.6441054102439927,-0.012568677170581868,0.3854403026567915
P02,session_02,017,lean_right,2.9923129081726074,0.5771783605393769,-0.17010632069380674,-0.7768664667876664,0.0012481352163711571,-0.002213055140083475,0.08019621932959257,-1.6457600381486608,0.003392129198035088,0.13377278439002166
P02,session_02,017,lean_right,3.023756980895996,0.5761008595029965,-0.1704012490753352,-0.7796844429715852,-0.0002199088412737107,0.0017194895260166715,0.055129460754120084,-1.6414919829843408,0.0007302877234206008,0.05982187550874214
P02,session_02,017,lean_right,3.064659833908081,0.5755059032456943,-0.16478774621287626,-0.7732979649101118,-0.0009678988161834848,0.000984476349794444,0.033752840757693796,-1.5977562310877884,0.012975917171623944,0.3190279923511189
P02,session_02,017,lean_right,3.1011571884155273,0.5786632681074195,-0.1708007436103598,-0.7652362026633268,0.0026402441905666076,0.00012798249900264108,0.07242564019114195,-1.6132020437503578,-0.006772772044805761,0.1992015834414726
P02,session_02,017,lean_right,3.1339879035949707,0.5791579411376538,-0.1661792005038722,-0.7633794041341153,0.00010647308088241103,-5.259009903308117e-05,0.003617126001379975,-1.6200156679322841,-0.04702975094979485,1.4324969962238274
P02,session_02,017,lean_right,3.1677510738372803,0.5786594439320535,-0.1651664077650922,-0.764250303109438,0.001950361882459918,0.00011773437674382987,0.057871111583489225,-1.622634493665475,0.003160338827704126,0.11004823396527628
P02,session_02,017,lean_right,3.200399160385132,0.5771722502824589,-0.16885000753519644,-0.7645180087515019,0.003275056798311564,-4.321854321009632e-05,0.10032263124953023,-1.6376647157078426,-0.014512704193858186,0.45569949301781504
P02,session_02,017,lean_right,3.2323765754699707,0.5746466852228027,-0.16847054672974937,-0.7642466273104559,0.0007861889179444324,-0.0019356451661157415,0.06533404951717953,-1.6466636581650762,0.009318511046874858,0.29864330768032527
P02,session_02,017,lean_right,3.2644143104553223,0.5746676889628612,-0.15918397941027357,-0.7691107612989532,0.0017461878259023512,0.00015672121468697305,0.05472317639396137,-1.6441815552373096,0.005032866883430402,0.1663504543205726
P02,session_02,017,lean_right,3.2964534759521484,0.5740432008532729,-0.15611517972144437,-0.7725740710620392,0.00028362641043786814,-0.0004511545144409242,0.016632824213363043,-1.6374254901964098,-0.0025608340137299227,0.08164051637710992
P02,session_02,017,lean_right,3.328483819961548,0.5735443118900299,-0.15535944826018988,-0.7743789515020977,0.000991876903657441,-0.0009687214828142767,0.04328548885672743,-1.6435376066473435,0.023557604197612752,0.736750365900976
P02,session_02,017,lean_right,3.3606698513031006,0.5739538760344793,-0.15918487947068558,-0.7735002289065586,0.0036784875715245953,0.0018180877587105574,0.12748563056326379,-1.6535257888926083,-0.06110725157044281,1.902839763349888
P02,session_02,017,lean_right,3.3919827938079834,0.5723818993682754,-0.1602020572705608,-0.7704021081746778,0.00036954043810577655,-0.002356353168166403,0.07617151164082592,-1.66360621567237,0.00844436250485159,0.28022754209460565
P02,session_02,017,lean_right,3.424638032913208,0.5710327678274296,-0.1616975087128513,-0.7725937107975311,0.0009329326951908696,0.0003619391345001185,0.030643825329603934,-1.6456487821592085,0.02287502301233402,0.7011708038198863
P02,session_02,017,lean_right,3.4567737579345703,0.567829031885852,-0.15035595260565116,-0.7759874469715418,-0.0026924704055751912,-0.00041289694090725955,0.08476378880154631,-1.641720119818186,0.37197023083119163,11.57528589152336
P02,session_02,017,lean_right,3.4882774353027344,0.5731342076777343,-0.15254799355163368,-0.7722273472937329,0.004325199735241375,8.990601977346783e-05,0.13732155780309227,-1.6812580654225486,-0.3399163051677733,10.790608015591834
P02,session_02,017,lean_right,3.5201313495635986,0.5726980302398336,-0.15048157342199717,-0.7739293731521417,-9.502872909732032e-05,0.0001849446796971053,0.00652762044907706,-1.6463800885480728,0.020895886690583437,0.6560236530884552
P02,session_02,017,lean_right,3.552309513092041,0.5708473231346085,-0.14730907792750203,-0.7767886328875236,-0.0013250309883680465,0.0010503038159194002,0.05254532317966072,-1.6514532814098364,0.23926915995275586,7.435947479924563
P02,session_02,017,lean_right,3.599984884262085,0.5741273002198263,-0.15737258651272473,-0.7725188850503782,0.00323092086830741,-0.0007638915203812827,0.069637569530026,-1.655770999027829,-0.206593620762775,4.333900092369683
P02,session_02,017,lean_right,3.632554769515991,0.5735576992746649,-0.1534230682445798,-0.7730134380864025,0.003164398561811989,-0.0006806820373478225,0.09937954065321161,-1.6361183134039023,-0.02214523665842884,0.6871541832878039
P02,session_02,017,lean_right,3.66457200050354,0.5737520299494073,-0.1504330530370871,-0.7743122405554688,0.0015459169594406515,-5.0176804479545373e-05,0.04830933242869746,-1.6028411416654278,0.0050284326203430115,0.1643159610698375
P02,session_02,017,lean_right,3.6957855224609375,0.5722620694045409,-0.15002236472724959,-0.7731693642122643,-0.00014122930270256683,0.0014782890017110163,0.047576172180080034,-1.5888047750906744,0.013507236910053467,0.4353441804024403
P02,session_02,017,lean_right,3.728407859802246,0.570644260569312,-0.15208089017649137,-0.7680047201226449,0.001569958159927365,-7.400388252609947e-05,0.04817868671461479,-1.65143700907181,0.12666122240704172,3.8829521040577024
P02,session_02,017,lean_right,3.7606844902038574,0.5740059172457763,-0.14739967668827889,-0.7679815241167891,0.003958540928094187,-6.230386445636859e-05,0.12265937155747367,-1.6794449540850664,-0.18386031352724216,5.69771165249154
P02,session_02,017,lean_right,3.7922844886779785,0.5747966181272046,-0.14692493983743693,-0.7687449037742331,0.0008733096217105039,0.0004089288441494193,0.030516119692410047,-1.6678624619215674,-0.03998703988138868,1.2657806185539437
P02,session_02,017,lean_right,3.8242123126983643,0.5730327016588918,-0.1484837361414003,-0.770569027911405,0.0012744641506262627,-0.0015422471798316147,0.06266309242639924,-1.6700508122934004,0.017327891300828145,0.5463263049919962
P02,session_02,017,lean_right,3.8568127155303955,0.569405814139709,-0.1506352660434956,-0.7742836984991428,0.0012266312275430232,-5.595075048641752e-05,0.037665381658185164,-1.6654495615511373,0.0015864052827346258,0.06153604305008608
P02,session_02,017,lean_right,3.8881068229675293,0.5683809013871087,-0.1469020786766414,-0.7769153413871617,-1.9328378316994155e-05,0.0005833775168664006,0.018651997751154777,-1.6313803050624736,0.0055289255476806114,0.17765808261449498
P02,session_02,017,lean_right,3.9197170734405518,0.5680111848100886,-0.14910940286814253,-0.7756937915464084,0.0002133145793563636,1.2277475558958113e-05,0.006759440483625066,-1.6259952311402361,-0.007937230545333613,0.2511876950084203
P02,session_02,017,lean_right,3.9525716304779053,0.5673820397729215,-0.14813503408026193,-0.7778416523342777,-0.00045618851460424166,0.0012988635105507988,0.04190122120320145,-1.6312215044080494,0.01656003702531066,0.5057794328080447
P02,session_02,017,lean_right,3.9998779296875,0.5645979853516138,-0.14984441844128066,-0.7777302187710811,0.0006456928966553935,-0.0007594182468163618,0.021071456278326562,-1.6117443775383273,0.06379039374213473,1.3486191610120495
P02,session_02,018,lean_right,0.0009903907775878906,0.5530143447985361,-0.002978726830488245,-0.7918776614478612,0.0,0.0,0.0,-1.7547897018706706,0.0,0.0
P02,session_02,018,lean_right,0.03299570083618164,0.5516667624115805,-0.0032640290141698622,-0.7966682868009637,-0.0008335374987443544,0.002843465196306367,0.09258213144632217,-1.7910176666512991,0.020149463717661898,0.636337285652144
P02,session_02,018,lean_right,0.0650029182434082,0.5512926479984989,-0.003996513374916854,-0.7974915907828877,0.00036299258656778243,0.00021196529013474438,0.01313293008360601,-1.791510143862583,-0.007564636303092371,0.23670618040407942
P02,session_02,018,lean_right,0.09667229652404785,0.5511960749991413,-0.004157175125034946,-0.7971879008645272,4.36062121917572e-05,0.0004194090365424186,0.013314749083161003,-1.8215472438204392,-0.026514901956325818,0.8373468668546244
P02,session_02,018,lean_right,0.12960219383239746,0.5510760270544919,-0.0009834626378099468,-0.7954005049389791,0.00020918235839754054,0.0003135572166465719,0.011446403407293328,-1.856748608378508,-0.028861946715948144,0.876541084633505
P02,session_02,018,lean_right,0.16126465797424316,0.5511434730135226,0.0019446766108460894,-0.7913774774307878,-0.000452853043966335,-2.4170907866258903e-05,0.014322879008389739,-1.8602146447614207,-0.014420325781476489,0.4556643117013766
P02,session_02,018,lean_right,0.19269609451293945,0.5501043583230963,-0.00022840500949590116,-0.7921716876936598,0.002142407567130019,-0.0006987589688041113,0.07169511576902858,-1.8586787578115065,-0.02305341169136405,0.7369465641638734
P02,session_02,018,lean_right,0.22574090957641602,0.5501335395539516,-0.00013090878281709088,-0.7953271141575703,4.542396622889745e-05,0.0010655265256484007,0.03227418002173044,-1.837087858596033,0.029771495871915223,0.9015209201277956
P02,session_02,018,lean_right,0.25676465034484863,0.5506646298560887,-0.00154606433297121,-0.7905399230366787,0.0010033154911886714,0.002181440650718331,0.07739586262350777,-1.8437400049978285,-0.00488519960148585,0.17545887093480342
P02,session_02,018,lean_right,0.2892794609069824,0.5516482394771987,-0.002406383815876175,-0.788685255632515,-0.00022334930579692716,0.0028229234506396165,0.08709093794072725,-1.8703075840284913,-0.006284952491792058,0.21200899619027314
P02,session_02,018,lean_right,0.32126784324645996,0.5506040938219592,-0.0015322967175526883,-0.7897331004930606,0.001591578865944556,-0.00012189308210772546,0.04990060742984688,-1.8658783002374169,0.0002171829449188492,0.05036037140451873
P02,session_02,018,lean_right,0.36882591247558594,0.5480686962807594,-0.0008755645921077201,-0.7976020815822732,0.00038989656506655364,-0.0003114169838061647,0.010492412225194238,-1.8362852802489542,0.0482699587518558,1.0150230803735298
P02,session_02,018,lean_right,0.40066051483154297,0.5475106480213145,-0.004661183085821863,-0.8009694386282581,1.2560277897450091e-05,0.000314020555537983,0.009872014304027957,-1.824577981457959,0.004231575314183185,0.13328985295745377
P02,session_02,018,lean_right,0.4330430030822754,0.5477874715968944,-0.004858643158915239,-0.7999803613045366,0.0006783610917356413,0.0003589091225808542,0.023699739390361657,-1.8812564138918377,-0.040272628465988926,1.2438803349317564
P02,session_02,018,lean_right,0.4654884338378906,0.5491199017248641,-0.006070381708714884,-0.7996111281530255,-0.0007940123371278641,0.0016517953165062574,0.056486402591212015,-1.8587864632268734,-0.023118350320209886,0.7147657279973044
P02,session_02,018,lean_right,0.4972062110900879,0.5494471429842812,-0.006963037357290722,-0.7991313678941147,0.0001781260089726071,0.00044233179146516773,0.015034167757256557,-1.8589128052919974,-0.006598934017847706,0.2085940811374343
P02,session_02,018,lean_right,0.5294103622436523,0.550895328726876,-0.006913802506608961,-0.7974955949159614,-0.0013045050738351414,0.00048590802231868706,0.04322620534271504,-1.8501641485839022,-0.0001157967180776163,0.04337549934056775
P02,session_02,018,lean_right,0.5618197917938232,0.5502326224170238,-0.007990862955544773,-0.8023436663379886,-0.0006034991621645883,0.0001374660300723575,0.019098062378998307,-1.8477743416059749,0.00020798642847827135,0.020147453013542087
P02,session_02,018,lean_right,0.5928771495819092,0.5501811015116029,-0.011635411566795756,-0.8011761278602348,-0.00302977663709376,2.3996514568522657e-05,0.0975572901333756,-1.8417920510748997,-0.004123581647372622,0.16476079854415993
P02,session_02,018,lean_right,0.6253209114074707,0.5471546879055653,-0.013239411010115987,-0.8010769477869955,-0.0028340150791540037,-0.0002756071630473998,0.08776370991726272,-1.8249528470417609,0.009187849543772249,0.29648069356437184
P02,session_02,018,lean_right,0.6578195095062256,0.5448518577756707,-0.026316643609584404,-0.800621550683348,-0.0032179670575218653,-0.0022632950189293106,0.12105708642786828,-1.8261921891170219,0.008220211150303617,0.2804170231974708
P02,session_02,018,lean_right,0.6886582374572754,0.5423410377738591,-0.04057367361078825,-0.8023094706943114,-0.006978397654277267,-0.0010006074601786306,0.22860117472702196,-1.841704798495434,0.01528647837833719,0.5458644664691129
P02,session_02,018,lean_right,0.7206978797912598,0.5357253717517447,-0.05285211307519057,-0.8087661826918443,-0.0066468770678673565,-0.0036071507719414747,0.23603799916617954,-1.8047100680332167,0.04683173938466514,1.4806166117217603
P02,session_02,018,lean_right,0.7532041072845459,0.5392563144608198,-0.05717471986256578,-0.8032263244859363,-0.008238608405991495,0.00016187293487854334,0.2534959955409637,-1.8037912585888967,-0.003918192693940432,0.28069433665290155
P02,session_02,018,lean_right,0.8008224964141846,0.5360014522228339,-0.07520566487822913,-0.8062268100660542,-0.007394166896439267,-0.0009732433539328307,0.15661895881257115,-1.812988178041845,-0.013482428476732488,0.3235658779558757
P02,session_02,018,lean_right,0.8330867290496826,0.5327478821034312,-0.07114862154726843,-0.8084565612430191,-0.01453191350781629,-0.0037702954657563943,0.465315542974478,-1.8007158935234708,0.03649469014281763,1.2230899387607579
P02,session_02,018,lean_right,0.8651325702667236,0.536158149669415,-0.07671381381702938,-0.7994414969334783,-0.00935800376936182,-0.0016610449742498843,0.2965838275360572,-1.7928261003490533,-0.022889770046720673,0.7734085940204579
P02,session_02,018,lean_right,0.8970177173614502,0.5398411705326345,-0.08587275131085689,-0.7974102952078981,-0.009907715988612167,0.0034140875576491887,0.3286623689930875,-1.7533508917433034,-0.03410344609596724,1.1189290622628467
P02,session_02,018,lean_right,0.9291846752166748,0.5360007760635785,-0.09040991237427079,-0.7990549856330069,-0.013317003914016424,-0.0006512020418479487,0.4144910554053498,-1.7463031948065457,0.010841413091677108,0.5342245751591385
P02,session_02,018,lean_right,0.9616372585296631,0.5301289339425903,-0.09429124825863808,-0.8083408660877586,-0.011836135346147018,-0.0005609344326348859,0.3651302453109603,-1.7089461143018816,0.013609377937347063,0.5560436345183554
P02,session_02,018,lean_right,0.9941306114196777,0.5311011421715879,-0.11130745062510818,-0.8021342071043832,-0.008249616932344866,-0.000678476944177246,0.25474348805980274,-1.709113219029357,0.02412277049884408,0.7848812260049032
P02,session_02,018,lean_right,1.0255026817321777,0.5285388053684136,-0.10574419774282601,-0.8036455672454457,-0.014943949749992635,-0.002324692406536648,0.4820747951628594,-1.711700176263957,0.002423340154795983,0.48822425249833384
P02,session_02,018,lean_right,1.0576469898223877,0.5340481223382744,-0.10573472022747149,-0.7885796449195553,-0.006146635506856519,-0.003819320134683063,0.2251284070468822,-1.6982352705374373,-0.03864591586871979,1.2231595928043997
P02,session_02,018,lean_right,1.0893359184265137,0.5269448773304023,-0.10361215037095256,-0.7882690514636423,-0.014888255570398017,-0.007221739330618324,0.522179730043417,-1.7284841431911515,0.0024046825347265243,0.5276647148833102
P02,session_02,018,lean_right,1.1212832927703857,0.5246818268425085,-0.1294211669112259,-0.7875635012055332,-0.007164946273575591,-0.0035628271766487223,0.25047087527394085,-1.8033232572379991,0.11428876493776494,3.5861647302343043
P02,session_02,018,lean_right,1.1530544757843018,0.522440550846077,-0.1450973799198849,-0.7909011427769941,-0.005798680195187518,-0.003226147625613171,0.20885956687716417,-1.7849455654531576,-0.002812005078323778,0.2268391313102716
P02,session_02,018,lean_right,1.2013394832611084,0.5304945027056721,-0.14068155103985722,-0.7868343506498605,-0.013281735012718694,0.00518318598294974,0.2952733394236021,-1.7721130464501464,-0.015895925758023826,0.4422282449304763
P02,session_02,018,lean_right,1.2330820560455322,0.5350592340906047,-0.14510715063055854,-0.780993963109307,-0.002319129860051623,0.0009060573996159583,0.07843850703918127,-1.7401682328021735,-0.018501656452728363,0.5881198916754927
P02,session_02,018,lean_right,1.2647175788879395,0.5336520093754176,-0.13641646874555938,-0.7850009942095002,-0.013820122267376419,0.0013538183809484404,0.4389456118815789,-1.7299956270228873,-0.015996244862097456,0.6695871479992116
P02,session_02,018,lean_right,1.2966549396514893,0.5360510126600553,-0.1405721548402859,-0.7820744524756172,-0.0061340797020130525,0.0005818127312913325,0.1929279696027808,-1.7330955635522873,0.009021572088547017,0.34207381728128833
P02,session_02,018,lean_right,1.3286480903625488,0.5338166236035938,-0.14671340031554542,-0.7819423047132108,-0.0071470727739654,-0.0020402063577261093,0.23231752606418962,-1.7402778787920168,0.0005594321313374145,0.2329746617147292
P02,session_02,018,lean_right,1.361407995223999,0.5380017750703476,-0.1410073397214162,-0.7720221272865199,-0.009569879136778014,0.001200841288369323,0.29441252972514476,-1.7325716560144342,0.009403792671566586,0.4111903772566921
P02,session_02,018,lean_right,1.3935871124267578,0.5304960463240292,-0.13029040449648338,-0.7779547230058564,-0.013546618796195495,-0.006049551374712297,0.46104545122577684,-1.6463911508507132,0.22263379929236338,6.933924807831309
P02,session_02,018,lean_right,1.4259059429168701,0.5357587623740085,-0.14687463753454025,-0.7657511823115399,-0.0025435302928497193,-0.004683908371169647,0.16491830061091434,-1.6304151972408312,-0.089856022985648,2.7851862504032523
P02,session_02,018,lean_right,1.4569709300994873,0.5397389165261411,-0.1525449875070576,-0.7621509515166502,-0.001998660149263408,0.0020398514212293306,0.09193010243239094,-1.7447926528706537,-0.11579733443682338,3.728716948511877
P02,session_02,018,lean_right,1.4890961647033691,0.5418679788469447,-0.1680651321322802,-0.7617243408881228,-5.873230429205602e-05,0.0029639635824447535,0.09228089586664216,-1.7662178193917275,-0.055477669771361454,1.7293825805214964
P02,session_02,018,lean_right,1.5210022926330566,0.5395772172581355,-0.1592760230686552,-0.7674737419617205,-0.00417918446394702,0.0025228101443896664,0.1529992565568345,-1.712291989952972,0.08898329612992732,2.7931028838452665
P02,session_02,018,lean_right,1.553037166595459,0.5403834252915096,-0.1631888995004049,-0.7710205374158579,-0.0029669772697938136,0.004525029146238013,0.1689094450313771,-1.71710252293252,0.018004513493811346,0.5868615528446668
P02,session_02,018,lean_right,1.5846667289733887,0.541121922272661,-0.17288211443247062,-0.7727044700043377,-0.005776389337228814,0.0015644070819883225,0.18920538554764102,-1.6996062207096125,-0.006328978068305899,0.2753860127464119
P02,session_02,018,lean_right,1.633272409439087,0.5468946926459092,-0.16560155729785467,-0.7659921837449742,-0.004417914295210719,0.0013906250604337172,0.0952894654134002,-1.670392022584959,-0.0302785052002025,0.630187625502826
P02,session_02,018,lean_right,1.6651604175567627,0.5494146843351189,-0.17676005612479448,-0.7633815442248517,-0.0018694029586960792,-0.0003710273695697177,0.059767512498506106,-1.6624211909334,-0.0025510572627454736,0.09986109807588132
P02,session_02,018,lean_right,1.6971869468688965,0.5496976028316745,-0.1757848749299167,-0.7619099140718891,-0.0011995256654405851,0.0020676298441992132,0.07463774858028209,-1.6729950356398655,-0.029606516272894345,0.9274454156161356
P02,session_02,018,lean_right,1.7286999225616455,0.5480764354373773,-0.17637531126658113,-0.7643891911540853,-0.0016980536619677156,0.0007985147252573511,0.05954486822130473,-1.6297637963313936,0.19900248481613803,6.315218632896927
P02,session_02,018,lean_right,1.761678695678711,0.5520741367041696,-0.1726605166618514,-0.760629332965203,-0.0016356551733385178,0.0016775590612684188,0.07104520271495299,-1.725346066125053,-0.14166561430417585,4.2962480011397695
P02,session_02,018,lean_right,1.7936203479766846,0.5511294209780283,-0.17344110871070176,-0.7622625327255836,-0.0005304689719053265,0.00032818116341884343,0.01952870084476757,-1.7262324058706344,-0.014666518394934505,0.4595810253846857
P02,session_02,018,lean_right,1.8254790306091309,0.5529376137271235,-0.17568308118830908,-0.760536408241435,-0.0009815596830442057,0.0008788095699548097,0.041354020043636905,-1.7036696105949936,-0.01488060945384229,0.46890886377327395
P02,session_02,018,lean_right,1.8579626083374023,0.5545661675103988,-0.17423914492213902,-0.7608248483719342,-5.012587827331092e-05,0.0023243037911540826,0.07156983305526607,-1.6808363198679372,-0.03578667956395208,1.104007566368664
P02,session_02,018,lean_right,1.8892834186553955,0.5536038084239957,-0.17372438026514694,-0.7638925989316551,-0.000823844704480586,0.001904514646373926,0.066251968315121,-1.6135780701520752,0.20241061398059845,6.462835673260485
P02,session_02,018,lean_right,1.9211275577545166,0.553595842871261,-0.17292338612383426,-0.7625661903652746,0.00014220944916976832,3.499215140693679e-06,0.004467148355699213,-1.6459389074093043,0.04282665185359404,1.3448907496517484
P02,session_02,018,lean_right,1.9532356262207031,0.5533799349732194,-0.17313849126016626,-0.7625381608423845,0.0003271359704477135,0.00014944785562175615,0.011201428440819668,-1.6887701662378467,-0.13055713504787667,4.066193846926354
P02,session_02,018,lean_right,1.9846343994140625,0.5523016634224659,-0.16975620562327612,-0.7639266239613473,0.00010120914824343668,-0.0006837839794952774,0.02201466748212768,-1.681134202783624,-0.014614155834490605,0.4659575043345627
P02,session_02,018,lean_right,2.01699161529541,0.5510257812413307,-0.17019749425598402,-0.7657119129744978,0.00033757934166719233,-0.00013553743299509085,0.0112423823273728,-1.673756952232581,-0.008420006120268253,0.2604630933140273
P02,session_02,018,lean_right,2.0653722286224365,0.5522176527639986,-0.16955153874519185,-0.7609525020772603,9.128760746141997e-05,-1.2952424351605554e-05,0.001905761536256979,-1.664748549441941,-0.002322261749373279,0.04803765884606467
P02,session_02,018,lean_right,2.097032070159912,0.5536988701852313,-0.1698518527687358,-0.7548246642680798,0.001080114366704423,-0.003419604139022405,0.11327067282970411,-1.6312219798674132,-0.07102017717388326,2.2460838754277357
P02,session_02,018,lean_right,2.12896728515625,0.5493464899885078,-0.16400376777258716,-0.7607121910041135,-0.001866176551735817,0.00016551827901323366,0.05866572042530559,-1.6614286232046585,0.23961236572442907,7.503305989742811
P02,session_02,018,lean_right,2.161207437515259,0.5515159289120953,-0.1630477142974323,-0.7540159401273002,0.0022563732222119575,-0.0014624601227594698,0.08340121073423283,-1.7214627345346125,-0.16673893468339065,5.172451173473698
P02,session_02,018,lean_right,2.1935455799102783,0.5514881268301772,-0.16491823421250743,-0.7555492882350561,0.0021183409123266645,-0.0003750904319227385,0.06652493681057206,-1.6739122499259105,-0.0917171221409167,2.8369702759406015
P02,session_02,018,lean_right,2.225533962249756,0.5519254477868588,-0.1656587818671471,-0.7566243161207192,0.0014980187223587217,0.0017339518957698947,0.07163317922658416,-1.686544791307191,-0.026295678562830296,0.8251535854809776
P02,session_02,018,lean_right,2.256948232650757,0.5503178138020486,-0.15737503051642807,-0.758892250401689,0.0004183657343839096,0.0014255695797190475,0.04729351467063937,-1.6855915973055295,0.01174643556028567,0.3768993478486402
P02,session_02,018,lean_right,2.289109468460083,0.5486814068508855,-0.15209400356174047,-0.7608877098542133,0.0015221249448466403,-0.0002577849737314708,0.048001876712948824,-1.610278226414729,0.31801817639580043,9.888361423654917
P02,session_02,018,lean_right,2.3210413455963135,0.5506685675786435,-0.15522455138064678,-0.7550912949659607,0.003515252520565606,-0.0012838406499022527,0.1171981990925066,-1.6544836920328247,-0.26849452763394815,8.409170757107383
P02,session_02,018,lean_right,2.3527727127075195,0.5503741005152337,-0.15626052584228906,-0.7593965259584086,0.0007252271294289472,0.0002812509933457615,0.02451371798975841,-1.6980064664526249,-0.03673000434103905,1.1577893833522992
P02,session_02,018,lean_right,2.385118007659912,0.5486615539314509,-0.1510863294689123,-0.7601811855140858,0.0010534273093760075,-0.0026774540053116505,0.08895367577878509,-1.7291671457989157,0.02679037381605062,0.8330248781248986
P02,session_02,018,lean_right,2.417201042175293,0.5480229384829295,-0.15259671701642258,-0.7603341852269813,0.001792326649398369,0.0007603624636192772,0.06068449365251816,-1.7123128840154445,-0.013819840650365317,0.4350059135163306
P02,session_02,018,lean_right,2.44936466217041,0.5463187112194651,-0.14570023721609035,-0.7626451491937929,-0.0017250374095937034,-0.0002245325968681253,0.05408560139816739,-1.6513780346749982,0.24865667692499985,7.731180816178924
P02,session_02,018,lean_right,2.4985580444335938,0.548699892777,-0.1476270711644487,-0.7573993130079817,0.0024401776458262375,-0.0043466752726554455,0.10133033955422713,-1.6733219731482603,-0.20133705029943746,4.0940211707713425
P02,session_02,018,lean_right,2.5291473865509033,0.5474265531187006,-0.1489699434861698,-0.7604565860590368,0.0011716810302024165,0.0010290938517416974,0.05098003082726749,-1.7017811665187506,-0.036927799514134704,1.2082872549112527
P02,session_02,018,lean_right,2.5614166259765625,0.5490611671673599,-0.1497938989384708,-0.7593849109150176,0.0012602359031818006,0.0008563006566533795,0.047216142449272636,-1.706643738270399,-0.07728083573015744,2.395341668646668
P02,session_02,018,lean_right,2.593430757522583,0.5487404497140645,-0.15002080817597724,-0.7621332957686628,0.0005022627320166045,0.0004720118300125768,0.02152949719572551,-1.6930699919656251,0.08592087118516706,2.6839283631710025
P02,session_02,018,lean_right,2.6257212162017822,0.5514967385610564,-0.15176717080486965,-0.7625194347494824,0.0025415884259922953,0.00013596207898360953,0.07882274122418653,-1.6808104504657433,-0.06603736538334591,2.0466230293940613
P02,session_02,018,lean_right,2.6568820476531982,0.551523336655139,-0.15198929004303896,-0.7644470454078857,0.0001461683970575548,0.0008394551010310957,0.02734476828884458,-1.688661714546406,-0.006273623252636641,0.20317892107506244
P02,session_02,018,lean_right,2.688678503036499,0.5545093354554333,-0.15439159690982132,-0.7603186134236588,0.003687914841866232,0.0005932416525416995,0.11747613936063171,-1.6692575359211874,-0.0003976084205022189,0.11813980457442665
P02,session_02,018,lean_right,2.7215261459350586,0.5528143469726831,-0.15632965049116085,-0.763425707742364,0.000971609743405189,-0.0007330706629578593,0.03705395853894402,-1.685750277025473,0.016242059812909534,0.49585294132311875
P02,session_02,018,lean_right,2.7531847953796387,0.5526557020180507,-0.15467356282058667,-0.7634532583227178,0.0005300487740551466,3.505167771049116e-06,0.01674298723783329,-1.6780418013409513,-0.0032769543863248106,0.10485435488939818
P02,session_02,018,lean_right,2.784886121749878,0.5511944511890948,-0.1538884049884856,-0.7647062560446235,0.0009775403430427277,0.00022443883454277195,0.031638251369301054,-1.6837107234115227,0.012170305292033856,0.38520671314336535
P02,session_02,018,lean_right,2.816645383834839,0.5504930521413091,-0.15620833370469298,-0.7658393756161825,0.0024848439764524025,-0.00016982936472411967,0.07842250221379408,-1.6934058964076766,-0.0018698012747343463,0.09806253489262938
P02,session_02,018,lean_right,2.848691701889038,0.5502344075371789,-0.15667722545468576,-0.7661755905094557,0.0002519322226985591,-0.00019211600739819711,0.009886487164855724,-1.6715077867825436,0.021264755939268108,0.6636368015270624
P02,session_02,018,lean_right,2.89693284034729,0.5539727426899381,-0.15999517082266068,-0.7578190001314439,0.004539267661250296,0.0020717936985483027,0.10343282910238452,-1.6764054469675325,-0.05717566367657665,1.1897102499936774
P02,session_02,018,lean_right,2.929694414138794,0.5515349851979022,-0.15879267561885532,-0.7658441376437529,-0.002375503743661959,-0.0009401590490899706,0.0779810882023883,-1.7027375403051197,0.05279650399270691,1.6134230976642572
P02,session_02,018,lean_right,2.9610824584960938,0.5524683003754521,-0.16089781059027924,-0.7638025299138711,0.0020501600498083216,7.546758608964764e-05,0.06536082844640055,-1.6912368576933579,-0.014734924810116137,0.473972128771877
P02,session_02,018,lean_right,2.9931795597076416,0.5520743302066494,-0.16038485480781628,-0.763996869185268,-0.0003054461716904257,-0.0003870001510800445,0.015360194846672047,-1.6884984477027538,-0.008548714036153846,0.2667816863135958
P02,session_02,018,lean_right,3.0249059200286865,0.5510716294563596,-0.16039229939715083,-0.7616577567323028,0.0009110159096326307,-6.008362325854695e-05,0.028777177023644778,-1.6791854656385055,0.008214258733679062,0.26050393144136497
P02,session_02,018,lean_right,3.0581295490264893,0.5513005041609238,-0.16067985400288165,-0.7611303458820944,0.0009931102651682575,0.0005855045503221711,0.03469996824903237,-1.6851941585114314,-0.006299295932041544,0.19275202221887058
P02,session_02,018,lean_right,3.089299201965332,0.5506981167140803,-0.1572526988501955,-0.763341610627625,-0.00018226723272756642,-0.0004107506818296405,0.014417052677931405,-1.684780942222081,-0.0025763105348065697,0.08390238130939144
P02,session_02,018,lean_right,3.1207187175750732,0.5501335705579853,-0.15699238957539677,-0.7667239488278769,-0.0005713614130186805,-0.0016892188850619605,0.05675553514503317,-1.7075449759929053,0.03730561519495441,1.1886946674239454
P02,session_02,018,lean_right,3.1534669399261475,0.5519539836424014,-0.14533466426719677,-0.7647384874068276,0.0020730336654723597,0.0007231985235917887,0.06704364582479366,-1.7613637727327764,-0.04860597083223782,1.4857457731227495
P02,session_02,018,lean_right,3.1851706504821777,0.5522853375321028,-0.14117424767304607,-0.7671309029719748,2.94968802683939e-05,0.0001736491391789464,0.005555708205061392,-1.7365597614163564,-0.010757558775953654,0.33936092834649756
P02,session_02,018,lean_right,3.2170310020446777,0.5533416461122024,-0.14348324180746858,-0.7668517494920803,0.0006393040705094731,0.0010654888312459062,0.039000459976738094,-1.7253953506332038,0.0006872384110952719,0.04456809586504659
P02,session_02,018,lean_right,3.2489612102508545,0.5540146674513191,-0.14283164874427787,-0.7664996881050383,-6.377877799420547e-05,0.00024943991022383197,0.008063353724410426,-1.721484876144338,-0.00751999197969169,0.23565139606548
P02,session_02,018,lean_right,3.2807133197784424,0.5542717637676101,-0.13975175040925333,-0.7663144892628169,-0.00018558845630562866,-0.00031212573464793375,0.011436498838261458,-1.7207645528849647,-0.010967146614321972,0.345588276644993
P02,session_02,018,lean_right,3.328977584838867,0.5532336411323372,-0.13935290509595802,-0.7620143976158555,-0.000685864236064002,-0.0003337204635891056,0.015803502869823155,-1.7203534464750387,0.015294578534660028,0.3172862123347981
P02,session_02,018,lean_right,3.3611834049224854,0.5558187083776361,-0.142053171883211,-0.7589478063817539,0.003270477633513597,0.0009065327543210819,0.10537822680274748,-1.714189524832525,0.003311817714756961,0.1472384969235842
P02,session_02,018,lean_right,3.393430471420288,0.5559228364985028,-0.1417328956862255,-0.7645293481786672,-0.00011933305358141809,1.6993970343804824e-05,0.0037379219593464044,-1.7195242210987791,-0.0016504522554407542,0.051317783435038844
P02,session_02,018,lean_right,3.425215005874634,0.5561258304509429,-0.14337367462978734,-0.7607495177314152,0.001756713322754962,-1.2164741883183581e-05,0.05527076205782874,-1.6991960116185618,-0.01289752021142434,0.4095266251307172
P02,session_02,018,lean_right,3.4569289684295654,0.5538918696138281,-0.1417894816468543,-0.7633908332689399,-0.000654608822841342,-0.00025466052058013535,0.022147949449942188,-1.6722454991852174,0.06997057413548093,2.2064130094433
P02,session_02,018,lean_right,3.489292860031128,0.557134035256619,-0.14460507597115588,-0.7600271613740964,0.0032876169242173335,0.0010052788183618766,0.10622575392712863,-1.7136275447086926,-0.03074865092134655,0.9560111583632497
P02,session_02,018,lean_right,3.5210623741149902,0.5570698584987854,-0.14116271853023163,-0.7610956655361907,-8.546362594925259e-05,0.00032965687830941744,0.010719552425052282,-1.697687770679853,-0.01648621431198718,0.5190426050431308
P02,session_02,018,lean_right,3.553192138671875,0.5574544320956277,-0.14077376858626578,-0.7607657928003914,0.0005294421071807251,0.00034060289953786885,0.019593636962711217,-1.6897741279977185,-0.022406442259757398,0.697648572693704
P02,session_02,018,lean_right,3.5853312015533447,0.5568233310068266,-0.1379781949971916,-0.7636924936201118,-0.0006428131195753172,3.6823165734919606e-05,0.020033781154428255,-1.6718638358017308,0.015382395787373692,0.4790390199717736
P02,session_02,018,lean_right,3.6166892051696777,0.5567436417448915,-0.1449191745945033,-0.76479504807613,0.0017673902394118625,-0.0005140992779268719,0.05869770708469252,-1.6764715894035607,0.010065511435262107,0.3263097815290424
P02,session_02,018,lean_right,3.648627996444702,0.5566663540537137,-0.14449640924893026,-0.7644806446639008,-0.00031482512913638726,-0.00040388415512369793,0.016033514672062477,-1.679705803588379,-0.0013560421215705388,0.04538408606442282
P02,session_02,018,lean_right,3.6809747219085693,0.5574906243331672,-0.14301569162711772,-0.7590948096072523,0.0006145395682629524,-0.0001404875702233468,0.019488626190107335,-1.6987550643606082,-0.03012367838508233,0.9314783273610044
P02,session_02,018,lean_right,3.712639331817627,0.5575093921386262,-0.14041648841448426,-0.7579474243069151,7.056215752859648e-05,-0.00023745235131971638,0.007823081704033735,-1.6925688597395496,-0.010418983664716785,0.3291348931884683
P02,session_02,018,lean_right,3.7609617710113525,0.5568963795563471,-0.13953481596441775,-0.7545888985243676,0.000412252977289075,3.837027126841913e-05,0.008568167957142377,-1.6883388684853404,-0.004540321555028195,0.0943487247929253
P02,session_02,018,lean_right,3.793201208114624,0.5562191408077611,-0.13609723689089773,-0.7561116767955,0.0005079669084854388,0.0006174044287197628,0.024799176199378634,-1.713454869010443,0.023775723214834354,0.7378901193252091
P02,session_02,018,lean_right,3.8252744674682617,0.556138524432865,-0.13412842360933688,-0.755199412169113,1.4361570092716185e-05,0.00017400006750391587,0.0054435299283141945,-1.7153781382308335,-0.0003631655243221552,0.012563532671811466
P02,session_02,018,lean_right,3.8573334217071533,0.5553336262952615,-0.13237040648813808,-0.7551466239875828,0.0004987548395698629,0.0008460921372598206,0.030635900244161133,-1.6791270002755454,0.006484470318231725,0.20457399798947842
P02,session_02,018,lean_right,3.8891584873199463,0.5558815975540367,-0.13104530779889878,-0.7620979534314669,-0.0008057053037798116,-0.0011319252793041878,0.04365722554300312,-1.6815795203968038,0.006400232459529894,0.20579076664280505
P02,session_02,018,lean_right,3.9210474491119385,0.5547924465055603,-0.13090781190698467,-0.7600585783960397,0.000885016937434018,-0.0010156993218920752,0.04224603759398626,-1.6955111002666552,0.00254709112792652,0.09035786884935679
P02,session_02,018,lean_right,3.952745199203491,0.5545196892562141,-0.1318060470755264,-0.7605241778265079,0.0009783091293852349,-0.0006860471370984191,0.03769619889292504,-1.6891310328743165,-0.00893710085240572,0.2844562998660798
P02,session_02,018,lean_right,3.984980344772339,0.5549447685893392,-0.12763902669154883,-0.7599577924327032,-0.00016677535750134426,7.83530016404641e-05,0.005716244565822937,-1.6918682552359425,-0.007785785792893217,0.24159859717538276
P02,session_02,019,lean_right,0.0007188320159912109,0.5589599140632655,-0.005616474476817477,-0.788426968739984,0.0,0.0,0.0,-1.7945068957847008,0.0,0.0
P02,session_02,019,lean_right,0.03350543975830078,0.556833232497282,-0.002491112443402622,-0.7845658408872448,-0.001173168945445211,-0.0013250216623085158,0.053977769107893196,-1.812550101696078,0.017141949270542498,0.5256128456229838
P02,session_02,019,lean_right,0.06485176086425781,0.5561479599821928,0.0004975958468325633,-0.784769860250181,-0.0004496086534622313,-7.287837295773482e-06,0.01434515117098228,-1.8069629643026288,-0.04224354698215894,1.3477160541099242
P02,session_02,019,lean_right,0.09684324264526367,0.5555351015458487,-0.0054995758554497514,-0.782272100566302,-0.0006235024411367496,0.00036549125674034634,0.022591336994899743,-1.8031510078361879,-0.009856730008578346,0.3089319567010197
P02,session_02,019,lean_right,0.1289212703704834,0.5535441035599992,-0.00453210905790325,-0.7849998645518131,-0.0017712529099797635,0.0003082827490970584,0.056047109468388534,-1.8145420855933232,0.02875576525460338,0.8981822271415147
P02,session_02,019,lean_right,0.16079187393188477,0.5537446832376665,-0.0036678467242122524,-0.77993805961109,0.00018503181605252655,0.0007655839393098285,0.02471326036666262,-1.8752617194719206,-0.0432574569867371,1.3575088659124266
P02,session_02,019,lean_right,0.19275736808776855,0.5541277547030927,-0.006661461582548927,-0.780419620512695,-0.0013350540429196602,0.000962973931232877,0.051496561153418566,-1.8750671273808615,0.0077514426591940595,0.24790173053453662
P02,session_02,019,lean_right,0.22506332397460938,0.5534409031329618,-0.009013499639950063,-0.7815084107054522,-0.0005884231278668353,2.5686044704063735e-05,0.018231421198357536,-1.8646394554312482,-0.00054971905107219,0.02493852299163457
P02,session_02,019,lean_right,0.27252769470214844,0.5512855683725572,-0.00798366895221614,-0.7860186908322835,-0.005829890685948944,2.9192228152941046e-05,0.12282821164154505,-1.8270310350732122,0.01982325282566344,0.435332103294922
P02,session_02,019,lean_right,0.3048133850097656,0.5497049732858499,-0.01111254139869747,-0.7868554613428284,-6.82161777074155e-05,-0.0006541054512537,0.02036979642680358,-1.8268991765124294,0.012203905365551989,0.378545802900935
P02,session_02,019,lean_right,0.33674097061157227,0.5494256421356125,-0.010387081040163254,-0.787312132539835,-0.0038927534561378225,0.0007193664969281869,0.12398881849982388,-1.8276955761447686,-0.0008753142181367933,0.1269836318409626
P02,session_02,019,lean_right,0.3687119483947754,0.5493375917698018,-0.02235103957027641,-0.787321957354005,-0.0019674534179773893,0.00036722759058303205,0.06260151831742322,-1.8260107935767462,-0.0019786020765480516,0.0880284371133057
P02,session_02,019,lean_right,0.4005582332611084,0.5491803764798042,-0.03506130826248515,-0.7881820518379359,-0.0022368956212086605,0.0009052806024466828,0.07577455287051874,-1.8264725072791752,-0.005569982836316313,0.19061095333539746
P02,session_02,019,lean_right,0.4332568645477295,0.546440628950228,-0.040430656422383714,-0.7918801286619704,-0.00847467798819148,-0.00010504210316310378,0.25919522067601813,-1.8171532845264433,-0.011547514009175691,0.438060406927755
P02,session_02,019,lean_right,0.46579527854919434,0.5517330017045984,-0.04852072894860944,-0.7839832772098754,-0.004785101353738291,0.00033495223333594254,0.14741991377221586,-1.8450277957370356,-0.015333476935506211,0.49376303314440495
P02,session_02,019,lean_right,0.4971349239349365,0.5515258225406174,-0.06011017197275012,-0.7849456649766243,-0.005170690494564015,-0.0001669716492217308,0.16507480056148377,-1.8072674666655075,-0.0015501885672728197,0.1723264077303021
P02,session_02,019,lean_right,0.5286779403686523,0.5502446673102841,-0.06801756122380843,-0.7838973381021966,-0.005470180598610248,-0.0017748328340848514,0.18231943446515525,-1.8047150092012254,-0.004625538579038557,0.23397504710834857
P02,session_02,019,lean_right,0.5609188079833984,0.5462316295462677,-0.07920329694701031,-0.7865301708974994,-0.011764156548076226,-0.0026135265147520332,0.37377936179246324,-1.803301295819776,-0.003718445562255286,0.3911684812378668
P02,session_02,019,lean_right,0.5926682949066162,0.5479027627786158,-0.08443522682641408,-0.7842633871763686,-0.006901930675206777,0.0006521774842242374,0.2183554967901252,-1.781731317815762,-0.026315579062254225,0.8571302841416588
P02,session_02,019,lean_right,0.6249101161956787,0.5425703411189123,-0.09651061632724577,-0.7888693450324181,-0.012125830492791579,-0.0007299386497856585,0.3767709204809381,-1.7535103227811317,0.020254163422527182,0.7325201509566879
P02,session_02,019,lean_right,0.6570801734924316,0.5368664882715405,-0.0996588668774193,-0.7928780793814084,-0.011515813822406807,-0.004165313554139492,0.3806636356590165,-1.730348300502334,0.0231189196493966,0.8132395184846474
P02,session_02,019,lean_right,0.7045314311981201,0.5317197463219503,-0.10366709046969007,-0.7977938997546383,-0.012391339292530383,-0.0025620526002415695,0.2666617292425437,-1.7419364297691038,-0.0018869432486651502,0.2696104723310741
P02,session_02,019,lean_right,0.7369039058685303,0.5307966187073646,-0.10298428507188903,-0.7939392066757321,-0.01561696838977221,-0.006082452440571686,0.5177130262091814,-1.6982644089260213,0.021806113038095955,0.8495671393664647
P02,session_02,019,lean_right,0.7689695358276367,0.5313458435081255,-0.10482968276617907,-0.7886475243114709,-0.01122819061422755,-0.0044525191818661995,0.37668965166845897,-1.6890288592113878,0.006468138898422869,0.42729883096732274
P02,session_02,019,lean_right,0.8005063533782959,0.519831068036961,-0.10666128537653119,-0.7986085257506224,-0.015526279773489773,-0.007436203927822849,0.5458756897794727,-1.7423473785630745,0.15646915208006992,4.9914147100182875
P02,session_02,019,lean_right,0.832373857498169,0.5250269505840294,-0.13889979131539235,-0.7908120529728377,-0.006424653536460047,0.0003104391135674085,0.2018403871521708,-1.6628490894397392,-0.07885020090588243,2.4825325080546374
P02,session_02,019,lean_right,0.8647997379302979,0.5334985285101993,-0.1269574335457038,-0.7864185902049747,-0.014016040153671286,0.008131783005604824,0.4997296741032054,-1.6809887101089973,-0.022056488704727654,0.844049034020941
P02,session_02,019,lean_right,0.8977437019348145,0.530241515730779,-0.12392608132895021,-0.7908448888325009,-0.016887494136986782,0.001090211969836843,0.5136797789852041,-1.7092824885330695,0.025539130132810894,0.9299718114827905
P02,session_02,019,lean_right,0.928600549697876,0.5310330372197737,-0.1272328327975591,-0.7868153103612566,-0.012505603766804303,-0.0027639232823553476,0.41505847585786043,-1.7200189672466974,-0.0013717756054054248,0.4174324911127604
P02,session_02,019,lean_right,0.9608871936798096,0.53025170472619,-0.1318478605734203,-0.7839389567785715,-0.01289163387727289,0.00146349868512713,0.4018515653593826,-1.7285870315829333,-0.006232164059717318,0.44580684716552715
P02,session_02,019,lean_right,0.9927823543548584,0.5329998905230624,-0.1379007138280836,-0.775311713821351,-0.007366794530124848,-0.00497883403331603,0.2787721299863124,-1.7206035244379727,0.0251385436689229,0.8360100157921894
P02,session_02,019,lean_right,1.0252037048339844,0.5321314087735322,-0.1562623144804204,-0.7774635417599469,-0.006135886142931844,0.001064217824157787,0.19207997343003147,-1.6948990021087975,-0.034311055837787714,1.075575946430175
P02,session_02,019,lean_right,1.056506633758545,0.5330527153558153,-0.1659301469710675,-0.7756081843024424,-0.007041080779596139,0.0020738240561984267,0.23448712597359136,-1.6959002180313922,0.017542159738199743,0.6074802991414904
P02,session_02,019,lean_right,1.1050643920898438,0.537560933632992,-0.1659477632706136,-0.773177766013034,-0.01626827622508298,0.004305351462842241,0.34656326172600505,-1.6796436870668057,-0.006806688701768252,0.37383917773775355
P02,session_02,019,lean_right,1.1369454860687256,0.533053826773992,-0.17336692401590645,-0.7800935162484866,-0.007138549827145275,0.0021235784350381874,0.23360918438487416,-1.6844639212576094,0.0337816864861418,1.0850609529838042
P02,session_02,019,lean_right,1.1689867973327637,0.5341987022060566,-0.1844738460217708,-0.7798274707133115,-0.012035234367611194,0.0012067682547824213,0.37749966127370277,-1.6971190731787347,-0.003300132649595458,0.39129810538017823
P02,session_02,019,lean_right,1.2008717060089111,0.5419476136898624,-0.18790780387241335,-0.770334942824653,-0.00264074375051886,0.001663702244906111,0.09788727532427985,-1.6720790192538146,-0.0068592935700152475,0.23635015116074112
P02,session_02,019,lean_right,1.2331221103668213,0.5380906057010525,-0.19348221756623313,-0.7756135810418616,-0.008397640476310213,-0.00037036165971876723,0.26064180334421816,-1.674432562401774,0.02778604151602654,0.9001334646580683
P02,session_02,019,lean_right,1.265183687210083,0.5426255170966343,-0.20187997055691242,-0.771062030925822,-0.003999425288221927,0.0024186748170849457,0.14577902067884996,-1.6711110814294747,0.0006909518719364449,0.14736335647411514
P02,session_02,019,lean_right,1.2976360321044922,0.5392218513197824,-0.2042488992537914,-0.7755943486978266,-0.009288619734142816,-0.00024533966632692004,0.28632320004094075,-1.6875293221329206,0.012415519102165689,0.4778557281183416
P02,session_02,019,lean_right,1.3296475410461426,0.5444544302408499,-0.20837826912807011,-0.7678012556641082,-0.00392470456886941,8.511752084075367e-05,0.12263175303457882,-1.7041800329784833,-0.015484081275954634,0.4990067074732041
P02,session_02,019,lean_right,1.3610942363739014,0.5480942440068042,-0.21026470197090846,-0.7636042543529025,-0.0012212229319783431,0.002177587924035205,0.07939316536665952,-1.6988262857530063,-0.006527217578331854,0.22223027737466444
P02,session_02,019,lean_right,1.39262056350708,0.5497865637520891,-0.20934768926335035,-0.7631815943987501,-0.0012534031292191002,0.0010289587284608914,0.05143822304092481,-1.6963363076410842,-0.0002937481482209235,0.052275305247768564
P02,session_02,019,lean_right,1.4244747161865234,0.5496252228128893,-0.21186820268343906,-0.76349552592623,-0.00567146030794966,-3.9040552049856585e-06,0.1780446558644146,-1.7062972855403813,-0.01394764389222845,0.47267415384433653
P02,session_02,019,lean_right,1.4569504261016846,0.5498210559316202,-0.2085729809585029,-0.7592545228914022,0.0008873345029153328,0.0015062659530715812,0.05383097014199011,-1.7140473164435701,0.008523853277060152,0.2679319424421919
P02,session_02,019,lean_right,1.4887809753417969,0.5510699748155475,-0.21551118692312443,-0.7586637493013754,-0.0007946704964313694,0.000999630087265314,0.04011909185317465,-1.6721436670642718,0.007340742768885971,0.23408301498169032
P02,session_02,019,lean_right,1.5369267463684082,0.5526380803229424,-0.21418311586906863,-0.7575305988385759,-0.0003026674063126374,0.0016046630453877663,0.03391695108071935,-1.6493242973353053,-0.038399258797673946,0.7982832901292105
P02,session_02,019,lean_right,1.5688352584838867,0.553625036929602,-0.21696812608293994,-0.757074004123451,-7.173012767241172e-05,0.0010805544861300716,0.03393867708377251,-1.6735123805448573,-0.008033343649387877,0.25403902294406394
P02,session_02,019,lean_right,1.6010959148406982,0.5549650077863232,-0.222615555744271,-0.756204390995047,-0.0007876834275301301,0.00031060811091138097,0.026245988284473314,-1.5835894851997017,0.016474151558908714,0.5113316988822203
P02,session_02,019,lean_right,1.6332979202270508,0.5554005953375213,-0.22235954928763121,-0.7557566804062973,0.0006073813037271162,0.0001458992216652189,0.01939813387948099,-1.5942059166900644,0.01660637926507182,0.5160586543841781
P02,session_02,019,lean_right,1.664957046508789,0.5559899258170956,-0.2224035389476648,-0.7596503051944031,-0.0004496560464874738,0.001159417110478207,0.039279632419966654,-1.6166405111029378,0.028014208223131564,0.885741298077632
P02,session_02,019,lean_right,1.6971118450164795,0.5560458058007752,-0.22375452148983557,-0.7579203928617736,0.0010385669143670795,-0.0015807864879707723,0.05882263336905981,-1.6060069303728388,0.0036915389620083717,0.12899745147556704
P02,session_02,019,lean_right,1.7291219234466553,0.5531231445152326,-0.22057520375840542,-0.760931423175975,-0.0015154312882910551,-3.3513413258800975e-05,0.047353892524850165,-1.6144589793637478,0.07507745421148763,2.3459097332277055
P02,session_02,019,lean_right,1.7611587047576904,0.5537621922016378,-0.2180751457135961,-0.761430823066824,0.00013660330348631535,8.298721322797135e-05,0.00498912020818408,-1.6387188728547204,-0.05396386157603477,1.6844419468813732
P02,session_02,019,lean_right,1.7927584648132324,0.5560772209121744,-0.21586909733399376,-0.7529044401307493,0.0013586645374565485,-0.002608252179909091,0.09306746339522359,-1.7366709793399386,-0.07135502038522003,2.2600044934342858
P02,session_02,019,lean_right,1.8249480724334717,0.5547225416869113,-0.21846312564284234,-0.7560861072274818,0.002224808494755582,0.00028205486667190206,0.06966895365672224,-1.653868440173346,0.01733622032512179,0.543053252785301
P02,session_02,019,lean_right,1.8567752838134766,0.5581926933156637,-0.21924554051214437,-0.7571647131389911,0.0023968238888467967,0.002018383631738625,0.09845256126870751,-1.645516353729609,-0.012715672724948423,0.41147390557726443
P02,session_02,019,lean_right,1.888812780380249,0.5581550347057738,-0.20849790852550917,-0.7585611761990586,0.00011969009821354289,0.001352211782638922,0.042372180617367854,-1.6540536981323408,0.009077519168989556,0.28649122272121313
P02,session_02,019,lean_right,1.9203863143920898,0.5586861497902545,-0.20367276403168655,-0.7576363840769503,3.580021380510498e-05,-0.00016173775117463705,0.00524656233116455,-1.6686855860196024,-0.017547239084603865,0.5557826048713941
P02,session_02,019,lean_right,1.9693338871002197,0.5587193198044768,-0.19827864416738358,-0.754300887684841,0.0011322503976678151,-0.0028824628797018428,0.06326905514988147,-1.668259062766671,-0.000476169916673113,0.0640125806025815
P02,session_02,019,lean_right,2.0005249977111816,0.5573845691234514,-0.198485867535331,-0.7554081983230448,0.0007636254511317399,-0.0010072864994176778,0.04052505039987513,-1.6484253721919016,0.0120515073954428,0.38849576792344026
P02,session_02,019,lean_right,2.0324697494506836,0.5566761502220454,-0.19259325252737428,-0.7516167919093174,0.001111331083679815,-0.0005920032335347637,0.03941730935705826,-1.6198783504339367,0.02942710592955053,0.9220304391786404
P02,session_02,019,lean_right,2.065018892288208,0.5568411151696498,-0.18951827185544826,-0.7543961869656669,0.0008746092257222135,0.0019090703085838379,0.06451410271536415,-1.645940905449739,-0.00883535079400769,0.279007652265615
P02,session_02,019,lean_right,2.0969393253326416,0.5556043035437426,-0.185261529332495,-0.747132642042055,-0.00013868485906592658,-0.0004351234100726345,0.014307140708117737,-1.6183054672403057,0.06960673803926666,2.1806795697055894
P02,session_02,019,lean_right,2.128814935684204,0.5570657918675314,-0.19082826845980366,-0.7431118396178275,0.003408070864377556,-0.002215597147378798,0.12752539828717305,-1.6433740846237062,-0.0059595465260397105,0.22631335707136854
P02,session_02,019,lean_right,2.160667896270752,0.556534509395257,-0.18758173692641125,-0.7465565584816679,0.00042345858321954057,-0.000680082704547838,0.02515127964787378,-1.6552359176826343,-0.017854687835885764,0.5610986285277804
P02,session_02,019,lean_right,2.1938416957855225,0.5557458123543675,-0.18196337181300642,-0.7441304773991809,0.00029891029549151076,-0.000674934513644807,0.02225137213964125,-1.6961581061393627,0.008047384813075225,0.24360093627777113
P02,session_02,019,lean_right,2.225057601928711,0.5538417488434292,-0.17952986564847953,-0.7444557773926301,0.0018281200392579956,-0.0022759014249464117,0.09351654489695482,-1.6902626443756354,0.0009830312136572532,0.09867648997136905
P02,session_02,019,lean_right,2.2564120292663574,0.5540499540913464,-0.1779379864407826,-0.7466333602754637,0.0014922880123101996,0.0014364069722669899,0.0660601132862665,-1.7029816006023528,-0.039868872978314776,1.273269641544786
P02,session_02,019,lean_right,2.289064884185791,0.5543619882258393,-0.1749341424297658,-0.746785373994387,0.0009395377453020301,0.0005251783015230648,0.03296362761824833,-1.702564294558801,-0.011738103292839806,0.36098986453285736
P02,session_02,019,lean_right,2.3258566856384277,0.5539564215392474,-0.1687688050862513,-0.7490797239842951,0.0010859873743252482,-0.0012751447907587948,0.04552431975985442,-1.7050464448630323,-0.019273397645758025,0.5258247244644115
P02,session_02,019,lean_right,2.36409330368042,0.5521255420597825,-0.16996161407394508,-0.7494282592397121,0.0015320483788244393,-0.002176370312789779,0.06960692456387436,-1.7110760501846558,-0.002044341498675597,0.08777065627477133
P02,session_02,019,lean_right,2.401845693588257,0.5546980109434906,-0.17521636335140958,-0.7445069122742249,0.006191035606032971,-0.0015029622425639458,0.16875373704680308,-1.735426832091621,-0.05227094648258151,1.3948192391116216
P02,session_02,019,lean_right,2.440168619155884,0.5542611034225622,-0.17642960162291652,-0.7441844894965142,0.002481998453294344,-0.001076948592310061,0.07059937843835792,-1.7255857660887797,0.003999103877031344,0.1259911712633403
P02,session_02,019,lean_right,2.4754438400268555,0.5523901873100867,-0.17819967543799725,-0.7462801340062173,0.0012100125079800245,-0.0004652244588205126,0.03675003820837236,-1.7259811236767557,0.06265591002073279,1.776581920573578
P02,session_02,019,lean_right,2.5083675384521484,0.5517030389830815,-0.17863213500833916,-0.7472117356103702,0.000990704335429795,-0.0010762160564213635,0.044429506560065904,-1.7217043343870113,-0.006673263401398863,0.20750111309178185
P02,session_02,019,lean_right,2.540092706680298,0.5528443259051309,-0.17967666850541464,-0.7462481622960598,0.0015526503570162278,-0.0006793392807547502,0.053420173538224126,-1.6892655295018155,-0.03494953165163347,1.1029287003107962
P02,session_02,019,lean_right,2.568957805633545,0.5532970092374389,-0.17921055941314237,-0.7465418155751717,0.000767799071155644,0.00045153482560907516,0.030858357384060533,-1.680384833635873,-0.022068596279285202,0.7651650441049609
P02,session_02,019,lean_right,2.599313974380493,0.5523675597996189,-0.1779127922838615,-0.7483138473641118,6.72399086744683e-06,0.00046535142412620987,0.015331315485439258,-1.6390443031750095,0.3272336377163724,10.779817815479735
P02,session_02,019,lean_right,2.6267333030700684,0.5529160269514162,-0.1768297826085558,-0.7458681444128182,0.0004237302243748392,-0.001737367359052862,0.06522016789644103,-1.6026029428859303,-0.10717488991051152,3.9092790925295806
P02,session_02,019,lean_right,2.6567611694335938,0.5516305356287988,-0.174498322372019,-0.7481494531792208,0.0008814929304333261,0.00044441684810238584,0.03287566119049791,-1.6605802739428905,-0.1102494416436062,3.6717181270087944
P02,session_02,019,lean_right,2.688854217529297,0.5501428087262551,-0.1758198708183483,-0.750519991408717,0.0014368303744262186,0.00012069515992314796,0.04492844416132128,-1.6766413374323081,0.007669830712477135,0.2431737890216863
P02,session_02,019,lean_right,2.720766305923462,0.5503587282380166,-0.1784354887708552,-0.7497514540513271,0.0038768329329564397,-0.0004388916002578722,0.12226078679757596,-1.669223779067223,-0.08272890061973658,2.5952814670573248
P02,session_02,019,lean_right,2.752807378768921,0.5499451476825603,-0.18050778895665592,-0.7558673188248559,-1.8147360244262326e-05,0.0008271782210329829,0.02582239575488374,-1.6683702956286561,-0.0048797228833291385,0.15446949995745202
P02,session_02,019,lean_right,2.800668954849243,0.5482385032285934,-0.17612939847539755,-0.7564560450682954,-0.0006005708387868761,-0.0006098664229136462,0.017883523785116553,-1.7071831936289428,0.05911749601997909,1.2353059982945511
P02,session_02,019,lean_right,2.8338022232055664,0.5494113884236743,-0.1818250737975794,-0.7539795471043561,0.0022066225766608286,-0.0013904930771057578,0.07871815731295634,-1.6921580658043978,-0.05746684293527211,1.7362005918929806
P02,session_02,019,lean_right,2.8651397228240967,0.5483919189887828,-0.18286040976808,-0.7558021087707314,-0.00023464104364711653,0.00046111676103084074,0.016510025593369202,-1.7021200010960078,0.007876129699594366,0.251874110680416
P02,session_02,019,lean_right,2.896822214126587,0.5483261938501217,-0.1799170288538516,-0.7564261081239443,4.5390252669247935e-05,0.00033176123609410496,0.010568988834719498,-1.7094879813743156,0.007769213324416078,0.24544869072104605
P02,session_02,019,lean_right,2.9289767742156982,0.5494048325090876,-0.1802792613218399,-0.7539595232233935,0.0006596431628394428,-0.0012273414910904349,0.04333369321440861,-1.690266700394871,-0.05840965132044367,1.8170445637398616
P02,session_02,019,lean_right,2.9609224796295166,0.549262984317609,-0.1803492653396587,-0.756167939629059,0.0005911015936841504,0.0019862500237509385,0.06487067014587801,-1.6986863589224468,0.0008099203459592499,0.06964897591184405
P02,session_02,019,lean_right,2.992385149002075,0.5485860339623699,-0.18023271370847083,-0.7567071828830384,-0.00048567179193678115,-0.0004178733135992976,0.020363783579409288,-1.6506633399306303,0.12108783784507852,3.848673214278796
P02,session_02,019,lean_right,3.024418830871582,0.5498820863242739,-0.18023567347108435,-0.7497745482924244,0.00042711143481046274,-0.00613972772223884,0.19212795660643353,-1.6549060387749637,-0.006875813242343946,0.2880709493784505
P02,session_02,019,lean_right,3.057602643966675,0.5492535804605637,-0.1792550800080637,-0.7540479924189653,0.0001334109831551787,0.0033832536991051784,0.10203417697564597,-1.677772563203037,-0.08908750021187299,2.686605638740351
P02,session_02,019,lean_right,3.0884642601013184,0.54905110697678,-0.17871538185376085,-0.7526190749638982,-0.0009106367435826195,-0.0021765069005722725,0.07644871011546205,-1.6686960816237337,0.004622485308648437,0.16816292278304174
P02,session_02,019,lean_right,3.1208930015563965,0.549663311420978,-0.17934240275026186,-0.7536140287263303,0.00026967290320432756,0.0004848825882596233,0.017109157379065886,-1.7199207231190738,-0.06339532147355206,1.954986424980643
P02,session_02,019,lean_right,3.15289044380188,0.5507517091464852,-0.1825202397507183,-0.7555757859027102,0.0037543842746064343,0.0036098170799400454,0.16277176053984715,-1.7169569782965963,-0.006422996068876083,0.2584357841090791
P02,session_02,019,lean_right,3.184349536895752,0.5488493047114954,-0.1825057357878612,-0.7588728875202907,0.002099380386007497,-0.0006050609438972538,0.06944997873119707,-1.667953579728755,0.031057496435088643,0.9896741411661716
P02,session_02,019,lean_right,3.23260760307312,0.5488646027638371,-0.1782827225880023,-0.764417348858448,3.101780763095813e-06,-0.0005496599853797621,0.011390194026918187,-1.6704550300499506,0.0166810918787388,0.345851936829135
P02,session_02,019,lean_right,3.265623092651367,0.5478877013262774,-0.17379409894397307,-0.7633851025502075,-0.000627071746534881,0.0009223207186116947,0.03378111881906912,-1.6912173891504214,0.017814780249532845,0.5406449579564347
P02,session_02,019,lean_right,3.2967042922973633,0.5475164704222644,-0.1714755333762878,-0.7604589597301807,0.0002145362463894677,-0.00039381427614165076,0.014428626202752592,-1.6895631270522042,0.01025593618273083,0.33028764817456363
P02,session_02,019,lean_right,3.328993797302246,0.5471764766648195,-0.1716900187723151,-0.7642012151200376,8.909218675263807e-05,0.003272568571622961,0.10138839435173913,-1.678121366695241,-0.010240413623404554,0.33295606837551706
P02,session_02,019,lean_right,3.3610246181488037,0.5468178387230278,-0.16758848937439103,-0.7609569836363599,8.795158889741973e-06,0.0005043556955270161,0.015748343724493793,-1.6927562566760261,0.18653950202997735,5.823771577846487
P02,session_02,019,lean_right,3.3924400806427,0.5494686620349908,-0.17137967642393664,-0.7513638991833165,0.002162432315747534,-0.0072529809875096765,0.2409156693122818,-1.6716276798099066,-0.1246646921653408,3.9755653620594535
P02,session_02,019,lean_right,3.4243695735931396,0.5478627086203112,-0.17175529674296622,-0.7572923831679401,-0.00015176882484128857,0.0036785716885545873,0.11530722293053827,-1.6680603104887801,-0.038905611863494775,1.2239288088542857
P02,session_02,019,lean_right,3.456437349319458,0.547368822321108,-0.16884297148593672,-0.758380600435429,-2.711436227978222e-05,0.0002630310927181283,0.008245814543486376,-1.688773599020329,0.03603741033955236,1.123819149311138
P02,session_02,019,lean_right,3.4890615940093994,0.5482980896208651,-0.17457059238666175,-0.7582501452134658,0.0005488962269415288,-0.0008682001716034105,0.03148457435540491,-1.6863687931939157,-0.04365848895858942,1.3385925341296077
P02,session_02,019,lean_right,3.5204238891601562,0.5494201142421093,-0.17605642213603243,-0.7568332424141337,0.001187458919591791,0.001335793816234359,0.056988479476646696,-1.724216740579352,-0.027492910614363018,0.8784734751410782
P02,session_02,019,lean_right,3.55279541015625,0.5493341230190577,-0.17878239437583557,-0.7620355353770422,0.0003378661646393492,0.0030342988379878453,0.09431288143823845,-1.733921453184549,0.01715613070149423,0.538302451202868
P02,session_02,019,lean_right,3.584887981414795,0.5495735234950687,-0.17905967482759902,-0.7609684138192442,0.0008551430837018475,-0.0005180409419272323,0.03115418926543217,-1.7079133631060954,-0.021554418452256936,0.6723548100038886
P02,session_02,019,lean_right,3.616349697113037,0.5487539941878038,-0.18020369189823465,-0.7616573108154114,0.000618308830509925,-0.0003507823220257888,0.022595162647318107,-1.6921089134884069,0.011646092571223437,0.3708560843543879
P02,session_02,019,lean_right,3.664583444595337,0.5441661018734694,-0.17305155422317875,-0.7646606029443994,-0.003258880489639474,-8.286240840313799e-05,0.06758616002798166,-1.707576073008982,0.12409971018768694,2.5737689136502504
P02,session_02,019,lean_right,3.697399377822876,0.5475239390297132,-0.17709908247508702,-0.7588826586395796,0.005123346342780614,-0.001406880269235055,0.1619031195727971,-1.7141752629870484,-0.10232061609754736,3.1222169258662844
P02,session_02,019,lean_right,3.729421377182007,0.547606600822556,-0.1768263986307095,-0.7633878985977869,-3.7687836893270913e-06,6.63414775059888e-05,0.00207508721371526,-1.712608996995073,0.0006917690898922261,0.021702365734965316
P02,session_02,019,lean_right,3.760566234588623,0.5475584415632996,-0.1744733478595716,-0.7637742044204116,0.00018857141697546523,0.0008222930238237409,0.02708755228299284,-1.7221266796209802,-0.032683317458892115,1.0497464611580094
P02,session_02,019,lean_right,3.792451858520508,0.5482376173787422,-0.17412839085461873,-0.7635217596311408,0.0007687283823578726,0.0008802008268035233,0.03665069628273938,-1.7132264879375325,1.4133659521301633e-05,0.03665337663148864
P02,session_02,019,lean_right,3.8247668743133545,0.5480570270739795,-0.17214069438647725,-0.7643660150938224,-0.00016761382289031822,0.0008176841087803123,0.02582968210409031,-1.7088891229564016,0.1906184139452725,5.898813190619901
P02,session_02,019,lean_right,3.8567116260528564,0.5454730923344872,-0.17255421980030786,-0.7641314319708049,-0.000953898926380593,-0.004028948244005767,0.1296091388531885,-1.6918082113392563,-0.02133730268833775,0.6804025342681919
P02,session_02,019,lean_right,3.888681173324585,0.5454857741678507,-0.17062450039019694,-0.7611833474837155,0.00016127410569484097,-0.00011915776397050964,0.006272190823856438,-1.6854143992371342,-0.07269929365868623,2.2740256399632375
P02,session_02,019,lean_right,3.920912504196167,0.5449394097311865,-0.16937631692671354,-0.7618987229440288,-0.0006261507857646749,-0.0006445673874727566,0.027880567634638725,-1.7186500960250595,0.055486636879840755,1.7217381881718847
P02,session_02,019,lean_right,3.952376127243042,0.5446540557433214,-0.16735456654907876,-0.7624179463506627,-0.0002552247725345445,0.000163606500308892,0.009635295199716325,-1.73424728848633,-0.026656396151749157,0.8472679694965197
P02,session_02,019,lean_right,3.9846792221069336,0.5443680002832477,-0.16794810728841772,-0.7643283860948771,-0.00019389893465761846,4.346883719013173e-05,0.006151475366855086,-1.7323555481546318,-0.0013623429207277494,0.04262002525747435
P02,session_02,020,lean_right,0.00019097328186035156,0.553051074811202,-0.008496124180647565,-0.7770321971082101,0.0,0.0,0.0,-1.7616977757680836,0.0,0.0
P02,session_02,020,lean_right,0.03215193748474121,0.5527556225692581,-0.004597086148582898,-0.7842537096771818,0.0013782389278556891,-5.4508984990351266e-05,0.043156282954626764,-1.845180415953782,0.005806581757176914,0.18673271526692803
P02,session_02,020,lean_right,0.06431007385253906,0.5526481187284756,-0.005435753952135379,-0.7858757069993529,0.00013435762054122587,-8.88167774559097e-05,0.005008381231232322,-1.8328260124952398,-0.01512794545920924,0.47045023469267655
P02,session_02,020,lean_right,0.0960240364074707,0.553064417639285,-0.005293957208735761,-0.7874857264730647,0.0007225278412252498,0.0021538157000241067,0.07163332285541141,-1.8407042172464854,-0.00103288314581091,0.07868960810149093
P02,session_02,020,lean_right,0.1281726360321045,0.5535807821368709,-0.0052588174151563345,-0.7877425635957593,0.00037087306054289884,0.0006473724129813266,0.023207283840957913,-1.8659604559519438,-0.022582422433221082,0.7028220177081667
P02,session_02,020,lean_right,0.16054677963256836,0.5533969816578327,-0.004682891815494872,-0.7883785865909202,-0.00011507130409554998,0.00038370564721225864,0.01237372816469643,-1.871391491733788,0.013994377731565071,0.4324472688850417
P02,session_02,020,lean_right,0.20801472663879395,0.5508444042358953,-0.005272686823069961,-0.7894839023616539,0.0014532195003859663,-0.0006265124790152545,0.033338675880296445,-1.8688206651670225,-0.001374783708809769,0.04416203722624084
P02,session_02,020,lean_right,0.23977899551391602,0.5506975848118243,-0.00860802214204628,-0.7916540289443722,-0.00014592757356268494,0.0005668256649343823,0.018426636271007834,-1.8601470872246988,0.0050883345732089325,0.16124683517469043
P02,session_02,020,lean_right,0.27216362953186035,0.5496910655956275,-0.01102205059106474,-0.7924439998311518,0.0017452831599923516,0.0005827730945530672,0.056817386526841,-1.8752534877063767,-0.008581820410328022,0.27101928785922047
P02,session_02,020,lean_right,0.30387163162231445,0.5498698188848666,-0.011829648436131608,-0.7927468603239158,-1.1341113378930487e-05,0.0001939235539776023,0.006126368292498507,-1.870133336524879,-0.0005492513404161603,0.01837361951421903
P02,session_02,020,lean_right,0.33589673042297363,0.5498457697668171,-0.015050681553135123,-0.7922757816658367,-9.920181903592986e-05,0.0002195150209509717,0.007521903268554281,-1.8625270658449515,-0.00461832503460974,0.14440558462337835
P02,session_02,020,lean_right,0.3689002990722656,0.5496103547702262,-0.017119230051831958,-0.7929653734783862,0.0005201752044585909,0.0004500087586575468,0.020840639424687182,-1.8600610462893576,-0.001373315679737361,0.04653835111754083
P02,session_02,020,lean_right,0.4013972282409668,0.5496976672830531,-0.017040120756257382,-0.7929247567080527,-7.704071280169436e-05,0.0007434618540813757,0.023000414490825856,-1.853011552084283,-0.0037272849855057603,0.11697996785206577
P02,session_02,020,lean_right,0.4325881004333496,0.5497041418300174,-0.017197821836339215,-0.7931942462464986,0.00015670904820701007,0.001382650356832167,0.04461249691807459,-1.84586988805029,-0.00967510983234821,0.31338215212103
P02,session_02,020,lean_right,0.46414971351623535,0.5502260639364112,-0.011782842434179715,-0.7915492894883035,-0.003013401790125027,-0.0007352732866171877,0.09827788848186338,-1.8412527861709005,0.0007296402537031407,0.10096030730594517
P02,session_02,020,lean_right,0.4961390495300293,0.5499427419073841,-0.014347681439262015,-0.7915441428691997,-0.0001450711336877617,-0.000394298680878653,0.013133731875601727,-1.8308628997334362,-0.01014083532904638,0.31727869794940755
P02,session_02,020,lean_right,0.5281345844268799,0.5507526547689229,-0.009407829489292356,-0.790107408103116,-0.002902756558976723,-0.00027938020662329673,0.0911430379809132,-1.8247737946477136,-0.012490995424384144,0.4008961399451864
P02,session_02,020,lean_right,0.5597414970397949,0.5508450151521058,-0.011398226815864262,-0.7900198359293478,9.188027957542293e-05,0.00022593378331044675,0.007716721526733084,-1.8282833342126996,-0.009195385954316772,0.29103190707879195
P02,session_02,020,lean_right,0.5921401977539062,0.5522310924889845,-0.01655484621447134,-0.789110648469841,-0.0011462481659282487,0.0014829085607587856,0.0578502797978776,-1.8410006216762667,-0.01358695135878137,0.42333848903545035
P02,session_02,020,lean_right,0.6399776935577393,0.553075461598216,-0.029089025332344556,-0.7857808232045188,-0.004215025301242202,0.0003163033700866974,0.08835906994870601,-1.8424755098306593,0.0083009966720998,0.19472600272367507
P02,session_02,020,lean_right,0.6722087860107422,0.5538708000043119,-0.0355848884520036,-0.785318497837391,-0.0020107404757169233,0.0007194043273636818,0.06625778457696153,-1.8376898094490544,0.01419486433788224,0.4453652574011204
P02,session_02,020,lean_right,0.7039999961853027,0.5531974163641726,-0.03919905865128592,-0.785951033849126,-0.003140948874254959,-0.00025099361619734583,0.09911423201371974,-1.8179132532036015,-0.021064689071750096,0.6699667442975891
P02,session_02,020,lean_right,0.7364273071289062,0.5515223830639551,-0.04173617490530059,-0.7877787749314098,-0.007226688820137371,0.0001466549780098875,0.22290398215997417,-1.8121224584313667,0.00016297399177517342,0.22296063370076746
P02,session_02,020,lean_right,0.7683582305908203,0.5484246190336683,-0.04640837657565911,-0.7907461384375547,-0.0058616754197830375,-0.0013664218753691535,0.18849541699676162,-1.8272705986173516,0.01663065027262528,0.5538922368748541
P02,session_02,020,lean_right,0.800591230392456,0.5481138845222606,-0.06445703597645189,-0.7881120480013274,-0.005104938907642095,8.166749555219558e-05,0.15839643052254665,-1.8128308705049738,-0.020701921721226247,0.6615024975088981
P02,session_02,020,lean_right,0.8328325748443604,0.5410016397774235,-0.06918864985688676,-0.7937844890625197,-0.013031535524397482,-0.004238031642927828,0.42502418230427513,-1.7760916732507293,0.03983550328307712,1.3066013709499833
P02,session_02,020,lean_right,0.8637902736663818,0.5461075839621811,-0.08395162429226281,-0.7849319000614081,-0.012192778811089995,-0.0013969951584767684,0.3964296161168133,-1.8010868270157487,-0.003355320532981196,0.41097875993804395
P02,session_02,020,lean_right,0.8962068557739258,0.5369217149045705,-0.0940287133026888,-0.7896317457839368,-0.015792718729585972,-0.005728652806556613,0.5182417371752818,-1.775938653013965,0.00030400580789774603,0.5183265831776501
P02,session_02,020,lean_right,0.9281260967254639,0.5318484643940634,-0.09839252397077995,-0.7944531430031295,-0.01183228741056795,-0.002879937541721889,0.3815168499768307,-1.7758199480711554,0.043692986843339915,1.4210327459437115
P02,session_02,020,lean_right,0.9598405361175537,0.5294440708522218,-0.09853922193286051,-0.7970012680214489,-0.01179739367545726,-0.001672427455907734,0.3757073415675187,-1.7837041118551067,0.0444078433559959,1.4497687893049898
P02,session_02,020,lean_right,0.992285966873169,0.5301873961042755,-0.10436021416373151,-0.7862142970097638,-0.010239269136511306,-0.005915468802462919,0.3644643260381109,-1.7721640718302853,-0.03864129897994331,1.245482429920554
P02,session_02,020,lean_right,1.0243430137634277,0.5214930595577648,-0.10532316619417645,-0.7972823963866502,-0.015307810878179454,-0.002065502729742769,0.481845157121922,-1.7990181601528263,0.05340190063920181,1.7341270383431944
P02,session_02,020,lean_right,1.0719149112701416,0.5291397632111695,-0.09966742182088362,-0.7734504206177669,-0.008567157720865923,-0.007372971921690723,0.2375974191412705,-1.758229359304904,-0.04196832796208053,0.9136433705897146
P02,session_02,020,lean_right,1.1043083667755127,0.5332579378499299,-0.10311131494661993,-0.769993866104649,-0.012551634784014287,0.0021356196777730734,0.39304306078721596,-1.7218431276837065,-0.01176289795329146,0.5351104192702204
P02,session_02,020,lean_right,1.1364188194274902,0.5356672193939309,-0.10303471920751718,-0.7692298795793927,-0.009546284151340095,0.0028719246314781346,0.31045735912697514,-1.7170218678465528,-0.00022721697394336888,0.31053798981030156
P02,session_02,020,lean_right,1.1679515838623047,0.5403602609344879,-0.11405408240113536,-0.7648925378644462,-0.008467840804430199,0.002557209661269686,0.28051914210365736,-1.6878653726581296,-0.01757710740277332,0.6240289021486608
P02,session_02,020,lean_right,1.200460433959961,0.5312192336226437,-0.1306947917123823,-0.7693597146879387,-0.01693858744241135,-0.007010641514495839,0.563910174240569,-1.7067547386046993,0.005732307307176054,0.5908360091177706
P02,session_02,020,lean_right,1.2332024574279785,0.5350094287049926,-0.12301065000001647,-0.7576395029176669,-0.009470440171088081,0.0003956675986667979,0.289496521753551,-1.7046295425658093,0.005922369105315587,0.34135863987432524
P02,session_02,020,lean_right,1.2645645141601562,0.5395869550850425,-0.11814617146982437,-0.746691710664121,-0.011529458473442411,-0.0017830460217303308,0.3719947039649319,-1.692512761635007,-0.01221173606556318,0.5385130529522234
P02,session_02,020,lean_right,1.2961328029632568,0.5442688913096467,-0.12462305885980664,-0.7434056538257295,-0.0051638910666228196,0.003108368789756539,0.1909273190729595,-1.7398629827671597,-0.016856221746258622,0.5670689026751051
P02,session_02,020,lean_right,1.3281784057617188,0.5394838727588129,-0.14373305330928957,-0.7512906701254939,-0.008702193017375195,0.0011150655427740084,0.2737767898732992,-1.715685695209464,0.05486835095937435,1.7339459803012558
P02,session_02,020,lean_right,1.3599605560302734,0.5366537943839064,-0.14854023033493344,-0.7553805438023768,-0.007849495253805102,-0.001214797713261795,0.24991829612358138,-1.7108067001218288,-0.005547641013106904,0.3048402691673366
P02,session_02,020,lean_right,1.3921732902526855,0.5325910649024659,-0.1565133183797388,-0.7589999933216313,-0.010725322876183899,-0.0011440456315729107,0.33484169909269557,-1.722355746117884,0.008459670463527719,0.425543900841673
P02,session_02,020,lean_right,1.4242827892303467,0.5363571878842635,-0.17074458499870557,-0.7579546107439672,-0.00503251602094386,0.0014840674211766412,0.16340265707117518,-1.7054989595629702,-0.008427996047926652,0.30918353467321014
P02,session_02,020,lean_right,1.473073959350586,0.5356048442402472,-0.17260183577068194,-0.7606541646889885,-0.00990200470459254,0.0026916439585742673,0.2103109608112369,-1.6842196153569033,0.0199419468419652,0.45965538200186157
P02,session_02,020,lean_right,1.504422664642334,0.5406081414883188,-0.1739924242675077,-0.7556696139601631,-0.0033768910332076614,0.002208844746848818,0.12871804734598088,-1.7140694221867065,-0.014322484954191647,0.47466242691678046
P02,session_02,020,lean_right,1.5363714694976807,0.5398547984638095,-0.18441087826512176,-0.7582834735331653,-0.006109677105827568,0.001169614137402966,0.19470597142352697,-1.7237779450338522,0.009530309899411707,0.3562203786779432
P02,session_02,020,lean_right,1.5684595108032227,0.5457270906685906,-0.1793377471335149,-0.750496466873059,-0.004069634952157897,-0.00028905233970483965,0.1271466588473622,-1.7173531153652803,0.004303892677966771,0.1848147501273681
P02,session_02,020,lean_right,1.6006755828857422,0.5467640164305719,-0.185444980096485,-0.7511456222131735,-0.006255234006219562,0.0022342311453605857,0.20617874426683694,-1.719501844611228,-0.001227818755315749,0.20967164495075144
P02,session_02,020,lean_right,1.6327447891235352,0.5511372181188278,-0.1846768960758444,-0.746441091857645,-0.001157026365060379,0.004064219357757541,0.13176832966286045,-1.7164925478814441,-0.0035928542680612593,0.17295837478070658
P02,session_02,020,lean_right,1.6644105911254883,0.551588719082851,-0.18693467597566896,-0.7476178928879588,-0.003127342508820564,0.0024375621328088103,0.12521695319389753,-1.6981111941876552,0.007821270513601635,0.27692135537168894
P02,session_02,020,lean_right,1.6968212127685547,0.5534897765969934,-0.18939933003864942,-0.7446117750018297,0.00013558018764790394,0.0007474678971120741,0.023438753161747223,-1.709628313630094,-0.0031743963315258843,0.10070860647427536
P02,session_02,020,lean_right,1.7284369468688965,0.555592892785519,-0.19460921401050443,-0.7437887456140865,-0.0016778503743131619,0.002006425718159939,0.08272831471061604,-1.683718492326517,0.006590066515980684,0.22425944967655392
P02,session_02,020,lean_right,1.7601652145385742,0.5558756766298815,-0.19848629486224603,-0.7468607037703726,-0.003985920058758501,0.0005459977184761278,0.12679992886173364,-1.6963218654451153,0.012730341050457615,0.4207896654964213
P02,session_02,020,lean_right,1.7920868396759033,0.5562768535013369,-0.19714264997362888,-0.7443486600336849,0.00028517771514525347,-0.0014555689165473213,0.046465119434463964,-1.699384398027315,-0.013981556724302048,0.4404541396409291
P02,session_02,020,lean_right,1.8242037296295166,0.5577573758307877,-0.1929526247183746,-0.7473485257880297,-0.0031357679770538617,0.005044073207512982,0.1849287486622395,-1.6885604250927826,-0.014105034917491018,0.47652497451644543
P02,session_02,020,lean_right,1.856170415878296,0.5599776006911674,-0.18940608452854518,-0.744764068390541,-0.0015218885267131344,0.0015053435846282377,0.06696372301612766,-1.6628346155789913,-0.019177816487411948,0.6036569694829015
P02,session_02,020,lean_right,1.9043660163879395,0.5599128707796597,-0.19030836438015883,-0.7428286710344982,0.0003658405138392259,0.0013744734425301468,0.029511570340339355,-1.6636183595668763,0.0008870231932682065,0.03478022357330126
P02,session_02,020,lean_right,1.9362523555755615,0.5583432216466052,-0.18995251981397537,-0.7457435432508986,-0.00241415886683088,0.0006812957124019844,0.07866851937612596,-1.6587588482417033,0.031592019522602606,0.9938880142218577
P02,session_02,020,lean_right,1.9681413173675537,0.5595385846786889,-0.19078619793305587,-0.7389575739036981,0.0012630759397732041,-0.0026358988871010513,0.09165856476537675,-1.6541634624459698,0.017204474592698558,0.5472425334590588
P02,session_02,020,lean_right,2.0008153915405273,0.5593970910991851,-0.19245350656634683,-0.7431220559483237,-0.000496477094268067,0.0007945551436757112,0.028674531021988654,-1.6698674358393022,0.0086303584514284,0.26568664909177064
P02,session_02,020,lean_right,2.032301664352417,0.5600302683869762,-0.190190409990884,-0.7445120835325558,0.0007240442097613482,0.0035309053891701353,0.11447454985071238,-1.6656732068587887,-0.03563856461753429,1.137650334570208
P02,session_02,020,lean_right,2.064232349395752,0.5569459467829219,-0.18952384934300412,-0.7462995154043401,-0.003596959673506162,-0.002949378507651185,0.14567660429402313,-1.6843276567034178,0.05948187117926608,1.8685309264400922
P02,session_02,020,lean_right,2.096304178237915,0.5600898538544454,-0.19173811245923833,-0.7403779117263752,0.0032938521383123255,-0.0013041213197728186,0.11045909982632911,-1.6647714441556098,-0.02769332936560865,0.8705148175443462
P02,session_02,020,lean_right,2.1285791397094727,0.5593284218884742,-0.19255074378270254,-0.7455680490126962,-0.0015315939584325568,0.0017923110667120432,0.07304655710115131,-1.6848047717257018,-0.020997581117678875,0.6546721670398181
P02,session_02,020,lean_right,2.1603972911834717,0.5587984479460176,-0.19340624960872552,-0.7406956873756625,0.0023408994595985116,-0.004565506606279491,0.161249433811592,-1.6574411366558803,0.04252413353540202,1.3461665004845185
P02,session_02,020,lean_right,2.1921114921569824,0.5587119934033695,-0.19113001386857587,-0.7409565099001092,0.00013152586179478377,5.403455256944782e-05,0.004483567940833937,-1.663051188773759,-0.0305729418718185,0.9640246828310388
P02,session_02,020,lean_right,2.2241623401641846,0.5582267320395332,-0.190056477290322,-0.7437388388201387,-0.000858977971737236,0.0022817278059652397,0.07606842773524491,-1.6709185243598386,0.00031498617317192527,0.07670064809796445
P02,session_02,020,lean_right,2.256168842315674,0.5642472117286566,-0.19317328338726603,-0.7312188178076318,0.005276846140726911,0.0020205995201478255,0.17654163746603072,-1.688454125264768,-0.03695421729060818,1.1680037460582384
P02,session_02,020,lean_right,2.288309335708618,0.5638702944765405,-0.19523889607253897,-0.736833138754675,0.0004299075384465019,-0.00033789020079769936,0.01701280777958961,-1.6675062695677858,0.004470372450128299,0.14012509257570613
P02,session_02,020,lean_right,2.3363184928894043,0.5620192122024738,-0.1889542309837444,-0.7392533116596947,-0.0017106253183195484,-0.00012238684830941448,0.03572230632740179,-1.634947824279821,0.02462292940998053,0.5141223836201617
P02,session_02,020,lean_right,2.3687992095947266,0.5621308963559907,-0.19007542245151504,-0.7375450951555145,0.0014087066078324322,-0.0014210594978111668,0.061604732609382123,-1.6620009733288341,-0.018614850897439642,0.5764062130083485
P02,session_02,020,lean_right,2.400557279586792,0.5620892074087672,-0.19206246387236384,-0.7384114370514967,-0.0007300476451739727,0.0002420921843519003,0.02421876401996666,-1.6699490245455328,-0.007025233120154794,0.22253277720228667
P02,session_02,020,lean_right,2.4328243732452393,0.5611692195610918,-0.18782295612360195,-0.7368241329538563,-0.0013481152414817922,-0.002553676541869418,0.0894929383108664,-1.6734777171898823,0.040145776149802345,1.2473852644230108
P02,session_02,020,lean_right,2.464142322540283,0.5607884636542829,-0.1816954454948825,-0.7347118711930511,0.0005962912127004539,0.00030068653511662206,0.02132368379988998,-1.694908086148862,-0.011760600776158675,0.3761276316226749
P02,session_02,020,lean_right,2.4961001873016357,0.5611327283751657,-0.1805582526325633,-0.7362759847846748,-0.00011592804322803592,0.002190563345752075,0.0686412801397081,-1.710659008711605,-0.012409226670988847,0.39431994431580036
P02,session_02,020,lean_right,2.530571937561035,0.5643915246759238,-0.1833158595873235,-0.7318386980292382,0.0027112718787305795,-0.00018845869215126777,0.07884176998907749,-1.6969129018650153,-0.026177118276740033,0.7634607204396617
P02,session_02,020,lean_right,2.5608246326446533,0.5639766643251355,-0.18341603471266213,-0.733036361830141,8.538797920981798e-05,-0.0004769097314882694,0.016014888842752376,-1.669453137699551,0.015733529468511614,0.5203168620631042
P02,session_02,020,lean_right,2.5921289920806885,0.5638226276317241,-0.18474130114227674,-0.7327587949334106,-0.0003990552119223683,-0.0005222332889107737,0.02099535943368819,-1.6809163041962525,0.011813043853450503,0.3779445947709218
P02,session_02,020,lean_right,2.6277987957000732,0.5600172287716626,-0.18310799768806152,-0.7379424568930978,-0.004556887684960623,-0.002165604279541481,0.14144461119266435,-1.728184996620182,0.037076992952892865,1.0490299274129793
P02,session_02,020,lean_right,2.656442165374756,0.5644663176660902,-0.1816094926609392,-0.7343413634690844,0.0063892903911961845,0.003165359168811276,0.2489370107881991,-1.692392729362282,-0.05734778875942177,2.017547924807042
P02,session_02,020,lean_right,2.6896557807922363,0.5619563806411721,-0.18068775978624246,-0.7388036196888154,-0.001748894389505074,-0.00044075858891669424,0.05430242005266462,-1.6060576883640545,0.026559801793805102,0.8015077039945445
P02,session_02,020,lean_right,2.736024856567383,0.5661315411379746,-0.18317079417253274,-0.7255865288477439,0.002828075453692759,-0.0019895534703056736,0.07457110450697009,-1.6967088240335357,-0.04390104447201402,0.9497063911010565
P02,session_02,020,lean_right,2.7684500217437744,0.5661460721795293,-0.1845034493842946,-0.7270457930087613,0.0013122469709827421,-0.0007801877321299612,0.04708250860129222,-1.6900349692703962,-0.00014581472356790988,0.04729677874941553
P02,session_02,020,lean_right,2.8006653785705566,0.5641348534497379,-0.18255909588870947,-0.7321016739080064,-0.0018977203662121716,-7.263900294848924e-05,0.05895045857764916,-1.6727314881814679,0.0357452571382082,1.111136862375594
P02,session_02,020,lean_right,2.8322813510894775,0.5638113492171406,-0.18316534813892987,-0.7308249235166457,0.0004525561763998538,-0.0007325684141416582,0.02723568889757577,-1.6833017701909014,-0.008735900803577293,0.2776519351562088
P02,session_02,020,lean_right,2.8641908168792725,0.5650117854728194,-0.18575916989904684,-0.734039783499422,0.00045094192939672945,0.0011003420872176123,0.03726668240356041,-1.678419126927437,-0.010785842083538347,0.34006202853238443
P02,session_02,020,lean_right,2.8964874744415283,0.563772565109377,-0.18144374772110597,-0.7349475538931699,-0.001128465033532273,-0.00098440201217665,0.046366762587504884,-1.6285643036869357,0.030425750646572103,0.9432115378289803
P02,session_02,020,lean_right,2.9281888008117676,0.5633558547179998,-0.1789835294779724,-0.7369641764912545,-0.00010309163429586279,0.0014960520425334187,0.04730400852779403,-1.6363457511602202,-0.0006124925936510581,0.051097550026334315
P02,session_02,020,lean_right,2.9601314067840576,0.5642724061648597,-0.17553165314498687,-0.7365996511800704,5.2670245215652006e-05,0.0008242913182057467,0.025858014095230492,-1.6881774569417118,-0.02353722214124374,0.7373133640545653
P02,session_02,020,lean_right,2.9922027587890625,0.5631572284981182,-0.17542192976458235,-0.7379704893553048,-0.00019430266788644698,-0.0007111928788277564,0.02298804386551051,-1.6676714663845837,0.016931883619815336,0.5284444217051001
P02,session_02,020,lean_right,3.024531602859497,0.5612289404086855,-0.171864507818907,-0.7406840291961249,-0.0016153398477680605,-0.0001628104216688034,0.05021905389130996,-1.6467872701444664,0.021150061470094926,0.6561410759524515
P02,session_02,020,lean_right,3.0564630031585693,0.5620148296457236,-0.17614299272022568,-0.7367670952024225,0.001828558881325269,-0.002043261183991453,0.0858714713327077,-1.666005130514251,-0.009090529034871139,0.2973582445323664
P02,session_02,020,lean_right,3.0883941650390625,0.5621703020987995,-0.17498412762338733,-0.7452223706390272,0.0004054896493147032,0.0015098096403043256,0.048958845789558045,-1.6881600920906106,-0.05345876508320382,1.674903614301311
P02,session_02,020,lean_right,3.120192050933838,0.5615464819546654,-0.17602981626154077,-0.7437157102685785,3.210848188701018e-06,-0.00022927048223451898,0.007210949975127984,-1.6686600776630427,0.0409789674590379,1.2887526258963864
P02,session_02,020,lean_right,3.1679720878601074,0.5596291226144977,-0.1752450716983255,-0.747195446785127,-0.0015890372065912265,-9.04780392774052e-05,0.03331121290105293,-1.6665729987317348,0.02410273192056042,0.5055505792944166
P02,session_02,020,lean_right,3.2009201049804688,0.5614707845757361,-0.17716002067297282,-0.7404957255569113,0.0028012854078256185,2.3885561711989472e-05,0.08502445617818552,-1.6938004470560792,-0.02201526915091467,0.6735697652858027
P02,session_02,020,lean_right,3.232396125793457,0.5612328123196142,-0.17172150121839966,-0.7419945628298414,-0.0002092731393313842,-6.27129098072481e-05,0.00694076760773219,-1.6966772245420445,-0.00328050647084858,0.1044532583349941
P02,session_02,020,lean_right,3.2637786865234375,0.5610714076527262,-0.16968877495928592,-0.7405599057383908,4.313084831759384e-05,-0.00020014413357228274,0.006523964814294823,-1.6890308441051525,-0.008624629276078854,0.27489978074917293
P02,session_02,020,lean_right,3.296142339706421,0.5626922336689966,-0.1707531064179929,-0.7382331520143921,0.0013313578157371185,-0.0006283096323899187,0.04548839747128669,-1.7214640540502564,-0.03657209075033256,1.1309510976825385
P02,session_02,020,lean_right,3.328191041946411,0.5621455407071,-0.17174177788575956,-0.7385743123533933,0.00035204819301164864,-0.0006704846769096183,0.023629339382607122,-1.7030899793643506,0.004423438759176708,0.14003045464960456
P02,session_02,020,lean_right,3.3603248596191406,0.5620201159112374,-0.17330102970495012,-0.7403063556432431,-0.00014884719705561715,0.000818261880215614,0.025882073836022833,-1.6949779159677714,0.02492747774017742,0.7761713389659689
P02,session_02,020,lean_right,3.3920750617980957,0.5624941819917756,-0.17346597321937274,-0.7405169043901999,0.0004506621349252361,0.0004982470018471845,0.021159651616330957,-1.6770957524282644,-0.02862647313324496,0.9018637192126965
P02,session_02,020,lean_right,3.4247188568115234,0.5619621024607749,-0.17418771385047482,-0.7412666749084794,-7.544553040345706e-05,1.9569036618135948e-05,0.0023876552205409052,-1.6469513348301459,0.02598412744337393,0.7959933681189294
P02,session_02,020,lean_right,3.455880641937256,0.5621409476566726,-0.17411596716261996,-0.7400870014975336,-4.8456392966750975e-05,-0.0001404387144080124,0.004767483660006239,-1.639874875827824,0.013630825754144833,0.4374471897514599
P02,session_02,020,lean_right,3.488098382949829,0.5620288325288066,-0.17232854352396607,-0.7401575359074405,0.00023282532754592493,-8.950843316005723e-05,0.007742260826680653,-1.6434083454547628,0.00048481967084265594,0.016923106777234822
P02,session_02,020,lean_right,3.5202395915985107,0.561165538979617,-0.1715182642039279,-0.7400178294026473,0.0008218380880940696,0.0003780751281765883,0.0281455431053356,-1.6503861998178242,-0.010259543122143258,0.32044061616634084
P02,session_02,020,lean_right,3.5521323680877686,0.5603879256993127,-0.16878871594834088,-0.7485376173584941,-0.001536755244166024,0.001606137279470456,0.06969923352656958,-1.6854561358158207,0.03426229424310853,1.0765550099014158
P02,session_02,020,lean_right,3.600034713745117,0.5660466784230632,-0.17258641699928268,-0.7392491414851289,0.00419978681640669,-0.0025396223977458806,0.10245723004341133,-1.709323507596628,-0.04755037008759039,0.9979258125918388
P02,session_02,020,lean_right,3.632742166519165,0.5651299197152289,-0.17526879966289344,-0.7405063140665729,0.0011024851633251239,-0.00032848847614810086,0.035171854466599914,-1.6859657590787804,-0.021642639123399702,0.6626376902814842
P02,session_02,020,lean_right,3.6643378734588623,0.5633266565892853,-0.16578647380744133,-0.742932771920297,-0.0012429302856282257,-0.000133477190373713,0.03956476562284353,-1.6979600586862134,0.08109657202342574,2.567000838593772
P02,session_02,020,lean_right,3.696186065673828,0.5636022678209257,-0.1672702152849841,-0.7413544277032682,2.101911902326282e-06,0.0006774766111347,0.021272160981950457,-1.6955704255642823,-0.0077983046707779105,0.24578090417648846
P02,session_02,020,lean_right,3.7281746864318848,0.5648001804108106,-0.16660141257155728,-0.740046621892152,-0.0010305951637649851,-1.656856628999266e-05,0.032221718681375223,-1.6988622186013065,-0.0391635264388927,1.2247195038360084
P02,session_02,020,lean_right,3.7600252628326416,0.5639654981214071,-0.16754319208286467,-0.7405515855223421,0.0007210991489311759,-6.156352772876682e-05,0.022722425749819083,-1.670753343731352,0.016685459874079545,0.5243593651831584
P02,session_02,020,lean_right,3.7917892932891846,0.5629593962843882,-0.16880060437445207,-0.7425406719775508,-0.0007435699585619979,0.0002794632453477471,0.02500792714519417,-1.6707412872476184,0.003265521933941235,0.10580358677234285
P02,session_02,020,lean_right,3.824155569076538,0.5627772290914171,-0.1670818599230995,-0.7410558860563222,-4.9354812223257444e-05,-0.0003892781380398771,0.012123557371013935,-1.6712067917749895,-0.0006188415618465521,0.022639635953279242
P02,session_02,020,lean_right,3.85658860206604,0.5625860538104707,-0.16872593064382124,-0.7412236386711363,0.00015318699278253235,-0.0006013056298347106,0.019132088454332355,-1.6647983083181193,-0.0036178458276417552,0.11317700052258285
P02,session_02,020,lean_right,3.888212203979492,0.5628949885019815,-0.16939475971330278,-0.7409786306292213,0.00023913148474202575,0.00018710667081688626,0.009601456203811067,-1.660813660909496,-0.013241423674202727,0.4188297234080354
P02,session_02,020,lean_right,3.9201924800872803,0.561128138883479,-0.16931423220188052,-0.7458638944687318,-0.0006894329384267571,0.0029863499388030237,0.09583715410945506,-1.6119746340368288,0.054699257604280405,1.713088906611588
P02,session_02,020,lean_right,3.9520912170410156,0.5625910556329214,-0.17046602152441725,-0.7392567705563405,0.001418360946092239,-0.004637232450418993,0.15202157055494042,-1.6213325029112158,-0.005665179944683041,0.23377750097217867
P02,session_02,020,lean_right,3.984178304672241,0.5624953325768719,-0.16742425339856265,-0.739541468175768,6.20688184508868e-05,0.0006046875159880249,0.018944216352124246,-1.6699018228258868,-0.03767532244974648,1.1743111839210574
P02,session_02,021,lean_forward,0.0002071857452392578,0.5696458995078246,0.0017163729106412888,-0.8236962903759598,0.0,0.0,0.0,-1.7509953336625457,0.0,0.0
P02,session_02,021,lean_forward,0.0309903621673584,0.5669317185339843,0.003067722217478426,-0.8249721793875469,-0.0005216034563325997,-0.0026504131685395156,0.08775090486858213,-1.8263731204180496,0.11808823642318046,3.837132534198105
P02,session_02,021,lean_forward,0.06301331520080566,0.5621272642284014,0.010890892437124069,-0.8278426475484265,-0.0019746195709850964,-0.004300370982986015,0.1477706215487642,-1.8346801985552972,0.1024072859808899,3.201346148901544
P02,session_02,021,lean_forward,0.09480023384094238,0.5609702623293904,0.012888062664526361,-0.8280426129032373,0.0004135357844149065,-0.0016171140469945192,0.05251066969982752,-1.816370904262549,-0.02312206392747157,0.7293010341026916
P02,session_02,021,lean_forward,0.1266307830810547,0.5607402401187969,0.01577022054109703,-0.8290165560387339,-5.076979753551244e-05,-0.0011600121444753672,0.036478246577373356,-1.8135811952387515,-0.024233044868684363,0.7621874898861214
P02,session_02,021,lean_forward,0.15829777717590332,0.5576722488141749,0.01704038052939117,-0.8329407967159563,-0.0003416054782855516,-0.0026746470464568146,0.0851477627196551,-1.7727037467463864,0.09733917775558727,3.075016092943023
P02,session_02,021,lean_forward,0.19151592254638672,0.5530708501957065,0.03319760871735608,-0.8353496703394273,0.003260026455302,-0.003912872355172435,0.15331891225108452,-1.8076075328296024,-0.006215817183587495,0.24191116005930186
P02,session_02,021,lean_forward,0.22234797477722168,0.5522381275029467,0.0336237731303221,-0.8360517171787581,-0.0006361158476195347,-0.00116497340792491,0.04305034737968262,-1.900603359598437,-0.02224449183440629,0.7227562226178614
P02,session_02,021,lean_forward,0.25434231758117676,0.5513501240287692,0.038380555636036616,-0.834689971350209,-0.0004113324961869977,-0.002226673786645709,0.07077337793444335,-1.8583736235236197,-0.04368135166364253,1.3671167439011438
P02,session_02,021,lean_forward,0.2866201400756836,0.5504026886522722,0.03375888414430593,-0.8351784986427393,0.00016034101756780804,-0.0010111839605162736,0.031718914304797126,-1.749769564806769,0.09644299005266195,2.9880709650148485
P02,session_02,021,lean_forward,0.31916213035583496,0.5500743843086475,0.034478330868654795,-0.8360856334972442,0.0007872573389856646,-0.0012044469764458344,0.04421707470827266,-1.83391666871804,-0.09427876296074672,2.897479289573626
P02,session_02,021,lean_forward,0.35080671310424805,0.549848375021376,0.03587245984275036,-0.83925230153968,0.00024964972736781865,-0.0025646279092190784,0.08142784385631162,-1.8323000005404195,-0.01052621029155926,0.3424601354000661
P02,session_02,021,lean_forward,0.3999922275543213,0.5493107757371124,0.036169451684359005,-0.8404128026294581,0.00020318133608821247,-0.004286773540277152,0.08725304607846232,-1.9058803480590132,-0.011071375417759445,0.2414135573151139
P02,session_02,021,lean_forward,0.43059802055358887,0.5494644623994772,0.03810482842332301,-0.8418614194325141,0.00018056114274503824,-0.0023060733271525356,0.07557821889619684,-1.926384865211213,-0.010730316429676558,0.35865124861665415
P02,session_02,021,lean_forward,0.4630775451660156,0.5500418272467591,0.03987667417018105,-0.8494563426178355,-0.0003460057423641024,-0.0007287468266202909,0.024837701824464386,-1.9271199436285358,0.019034487837880636,0.5865718623744363
P02,session_02,021,lean_forward,0.4951438903808594,0.5528265584805101,0.039315639011551023,-0.8518766264686662,0.0007516530721566,-0.0023121566567307307,0.0758198428894739,-1.9564691452959337,-0.005675134335408856,0.1925381218825855
P02,session_02,021,lean_forward,0.5268959999084473,0.5548909017830838,0.03958004239428006,-0.8686782000955634,-0.0007321668242606694,-0.002979421768896284,0.09662554591628751,-1.950307985061804,0.010260540142455915,0.33728220083496646
P02,session_02,021,lean_forward,0.5586585998535156,0.5574639575911725,0.04154180410909221,-0.8664566239715512,-0.001652077601834424,-0.0019494919328698612,0.08045194145209664,-1.9774155473425332,-0.004057333975572458,0.15096309900301128
P02,session_02,021,lean_forward,0.5908322334289551,0.5585974669263706,0.04955522868037371,-0.8600640321408916,-0.00014613127672964728,-0.004954058354146816,0.15404580001687537,-1.9289386682052632,0.03562951555104649,1.1180763507858364
P02,session_02,021,lean_forward,0.6238477230072021,0.5600635571066205,0.051195537364875164,-0.8608338112463259,-0.0019664906081164747,-0.006350633102668363,0.20136395386113834,-1.9373186959933948,0.09591462092264308,2.912110253862264
P02,session_02,021,lean_forward,0.6550979614257812,0.5632754956857143,0.05696480542954791,-0.8535073923199445,-0.0019447747547955317,-0.003556328860307872,0.12970612194897999,-1.9240034366279402,-0.006840996649840173,0.25445110266690135
P02,session_02,021,lean_forward,0.6870653629302979,0.5636653065481008,0.05616276627017612,-0.862672354185568,-0.00047308877634771515,-0.006844222952212459,0.21461093644265897,-1.8563448159604994,0.06651632689600588,2.091793190689858
P02,session_02,021,lean_forward,0.7188270092010498,0.5662573632200758,0.05030362661574376,-0.8750438587070811,-0.001479886455326716,-0.00511235416580085,0.16756811201156857,-1.8512794175085616,-0.027299427573876156,0.8756912461224077
P02,session_02,021,lean_forward,0.7506766319274902,0.5746742025213439,0.04639446382565879,-0.882403767279141,0.0022928645029584986,-0.0006560227978744942,0.0748789910421374,-1.959351380495267,-0.10037762046182121,3.1525003706112504
P02,session_02,021,lean_forward,0.7829337120056152,0.5794478817085104,0.045273272300175714,-0.8772849314369455,0.0004867550438626549,-0.005315165521755954,0.1654646709740684,-2.013675065688876,-0.0959911908726277,2.980414355462211
P02,session_02,021,lean_forward,0.8309073448181152,0.5828001296620349,0.04684892843811393,-0.8804326121185995,-0.0009525312048542608,-0.006186844160125754,0.13048294554342915,-1.9395233060556738,0.004353909695468001,0.15894183257198244
P02,session_02,021,lean_forward,0.8628301620483398,0.5859368148343762,0.042925350792874774,-0.8851357192776531,-2.1985397616162083e-05,-0.0036016887819448687,0.11282700573954875,-1.9647781459006828,0.009050303551716406,0.30513188425444676
P02,session_02,021,lean_forward,0.8948075771331787,0.5878668313136866,0.042584251255229244,-0.8914187963833731,-0.0003820174712878881,-0.002290938826554265,0.07263161908319803,-1.9196543707165765,0.16855538057632727,5.2715762374231785
P02,session_02,021,lean_forward,0.9266607761383057,0.5958179051515148,0.04463661505572296,-0.8873311801580029,0.0007460485580406234,-0.0012288211679578952,0.04513091075724206,-1.9289452921533288,-0.18187498648257996,5.709965511214
P02,session_02,021,lean_forward,0.9586131572723389,0.6005092453913349,0.04527795144557568,-0.8903447433187788,0.0014806513716152066,-0.001506966838974543,0.06611861057999613,-1.9432161455843515,-0.014476038096829442,0.45784965705966885
P02,session_02,021,lean_forward,0.9905524253845215,0.6024790641847059,0.044516818285609244,-0.8833651005782145,-0.0011927155473923836,-0.004385669245567357,0.14230008000936373,-1.9513949237043369,0.007715532892472525,0.2803655319609648
P02,session_02,021,lean_forward,1.022566795349121,0.6044882282188442,0.04176128667466794,-0.8785141909137688,0.0011157970143864152,-0.0028415058732838916,0.09535498280141651,-1.9122353422544076,-0.006942079621850581,0.23688244206133122
P02,session_02,021,lean_forward,1.0546529293060303,0.6053023017079222,0.0421789389658174,-0.8858827516704244,4.4139567857551345e-05,-0.003304731661089463,0.10300481905715234,-1.8831561955628622,0.05262913551682838,1.6434765462965863
P02,session_02,021,lean_forward,1.0863056182861328,0.6084808102669998,0.04218902787421626,-0.8840571807924231,0.0009606348142590933,-0.0014655760342149463,0.05536182170652149,-1.8890513959098643,-0.06015096670908408,1.901149268720841
P02,session_02,021,lean_forward,1.1183993816375732,0.6103891459392732,0.042473788412573515,-0.8838752125469712,0.0003152271713801094,-0.0007905274937952141,0.026517902085060847,-1.9121591598327339,0.002525137479099554,0.08302856380025385
P02,session_02,021,lean_forward,1.150693655014038,0.6103451135599647,0.04262431511219272,-0.8834819422420309,2.2558832105342153e-05,-0.0016675957447221759,0.0516422309154998,-1.8913805555088725,0.11975602607757532,3.7086339373659976
P02,session_02,021,lean_forward,1.18239426612854,0.6105404150926595,0.04149819494711814,-0.8791853389588314,0.00014549941373437317,-0.005218209620743759,0.16467309380551273,-1.8695697672242313,-0.010826752567639297,0.37915813601111875
P02,session_02,021,lean_forward,1.2144536972045898,0.6115103553130735,0.04143377420388318,-0.884415605036721,6.721857250018997e-05,-0.0015885855277985804,0.04959560928275246,-1.837316469481627,0.03510118035295945,1.0960011655467037
P02,session_02,021,lean_forward,1.263277530670166,0.6148779112975737,0.04246962903025515,-0.8844771697398055,0.0018643236460753794,-0.0006850563614145357,0.04068102590467683,-1.890698582567594,-0.1184066895966141,2.425523330038484
P02,session_02,021,lean_forward,1.2950799465179443,0.6158207569558134,0.044149154609041084,-0.881518384992573,-0.0005618840550175937,-0.0037015482292864807,0.11772538092833665,-1.878870228975893,-0.0017733671514633049,0.13026384341315525
P02,session_02,021,lean_forward,1.3279151916503906,0.616030774806843,0.0435054919004285,-0.88607771484391,0.00011628856117112747,-0.0010371270616273034,0.031783717781955684,-1.8494251934502144,0.046713919306302316,1.423031117430192
P02,session_02,021,lean_forward,1.3586008548736572,0.6154265214793669,0.04552143674033434,-0.8892605548073989,-0.0012649581837315732,-0.004211805795172743,0.14331323183625397,-1.8516544018172245,0.019298714489398357,0.6450383120478572
P02,session_02,021,lean_forward,1.390693187713623,0.6153611522248922,0.046954443006792336,-0.8859929180453048,9.201817880750283e-07,-0.0021910981292679174,0.06827482232020064,-1.8543088342870928,0.0395027019180648,1.2327998194434322
P02,session_02,021,lean_forward,1.4228520393371582,0.6151295882243117,0.04464336425685993,-0.8855434175251956,0.0015339996645970342,-0.0003434539119086096,0.048881665613904904,-1.8503811089588957,0.06896919370980527,2.1451980569505382
P02,session_02,021,lean_forward,1.4556093215942383,0.6161626147144547,0.043313172057358976,-0.8838827029061487,-0.000880762362304036,-0.002045466868124916,0.0679858976543186,-1.8807587078214485,-0.07805356949565442,2.3837549587011453
P02,session_02,021,lean_forward,1.4873065948486328,0.6164536502743226,0.04130919705065119,-0.8836856212297438,-0.00011734489200176377,0.00039106100789052103,0.012880834152479106,-1.8373942233368141,0.0819677699148528,2.58598858346091
P02,session_02,021,lean_forward,1.5184240341186523,0.6164480368655096,0.037074579374354724,-0.8830299364497878,0.00016780629480738984,0.0004893504223683088,0.016624848452524543,-1.8916833829406072,-0.07377281530246108,2.370845122268849
P02,session_02,021,lean_forward,1.5506317615509033,0.6170033557448285,0.034102583049633366,-0.8852704667990267,-0.00014775495681690072,-0.0006853530834504755,0.021768049511708555,-1.8708983318074857,-0.0676941097669355,2.101909872756249
P02,session_02,021,lean_forward,1.582505702972412,0.6171509344688836,0.03282071458377303,-0.88446784611529,8.511142133085654e-06,-8.677743213137544e-05,0.002735583245586212,-1.85341646811073,-0.04373758838535,1.3722079337548618
P02,session_02,021,lean_forward,1.6144132614135742,0.6171205886971423,0.031393424582130514,-0.8834912548177983,-2.9047964440862514e-05,0.0002515558549832965,0.007936283581801363,-1.830769545651952,0.16360972594118842,5.127622729564822
P02,session_02,021,lean_forward,1.662477731704712,0.6181539673204033,0.02122565969737178,-0.8826475694261715,1.924856563626979e-05,0.0007713407679766571,0.016053040777662578,-1.9086364952312622,-0.1423016927755043,2.9606855898182927
P02,session_02,021,lean_forward,1.6956720352172852,0.6183396267750155,0.023058882488546383,-0.8794294512994887,3.0557110648633396e-05,0.0005059756271125448,0.01527061703792872,-1.858278679171735,-0.034253051018388096,1.032008443524768
P02,session_02,021,lean_forward,1.7267487049102783,0.619356230653619,0.01868120309557182,-0.880045522621297,0.0002823096253735681,0.0009089532679915972,0.03062699614682998,-1.8900904173824449,0.00022350915456966487,0.03146014012432496
P02,session_02,021,lean_forward,1.7587099075317383,0.621546982848659,0.015655381468563226,-0.8778469987054207,0.0010446207029163892,0.00039298691978209766,0.034920349975499074,-1.8836328886035112,-0.0890256582003225,2.7856478091705874
P02,session_02,021,lean_forward,1.7907228469848633,0.6202412907928251,0.016819316749416148,-0.8780486155277955,-0.0010861002881794282,0.00022703418068452353,0.03466022719402435,-1.9107765553224167,0.05906273789444009,1.8452900747873622
P02,session_02,021,lean_forward,1.8223967552185059,0.6202446360783379,0.020686594301269116,-0.87787234376682,0.0002904340113465686,0.001078466603469887,0.03526213059537727,-1.9282352463187604,-0.004555842703256887,0.14809511213913484
P02,session_02,021,lean_forward,1.854346752166748,0.6222102396220288,0.01174326051795807,-0.8763552467748932,0.0005754287341890581,0.0006082026067408311,0.026205778097233557,-1.8895579001719276,-0.06231495043199415,1.950565915932172
P02,session_02,021,lean_forward,1.8866779804229736,0.6218584282331104,0.012105408926728622,-0.8756018348124067,-0.00028380953793838854,0.0008795124350296027,0.028584434780480117,-1.8996778242638404,0.04991738673424074,1.544201805157674
P02,session_02,021,lean_forward,1.9187731742858887,0.6208009941568262,0.015008755322642854,-0.8767253130652617,-0.0007872543527408613,-2.6355426529345254e-05,0.024542471731237754,-1.8770034015097312,0.08498938566461806,2.6481546175872044
P02,session_02,021,lean_forward,1.9506103992462158,0.621718052940086,0.0272063766225517,-0.8718543996853786,-0.0007310752312336985,0.0017650784141947215,0.060008062944381546,-1.8572917055756772,-0.08073666256370317,2.5366301141270164
P02,session_02,021,lean_forward,1.9829845428466797,0.6216163863283486,0.027108970802635284,-0.8725542858012332,-0.00023585691788508258,7.287377074607695e-06,0.007288825138409413,-1.873608377800401,-0.008626097009175264,0.2665498744908498
P02,session_02,021,lean_forward,2.0146868228912354,0.6231405059741816,0.015752165068382788,-0.8729056026567769,0.00014723236347328916,0.0008986028511611596,0.02872300273548408,-1.8996937751019187,-0.05812002928533911,1.8335325400387958
P02,session_02,021,lean_forward,2.046734571456909,0.6225881410262272,0.016381202080800225,-0.8731033322143151,-0.0007125217130053836,0.0003627470299734496,0.024948562100924315,-1.9210343618697296,0.06321467746195536,1.9726731658638053
P02,session_02,021,lean_forward,2.0946462154388428,0.6247768100791903,0.011324646969125725,-0.8753484961764808,0.0006726163497570117,0.0011337991253922244,0.027515218713397172,-1.9057548865961478,-0.034558978680239064,0.7218310796470233
P02,session_02,021,lean_forward,2.1273062229156494,0.6249465403533012,0.014306767635125213,-0.8689058613946362,-0.001163045705832692,0.0003842682506319443,0.0375040516579325,-1.9305980502310534,0.028571283884042942,0.8756130227075158
P02,session_02,021,lean_forward,2.1582841873168945,0.6265288112483298,0.012282534871018156,-0.8702699446820332,-0.0010247198828059285,0.0006877764783795252,0.03983910059586356,-1.921479139700424,-0.010302400750955712,0.33494959089992804
P02,session_02,021,lean_forward,2.1907598972320557,0.6272165173050991,0.012486485499729028,-0.8679637471357433,-0.000850225227671133,0.0007492197772919832,0.03489473571443379,-1.9136443925746973,-0.008765320217919922,0.27215023200910565
P02,session_02,021,lean_forward,2.22270131111145,0.6276910588428748,0.01249742605839673,-0.8703583856364339,-1.5430767476370154e-07,0.0005318154661625295,0.01664971658915812,-1.9145682489743026,0.004508300505180847,0.1421214350364408
P02,session_02,021,lean_forward,2.2547388076782227,0.6275249388071644,0.0064553301710170005,-0.8713920663825748,-0.00011666373783412368,0.0004727339085694554,0.015198334853807867,-1.9100615297260972,-0.0035876533341478883,0.11300960215539543
P02,session_02,021,lean_forward,2.286668300628662,0.6293278367328095,0.002387833279609661,-0.8710457983600645,0.0013402519774348683,0.0007452855608176158,0.04802875532937654,-1.92322527756034,-0.05760695586817676,1.8048317950203066
P02,session_02,021,lean_forward,2.3186540603637695,0.6292227182253172,0.003754544978123053,-0.8706150891500537,-0.00011051137649195618,0.003115111210490071,0.09745183060365342,-1.911826257460677,0.0014369439175832906,0.10730828960219903
P02,session_02,021,lean_forward,2.3509521484375,0.6275919443338024,0.009176013513134823,-0.8719817012650337,-0.00041961695677661615,-0.0009953229688267836,0.03344347395007567,-1.8638145340116712,0.11648427108977244,3.606692720844283
P02,session_02,021,lean_forward,2.382960557937622,0.6278178810999818,0.011212270399429779,-0.8671956809667961,-0.00035153681519136336,0.0004450283765335266,0.017717934535233824,-1.8493131638746287,-0.023104876446057267,0.7220551081131673
P02,session_02,021,lean_forward,2.4146852493286133,0.6260346524507661,0.011572991296405039,-0.8672903122992245,-0.00030088682457756133,-0.0023527773959491835,0.07476633626454958,-1.81426153013292,0.04974060757670824,1.5696647506404968
P02,session_02,021,lean_forward,2.4465062618255615,0.6267844992265312,0.006904177315304174,-0.8682556967128442,0.0007576529200590504,0.0018569854587785126,0.0630275480528986,-1.8798945161438012,-0.04808936176430404,1.512559227355118
P02,session_02,021,lean_forward,2.4794139862060547,0.6248409811518689,0.007894831902619866,-0.8700816426481104,-0.0006872018224066348,-0.0008969204796194314,0.03433592380984972,-1.831729541726478,0.037479471324949144,1.1394437118451541
P02,session_02,021,lean_forward,2.526569366455078,0.6245639696807525,0.0016975801883137714,-0.8678772781001907,-0.00024781826815852183,0.002200374275458538,0.04695722136385727,-1.8510665173954368,0.011020003839389588,0.2383665324204283
P02,session_02,021,lean_forward,2.5593812465667725,0.6251681820548923,0.0015693256329490962,-0.8703925683138484,0.00031901358249378345,0.0007044803828591052,0.023569050582008973,-1.9177796356056072,-0.07223185907941412,2.2015196506152237
P02,session_02,021,lean_forward,2.5907609462738037,0.62467588681868,0.0024906676812764973,-0.8669607436223167,-0.00026573610283703195,0.0006796069631801652,0.023254306770121077,-1.9129209921564623,-0.002060790633769661,0.06966828988112646
P02,session_02,021,lean_forward,2.622636556625366,0.6248212343612299,0.0034941892372601147,-0.8668747827482194,-2.9333875451864592e-06,-0.00014294898329957428,0.004485532225878054,-1.9048576860064077,-0.014921164646515123,0.46812749624018657
P02,session_02,021,lean_forward,2.654277801513672,0.6258515180950891,0.0027122857100444673,-0.8647441078756594,0.000929293538740135,0.0020658956910468485,0.07159275758602289,-1.8682970348461505,-0.04054215532234661,1.2833057696963581
P02,session_02,021,lean_forward,2.6866893768310547,0.6257493875713331,0.002673210210608585,-0.8646799747871804,7.790522821744733e-05,0.000168455321537589,0.00572627111365436,-1.8980457839070424,-0.007215717258940899,0.22270141749073907
P02,session_02,021,lean_forward,2.71830415725708,0.6243061651340945,0.0027040578749835003,-0.8653929432071998,-0.0003010634961104804,-0.0001670784851764667,0.010891025080591081,-1.9038226290558093,0.056555542128423425,1.7889287694123632
P02,session_02,021,lean_forward,2.750622034072876,0.6242141112842858,0.0029236123944986797,-0.8649205206354923,-8.661909818192437e-05,-0.0006343234606283848,0.019809785766785198,-1.891517229218948,-0.0032155892967621817,0.10145163734058685
P02,session_02,021,lean_forward,2.783169746398926,0.6244938472453264,-0.013619592697297612,-0.8650749753159892,0.0001536540799097522,0.000750911389822176,0.02354914518053628,-1.8901933869025653,-0.022002777474968722,0.6764261427215311
P02,session_02,021,lean_forward,2.8149664402008057,0.6250828943144084,-0.015331130356586706,-0.8641543569167665,0.0006098653639215693,-0.0002377194781310202,0.02058572846448069,-1.9077814130836397,-0.008399779141071815,0.26497232766213913
P02,session_02,021,lean_forward,2.8462979793548584,0.6248167568432881,-0.015194794035679438,-0.8531094286790202,0.0001841488962933704,0.0008121964400915654,0.026580590974038018,-1.907334278763388,-0.023863111744266505,0.7620959681565047
P02,session_02,021,lean_forward,2.8786866664886475,0.623366284112733,-0.014115538184187305,-0.8531603762696961,-0.00039518659115053917,4.360152082377108e-05,0.012275416532613593,-1.8759948756079694,0.04771103587443917,1.4731283247331366
P02,session_02,021,lean_forward,2.91062593460083,0.6223074690205336,-0.00951558103525078,-0.8549083637354908,0.00022240129205952105,-0.0007097302214302544,0.023286703244147593,-1.8682379472298165,0.09559615916398224,2.9931510045237104
P02,session_02,021,lean_forward,2.958660125732422,0.6260381617530214,-0.010952566534706661,-0.8532100910165783,0.00010582511852365833,0.003276389465762836,0.06824509754778858,-1.8820109740887934,-0.12040044589721742,2.5074860337944855
P02,session_02,021,lean_forward,2.991243839263916,0.6250929835134146,-0.010730970824941809,-0.8545568358898077,-0.0001544365003934976,-2.4362754249001243e-05,0.004798297001548912,-1.8656536409325823,0.12228076376529773,3.7528215928517317
P02,session_02,021,lean_forward,3.0228140354156494,0.624258841073459,-0.009185657007040613,-0.855418087726066,-8.189853421727531e-05,-0.0003475495943467002,0.011310311338536903,-1.874433283519111,-0.011779353270592874,0.37328763819291017
P02,session_02,021,lean_forward,3.0545365810394287,0.6252920244278753,-0.013320802367683078,-0.8566730359122519,0.00048067760361330636,0.0026677541466049526,0.08545066640884258,-1.9019680814313453,-0.1255561214208326,3.9588682815522325
P02,session_02,021,lean_forward,3.0866143703460693,0.6248569681799228,-0.010584225531505386,-0.8569414979671035,-1.6860051980754717e-05,-0.00041999891864929567,0.013103683226157483,-1.8799981723791201,0.017670383757708102,0.5510162281471506
P02,session_02,021,lean_forward,3.118760108947754,0.6245346931189143,-0.010801202790583851,-0.8574862015132395,7.961955588975058e-05,5.778800250673537e-05,0.003060452964761375,-1.8552639931335355,0.01323135292737824,0.4116165702702776
P02,session_02,021,lean_forward,3.1508731842041016,0.6241309583982384,-0.010443486410358175,-0.8581792677303697,-0.00031609379565508645,9.526147095160655e-05,0.010280435199781987,-1.8645336708914941,0.0018175363406348253,0.0575241057297231
P02,session_02,021,lean_forward,3.1827540397644043,0.6240776340689632,-0.011733300178631858,-0.8584217402233514,0.00037041731919399383,0.0009720843071535035,0.03262985522552417,-1.8687415863111163,-0.003410031253940724,0.11182807215999392
P02,session_02,021,lean_forward,3.214662790298462,0.6235231763371197,-0.00964051369738429,-0.8585962706428855,-0.0003975486812147529,0.00021274291314540006,0.014130700714490272,-1.8835198594993534,0.09702986315813114,3.0408871913590465
P02,session_02,021,lean_forward,3.2468886375427246,0.6227009488562338,-0.01307062204551847,-0.8600443222378081,0.0009221619925597527,0.0002258502409637468,0.02946132547023081,-1.8898722451217942,-0.03992710642604105,1.2393279371998323
P02,session_02,021,lean_forward,3.278696060180664,0.6227879233378909,-0.01665628252839464,-0.8581579567762525,0.0005894901701782651,0.0007093262540884769,0.02899646344471368,-1.8853730808046334,-0.08134780114089267,2.557674361983203
P02,session_02,021,lean_forward,3.3109726905822754,0.6216444931445383,-0.010256076021667665,-0.8591667370814372,-0.0003545004827133152,-0.0003469497590636638,0.015368052743264405,-1.8791407563184745,0.0107039058457458,0.33198610791894684
P02,session_02,021,lean_forward,3.3589892387390137,0.6209052290646278,-0.013139382414472232,-0.8600155913983385,0.0006357239252744996,0.00015441015252141909,0.013624625007465196,-1.892088899008733,0.0125504687165047,0.2617328460006046
P02,session_02,021,lean_forward,3.3907394409179688,0.6211142265042532,-0.01684180101972724,-0.8605703064315833,0.00012507716063977933,0.00020939358551145946,0.007682019035302023,-1.8852294682584274,-0.023147179758050515,0.7290808615647721
P02,session_02,021,lean_forward,3.4230995178222656,0.6209845596999218,-0.016191342054573094,-0.86199630631804,-7.922287746616614e-05,-0.00014450406424390503,0.0050925682660212124,-1.892196903157629,0.04281277246188473,1.3230218752383704
P02,session_02,021,lean_forward,3.4546310901641846,0.6203439265394162,-0.012318662070497309,-0.8638392086572451,0.00033019000107453305,-0.00046167989383475377,0.018001117054441143,-1.8775700010897822,0.006975930350069642,0.2219674932150116
P02,session_02,021,lean_forward,3.4872066974639893,0.6219525570753991,-0.015024319411875476,-0.8534804740216018,0.0011112034966468843,0.0014047931397669989,0.054984381650300514,-1.9033394761079838,-0.06113396965483072,1.8774846680998745
P02,session_02,021,lean_forward,3.5199882984161377,0.6205569336151815,-0.004551652966509218,-0.8537977249976516,-0.001116968285335198,-0.002260254337475955,0.07690850172313365,-1.8917455948083066,0.042448396726880624,1.2971667424491964
P02,session_02,021,lean_forward,3.550631284713745,0.6229108783361803,-0.011564644497763829,-0.8522149880542211,0.0011324110609185188,0.0012952708036776822,0.05614624677620787,-1.9077665128507033,-0.037792072174913406,1.2345798893317557
P02,session_02,021,lean_forward,3.5826754570007324,0.6229325229783639,-0.013256676466161136,-0.8537045029215141,0.00014560705187341945,0.00020074492842479645,0.007739061313382789,-1.8923383340679512,-0.010183858154594872,0.317901086575921
P02,session_02,021,lean_forward,3.615011692047119,0.6221957100244946,-0.009811771007077367,-0.8549703883713599,7.79550210721714e-05,-0.0006310165576680713,0.019662572273386105,-1.8749128326315636,0.03269826352536633,1.0113869023701418
P02,session_02,021,lean_forward,3.647091865539551,0.6228739012767659,-0.010521141462350954,-0.8546631191665481,0.00032551155116386494,0.0013345339631885525,0.04281955838588556,-1.8855237163535206,0.004016974980154759,0.13233574122341635
P02,session_02,021,lean_forward,3.679007053375244,0.623034758145227,-0.010449209105805254,-0.8542750403986555,-0.000113893051194043,-0.0002330478561181762,0.00812746380628719,-1.8627295102551655,-0.00017607741345874517,0.009823106129744344
P02,session_02,021,lean_forward,3.7107632160186768,0.622201064871823,-0.01282236499452177,-0.8550683584239231,0.000675819910105444,3.927653894797577e-06,0.021281895131517004,-1.853186661518197,-0.0205333913762559,0.6469456235875468
P02,session_02,021,lean_forward,3.742588758468628,0.6216652262283288,-0.012762694361724029,-0.8565195315438282,0.0003163407997724723,-8.66266831125376e-05,0.010305788917156165,-1.8611299905714889,0.010682982813971896,0.33583140188249533
P02,session_02,021,lean_forward,3.7904632091522217,0.623658134178766,-0.01568977550029353,-0.8563865791723617,0.000531144861560136,0.002076363057098468,0.04476754243469622,-1.878776547376037,-0.011708411102115904,0.24862850185584717
P02,session_02,021,lean_forward,3.822582721710205,0.6244036498393526,-0.008962922085861306,-0.8577161819720732,-0.0007741327545266425,-0.00045261654584374437,0.027918865535304045,-1.8803492139222566,-0.00889176969571931,0.27823814843794026
P02,session_02,021,lean_forward,3.8552236557006836,0.6234741404785255,-0.011022417096417382,-0.8591134572125969,0.0008373557123096614,6.954960319736023e-05,0.02574188272104442,-1.8874606971743444,0.04867516215523844,1.491452842795024
P02,session_02,021,lean_forward,3.886784553527832,0.6231047930151834,-0.012961662566367403,-0.8589002463610501,0.0007303928172021063,0.0005375951322998936,0.02873517874364019,-1.8828956947932813,-0.017792127013576277,0.5644714473220394
P02,session_02,021,lean_forward,3.9182660579681396,0.6208077422590552,-0.011161209787944012,-0.8556564420831323,-0.001887680905306657,-0.000619177771136902,0.06310484395477729,-1.8998166552049254,0.019606279964937464,0.62597619401377
P02,session_02,021,lean_forward,3.9506747722625732,0.621228360951785,-0.011218536577571754,-0.8566455821079525,-0.00012844828602287094,0.0005830664680941078,0.01842243065147005,-1.903425570254118,0.016880671350464897,0.5211939692645984
P02,session_02,021,lean_forward,3.9830732345581055,0.6214371607985822,-0.008204979777453991,-0.8554861810955449,0.0003239022351798717,-0.00017250167899644634,0.011326877538464382,-1.8682047651705123,-0.04726342186839095,1.458860796695392
P02,session_02,022,lean_forward,0.0012164115905761719,0.5873764861727342,0.004636630921748623,-0.7961275476050932,0.0,0.0,0.0,-1.806196388585029,0.0,0.0
P02,session_02,022,lean_forward,0.050229549407958984,0.5852084742715647,0.0004732297855603953,-0.8056315304632622,-0.0006729742597507919,0.004979950957264454,0.10252795930189426,-1.898444561504806,0.09895887941922028,2.0216291815305865
P02,session_02,022,lean_forward,0.08144664764404297,0.5819775732412719,0.0055745804723295106,-0.8116856477192436,-0.001944266802160304,0.0007700254139483636,0.06698889216666495,-1.909782496518838,0.02473657353923075,0.7952311787690566
P02,session_02,022,lean_forward,0.11327266693115234,0.5803925507139152,0.006687777814145784,-0.8146184269609692,-0.00042181559279694323,0.00030598607595812223,0.01637371694042935,-1.9066284052777993,0.016705946282349275,0.5251700401776825
P02,session_02,022,lean_forward,0.14519453048706055,0.5803587726397068,0.008123327331173978,-0.8171162326799728,7.827259971074077e-05,0.0006395322006216602,0.02018379354209383,-1.903491235395889,0.008495138227159294,0.2668871899496603
P02,session_02,022,lean_forward,0.1772441864013672,0.5763703658619868,0.010544794066091137,-0.8226636391867705,-0.0009052584763310218,-0.0011098368091371727,0.044687275518897264,-1.891328108732497,0.04086840645856753,1.2759417580701427
P02,session_02,022,lean_forward,0.20934295654296875,0.5712522760903749,0.021003249746469412,-0.8253708952112265,-0.0025941742262297757,-0.004739554654919234,0.1683262508174281,-1.9577847256579253,0.16968620895915726,5.2890564750580955
P02,session_02,022,lean_forward,0.24121880531311035,0.5709988645061974,0.02009293794830326,-0.8276925162022701,-0.00012099714757755843,0.0010102537640509959,0.03191989737647965,-1.9724884276154626,-0.12754057101965954,4.001293593747969
P02,session_02,022,lean_forward,0.27377963066101074,0.5672913409218362,0.01860985912170796,-0.8305559644160699,-0.0008642831680544231,-0.002279783753150257,0.07487874975668249,-1.9406974142548143,0.14914819068521598,4.581214253310716
P02,session_02,022,lean_forward,0.30529093742370605,0.5666552381500174,0.017059653576227067,-0.8359893586537216,0.00133284809574145,0.00045062020259693174,0.04464943976688325,-1.929369421717354,-0.11474061540458774,3.6415259483838756
P02,session_02,022,lean_forward,0.3375720977783203,0.5662789749171944,0.016492498125458162,-0.8355984151177417,0.0007185873534172708,0.0007953194730366044,0.033204132479854265,-1.8883206778530142,-0.0758280173676597,2.3492213990356032
P02,session_02,022,lean_forward,0.36966943740844727,0.5654493597109742,0.01423637654791694,-0.8368895840115254,0.000576664654799578,-0.0001424104098954379,0.018505861757618407,-1.896056492850601,0.10118899995565395,3.1526208867182905
P02,session_02,022,lean_forward,0.40183043479919434,0.5653147651261431,0.014953780052351174,-0.8360874568858637,-6.621393819528644e-05,0.0017479214449067813,0.054388087430400474,-1.932083573346492,-0.07868957198990281,2.447343584187738
P02,session_02,022,lean_forward,0.44915246963500977,0.5654732808135067,0.01615090775183783,-0.837019933198415,-0.00022662429970648563,0.0013067789560982119,0.02802677901479686,-1.9479147792071998,-0.013572160386142833,0.2881703909837798
P02,session_02,022,lean_forward,0.4822075366973877,0.5650676981889966,0.01787677231002831,-0.8369690423861447,-0.0003210617738662804,-0.0009635808802524752,0.030726355529865385,-1.910317686357253,0.05146956459932064,1.5573886048973595
P02,session_02,022,lean_forward,0.5137872695922852,0.5651298419944624,0.01756967975341599,-0.8378467565469928,8.669692230807941e-05,0.00021400006735169478,0.0073114851817579875,-1.9280535671366597,-0.06469752553705005,2.0487170605152096
P02,session_02,022,lean_forward,0.5454802513122559,0.5645239853278256,0.016986720790496568,-0.8377918388991257,0.0005991754421618062,-0.002404778937100341,0.07819713641529823,-1.9459611902356457,0.08613194163881879,2.718822402619836
P02,session_02,022,lean_forward,0.5772979259490967,0.5646220706421853,0.025826600928180607,-0.8392733281203368,0.00029534604400193256,0.0002734675818021647,0.012650496566485493,-1.8652183933964892,-0.0873298480289185,2.7447252703954503
P02,session_02,022,lean_forward,0.6101956367492676,0.5653393597042904,0.027203980677436023,-0.8387190308108122,-0.001505352676219421,-0.0003447613987419461,0.046943308731409124,-1.909216089278055,-0.026161960436062573,0.796636015003009
P02,session_02,022,lean_forward,0.6411550045013428,0.565487610105259,0.027922950445097988,-0.8457669642450976,3.66015320731815e-05,-0.00037755705654754826,0.01225241557920086,-1.9381466983338729,0.031001023348074495,1.0014204496441095
P02,session_02,022,lean_forward,0.6733260154724121,0.5678185011377186,0.028494799847057186,-0.8432052503223038,-0.0016198776978718946,0.0008101684736490993,0.05629854244885061,-1.972957736831692,-0.10994491624215456,3.417978800939384
P02,session_02,022,lean_forward,0.7052991390228271,0.5682510401257502,0.030038548818085174,-0.8451446427342102,-0.00016702643642008827,-0.0010900313853693742,0.034490028413226646,-2.025108757074953,0.06714559768628682,2.100346949610915
P02,session_02,022,lean_forward,0.7370414733886719,0.5701114831599031,0.03131111059452431,-0.841731893805052,-0.0014926998331341317,-0.0004557295445723467,0.049168358996156576,-2.0102473810498656,-0.05935749245402349,1.870625097389724
P02,session_02,022,lean_forward,0.7694680690765381,0.5707972519506251,0.031218670379061928,-0.8457592605257561,-0.0007146744092560214,-0.0013246120516383156,0.0464159166167501,-1.942196626660852,0.14226991302622732,4.3876907600053245
P02,session_02,022,lean_forward,0.8013224601745605,0.5726464603668279,0.030649938131268477,-0.8477876091266227,0.00042815894841384105,-0.0011611866363206056,0.03885204934643255,-1.9667976485908103,-0.12444140327352664,3.906763024855543
P02,session_02,022,lean_forward,0.8331089019775391,0.5736083793951565,0.028716762706156713,-0.8522373311092059,-0.00046278392300982583,-0.004155846129131881,0.13155086549161826,-1.9651619929756767,-0.0125533694846268,0.41626204877093986
P02,session_02,022,lean_forward,0.8810348510742188,0.5784539699697737,0.026698913404178213,-0.8476119026166871,-0.0017242543498866708,-0.0023353793761367574,0.06057132311704799,-2.024222004187079,-0.037920303370761334,0.793542058975977
P02,session_02,022,lean_forward,0.9135711193084717,0.5798935906168355,0.030060694747101144,-0.8595601271424355,-0.00123544300204515,-0.0013951587997345877,0.05727582642008837,-1.9267323155899583,0.12400714324980214,3.8117814844390714
P02,session_02,022,lean_forward,0.9454331398010254,0.5812966002992327,0.0284259448445635,-0.865846660667202,-0.0003835539795831829,-0.003383426744008364,0.10687011131061543,-1.9111791524205286,-0.056785240376049886,1.7854247894678306
P02,session_02,022,lean_forward,0.9772939682006836,0.5852013330043448,0.0329812974535133,-0.8627568833338681,-0.002306555468821664,-0.00187751147767636,0.09334647675890288,-1.9804382386632082,-0.04825383250043322,1.5173930298172673
P02,session_02,022,lean_forward,1.0093050003051758,0.5863545060345319,0.031206631688797996,-0.8662335364440689,-0.0010283208883745522,-0.0052785817448665045,0.1679987277493509,-1.9609402078756368,0.020209184010870813,0.6532899014882889
P02,session_02,022,lean_forward,1.0409433841705322,0.5889051084200788,0.035876404128831064,-0.8676841796921371,-0.0019466860950547416,-0.0025705481987484315,0.10191687451966358,-1.967801229262644,-0.009821801767567525,0.32674100956031293
P02,session_02,022,lean_forward,1.0732953548431396,0.5921073436788133,0.037746128594642554,-0.8667807110130591,-0.002524898849503053,-0.004229954585431589,0.15226950717488774,-1.9706616510496389,0.02838503877319799,0.8904972135929977
P02,session_02,022,lean_forward,1.1053211688995361,0.5969864084696394,0.03514209368548069,-0.8697442698999581,-0.004293366893056682,-0.002160293233996993,0.15007368748446442,-1.9249367393993078,-0.03443225060262467,1.0855640305857879
P02,session_02,022,lean_forward,1.1379551887512207,0.5993883991580865,0.03380784401455206,-0.8685648748222355,0.0001769205306358425,-0.0042351540668867545,0.12989045908702307,-1.9536775207301595,0.05862367999574609,1.8010875673496953
P02,session_02,022,lean_forward,1.1693289279937744,0.6012957179676879,0.03448095761895293,-0.8737709616430744,-0.0008781909357531058,-0.002253008176004116,0.07707439273578781,-1.910308617283158,-0.06540714642572558,2.0861979388017255
P02,session_02,022,lean_forward,1.2012839317321777,0.6022937693684114,0.03660768015150422,-0.8752247858467026,-0.0021713910716869267,-0.00362703408941329,0.13229006717469688,-1.912473629379193,0.03474109433473586,1.0952069460981078
P02,session_02,022,lean_forward,1.2333476543426514,0.6047665489109233,0.02970320748349087,-0.8714734783590893,0.0012946715815551056,-0.0026192801873770604,0.09112419237830888,-1.9107020658998943,0.024507335087783924,0.7697449603086245
P02,session_02,022,lean_forward,1.2654879093170166,0.6055285815264412,0.029295001465709014,-0.8717087257793691,-0.0006962980259611552,-0.0026138183822403275,0.08416152060128212,-1.9354988722044142,0.09268126613965731,2.884878515961757
P02,session_02,022,lean_forward,1.3131861686706543,0.6087500046407752,0.03261325026055435,-0.8705573338717186,-0.0026742045925175957,-0.002227426782190348,0.07296586703241664,-1.8683651981442289,-0.10034024516538231,2.1049108922800004
P02,session_02,022,lean_forward,1.3453748226165771,0.6103065139310212,0.036436307439571686,-0.8678100470492434,-0.0012412903470996554,-0.0012067296907926585,0.05378243121028162,-1.9112063447095455,0.017090250647776046,0.5336572451038059
P02,session_02,022,lean_forward,1.3769943714141846,0.6113722310752572,0.03800575588911419,-0.8695336548400446,-0.001101722083614539,-0.001631061498063912,0.06224904952853914,-1.8755451374920873,-0.02627398290206115,0.833269505376875
P02,session_02,022,lean_forward,1.4088852405548096,0.6135654858126565,0.03134220039703429,-0.8680711920074828,0.0009204097534219326,-0.0001473199615883859,0.02922859018150958,-1.9263925384323257,-0.07306516369903589,2.2912862269355507
P02,session_02,022,lean_forward,1.4409241676330566,0.6137345946723914,0.03000429884395269,-0.8663639681537691,-0.0005926987001242536,-0.002807048625285847,0.08954542928164064,-1.9638668328432032,0.1756235578543669,5.482299359662302
P02,session_02,022,lean_forward,1.4735095500946045,0.6137680666157087,0.03426668488666884,-0.8649382553096268,-0.0008791608402290261,-0.0011882704121332556,0.04536218743436048,-1.9103439869446548,-0.018686902096660813,0.5752662859800547
P02,session_02,022,lean_forward,1.5051944255828857,0.614228734598735,0.033522332437974346,-0.8641193488011575,-0.00044369030903824,-0.001508532494757277,0.04962710039836836,-1.8263224459669705,0.027284346060736025,0.8625446216100492
P02,session_02,022,lean_forward,1.5370087623596191,0.6150269525408665,0.03470892877288905,-0.8624788703847888,-0.000668487676517123,-0.00047366656068680924,0.025752220158546123,-1.8321988544391747,-0.021574651728649665,0.6786312220464271
P02,session_02,022,lean_forward,1.5696425437927246,0.6150900327263551,0.038790209259173807,-0.8606140733478128,-6.177625879562298e-05,-0.0003790881951505523,0.011769667212899057,-1.827473403396706,-0.006852392207497391,0.21030808850495203
P02,session_02,022,lean_forward,1.6016273498535156,0.6150115802478495,0.040596649676565566,-0.8606064414263902,-8.820594451951716e-05,-3.086784049385108e-05,0.0029217348368961566,-1.901132584563069,0.09040347308867831,2.826452072824788
P02,session_02,022,lean_forward,1.633493185043335,0.6150965185766225,0.049348281136027544,-0.8591301847586058,2.4686017231357905e-05,2.567927209542628e-05,0.0011178292405442888,-1.8872947837285647,-0.016050950151888156,0.5037052875321937
P02,session_02,022,lean_forward,1.6651787757873535,0.6140728056651673,0.047994274088175394,-0.859690402587701,-0.0008395954387982718,-0.0007862221193099323,0.03630186190844432,-1.9042474445713073,0.02699335916904495,0.8526858633359288
P02,session_02,022,lean_forward,1.6973049640655518,0.6138423256346386,0.045404941073205383,-0.8593928623313737,-0.00020672782476446078,-0.0007586493634968211,0.02447570684397074,-1.8752599960854106,0.001304210793012614,0.047403966225901886
P02,session_02,022,lean_forward,1.7451236248016357,0.6131002056971724,0.045675300553711336,-0.8569816553087262,-0.0005460395133629008,-0.000756748326978714,0.019515001066706426,-1.8901321628887573,-0.0031927993551479233,0.06956235485748123
P02,session_02,022,lean_forward,1.777597427368164,0.6133728041893322,0.043792006319794304,-0.8561227372846142,0.0002277301570547156,-5.393225396431285e-05,0.0072067106336830755,-1.8867202517406914,-0.004107062608422883,0.1266782645402851
P02,session_02,022,lean_forward,1.809389591217041,0.6132156373366446,0.04521835485243992,-0.8563858039642868,0.0001057659005205968,0.00011168295894145041,0.004838188402099668,-1.8975936128577573,0.018120705888457826,0.5699945053635052
P02,session_02,022,lean_forward,1.8412666320800781,0.6132948989527347,0.044328213269580787,-0.8565854940489108,-6.41559487932201e-05,0.0002241145509065185,0.007312991611568166,-1.91159628712221,0.033726057018307797,1.0580299097188817
P02,session_02,022,lean_forward,1.8734495639801025,0.6132278127889603,0.044413348426974024,-0.8561773202131241,-4.383639201138516e-05,-0.0002894076656627479,0.009095155613010119,-1.871954657592431,-0.051677833178614636,1.6057785629787678
P02,session_02,022,lean_forward,1.9051744937896729,0.6137403928693086,0.043626414952124715,-0.8553207150174167,-0.00012906853423180555,-9.400928603189449e-05,0.005033140314919675,-1.844099824023759,-0.1008732264336261,3.17962414472254
P02,session_02,022,lean_forward,1.937053918838501,0.6138297163967822,0.04342240141718125,-0.8555459661922598,0.00017387487799946032,0.00041045395283977314,0.013982789853016946,-1.877926753124733,0.052577262707395066,1.6493130675908856
P02,session_02,022,lean_forward,1.969477891921997,0.6125542170588625,0.04744237499619042,-0.856753387006595,-0.0006005548680073226,-0.00014717395246356666,0.019070007731069205,-1.8823410590121503,0.06952149648673066,2.144223533368693
P02,session_02,022,lean_forward,2.00180721282959,0.6132771239410223,0.04678460028649629,-0.8565966657759018,0.0006516129907611507,0.0008874454796987198,0.034055182149029736,-1.874264151569959,-0.009996250612128207,0.31107051571163774
P02,session_02,022,lean_forward,2.0339455604553223,0.6125999951431739,0.045888145719829146,-0.857228539818456,0.00046206735273018423,-0.0009900053303915823,0.03399452021255694,-1.8628843706917566,0.022668786918259187,0.7061688183740028
P02,session_02,022,lean_forward,2.065831422805786,0.6124131594303444,0.04926599071853532,-0.8547399781113624,-0.0001457114407736797,-0.0016371459599259022,0.05154690666478025,-1.851176540091767,-0.016673418183211827,0.5254439628331782
P02,session_02,022,lean_forward,2.0972042083740234,0.6134045597976229,0.04823431640256746,-0.8532292402250861,0.0010331864617123614,1.0980232787707494e-05,0.032934429882282026,-1.8434228433826831,-0.08771539528419799,2.7961011126542217
P02,session_02,022,lean_forward,2.1450507640838623,0.6127702077437626,0.048898514603279104,-0.8537199353842782,6.915953468322663e-05,1.532015008805653e-05,0.0014804841200847121,-1.8805047973577362,0.07946839072438422,1.6609016284688203
P02,session_02,022,lean_forward,2.177455425262451,0.6120623709938782,0.050545394587257333,-0.853589088936706,0.00048218116651334146,0.00025008027782308167,0.016762241690460877,-1.8754193682832114,0.00251845349877421,0.07950594177425944
P02,session_02,022,lean_forward,2.2097628116607666,0.6117629657022301,0.0501685827382617,-0.8542782411930192,0.00026982282743344833,0.00043161909294702817,0.015755470518949075,-1.862221550829418,-0.06887245025126112,2.131844723848704
P02,session_02,022,lean_forward,2.240870237350464,0.611818720220204,0.05776972738717297,-0.8540671181571639,7.698778899213711e-05,8.743630575190518e-05,0.003745083356714714,-1.807261604232838,-0.08538467007290149,2.7448349600365396
P02,session_02,022,lean_forward,2.2733047008514404,0.6107363752470022,0.058447464171012084,-0.8550416286347112,-0.0001017302949617504,-1.8103820328964814e-05,0.003185765904824762,-1.8115495341182621,0.04583033353504789,1.4130170525354575
P02,session_02,022,lean_forward,2.3052141666412354,0.6107691967370994,0.05857874062561941,-0.8551317689644568,0.00041657286936470873,0.0005954421769138236,0.022773622192997264,-1.8800049359943092,-0.08515457461450066,2.668727701639897
P02,session_02,022,lean_forward,2.3372368812561035,0.6105008876645724,0.058480724174742066,-0.8539064689275699,0.00021602380899175534,7.859405287310911e-06,0.006750418733878054,-1.9267542459586726,0.16267985298668125,5.080143846729463
P02,session_02,022,lean_forward,2.369575262069702,0.6105322942251649,0.056301736647550685,-0.8540447155079599,0.00040765516778454124,0.00026203178454332194,0.014985488380704896,-1.9010642714921107,0.01783671054382787,0.5517682712610562
P02,session_02,022,lean_forward,2.4016830921173096,0.6124082441155324,0.05369451900286001,-0.8524673613067056,0.0015728129368683102,0.0010693458790598394,0.05923491580180831,-1.9172784235336486,-0.12603691862824093,3.925873145318435
P02,session_02,022,lean_forward,2.434389114379883,0.6118759041137738,0.05302618625547875,-0.8525903492804806,0.0008027193445416035,0.00039978279993310267,0.027418908168941904,-1.915550713538722,0.09767174048273025,2.986479260122632
P02,session_02,022,lean_forward,2.465186834335327,0.6115764240335922,0.05440640489085406,-0.8517468068345803,0.0009307127997333085,0.00016519582659507131,0.030692523398152413,-1.8945382744919494,-0.0009552850698101713,0.043636568620004916
P02,session_02,022,lean_forward,2.4970855712890625,0.6114184478189149,0.05283537893010044,-0.8521520038935168,0.0010149860735693328,0.00024873513661048614,0.03276053122797921,-1.8786419434880461,-0.187987245858186,5.893341505528327
P02,session_02,022,lean_forward,2.5290167331695557,0.6107925450673556,0.05465756769369975,-0.8520130288935196,0.0006666204136404279,0.0003916603824620187,0.02421342350214791,-1.9399612572904243,0.13805923577111648,4.323719920165068
P02,session_02,022,lean_forward,2.5771162509918213,0.6104357753981154,0.05346759842546913,-0.852941934978444,0.0011968197327820234,0.0005350824223172635,0.027255750002324303,-1.9318025036536821,-0.0018514047097732908,0.04716399964982487
P02,session_02,022,lean_forward,2.6099298000335693,0.6102372580201999,0.05237827845683606,-0.8531321836843954,0.0003128149305289822,-3.8190745977700176e-05,0.009603886813853914,-1.8901158882744873,-0.03876556065820853,1.1814278764792274
P02,session_02,022,lean_forward,2.641658067703247,0.6101516473843879,0.05372273555467586,-0.8518584130241779,9.343880815869434e-05,-0.00033570566046769795,0.010982849432394146,-1.9118101560286684,0.05955151239341693,1.8769550400495711
P02,session_02,022,lean_forward,2.67291259765625,0.6118828228979994,0.05290348090053618,-0.85097784525325,0.0012291306914504676,0.0016299926778511177,0.06531787434631346,-1.866890751155559,-0.19695270786308555,6.3019116965576485
P02,session_02,022,lean_forward,2.7048754692077637,0.6118678174976105,0.05401452144189752,-0.8510746489781702,3.243894537774507e-05,9.580691525228912e-05,0.0031645980988894915,-1.8956624384542107,-0.03350719004745183,1.0483207888740538
P02,session_02,022,lean_forward,2.7369654178619385,0.6106498691413059,0.05438277124571468,-0.8510467987613869,0.0010147384260579813,-0.0004085405619724587,0.03408830286571653,-1.9237888582205696,0.23253554361189416,7.246447136531903
P02,session_02,022,lean_forward,2.76947021484375,0.6093148690412569,0.06502000800304689,-0.8493740741160262,-0.0009087945810281527,-0.0014929166059429134,0.05376966907406687,-1.9150314518208351,0.05772874181614458,1.7768206093490444
P02,session_02,022,lean_forward,2.8013768196105957,0.6091851137523252,0.06311347565771677,-0.8514155273180984,0.0005284635650886387,0.001643179358392668,0.0540975267968684,-1.900606779634714,-0.18705428299904622,5.862806398862126
P02,session_02,022,lean_forward,2.833646059036255,0.6083762357340341,0.062069348950665584,-0.8511219328757845,-0.00021615365593141787,-0.0010254868290693034,0.03247736496646583,-1.8949530430340211,0.13110776119521336,4.0630629099155
P02,session_02,022,lean_forward,2.8659896850585938,0.608673948116555,0.06017757469692318,-0.8521157610956143,0.00021479938268983281,0.0014560039304872484,0.045503956865278035,-1.8986323079311356,-0.165184789192918,5.1073848523796785
P02,session_02,022,lean_forward,2.8970654010772705,0.6087541404400026,0.05989477026451921,-0.8516238055830798,-6.272520057380696e-05,-8.616300722723922e-06,0.0020374181444359155,-1.907669443725293,-0.0656739826273969,2.1133547850530667
P02,session_02,022,lean_forward,2.929091453552246,0.6086021577852012,0.05978248284053176,-0.8509847188763182,-9.281975320536743e-05,0.0001118440075552937,0.004538274063699895,-1.8994455560995613,0.02034292653883017,0.6352155252426
P02,session_02,022,lean_forward,2.9613003730773926,0.6083485695666916,0.059900653339457724,-0.8512847776192591,-0.00017849102809086825,-0.0001546089432289777,0.007331566895294984,-1.9063652321323274,0.05917542178192864,1.8372517246509599
P02,session_02,022,lean_forward,3.0092530250549316,0.6081027968806285,0.06008673867880363,-0.8513870265943636,0.0002182357033599672,0.00028322122832186175,0.007456286652843538,-1.840934921048881,-0.07545147806309176,1.573475545582882
P02,session_02,022,lean_forward,3.0414319038391113,0.6075409036464897,0.05904563463998246,-0.8517608210601203,0.00045779662243943713,-0.0003758518854680919,0.018407089372143557,-1.885719203801127,0.09640063720760096,2.9958302011355027
P02,session_02,022,lean_forward,3.0740914344787598,0.6071743299333494,0.06127159075362709,-0.8517081938445139,0.0001076894922843347,-0.0005226425313781202,0.01633893094607889,-1.8710554030539366,0.16378688271041145,5.015006302202309
P02,session_02,022,lean_forward,3.105276584625244,0.6070791875066235,0.06039313124598018,-0.851671868025464,8.77752911412695e-05,-0.00013215384997332076,0.005087288467257183,-1.9215390206175214,0.0461537011853333,1.4799984490788238
P02,session_02,022,lean_forward,3.1373324394226074,0.6074777593704482,0.059109514719054464,-0.8507253639127343,0.00019177208781146396,1.5208326227053934e-06,0.005982623746812648,-1.9540147146505173,-0.2146290737710382,6.695474533678479
P02,session_02,022,lean_forward,3.1694321632385254,0.6073193692345049,0.059191165414268075,-0.8505121632627831,-0.0001189380456912201,9.225519376977567e-06,0.0037163965029474257,-1.9487098684968263,0.01372774458463315,0.4276754216602332
P02,session_02,022,lean_forward,3.2009596824645996,0.6073157725584649,0.05894851041389386,-0.8517276151480924,1.8353003621234025e-05,0.0005293909172884296,0.016801479060168056,-1.9136614799524942,-0.06391261758387064,2.027270595147555
P02,session_02,022,lean_forward,3.233638286590576,0.6074082477346585,0.05799317523320623,-0.8517901299981202,7.045695396521126e-05,0.00029350522188014886,0.009236731697994315,-1.910068028118924,-0.024674113595133093,0.7551105820704583
P02,session_02,022,lean_forward,3.2654666900634766,0.6074631705842869,0.05719260316102189,-0.8515690756753933,-0.00015889403062955816,9.218429442005088e-05,0.005771537422322981,-1.9354325649891222,0.005033561743134652,0.15825213029598859
P02,session_02,022,lean_forward,3.2979798316955566,0.608048491510596,0.05607512876941791,-0.8510171928683031,0.00023890194931219965,0.0009353653999433797,0.029692376574675147,-1.9079001299830054,-0.05448373570038566,1.6760080738137848
P02,session_02,022,lean_forward,3.3292176723480225,0.6086637027730247,0.05517971742782039,-0.850600287874887,-1.3036539388784367e-05,0.0004926710209575523,0.015777129918063796,-1.9021131596969372,0.009817750488842203,0.3146860564133116
P02,session_02,022,lean_forward,3.3611350059509277,0.6087611317178012,0.05509441742013904,-0.8504086381193702,-3.593347783364846e-05,0.000155679100151229,0.005005816926845819,-1.901952421672302,0.07255385297994531,2.2731857805343147
P02,session_02,022,lean_forward,3.393132209777832,0.6088008298795847,0.058119332449715934,-0.8502126917291946,0.0004119719985990403,-1.806347235636109e-05,0.012887620413082362,-1.879899002683733,0.00965710436070768,0.3020859153251263
P02,session_02,022,lean_forward,3.441070079803467,0.6082709242555117,0.05788753158492207,-0.8487003273019148,0.0003470081174259571,-0.000268542392038358,0.009153139407518399,-1.9143379298273289,0.03381071693577928,0.7053622525744954
P02,session_02,022,lean_forward,3.473400354385376,0.607939635717493,0.0563435512965129,-0.8496886234505434,-0.00011210070328714591,-0.0002781499466278631,0.009275823290218354,-1.9081119918635003,0.021110791697355705,0.6530387356747904
P02,session_02,022,lean_forward,3.506068706512451,0.6076847984600767,0.05605416626170604,-0.8493329983037702,-0.00011257683459305593,-2.7856084534461237e-05,0.0035499801475067576,-1.920197516562131,0.027176062583484407,0.8318849364659158
P02,session_02,022,lean_forward,3.5369176864624023,0.6081222332300326,0.055573663354489516,-0.8491738523798944,0.00037176805135413933,0.0004668418741365056,0.019345385352419187,-1.9301089175207373,-0.10075411614017403,3.266100977203035
P02,session_02,022,lean_forward,3.569298028945923,0.6077331546033904,0.05560183751909647,-0.8489850163876973,0.0002547550082323803,-0.0006934043919934277,0.02281389427957994,-1.9275590711974269,0.0023062316231300503,0.07478782022229308
P02,session_02,022,lean_forward,3.6012816429138184,0.6068768979371942,0.05324267993784989,-0.8497883378246757,-0.0005276130180960284,-0.0007181508541173044,0.027862140514473742,-1.903395047949,0.057819442956001665,1.8079979896301774
P02,session_02,022,lean_forward,3.633066415786743,0.6079001005442479,0.052194329616864356,-0.8497178021781112,0.0008778422378879498,0.0013793192987254254,0.05143879944014848,-1.9202330764735356,-0.06878569989054838,2.164719825692685
P02,session_02,022,lean_forward,3.665984630584717,0.6079494972161443,0.0521984345947005,-0.849959015745331,-2.5797327291725206e-05,0.00010181671978130786,0.0031907570380329303,-1.8994504190743733,-0.0449165660330952,1.3644934610121466
P02,session_02,022,lean_forward,3.6977827548980713,0.6081910964405179,0.05300953767701859,-0.8494135113924003,-8.289841662342473e-05,2.6950866938308615e-05,0.0027413364263567668,-1.8967591877405166,-0.006735119651035826,0.21182644788075822
P02,session_02,022,lean_forward,3.7293548583984375,0.6068080024054996,0.05231085807108023,-0.8507866385402955,-0.0008530974176710625,-0.00010790184378948327,0.02723588520046214,-1.9077526064148616,0.19351586679154525,6.129391323706706
P02,session_02,022,lean_forward,3.761306047439575,0.6070680924403302,0.053075517269222196,-0.8510570403470002,0.00023247622371258618,2.7393460633855576e-05,0.007326318649306366,-1.8674462077746101,-0.10536629534806413,3.297735030655387
P02,session_02,022,lean_forward,3.7933061122894287,0.6063543733462218,0.052591983213580495,-0.851170748274247,0.00033328620521975023,-0.0003190327028581918,0.014417759005445573,-1.8884204292285494,0.07707569114510673,2.4086536185136636
P02,session_02,022,lean_forward,3.84108567237854,0.606538277592614,0.05775694098112362,-0.8503193151837979,9.768059015482612e-05,0.0001700566008681354,0.004104560868980467,-1.8469674464716082,-0.0562335561636386,1.1769446606662133
P02,session_02,022,lean_forward,3.8731977939605713,0.6063558419130874,0.056831807884125805,-0.8501478435798789,-0.00014134279359132365,-5.4359777349214626e-05,0.004715842203931123,-1.8935617997976242,0.039901993419998595,1.242592479626564
P02,session_02,022,lean_forward,3.9049131870269775,0.6064855629751712,0.054343396113864774,-0.8507653067440865,5.67314101061344e-05,0.00042908503512062847,0.01364697430395187,-1.8806036903183536,-0.03422100573216348,1.0790893446597063
P02,session_02,022,lean_forward,3.937809467315674,0.6081765955358633,0.052799514012443066,-0.8485630834021751,0.0008911884148160381,1.9944117055515218e-05,0.027097639797644738,-1.9187098400450004,-0.12225236576624134,3.7163963385689462
P02,session_02,022,lean_forward,3.9695582389831543,0.6095108779807401,0.05258567495527201,-0.8470725492309075,0.0012856331068231202,2.6892509888478756e-06,0.04049403652319841,-1.9075235959332684,0.014497312021626177,0.4584179276317794
P02,session_02,023,lean_forward,0.0015561580657958984,0.5572673656357403,0.005194480519015677,-0.8191510819995025,0.0,0.0,0.0,-1.7391891201850063,0.0,0.0
P02,session_02,023,lean_forward,0.049959421157836914,0.5575092688403496,0.004481152371643053,-0.8119401631303562,0.0004338504523909531,0.012732088842973438,0.2631946213721518,-1.9619570617939521,-0.15384307106315806,3.189240293649504
P02,session_02,023,lean_forward,0.08162426948547363,0.5572280345457002,0.00448940413492274,-0.805942720802508,-0.00011830477476842647,0.003023671085683992,0.09556289604573544,-1.9499260125772362,-0.007800868165014013,0.26424271355454776
P02,session_02,023,lean_forward,0.11347150802612305,0.5576607439008827,0.0023419877387114416,-0.8043154893669815,0.00048018678051620957,0.005900067437472587,0.18587406182216343,-1.996465580501379,-0.040565889564148847,1.2872551352786408
P02,session_02,023,lean_forward,0.14530372619628906,0.5575423025548678,0.00242589870304857,-0.8015377247137985,0.00011446965207984163,0.005386407831162064,0.16925066281212223,-1.9307558531924578,0.011306757924582142,0.3934613080893875
P02,session_02,023,lean_forward,0.17786574363708496,0.5566998276169499,0.002261259272280265,-0.8015167117946069,-4.4968490313399643e-05,0.0009510300362113626,0.029239361138681592,-1.9131521661985713,-0.006907615150433023,0.21414278212554183
P02,session_02,023,lean_forward,0.20981168746948242,0.5566762581232446,0.008187114572781845,-0.8011702196333571,2.5215542498485382e-05,-0.0004177963771935879,0.013102026752395248,-1.9341153048632187,0.042593414478909165,1.3333608544185434
P02,session_02,023,lean_forward,0.24172043800354004,0.5562215077850207,0.0100348019156792,-0.8083593617105466,-0.00030989305465054645,0.0021706310663501946,0.06871596640792663,-1.9829989190297248,-0.027851261552671525,0.8755415849997625
P02,session_02,023,lean_forward,0.2741358280181885,0.5558161986390435,0.01580089650476198,-0.8086811091646395,0.0003314862143861004,0.001505836684834687,0.04756662797833681,-1.968062810154865,0.00046710213217267396,0.049701397996532996
P02,session_02,023,lean_forward,0.30544066429138184,0.555948585893815,0.015468085256739839,-0.8107222581635539,0.00019256707421079082,6.743667043139392e-05,0.006517643992075027,-1.9657496472560625,0.004782508959357731,0.15291117430861684
P02,session_02,023,lean_forward,0.33786892890930176,0.5556501694137613,0.019802072386167806,-0.8141744199970047,-0.0001846252370394823,0.0012741541524032077,0.03970180963399976,-1.9658326172126184,-0.017211942154255127,0.5322525428678123
P02,session_02,023,lean_forward,0.3698725700378418,0.5547728434242057,0.019250218249582614,-0.8132351716269802,0.00036914948396464666,-0.001302545572480196,0.04230284310832584,-1.910476338786554,0.09706661252212521,3.0332815290776813
P02,session_02,023,lean_forward,0.4015200138092041,0.5545112476722978,0.020449043950997538,-0.8178679726518054,-5.2603122406265324e-05,0.00015693600758752974,0.005230039075415423,-1.8878219318202116,0.015346594822797878,0.48495188058607863
P02,session_02,023,lean_forward,0.4340789318084717,0.5543738029352582,0.0207888951040289,-0.8216959516208916,-3.2765825872586575e-05,0.0003457748843518898,0.01066754948772047,-1.9008393943881248,-0.0065013150694244355,0.1999632208484982
P02,session_02,023,lean_forward,0.48194050788879395,0.5540421081266088,0.020593372672143433,-0.8131240424178364,0.0001405148011592409,0.0004699157059726781,0.010247770424890036,-1.9120072090737739,-0.009282771658781708,0.19422093890306402
P02,session_02,023,lean_forward,0.5135340690612793,0.5534030223015091,0.020552396459163725,-0.814276803500457,1.973706451704094e-05,0.000525334418454937,0.01663962635615972,-1.8973321707278508,-0.019944721053951474,0.6315099471249732
P02,session_02,023,lean_forward,0.5452525615692139,0.5526238977857489,0.020058209626784,-0.819720896016769,0.0007433001198743984,7.312740060579586e-05,0.02354742015283682,-1.9058964413720738,-0.006524463353606932,0.20704244657586418
P02,session_02,023,lean_forward,0.5776934623718262,0.552568954621119,0.02347523187500936,-0.8214539194991156,-3.443693802448775e-05,0.0003654036885135544,0.011313583212960382,-1.9105978350003696,-0.016240238842440982,0.5007378092133836
P02,session_02,023,lean_forward,0.6096088886260986,0.551867047672919,0.021992243744015032,-0.8214239996041252,-0.0004965955246870911,-0.0006766000955663828,0.026297073660409075,-1.9118031795306114,-0.0019435849420928965,0.0663332485968424
P02,session_02,023,lean_forward,0.6418073177337646,0.5514435629056229,0.02230074178931142,-0.8215488018711881,-0.00031700972557284566,0.0007464583948535386,0.025187072118724667,-1.9142714493445012,0.0008533037645773618,0.036561090288747614
P02,session_02,023,lean_forward,0.6736850738525391,0.5512608758969167,0.02146745299994749,-0.8222119308904354,0.00019269085149116626,0.00010547516343109079,0.006891002394417841,-1.9178152961768968,-0.010886539792558783,0.3415784908140642
P02,session_02,023,lean_forward,0.7083466053009033,0.5515005764452838,0.022291046583102474,-0.820722677514247,-0.0003088576528872805,0.0014549354293302667,0.042910878578094364,-1.9180508764730344,-0.01017176787498069,0.29658055903918984
P02,session_02,023,lean_forward,0.7378091812133789,0.5515311287406017,0.018616065552385583,-0.8209685732645133,4.37418283677437e-05,0.00028773963688478717,0.009878478972622307,-1.9469216007351542,-0.026478909116195604,0.8987845690508907
P02,session_02,023,lean_forward,0.7699759006500244,0.5513041557875943,0.015145620136496413,-0.8234360688074687,0.00011581896317182455,-0.000394081793009382,0.012769368585242866,-1.9530828535903486,0.009047528736830967,0.28155957103549695
P02,session_02,023,lean_forward,0.8074431419372559,0.5512876163329506,0.014994694466294898,-0.83121441635581,0.00013991945154335938,-0.0002642427428354837,0.00798033500604112,-1.9416947593598541,-0.010108825608664046,0.2699223710155213
P02,session_02,023,lean_forward,0.8350741863250732,0.5512735430740612,0.013411458943691727,-0.838244572690368,-2.2205498657680518e-05,-0.0003538283352757614,0.012830656345366186,-1.936200927481558,-0.0023304555961906072,0.08531228987902052
P02,session_02,023,lean_forward,0.8819403648376465,0.5524085346598565,0.013163505079848906,-0.8362475833369729,-0.00045796624833887266,-0.00037921304780726676,0.012686944682972018,-1.9254873484352837,-0.0020268934707809096,0.04507099041735404
P02,session_02,023,lean_forward,0.9141974449157715,0.5529691108450171,0.011227116152950845,-0.8325440384216585,-0.00019395497070138915,-0.0005724736919180704,0.018738133501130967,-1.9640569112528137,-0.020810647509372462,0.6454218248726618
P02,session_02,023,lean_forward,0.9487295150756836,0.553650714462315,0.012172159232682216,-0.8307946598738819,-0.000592075808736575,-0.00038320682613775275,0.020423530344741935,-1.9635650459151581,-0.061670407382476235,1.7860047110811987
P02,session_02,023,lean_forward,0.977982759475708,0.5560660990189653,0.013510450558297296,-0.82772762068224,-0.0018547596638071539,-0.0012370245268394523,0.07621141378913657,-2.0054075827469195,-0.023504645098359558,0.8070947461030216
P02,session_02,023,lean_forward,1.0092382431030273,0.5579409224261682,0.015835295256232645,-0.8364773331305387,-0.001196078342101137,-0.003089834553346911,0.10600566609755527,-1.995502418367599,0.02893519009767132,0.9318130213902612
P02,session_02,023,lean_forward,1.0421876907348633,0.5601847970121292,0.016638959934835936,-0.8339311924278148,-0.0008636896348912583,-0.0008980308008848096,0.03781432486497708,-2.0226223238276786,-0.03852480314612113,1.169820708911437
P02,session_02,023,lean_forward,1.0737650394439697,0.5619528446904197,0.018702500040303955,-0.8341838087319348,-0.0017293824392976176,-0.00422517840609156,0.14457838514644206,-2.005254981253428,0.02632789434845849,0.8462013653207345
P02,session_02,023,lean_forward,1.106088638305664,0.5638739844114944,0.018277782045113357,-0.8419650745276097,-0.0016018496354081135,-0.0013383387571761101,0.06457697596519821,-1.987740948428715,-0.00040641165284360233,0.06578960126024731
P02,session_02,023,lean_forward,1.1384623050689697,0.5648209086467155,0.026070407804490846,-0.8469566636377074,-0.0006729809663112411,-0.004901424666082569,0.152822050733776,-1.839377520739476,0.10033774483924082,3.1031283514491053
P02,session_02,023,lean_forward,1.170095443725586,0.567217901506799,0.029033399895865307,-0.8536169204954438,-0.002184900497743301,-0.0020611396464060394,0.0949535521829654,-1.870511603090788,0.011397741286421754,0.37261184802135405
P02,session_02,023,lean_forward,1.2020807266235352,0.5691807954355279,0.04248465183137493,-0.8487897737844212,-0.0015794664247203232,-0.004182623756924595,0.13978029175217305,-1.8513645888351935,0.08147487393388088,2.5510936404059716
P02,session_02,023,lean_forward,1.233776569366455,0.5736316231816813,0.045941597137438325,-0.8429964870899455,-0.003792092298594096,-0.0034624586498762295,0.16200973068563435,-1.826932367810388,-0.027911666535956642,0.8953885160810536
P02,session_02,023,lean_forward,1.2657103538513184,0.5755116607895602,0.05445790240045801,-0.8441726452770435,-0.0011874211236535329,-0.0023778716140053675,0.08323048102533528,-1.8387596647783917,0.05682025174663746,1.7812602472638315
P02,session_02,023,lean_forward,1.3135082721710205,0.5797292778421342,0.05830623464601276,-0.8444075202796482,-0.00368027498772848,-0.002485337783039944,0.09290927989599605,-1.815233377019406,-0.01859854767406725,0.4000463635442594
P02,session_02,023,lean_forward,1.3459606170654297,0.5828055824231113,0.06104096873115326,-0.8431762262787245,-0.002195177233410192,-0.002514610785507124,0.10285771399406612,-1.8165454224338842,-0.02420853004617906,0.7530295131943534
P02,session_02,023,lean_forward,1.3772666454315186,0.5846004624086574,0.06431380435880599,-0.8395514040847938,-0.0023990697608866135,-0.0014594765870043107,0.08969941431115402,-1.879366736807294,0.050962976041576194,1.6303659746608516
P02,session_02,023,lean_forward,1.4097020626068115,0.5868979052330978,0.06939696622879356,-0.839503798155449,-0.0019654039095215697,-0.0014853989539094028,0.07595336936873325,-1.8786054402137715,0.04448656121106864,1.373644213183415
P02,session_02,023,lean_forward,1.4416122436523438,0.5885014239781403,0.06977670235332524,-0.8394049146049993,-0.002028300134542248,-0.003207096873367719,0.11891701863100862,-1.8610700484659966,0.023707006440531114,0.7523862756304849
P02,session_02,023,lean_forward,1.4739606380462646,0.5893169351420254,0.07004730145180288,-0.8409163547528229,-0.00044847590448250733,-0.0038823830702817996,0.12081589491173461,-1.8764374200796843,-0.000741180613432385,0.12296934709284855
P02,session_02,023,lean_forward,1.5057251453399658,0.5927557793131482,0.07306249026089658,-0.8471572071298435,-0.00213918506751595,-0.002234888429076949,0.09739415254257577,-1.8967700867030848,0.028704648355225158,0.9089037369350361
P02,session_02,023,lean_forward,1.5380218029022217,0.5940278545293097,0.07562687079319633,-0.845820688021862,-0.0010761695962621162,-0.0024845141486721763,0.083834464777651,-1.9022406745158251,0.005734545827684694,0.19635487191051865
P02,session_02,023,lean_forward,1.570049524307251,0.5961488927065292,0.07744056497183101,-0.8474500452778455,-0.0021495555470538276,-0.002257412009320387,0.0973259925318652,-1.8807021059996827,0.023134898709878317,0.7288670476726381
P02,session_02,023,lean_forward,1.602001428604126,0.5993122541608361,0.07963914803302032,-0.8419695528770826,-0.002633197411329625,-0.0005933987008997954,0.08447795357732299,-1.8673750145075243,-0.012121957414027561,0.3886730669890495
P02,session_02,023,lean_forward,1.633927345275879,0.6021025731010725,0.08240603907391865,-0.8406170667598449,-0.0034445269108204983,-0.0016547370568632226,0.11969513052801768,-1.8384408731510182,0.0030137414036521563,0.15243982129563308
P02,session_02,023,lean_forward,1.665518045425415,0.6028038822606686,0.08378052235669949,-0.838149668561769,-0.0016077972516937824,-0.003223949778845699,0.11404049467420392,-1.812601158089693,-0.030712954354606067,0.9788806627872646
P02,session_02,023,lean_forward,1.6972143650054932,0.6048773052965616,0.07842173795360283,-0.8401124783773036,-0.002603391381086721,-0.0004885616077982925,0.0835692393091571,-1.8400450321952464,0.07550261190902545,2.3835278933427917
P02,session_02,023,lean_forward,1.7454545497894287,0.6061804378199965,0.08055833358235524,-0.8345854661961144,-0.0023438252502164863,-0.0029842615433761043,0.0786615023082336,-1.839552379636067,-0.04120537562558216,0.8577855437108977
P02,session_02,023,lean_forward,1.7781457901000977,0.6061614973436444,0.0806010436717911,-0.8291841975010279,2.3722424824206393e-05,-0.0035008399162852148,0.10709046998992916,-1.8786826719674223,-0.0561193537562682,1.7199851388717613
P02,session_02,023,lean_forward,1.8100488185882568,0.606500548676596,0.07050059751973534,-0.8292169058743534,-0.002273573630832043,-0.0007824269580872424,0.07536712185524047,-1.859276320738464,0.03960392151163683,1.2436701343653196
P02,session_02,023,lean_forward,1.8416478633880615,0.6066943587331775,0.07252263888106808,-0.8286341880755059,-0.0012629262939034954,-0.0011751076071435708,0.054592419864361114,-1.8474929972219702,0.004514096638306021,0.15293142189418762
P02,session_02,023,lean_forward,1.8835253715515137,0.6079020654001858,0.07362558084670777,-0.8259384819049331,-0.001114850155692822,-0.0016282631525703349,0.04712208401488475,-1.835328877138737,-0.009627002324524991,0.23466467389255838
P02,session_02,023,lean_forward,1.9205141067504883,0.6090268298978175,0.06085911754562656,-0.8256171982973854,-0.001257074109437766,0.0012009953625260266,0.047002684904094864,-1.8142356055641276,0.003981994738990079,0.11746782986385483
P02,session_02,023,lean_forward,1.959040641784668,0.6092983383563119,0.0623218860601838,-0.8260867277393258,-0.0014713010877739007,-4.6760377321061134e-05,0.038208573906701584,-1.8461850979103918,-0.02046731307422636,0.5326246112997847
P02,session_02,023,lean_forward,1.9913277626037598,0.6089202573856187,0.06327036926870938,-0.8251834365085963,0.00028441941925051923,-0.0011894592636774136,0.037878611646139954,-1.8628544248266827,0.01462501906157912,0.4545485892262598
P02,session_02,023,lean_forward,2.023437738418579,0.6087291951529749,0.0653377603433146,-0.8232356927515633,-0.0018691284616823775,-0.0017853119200510654,0.08049707554653508,-1.8224062964854648,0.018246621217661164,0.5739271321658558
P02,session_02,023,lean_forward,2.051934003829956,0.6084520878477602,0.06906630839545495,-0.8229484997693187,-0.00013800272035279968,-0.0005546558315084662,0.020057580278519088,-1.8363837218194423,0.010504456046715896,0.3691709902025512
P02,session_02,023,lean_forward,2.0810434818267822,0.6086997219452168,0.06812940328355169,-0.8225697862857003,-0.00016930586149655825,-8.812913553898346e-06,0.005824050729221655,-1.8337138658606251,0.019426611350800968,0.6673891954005226
P02,session_02,023,lean_forward,2.1083717346191406,0.6084961839093368,0.0694890685348753,-0.8226549487427597,-0.0004883987224714912,-0.00039323639618166895,0.02294443206200772,-1.8305769638360567,-0.007184535238346168,0.26389705565288557
P02,session_02,023,lean_forward,2.1461853981018066,0.6084425111770735,0.0625624056801229,-0.821617503002948,-0.0002652094020452406,-0.0010412940581918497,0.02841662787360581,-1.8097669424496539,0.01793279900818049,0.47509185134656606
P02,session_02,023,lean_forward,2.1776912212371826,0.6076751886400498,0.06855268895071283,-0.8212824520229494,0.00011661241627444032,-0.0012796345980160642,0.04078411220046383,-1.8104549421978349,-0.009608919500668478,0.307703494429844
P02,session_02,023,lean_forward,2.210089683532715,0.6062543459079065,0.07053848216278678,-0.8224116685342898,-0.000672962339422021,-0.0007091058453341115,0.030174392346262364,-1.8101400093830788,6.0317010206236035e-05,0.03023177089564541
P02,session_02,023,lean_forward,2.241302251815796,0.6056107351744558,0.0724728847563671,-0.8216184859252487,0.00023584065101138937,-0.0004963849028172947,0.017607085459366175,-1.8124560959789697,0.009170707388772507,0.2943416588487427
P02,session_02,023,lean_forward,2.273861885070801,0.604979904968771,0.07345691349553794,-0.8211527818849773,0.0004682075731895124,-0.0007218805594738402,0.02642610356874487,-1.8129746503947708,-0.04158266508133882,1.2773966373643277
P02,session_02,023,lean_forward,2.306016683578491,0.6054828531278443,0.07164235747446786,-0.8195050241693999,0.0004489917153164296,0.000939131980732019,0.0323728681373258,-1.8182659299667034,0.010183823162758671,0.31836259531555416
P02,session_02,023,lean_forward,2.337747573852539,0.6092589199764623,0.05891128488251164,-0.8209440562169233,0.002960976967595754,0.006683791398392034,0.23038425992196657,-1.9276280823706289,-0.2902111088705423,9.148913360088743
P02,session_02,023,lean_forward,2.3701508045196533,0.6084698956511729,0.05839594817845923,-0.8210254453096666,0.0008425021543961997,1.1167240241397197e-05,0.0260028442797141,-1.8588064359553664,0.049845050286162186,1.538493852812217
P02,session_02,023,lean_forward,2.402057647705078,0.60746811308411,0.056977500784349364,-0.8224475028351467,-0.0005913925150713732,0.00020114557317123315,0.01957773210731363,-1.7944305250275119,0.021724874810046722,0.681165899877199
P02,session_02,023,lean_forward,2.434847354888916,0.6073060643271925,0.05862709229960455,-0.8210312574444224,-0.00017348527605734031,0.00023481424112421282,0.008903712130894009,-1.8226937256527986,0.1375577157056027,4.195158704802008
P02,session_02,023,lean_forward,2.4658095836639404,0.6073174072635249,0.05839692889146035,-0.8205925291292869,-0.00020620083859831907,-9.897836540999751e-05,0.0073872532195966715,-1.8403328663642562,-0.015431227702533724,0.4984435338794307
P02,session_02,023,lean_forward,2.497851610183716,0.6073102965428464,0.05837218073650044,-0.8206421312802515,0.0001340787334041779,7.051739039319375e-05,0.004727913944952332,-1.8476845176029064,0.027486201688662306,0.857830235776663
P02,session_02,023,lean_forward,2.5296545028686523,0.6065302625418962,0.05000518762918175,-0.8200969777984446,0.0004457104337149386,-0.0003638502658647471,0.01809159120184312,-1.8491182031933222,-0.021326219772767812,0.670818847297372
P02,session_02,023,lean_forward,2.577439785003662,0.6060191761447213,0.05092539371870553,-0.8191065991989959,5.131640158550607e-05,-0.000700971718447344,0.014708453111939605,-1.821540686527558,0.031897040877989676,0.6676696693019684
P02,session_02,023,lean_forward,2.609682321548462,0.6056794376769767,0.05081541050004557,-0.8165311027781091,0.0002226885249124895,-0.00016872318442797912,0.008665201225941603,-1.8308223597160613,0.006278357480858745,0.19491552123767883
P02,session_02,023,lean_forward,2.6417367458343506,0.6051456069135583,0.0664031244728787,-0.8149856465879705,0.00026548464960502875,-0.0006212165969703349,0.021075656242879576,-1.8361091474051663,0.013496735776994102,0.4215840091547203
P02,session_02,023,lean_forward,2.673706531524658,0.6045792894038955,0.07284293747471003,-0.8137939926906925,0.00021441794993290822,-0.0005553990555535552,0.01862231119966914,-1.8451426065669296,0.0067188645310202475,0.21098639010397083
P02,session_02,023,lean_forward,2.7065787315368652,0.6052926172270839,0.07224512266168781,-0.8128021579533213,0.0014371191910743247,5.740943622151594e-05,0.04375324491524719,-1.8454783207923022,-0.007966888653761049,0.24627719024804648
P02,session_02,023,lean_forward,2.737762212753296,0.6005442849736607,0.07808978769615534,-0.8086200074752756,-0.00381187265662822,-0.0026202274527336936,0.14833421692240314,-1.8441079178359439,0.044077858251493705,1.4212621062132589
P02,session_02,023,lean_forward,2.7701637744903564,0.6044313192990496,0.07444560049615191,-0.8099202135102028,0.0032357807191113366,0.0031710907440484944,0.13982576580899098,-1.922429905551337,-0.12997510282690064,4.013820122225974
P02,session_02,023,lean_forward,2.8027799129486084,0.6048796812090961,0.06709654883470426,-0.8118166652361248,0.00034554167378826655,0.0019906984333570204,0.06194679123423026,-1.8799692326201851,-0.17990252240750684,5.516099586375157
P02,session_02,023,lean_forward,2.833939790725708,0.605027480167493,0.05520377019366254,-0.8107394439242691,-0.0003541266359776333,0.0011194327543523586,0.037680200983128284,-1.9558382703197423,0.08871071109605713,2.847202457805986
P02,session_02,023,lean_forward,2.8674545288085938,0.6049313928120099,0.0534865053211719,-0.8109527616589793,5.829354929212458e-05,7.828307612523639e-05,0.0029122461038396347,-1.9010539079057833,0.038723075854557934,1.1554080704753762
P02,session_02,023,lean_forward,2.9010441303253174,0.6044686351823717,0.061725624136863715,-0.8110384570408782,-0.00034631898306619336,7.676529973079875e-05,0.010560556730762618,-1.8368675046153604,0.024405251700285704,0.7266483788325958
P02,session_02,023,lean_forward,2.9305760860443115,0.604443091802513,0.06198913226879365,-0.8104178563794553,-0.00024531913268755726,-0.00013874546063366217,0.009543439794369434,-1.8624651234133978,0.04647894042550705,1.5738813694587301
P02,session_02,023,lean_forward,2.961430072784424,0.6037430696781275,0.058767510051505815,-0.8092931682018291,0.00037271224547266317,-0.0020776221044565154,0.06841217967748103,-1.867747594686032,0.016515661747152563,0.539638539089656
P02,session_02,023,lean_forward,3.009416341781616,0.602128154113873,0.05808338886199277,-0.8036692827037305,0.0008621283508558506,-0.0006813479276563218,0.022899533649135776,-1.881328978848808,0.01568349981915026,0.32763431914074215
P02,session_02,023,lean_forward,3.0419704914093018,0.6012810444864517,0.058458493551446056,-0.8048319084287138,0.00028653360571247584,0.0003742631476794508,0.014479069854471654,-1.7589817648708375,0.09453630117346148,2.904006933738203
P02,session_02,023,lean_forward,3.0741233825683594,0.6005790253915203,0.057256498487865945,-0.8063728654353339,0.0012957342143269104,-9.125605216606271e-05,0.04039897147886248,-1.7801269713950731,-0.006117988844788968,0.1945194238703856
P02,session_02,023,lean_forward,3.1059296131134033,0.6002261724264656,0.06520010236555887,-0.8066501846574126,1.6571295211409447e-05,0.00013932300932798474,0.004411244389720594,-1.8707253735173919,-0.006966448377324386,0.21907220675011438
P02,session_02,023,lean_forward,3.1377952098846436,0.6004741655250792,0.0625145743756126,-0.8119878165766479,0.00010635990779217568,0.0029251208052018004,0.09185623782157204,-1.8519258227433224,0.024184086551309127,0.7644789035544494
P02,session_02,023,lean_forward,3.169888496398926,0.600476785436526,0.0609472493223486,-0.811613827313576,-2.0944323498642297e-05,-4.9631098338014924e-08,0.0006526094575529968,-1.900832589836985,-0.06682944024294804,2.08234963705564
P02,session_02,023,lean_forward,3.2017812728881836,0.599859935601034,0.06044929715392135,-0.8130312993793875,0.0005453235358687235,0.00011506382499232103,0.01747513705704197,-1.8630481471090161,0.029778912880987076,0.9338831890969164
P02,session_02,023,lean_forward,3.2341485023498535,0.5975049734821388,0.06228680917058411,-0.8128410279084582,-0.0013286238572639507,-0.00018868827975709152,0.0414603147556208,-1.826514069854785,0.019153207099958443,0.5931975468445235
P02,session_02,023,lean_forward,3.2657418251037598,0.5976369760324864,0.06014228749209663,-0.811819888139464,0.00027491639559201774,-0.0005722230436093603,0.0200940299293445,-1.8229864768550152,-0.006851018306694168,0.21777919684076075
P02,session_02,023,lean_forward,3.2982027530670166,0.5966051996037829,0.0719631395906297,-0.8117185206685498,-0.0008038714267701563,-0.0015788199667234773,0.054579122271840884,-1.8454395545106128,-0.006325195571614361,0.20235515602924414
P02,session_02,023,lean_forward,3.329563617706299,0.5974672578343286,0.07615133874437092,-0.8072263952607696,-0.0007276280357616778,0.00015852212703906576,0.023746022341695015,-1.8985331713675626,-0.024905008339841897,0.7944978520155218
P02,session_02,023,lean_forward,3.3613414764404297,0.5973533356807876,0.0712072713566822,-0.806830997113041,8.058580803246546e-05,-0.0005237017346644729,0.01667405058004345,-1.827176767992068,0.06787185956091903,2.135887392186002
P02,session_02,023,lean_forward,3.393655300140381,0.5975249655814752,0.06693878059048844,-0.8083817257469209,0.0005030272202076163,-5.301848545740877e-05,0.015653162913834177,-1.8233706163894141,-0.07773104742693078,2.405555401087792
P02,session_02,023,lean_forward,3.4416699409484863,0.5970051399540518,0.06734540539653186,-0.8107196733882599,-0.00034604341732703337,-0.0013732412532096597,0.029494546196265636,-1.812119128866087,0.020514217051485102,0.428266050863946
P02,session_02,023,lean_forward,3.4738247394561768,0.5964117017447319,0.0693301648556064,-0.8111671212414964,-0.000636734812402701,-0.00034244015455332235,0.022484280546414,-1.8268093162803594,0.009266921281515064,0.28907289739837183
P02,session_02,023,lean_forward,3.506226062774658,0.5987243327196768,0.05936717837949249,-0.8104850469933232,0.0019212184545311238,0.0024075833409011424,0.09506354685399936,-1.9498747590494032,-0.19063684219474375,5.8843807858181725
P02,session_02,023,lean_forward,3.537663698196411,0.598768350151963,0.06151324396174967,-0.8107766120263213,-4.8130208855540476e-05,0.00043292301615872913,0.013855693393078307,-1.9409650000104672,0.054829764701023735,1.7441354666873439
P02,session_02,023,lean_forward,3.569363832473755,0.5987672697536728,0.06142727290026012,-0.810817495024162,-2.341810147568547e-05,4.842893248850577e-05,0.0016969569564109532,-1.911911640466279,0.003396197101151801,0.10714853998704349
P02,session_02,023,lean_forward,3.6018123626708984,0.5979027730099558,0.057786941025461995,-0.812202927656017,0.0007372663598763042,0.0003036044552019991,0.02457218827422319,-1.8390659685040613,0.03350330740065495,1.0327985130452721
P02,session_02,023,lean_forward,3.6334846019744873,0.5989378767296512,0.05232584166980493,-0.8156694271297028,0.0027913964002002386,0.006989095806450687,0.23761856880815374,-1.949369831900972,-0.14823441295830164,4.686291207835757
P02,session_02,023,lean_forward,3.6655731201171875,0.5998664414451025,0.052509969594806,-0.8153299930810063,0.0007609978515780997,0.0008765324038121373,0.036174532432996065,-1.9014081421154037,-0.036314862190743605,1.1322869225279586
P02,session_02,023,lean_forward,3.6973042488098145,0.599926795464878,0.05485416652245638,-0.8149498597365741,-0.000275680281895656,-0.00033824795737048775,0.013751840826649814,-1.9108621637355483,0.05993511382805664,1.8888928555382025
P02,session_02,023,lean_forward,3.7302935123443604,0.598222625428686,0.05786685194939029,-0.8131333336998484,-0.0006135100623141169,-0.005043785038483999,0.15401861704265887,-1.8502887831097377,0.10862687607137891,3.296394918522481
P02,session_02,023,lean_forward,3.7618792057037354,0.5978219655100062,0.06162673726575746,-0.8092482913706949,-0.00031594635127112026,-0.0014096010458825602,0.04573510793895814,-1.8275151780307526,0.041356007711396164,1.3101257339420096
P02,session_02,023,lean_forward,3.793679714202881,0.597685773382637,0.053301478237862035,-0.8089830280768687,0.00017375960339955154,-0.0006734477949678867,0.021870811745745313,-1.8249480868478265,0.018200617259626146,0.5727550265993744
P02,session_02,023,lean_forward,3.841555595397949,0.5967821306091762,0.05082610431253819,-0.8103679363430365,0.0013250020883248685,-5.3234294453244e-05,0.027698102151517363,-1.8376510655503657,0.006183692647387071,0.13209741468191233
P02,session_02,023,lean_forward,3.874213218688965,0.5956521682224327,0.05070869335880112,-0.8100217223110963,0.0003581243961675089,-0.00038065179784742514,0.01600350583197906,-1.8466928212098712,-0.0007110453503034546,0.027021539898382928
P02,session_02,023,lean_forward,3.9055962562561035,0.5956008512299427,0.049279303062057786,-0.8101942906487887,0.0014450678137861845,4.9887295088940376e-05,0.04607357303570193,-1.8765238146460224,-0.018511939283545196,0.5916674765167202
P02,session_02,023,lean_forward,3.9378206729888916,0.5953766733518008,0.05052630115103917,-0.8074627418307753,0.0002542231692995329,0.00025433579585743086,0.01115941072560418,-1.938388282184966,-0.06859570565019428,2.1287165198004305
P02,session_02,023,lean_forward,3.969951629638672,0.5953514824878453,0.05058931002278188,-0.8091619490404571,1.1413307439833673e-05,-1.0412140120550016e-05,0.00048081825217222526,-1.9400764731464484,0.05650998828637858,1.7587397416805777
P02,session_02,024,lean_forward,0.0010120868682861328,0.5576285810314677,0.0405357349107201,-0.7702780766001449,0.0,0.0,0.0,-1.997304107275616,0.0,0.0
P02,session_02,024,lean_forward,0.03357672691345215,0.556261046860557,0.04188778552618714,-0.7761426618298216,-0.001132921157731512,0.004229086565151548,0.13444661166827626,-1.924711750594034,-0.07063093180884653,2.173108552950067
P02,session_02,024,lean_forward,0.06534218788146973,0.5521629731867458,0.041097592019273196,-0.7801072107819665,0.0009331121879569037,0.00018113600293744993,0.029923403234998768,-1.957331791331685,0.05136360722151217,1.6172408686862414
P02,session_02,024,lean_forward,0.09712576866149902,0.5497157068829129,0.04838614678832096,-0.7838833165965269,-0.002069432135153117,0.00047491519861523143,0.06680264347858444,-1.9051021922738267,0.14783994928006644,4.65193635833147
P02,session_02,024,lean_forward,0.1290271282196045,0.5477875114423151,0.04685930383957131,-0.7862905624420953,0.0010608410598985797,-2.5243871572539156e-05,0.03326320209661899,-1.8378849390768721,-0.10271901358165028,3.220066352414022
P02,session_02,024,lean_forward,0.16103792190551758,0.5457234709242531,0.050043767456597756,-0.7869329849304639,-0.0018111490966905967,-7.984079419750344e-05,0.05663427371393671,-1.8848882684426214,0.0018691592770163818,0.08134501793876578
P02,session_02,024,lean_forward,0.19400572776794434,0.5454875259868184,0.05216850563365645,-0.7899705500929908,-0.0006765910178817495,0.00040697080847877523,0.023949341643120667,-1.9557131899395621,-0.04923975269437367,1.4937628166912353
P02,session_02,024,lean_forward,0.22521305084228516,0.5470877142412288,0.047908159269478466,-0.7884514085879201,0.003147699262295776,0.0005931726851693181,0.1026394450303449,-1.9634320663857254,-0.05995167838849778,1.9238172095529449
P02,session_02,024,lean_forward,0.2572472095489502,0.5473565567995278,0.04734330910473822,-0.7891779313783086,0.0008271699244112495,0.0033009481198891795,0.10623062663565742,-1.9570212629235484,-0.00926735767109685,0.308183692575527
P02,session_02,024,lean_forward,0.2887237071990967,0.5473141457408072,0.04743018028985351,-0.7899111302872359,-7.732176871337178e-06,0.002712741686993992,0.08618343554944494,-1.9493452530115922,0.006967372010447274,0.23753757559359454
P02,session_02,024,lean_forward,0.321044921875,0.5457103388780145,0.04887086874762178,-0.7937531340066082,-0.0013003112558027687,-3.986674576799753e-06,0.04023107981172934,-1.9350511640304002,0.04904118986181896,1.5178397889049045
P02,session_02,024,lean_forward,0.3688387870788574,0.5438652755353198,0.04616416387328806,-0.7963784866740311,0.0035044212385559976,-3.764571190943232e-05,0.07332789301389243,-1.9511474933582107,-0.004980179723069679,0.1274161568349921
P02,session_02,024,lean_forward,0.40183424949645996,0.5441483281111223,0.044862902142364665,-0.7970607004989333,0.00024989610267935573,0.00018095594175718401,0.009350795302818076,-1.9341075201328612,-0.10084364095329511,3.0563024593987462
P02,session_02,024,lean_forward,0.4329540729522705,0.5441685945898619,0.04999953967568652,-0.7974684920174044,-0.0004788664009061608,0.0002823771451690825,0.01786393650908989,-1.8937900086472204,0.07157170772551977,2.299944497348472
P02,session_02,024,lean_forward,0.4646909236907959,0.5437853776657453,0.05764683464427517,-0.7977540467874387,-0.0003811571810105338,-0.0003774989270355594,0.016903287591864772,-1.8941247341103742,0.007824005055690543,0.24710626744070632
P02,session_02,024,lean_forward,0.5047554969787598,0.5437423343536435,0.059900004686384574,-0.7989623358180205,7.126623629676402e-05,0.0014659386702505293,0.03663261136910871,-1.8678873134080256,0.017237604831543272,0.4318022596371667
P02,session_02,024,lean_forward,0.5340111255645752,0.5434037258152865,0.05706960270489617,-0.8025615511058822,-0.0014006556733070147,-0.00045865865522794804,0.05037799494262232,-1.8719475418044955,0.0137496683986103,0.47267601502388557
P02,session_02,024,lean_forward,0.5708065032958984,0.5441049499465134,0.055988406040502904,-0.8086923269327178,0.0005528113451421089,-1.922536297291424e-05,0.015033017261184927,-1.859998546784431,-0.026184670503539783,0.7117881105515025
P02,session_02,024,lean_forward,0.6000213623046875,0.5438927642176257,0.06249420283887784,-0.8109314324709765,-0.00018839712842455347,-0.00024805462091993124,0.010661960646918179,-1.8592901782308948,0.03559348193927553,1.2183815385415568
P02,session_02,024,lean_forward,0.6313982009887695,0.5434437174410991,0.0636209751817995,-0.812593500365807,-0.0008168382073767081,-0.00039144619833870044,0.028868095991225196,-1.878445603017928,0.018051452595979907,0.5760352067829522
P02,session_02,024,lean_forward,0.6642818450927734,0.5443373254489359,0.06697756384950407,-0.8100059066644337,-0.0008268030695242132,-0.002251746955162854,0.07294638413318534,-1.9305722327149821,-0.01310897457537299,0.4052663466910909
P02,session_02,024,lean_forward,0.6910378932952881,0.5469352126524681,0.06472526163340088,-0.8118691416325141,0.002210646144732811,-0.0005311653591041519,0.08497383203438365,-1.9874622633010115,-0.00788657684050874,0.3067624783653008
P02,session_02,024,lean_forward,0.7206809520721436,0.5474884353949407,0.06448521859495092,-0.8192714987926827,-0.00048205934485985607,-4.795689612077274e-05,0.016342406921154295,-2.0084529498735266,0.030124456349417014,1.016371202320992
P02,session_02,024,lean_forward,0.7531096935272217,0.5504473926349358,0.06679091044277687,-0.8212476115950474,-0.0026977063318298546,-0.0008999483136017148,0.08769559155248727,-1.9715205388904333,-0.05506069435531147,1.7001611807536254
P02,session_02,024,lean_forward,0.8008453845977783,0.5516981759422047,0.06766914628313517,-0.8301957273471845,-0.0009120070190773472,-0.0017346121773140258,0.041054273552053204,-1.963142240360717,0.03383144677740072,0.7099124327422054
P02,session_02,024,lean_forward,0.8331713676452637,0.5541609472187391,0.06843482911254178,-0.8368720473999415,-0.0022228818154621296,-0.0005250999321657308,0.07065711645826206,-1.9834301962365917,0.03053267340615222,0.947163343901675
P02,session_02,024,lean_forward,0.8645799160003662,0.5588271070564413,0.068398198530484,-0.8309779830901883,-0.0021025937139062265,-0.0020062261686054463,0.09252810272769715,-1.97377654426315,-0.10139351009768575,3.229539590257849
P02,session_02,024,lean_forward,0.8970372676849365,0.5597852295649418,0.07098434485911793,-0.8332607412709516,-0.002594076321109125,-0.003913215259654573,0.14464958830227226,-1.9641486468667784,0.19752401628745622,6.087366809993863
P02,session_02,024,lean_forward,0.9292550086975098,0.564674036481238,0.07226640752617357,-0.8304579675319416,0.0012334200427215514,-0.0016031293880045838,0.06278243690926584,-1.9977524987025355,-0.16839851648744775,5.227264810432797
P02,session_02,024,lean_forward,0.9611485004425049,0.5663489212038105,0.078416513627959,-0.8324911398659975,-0.001802561133550958,-0.004280786694332811,0.1456353840270181,-1.9793017396326882,-0.0002887886586170678,0.1459166000924779
P02,session_02,024,lean_forward,0.9935479164123535,0.5698242313198097,0.07875823147114486,-0.8331103038963291,-0.000834304019727966,-0.0011925129108461229,0.044920150114846416,-1.9797749871227173,0.020033076742508867,0.6199455419982417
P02,session_02,024,lean_forward,1.0249221324920654,0.570814804273758,0.08808521974204926,-0.8287170284831534,-0.0026605766619644494,-0.0043061359396542685,0.16133521787204227,-1.9719051703927744,0.08257527454210899,2.6368872127986593
P02,session_02,024,lean_forward,1.0584158897399902,0.5762219934657565,0.09125097467669316,-0.8222944434311795,0.0007040672158720821,-0.0014472349103454493,0.04805103446142046,-2.0417991929463457,-0.12263068622062305,3.6616150835020886
P02,session_02,024,lean_forward,1.0891942977905273,0.5784175446752585,0.09298647952058782,-0.8248970274129197,-0.002173277712415763,-0.0028893052223598567,0.11746592971988794,-1.9850179427688737,0.11129917806168263,3.6180520934694362
P02,session_02,024,lean_forward,1.120964527130127,0.5818896445411087,0.09763310081812566,-0.8240188146895118,-0.0006360314950499997,-0.0003974396587017754,0.023606887503915985,-2.0071722227894098,-0.16405484526350383,5.163845619412242
P02,session_02,024,lean_forward,1.1531822681427002,0.5832035768072181,0.10628599401628717,-0.8179436879685569,-0.0011668161089903293,-0.005982707985028655,0.18919479783972742,-2.041668137426371,0.1310726665499757,4.07273500230422
P02,session_02,024,lean_forward,1.1848952770233154,0.5869676562865687,0.10661434101041946,-0.8186627121820604,-0.003484423641737833,-0.0032552834506299187,0.15036246305770787,-1.9610687302738263,-0.07183481524528289,2.2701380362789996
P02,session_02,024,lean_forward,1.2329564094543457,0.5878975299794651,0.10259813220080186,-0.8142960422848289,-0.0003854953440698162,-0.0025201038910832763,0.05304530931604197,-1.9572231521228267,-0.004516954058517576,0.10791990331891482
P02,session_02,024,lean_forward,1.2653088569641113,0.5898953111094761,0.0957724996220694,-0.8187244502068943,-0.0020166996280305137,-0.0021922740374677448,0.0920728518849786,-1.9561438487581084,0.14539011064873256,4.4948878241606165
P02,session_02,024,lean_forward,1.297344446182251,0.5908532850771201,0.10046726424390685,-0.8162892681564762,-0.000785733344131826,-0.001612751388696763,0.05599941761696948,-2.0251172509906965,-0.05750018074348192,1.7957578072366085
P02,session_02,024,lean_forward,1.3291218280792236,0.5918203684192833,0.10177862926811675,-0.815051515690911,-0.00023000578345989058,-0.001265321362013502,0.040470807358112315,-2.018651788791355,-0.07439212892560566,2.341390008341751
P02,session_02,024,lean_forward,1.3613040447235107,0.59266122326693,0.10209478115895335,-0.8130479266268369,-0.00033292835468580196,-0.000640940196930141,0.022442530844419325,-2.0125488240829643,-0.016307970535526694,0.5072352989189053
P02,session_02,024,lean_forward,1.3932044506072998,0.5964848190874383,0.0960676705853608,-0.8120185887039267,-0.0002995671788083353,0.0006459249447749087,0.02231980707825037,-1.996666146822336,-0.0734867530611117,2.303738785451027
P02,session_02,024,lean_forward,1.4251859188079834,0.5981643860311071,0.09206023138601421,-0.8169047335915391,-0.0014340294476830183,-0.0024089901094387777,0.087660483892877,-1.9763609503002313,0.11849031707721157,3.7060049145905474
P02,session_02,024,lean_forward,1.4574532508850098,0.5989292615673202,0.09252637821239164,-0.8153719554277395,-0.0006306871444132692,-5.050572607581753e-05,0.01960825804849188,-2.0084210530728552,0.03681924654163539,1.141237282969494
P02,session_02,024,lean_forward,1.4900486469268799,0.5991035047603018,0.0899153589631305,-0.8212437307718797,-0.0013258374249311845,-0.000637331198027158,0.045131105490997775,-1.926994008596889,0.1853904029103624,5.6878044681394995
P02,session_02,024,lean_forward,1.5212256908416748,0.6024550504802937,0.09152169732694983,-0.8179107948229308,-0.002868854503210006,0.0018656903746691964,0.10976513243076448,-1.916940268436377,-0.06253011055455483,2.0086472793899306
P02,session_02,024,lean_forward,1.5528383255004883,0.6052772671634294,0.09349896781745128,-0.8137381447664851,-0.0008224011825090951,-0.00014431502991628072,0.026412457971818952,-2.010385398758459,-0.2227513072814235,7.046324186132355
P02,session_02,024,lean_forward,1.5849599838256836,0.6040373871047422,0.10672768515229963,-0.8135195420495958,-0.0006271668428456037,-0.00215007486744489,0.0697248743153988,-1.94452887203976,0.16117757382376258,5.018207105471243
P02,session_02,024,lean_forward,1.617072343826294,0.6040559625763148,0.10429386408559137,-0.8140254903446938,-0.00011268575852340255,-0.00011584332793911961,0.00503263823616688,-1.9704933554541835,0.019301222763580442,0.6010738336987412
P02,session_02,024,lean_forward,1.66487717628479,0.6033864410272122,0.10345947686646736,-0.8151382582380694,-0.0014561557209632609,-0.0004018514147144281,0.03159905054821087,-1.9337078715951916,0.08792082703004171,1.8394333463562493
P02,session_02,024,lean_forward,1.6974563598632812,0.6026324072705472,0.10443214922756901,-0.8125741874606298,-0.0012380576971865408,-0.0006304340775815225,0.04264467238951549,-1.9404496949543113,-0.022369962688024728,0.6879566071228775
P02,session_02,024,lean_forward,1.7286632061004639,0.6015835842925383,0.11267351357124739,-0.8118049656833546,-0.0016780735764360542,-0.0006455034193932317,0.05761379445253633,-1.9117518828802624,-0.041651355835281276,1.335929397823819
P02,session_02,024,lean_forward,1.7605907917022705,0.6023592568488959,0.11321083117054923,-0.8070311729495465,-0.0006985391764583196,-0.0007275939533596139,0.03159141686896202,-2.006526331384896,-0.19420643321964356,6.082797956379494
P02,session_02,024,lean_forward,1.7931089401245117,0.6017413677378645,0.1139053548952533,-0.8051533699629582,-0.0009355611897183181,-0.0002241582818774541,0.029584721685385167,-1.910758476730803,0.0021176420100254625,0.0715269963687849
P02,session_02,024,lean_forward,1.824709177017212,0.6017510084135231,0.11399245395205913,-0.8044411634047349,-3.6030167351458814e-05,-0.0001252512621743496,0.0041243534988229785,-1.9436552771719613,0.02395171615717548,0.7579712400678907
P02,session_02,024,lean_forward,1.8570318222045898,0.6018966416894344,0.10593303015544392,-0.8055006141066714,-0.0002719557551525211,-0.00015299832197019392,0.00965388597402105,-1.9473008485395993,0.14531874697367123,4.495890764743175
P02,session_02,024,lean_forward,1.8892741203308105,0.599597237770706,0.10768666003278925,-0.8055958246590902,-0.0013817809035260446,-0.0008661899013767279,0.05058042233314332,-1.813971566272095,0.05862856076222404,1.8190774725150842
P02,session_02,024,lean_forward,1.9210929870605469,0.6001855018835263,0.11070689384468467,-0.8081012490507139,-5.2423462016440516e-05,-0.0002933131803278372,0.009364291406804089,-1.8517286991449378,-0.1101055943767348,3.4603997205016666
P02,session_02,024,lean_forward,1.9528727531433105,0.6000532649372703,0.1087600919523629,-0.8089398941487437,-9.997791608167026e-05,0.0007376910022657966,0.02342481328867045,-1.8540312020436236,0.005939435690480737,0.18835591047100853
P02,session_02,024,lean_forward,1.985041618347168,0.5997341543132019,0.10538820646830759,-0.8086930605537223,-1.4733842527395885e-05,-0.0008306110551278996,0.02582440251301252,-1.880823709749024,0.08197906255301453,2.5485285576900583
P02,session_02,024,lean_forward,2.017212390899658,0.6013731732660658,0.10512014126887255,-0.8073072865566792,0.001546541426652437,0.0014331919044064593,0.06554127829412494,-2.0029993952193914,-0.2152970786521178,6.6926401262182
P02,session_02,024,lean_forward,2.064838171005249,0.6014535444582219,0.09939148491382925,-0.8076845068577467,-9.350178889749213e-05,0.0005410914333654552,0.011529693897541524,-2.0076206872826483,0.0764832741062071,1.6059630955683153
P02,session_02,024,lean_forward,2.096938371658325,0.6014286183034135,0.10056697694222098,-0.8073265161149451,7.051328032464153e-05,0.0007541402763603088,0.02359579184913855,-1.9804306147460793,0.004304580568180804,0.1361583661603397
P02,session_02,024,lean_forward,2.1293575763702393,0.6013178362599397,0.091430223204751,-0.806328542970475,0.00010720191459067069,0.0004969549688398774,0.015681635879747004,-1.990331165702695,-0.021806321584976588,0.6728186936250967
P02,session_02,024,lean_forward,2.16111421585083,0.6012098676878377,0.09027744624016724,-0.8066252817120296,-9.37627537836669e-05,0.0001332952920561884,0.005131827473736618,-1.9420506403148559,0.10561815305430362,3.3258644653011564
P02,session_02,024,lean_forward,2.1934261322021484,0.6000597903864838,0.09109706869244594,-0.8069967715384474,-0.0009564102301375861,-5.7264423085041115e-05,0.029652312185582303,-1.848207442275736,0.011420428155181619,0.35468489964539857
P02,session_02,024,lean_forward,2.2253081798553467,0.6034788891406774,0.09383716612716131,-0.7992440721293189,0.00294347118747499,0.0010318828669841522,0.09783258753105238,-1.977488004930434,-0.20887432748375673,6.5522019512143554
P02,session_02,024,lean_forward,2.257300615310669,0.6024509773013869,0.09170171347842467,-0.7956445849633313,-0.0007935483094802075,0.00014949368770060076,0.025240555135166008,-1.9148203220163662,0.08791720310880093,2.748178130116609
P02,session_02,024,lean_forward,2.289416551589966,0.6047151475319469,0.0900779120359228,-0.7919095824324649,0.0007484892235797858,0.0008506780239151067,0.03528118701699123,-2.0069270752165123,-0.17515751776366703,5.454026971473271
P02,session_02,024,lean_forward,2.3210113048553467,0.6023648124475715,0.08818330418266276,-0.7984196370309845,-0.0019856635589789967,-0.0013630015606698115,0.07622943962769244,-1.9216764268171203,0.2659984202049675,8.419414491306302
P02,session_02,024,lean_forward,2.3537936210632324,0.607184255367026,0.07575520264661972,-0.7934890521582277,0.0041148223517759016,0.001424972758947065,0.1328330027229591,-1.9496674895392647,-0.24158787995402406,7.3706543611920905
P02,session_02,024,lean_forward,2.385105609893799,0.605209788001692,0.0767609996722682,-0.7967086722491407,-0.0007857330070103458,0.0005199071892214794,0.03008967700724207,-1.947639202765598,0.09704591139501374,3.0994672780768124
P02,session_02,024,lean_forward,2.417191743850708,0.6028987154361797,0.07431439207168623,-0.7977326578139443,-0.0006887198406895863,-0.0008472103030326977,0.034028202557208384,-1.8984576064121965,0.13087538077478658,4.0790185319622125
P02,session_02,024,lean_forward,2.4488375186920166,0.6037498311704765,0.07448268834813276,-0.7978690346778619,0.000702927768209256,0.001280253829551817,0.04615255076362386,-2.0427261115601367,-0.11289796669115852,3.567851131524083
P02,session_02,024,lean_forward,2.4968111515045166,0.603975214743318,0.07408116530834677,-0.8051359197301163,-0.00011664831338228548,0.0026355906779560127,0.05499209925823415,-1.956990743193967,-0.05851464772913441,1.220964223935123
P02,session_02,024,lean_forward,2.5291574001312256,0.6019128305315584,0.07243830086285542,-0.8079124982690351,-0.001679705573860429,-0.00017121487628971073,0.052197988619377356,-1.8971000680955066,0.20506835998480352,6.340002913615755
P02,session_02,024,lean_forward,2.5610945224761963,0.6021788010530843,0.07199778432134936,-0.8082351681762643,0.00023342345046977803,0.0006497154792255371,0.021616672892239,-1.8953345004211317,-0.213667309189988,6.690284184138081
P02,session_02,024,lean_forward,2.5936198234558105,0.6018201670267412,0.06211819260520012,-0.8088101043896567,-0.00021034990493548505,7.101212728561841e-05,0.006825857613613392,-1.8905163722762668,0.03499560826759292,1.075971979809644
P02,session_02,024,lean_forward,2.6252024173736572,0.6002297003746131,0.06509461926724668,-0.8097932510760403,-0.0013748135999575983,-0.0008435794780746894,0.05107213908941345,-1.8804849548587446,0.16086360560325125,5.093682064348844
P02,session_02,024,lean_forward,2.657585382461548,0.6009716222195617,0.07479622841037215,-0.805748542117139,0.001511411101871179,0.0001241243515973345,0.046830158300693425,-1.960548026313139,-0.066694349813192,2.0600827787908034
P02,session_02,024,lean_forward,2.689138174057007,0.6003880224020098,0.08040343263024378,-0.8056540532862991,-0.0005935888265506218,2.9237038767237367e-05,0.01883536736662774,-1.9383171379725015,0.04806328426919526,1.5233821176074627
P02,session_02,024,lean_forward,2.721714735031128,0.6021461675659655,0.07676448305411594,-0.803943339965086,0.001650138094515238,0.00036011471860628583,0.0518463422678637,-1.9496083512083353,-0.1423734277787177,4.370732862044984
P02,session_02,024,lean_forward,2.7526144981384277,0.601827389765331,0.07679500474169336,-0.8050568554882132,-6.301384065143609e-06,0.000629247051597484,0.020365159440624985,-1.9469315285279445,0.11722220891777455,3.7936827399698676
P02,session_02,024,lean_forward,2.7855162620544434,0.6015365397773684,0.0677620293844709,-0.8055493589306367,-0.0001691916022119735,0.00010205994159785224,0.006005470158468656,-1.9271448159313451,-0.003681094010058457,0.11204241973912776
P02,session_02,024,lean_forward,2.816831588745117,0.6009598511709283,0.06841203251599363,-0.8069559018204425,-0.0004477093868947779,0.0006747875085818834,0.0258596568982295,-1.9134512531943177,0.09980805000161944,3.1872998212289008
P02,session_02,024,lean_forward,2.8490567207336426,0.5998371023272807,0.07435952348563489,-0.8069268670150401,-0.0006505129567813803,-0.0001551135302124394,0.02075245377592734,-1.9653952236062107,0.029619852716955105,0.9193880483617766
P02,session_02,024,lean_forward,2.8809447288513184,0.5987923657387664,0.08024301707485845,-0.8019261178627248,0.0009091491535697596,-3.374454274133587e-05,0.02853032325959233,-2.0031427498797876,-0.02044548498320495,0.6417997733705588
P02,session_02,024,lean_forward,2.928903818130493,0.5983111054872353,0.08098062941699508,-0.8018667850584916,-0.0002530634940619806,0.00028959967610990166,0.008019116563255248,-1.9377678684263488,-0.01458822255612921,0.3042862440601034
P02,session_02,024,lean_forward,2.9610564708709717,0.5981307041819717,0.08121212975985163,-0.8031428185622305,-0.00011380205673706285,0.001030994815237874,0.032260373366355295,-1.9174060356834222,0.04568771410859081,1.4213286684039281
P02,session_02,024,lean_forward,2.9934258460998535,0.5971805342368941,0.08170732449435784,-0.8044966491982373,-0.0006042253516687528,-0.00024303757692561024,0.020120012887267908,-1.8826002116148532,0.0026968437655588325,0.08570967798175076
P02,session_02,024,lean_forward,3.0254569053649902,0.595813068254494,0.08497429633114441,-0.8011247770634946,0.001100493393596081,9.738813191666699e-05,0.03449134044048397,-1.9668105214524914,-0.2076896950334347,6.484101313668007
P02,session_02,024,lean_forward,3.056884288787842,0.5959983374655703,0.08506349095665859,-0.8008115880438115,-9.240745872993731e-05,0.00019741593455941154,0.006935763866123209,-1.9866200513683296,0.032027260101754926,1.019111308387303
P02,session_02,024,lean_forward,3.0888783931732178,0.5953007738296902,0.08342359068571666,-0.8002515913485135,-0.0005444811640397846,-0.001459275602298242,0.0486822362653547,-1.8984206623696194,0.10604223736476437,3.3147880637468177
P02,session_02,024,lean_forward,3.1206703186035156,0.5957123111976756,0.0843372034341284,-0.7982661485176512,0.0008077528166310726,0.00026344768564221655,0.02672467631497579,-1.990195855148367,-0.17056431632904412,5.365086578678119
P02,session_02,024,lean_forward,3.152815818786621,0.5946353124408089,0.08352361651021167,-0.7993257474686393,0.0001267500798247395,-0.00039262954738909024,0.012834815396755796,-1.92062298492694,0.17503494386350268,5.445098975647856
P02,session_02,024,lean_forward,3.1851861476898193,0.5946216674197692,0.08258195263954066,-0.7994234796881127,1.2454771696225721e-05,1.658965565976142e-05,0.0006408519984276854,-1.9404223559924838,-0.038528823712322864,1.190251400044937
P02,session_02,024,lean_forward,3.2170255184173584,0.5941405443291954,0.08000720406298628,-0.8009382604329469,1.0107318913743956e-05,-0.00048575323255928765,0.015259672668960358,-1.8699712489580704,0.0742115720931014,2.330861471881737
P02,session_02,024,lean_forward,3.2490434646606445,0.5931978742040204,0.08118113635445447,-0.8024064413551294,0.00035350192578117626,1.2760986199810804e-05,0.011047934682806087,-1.853967646574396,-0.02553016153643487,0.797446900128404
P02,session_02,024,lean_forward,3.2806761264801025,0.5948052101198902,0.07700032441716068,-0.8045896186081865,0.0011984832829379363,0.0040051405096176535,0.13216123081494852,-1.9011516555261312,-0.16663854162920255,5.269584194938429
P02,session_02,024,lean_forward,3.313188314437866,0.5947917434748947,0.07676997922025879,-0.8088860911935395,-4.008437940121235e-07,0.0007102450975152313,0.021845506415956485,-1.9599178893155575,0.06628570936597468,2.0389127440013524
P02,session_02,024,lean_forward,3.3607943058013916,0.5939901882876819,0.07755796185503067,-0.8102474165919776,-0.0008357080514774915,-0.00061236254725079,0.021762978836963227,-1.9187218409369846,0.04107269384927831,0.8630375635417278
P02,session_02,024,lean_forward,3.393052816390991,0.5981541975989527,0.07128957954534816,-0.8013713765603423,0.004669811531011172,0.0016147399284998489,0.15317215618775631,-1.9150327278648978,-0.27786109773960016,8.614936714511977
P02,session_02,024,lean_forward,3.4258480072021484,0.5981031023197587,0.07137874558171302,-0.8020207324441571,-3.0258094632407857e-05,0.0008271459380781728,0.025238432013303003,-1.887749830933425,0.03636791274296625,1.1092275863647185
P02,session_02,024,lean_forward,3.456882953643799,0.5967193309076448,0.06823169751333227,-0.807019646965081,-0.0012195107813505297,-0.0002184034420389211,0.039919949005974585,-1.9074971062947483,0.18549639115751876,5.9771499446669045
P02,session_02,024,lean_forward,3.4892640113830566,0.5968146733979964,0.06658438147103353,-0.8068630594117372,-0.00013589984293838758,5.87742477084263e-05,0.004572573960903658,-1.9635748097761108,-0.11366340279135474,3.5101848786290364
P02,session_02,024,lean_forward,3.5208873748779297,0.5966704801379586,0.060793689388234144,-0.8068106574765209,3.162938553226986e-05,-0.00018570557506352833,0.005956984258513562,-1.9336698892628976,0.06461250377055015,2.04319753635017
P02,session_02,024,lean_forward,3.553252696990967,0.5962089610881004,0.06165375247300005,-0.8109962801359347,-0.0009422680885976089,-0.00010847042530738235,0.02930577656174028,-1.8861382153960882,0.0723174075047307,2.2346024250633203
P02,session_02,024,lean_forward,3.584662914276123,0.5961118102278976,0.06104463084367902,-0.8109248739503905,-0.00023803639692051459,-3.949566890358761e-06,0.00757935415304725,-1.8894713255093623,-0.15637420199962246,4.978455952787227
P02,session_02,024,lean_forward,3.6170949935913086,0.5959554590200838,0.0604940471440016,-0.809558682180087,-5.39957426533609e-05,-0.0009338425545810247,0.02884188484400056,-1.8296795574715274,0.19272594534099421,5.942518006907605
P02,session_02,024,lean_forward,3.649421453475952,0.5948189653375618,0.0633082127723989,-0.8083814595687528,-0.0003430314299268545,-0.0010061720843921847,0.032884498696134155,-1.865121231730412,0.010369955614521425,0.3224695844424338
P02,session_02,024,lean_forward,3.681035041809082,0.5958112528616369,0.07516008253353794,-0.8070635104423166,0.0017725119182269258,0.0004837908998014978,0.05811897070515255,-1.9122121427551932,-0.13830962580976233,4.375391612635578
P02,session_02,024,lean_forward,3.7130236625671387,0.5959056711022317,0.07133471061938233,-0.809399717286535,-0.00024349500963248704,0.0008991623677910109,0.029121249123300656,-1.9218424584955083,0.012836981890106729,0.4023536280386664
P02,session_02,024,lean_forward,3.760906219482422,0.5922764518623487,0.0736897504322853,-0.8136612603514143,-0.0029085968855954315,-0.0006647042567766184,0.06231043629681588,-1.8787131925922451,0.15242868698465006,3.1839962981917265
P02,session_02,024,lean_forward,3.7935404777526855,0.5919164123531977,0.09473034123307947,-0.8115281185859093,0.00030865115919129866,-0.0010739917420512363,0.03424202565859454,-1.9498230204207572,-0.035559518668626,1.0901756143076238
P02,session_02,024,lean_forward,3.8275043964385986,0.591874996130927,0.09415625580380778,-0.8115310782417781,5.53876322547221e-07,-6.787502570851398e-05,0.001998511602260578,-1.9411915208124844,0.07833203444483015,2.3063317451135146
P02,session_02,024,lean_forward,3.857745409011841,0.5914146167292543,0.08730369277043377,-0.8146425242942827,-0.00037165056793053974,-0.0004189556722517213,0.018519315585298488,-1.9282669388232998,-0.02471878779556481,0.8176026264258449
P02,session_02,024,lean_forward,3.8892292976379395,0.5896997659978355,0.08359856712266481,-0.8154754541516454,-0.0016492107383356683,-0.0008223058843336396,0.05853299980778807,-1.9266041638412341,-0.012833829164665946,0.41181265918585014
P02,session_02,024,lean_forward,3.920650005340576,0.5933298879287662,0.08336272404337484,-0.8089506988605244,0.0032131694409619042,0.0006127426549783771,0.10410560887003424,-1.9576913600194406,-0.20135874387259162,6.40931812549106
P02,session_02,024,lean_forward,3.9526543617248535,0.5935087423371915,0.07663140053025357,-0.809412524973519,-0.00025373027266962936,0.0010845676151575944,0.03480313258984633,-1.9409096956794358,0.009339990600193564,0.2939028949712522
P02,session_02,024,lean_forward,3.9851720333099365,0.5972370774949424,0.07279209449855144,-0.808348686932895,0.0033242970662384743,0.002994019310994404,0.1375813194007241,-1.9669782719272573,-0.11207587337328127,3.4493592256099035
P02,session_02,025,lean_forward,0.0002970695495605469,0.5526569270415437,0.012857991914769405,-0.7906125116424847,0.0,0.0,0.0,-2.0135951914777337,0.0,0.0
P02,session_02,025,lean_forward,0.031752824783325195,0.5514751872166298,0.012476764579650091,-0.7902130316876876,-0.0009387883733290732,0.006068058272058274,0.19520271288316193,-2.0220851717353834,-0.08601904659188506,2.7415625673064543
P02,session_02,025,lean_forward,0.06339120864868164,0.5505340489115311,0.007791837375290532,-0.792722195377327,-0.00012764673925096015,0.0023734823080824204,0.07512748703619522,-1.906101092707908,0.023708433010686442,0.7531132135227847
P02,session_02,025,lean_forward,0.09581279754638672,0.550210913858986,0.0075861303501133645,-0.7920408602083263,-0.0002328971171941069,0.006027348685390693,0.1860441388447117,-1.9344649590262122,0.021155600104212642,0.6785199588930831
P02,session_02,025,lean_forward,0.1287248134613037,0.5500016629967244,0.006827894611643869,-0.788476467256937,-9.512330683972988e-05,0.0036183161136598137,0.10997704527388957,-1.9506049510819097,0.0374223379546658,1.1423480270522706
P02,session_02,025,lean_forward,0.1593184471130371,0.5494866990189076,0.009647833742069116,-0.7857235956362965,-0.00038135150434509833,0.0020343085831076905,0.0676527692381709,-1.977593661961537,-0.013835283426829579,0.4572599233023964
P02,session_02,025,lean_forward,0.19149422645568848,0.5473209521544853,0.007991377675284737,-0.7893566854240366,0.001897953559161941,0.0004089835088038025,0.06034100284659871,-1.956333327769779,0.010593413415326398,0.3347195027800286
P02,session_02,025,lean_forward,0.22353529930114746,0.5474335157782924,0.008279192369058155,-0.7942378693979053,0.0001266820576331928,0.0008906940889285206,0.028078269596581922,-1.9244952964814042,-0.04333332084184962,1.3527218360355129
P02,session_02,025,lean_forward,0.2554612159729004,0.5475713844578468,0.011612192448012433,-0.7956670390220625,-4.936471695357654e-05,0.003572927865326835,0.11192376730075285,-1.9532792578376135,-0.02363674628301359,0.7487745454868172
P02,session_02,025,lean_forward,0.30414772033691406,0.5476289510805211,0.011933196434031828,-0.7926188883158891,3.35775398231353e-05,0.005602823395382611,0.11508166548874153,-1.9636112636180714,0.021165033531741612,0.4496953606057068
P02,session_02,025,lean_forward,0.3360462188720703,0.5470576900264889,0.011955572489191288,-0.7942711459657206,-3.2250666017803975e-05,0.0010027124302765201,0.031450726153945355,-1.9300019657686989,-0.011484641944612054,0.3614081347012505
P02,session_02,025,lean_forward,0.3685474395751953,0.5462503034290394,0.023531218710944476,-0.7960498957724699,-0.0007873537329648294,0.0007096358663114393,0.03261283836381012,-1.954596435423204,-0.003670416523720707,0.11754639549821738
P02,session_02,025,lean_forward,0.4013214111328125,0.5462408270496588,0.023278828074433044,-0.796261209303326,-9.52053563030369e-06,7.774649440219344e-05,0.0023899224178828026,-1.9610236978442805,-0.03141730382898293,0.9586083094442915
P02,session_02,025,lean_forward,0.4335024356842041,0.5464379728956513,0.017536798916462266,-0.7958823053807943,-0.0010231292380164297,-0.00036126805472538344,0.033716709895306604,-1.9495913745626008,-0.004319509349977411,0.13839530938976669
P02,session_02,025,lean_forward,0.4646422863006592,0.5448444618846263,0.017082781688884396,-0.7965309406363437,-7.559370136080496e-05,-0.0016646476942933266,0.05351224167298323,-1.9202102523379192,0.0795464806893056,2.555051836621689
P02,session_02,025,lean_forward,0.4960927963256836,0.5446538517700628,0.01640924566521613,-0.8007890046152062,7.728905292014948e-05,-0.00011025659584715129,0.004281269651492333,-1.9200324906821777,0.02460719291236844,0.7824216930212138
P02,session_02,025,lean_forward,0.5277376174926758,0.5445876367357187,0.017560101012517218,-0.8027875566940555,-0.00013995807904012162,0.0007897849449489873,0.025346646531045503,-1.9236270707350334,-0.0071707241332802565,0.22801342536689326
P02,session_02,025,lean_forward,0.5604186058044434,0.5444072959315672,0.018318712151894536,-0.8036524833190698,-0.0006104631598253965,0.0005943414362394593,0.02607025710705708,-1.9135356007289137,-0.01276446360604469,0.39144675089128445
P02,session_02,025,lean_forward,0.5913114547729492,0.5443233982489755,0.018281430448192915,-0.8037016713813667,7.328439057415673e-05,-0.0005291149424793804,0.01729092435226561,-1.9106369043519218,-0.01223282648369185,0.39635332908510096
P02,session_02,025,lean_forward,0.6234645843505859,0.5421730586575196,0.02106601747969527,-0.8064787694980224,-0.0016769174243601288,-0.0003055137196247942,0.05301258952322114,-1.9019937460894236,0.01257883205676478,0.39479186584968606
P02,session_02,025,lean_forward,0.6554756164550781,0.5416533719128753,0.02270409482713648,-0.809642654926843,0.0004781051754064095,-0.0013366807217127926,0.04434760450955293,-1.9064067387983814,0.011512103568152191,0.362353294097983
P02,session_02,025,lean_forward,0.6877613067626953,0.5421155809579173,0.025893163843209416,-0.813569242461858,-0.002221971125232369,-1.5062906548082415e-05,0.06882374698366502,-1.9065474576315347,-0.0040417791378643845,0.14285912314483976
P02,session_02,025,lean_forward,0.7353477478027344,0.5434260139380344,0.030275165427318763,-0.8099480926040646,0.0014154877062534615,-0.0017159371124528607,0.046744834032737485,-1.9370127048209962,-0.008540227070385053,0.1854554376586952
P02,session_02,025,lean_forward,0.7676022052764893,0.5440902394401221,0.030025324035096012,-0.8084091517375668,0.0009563918121115655,-0.0008680677780329367,0.04004403452055718,-1.9376105379535764,-0.027484905716615538,0.8530677367508669
P02,session_02,025,lean_forward,0.7997086048126221,0.5447349605510349,0.030149157109403742,-0.8209560970814985,-0.0008049447915856337,-0.0023265328119471945,0.07667776876300254,-1.9248674399170826,-0.012609780485870643,0.40016477688984886
P02,session_02,025,lean_forward,0.8320121765136719,0.5479204223298052,0.03014421923086113,-0.8170428314297243,2.285811127494392e-05,-0.00220422357981464,0.068238339647295,-1.9497814445103558,-0.010774669113381895,0.3404529440354141
P02,session_02,025,lean_forward,0.8637142181396484,0.5495007683790987,0.02894376351231962,-0.8369314563065284,0.000289819722598416,-0.003045527336194892,0.09650123687513533,-1.9432503108712411,-0.0015727143515151098,0.10850606394377249
P02,session_02,025,lean_forward,0.8956949710845947,0.5536169066654982,0.028388482954358696,-0.8468124051216529,-0.0022080014925438055,-0.0022849543806154685,0.09935555684392186,-1.9405076281594829,-0.010693060024018874,0.34880886361804003
P02,session_02,025,lean_forward,0.927480936050415,0.5553853567040665,0.028264631360228692,-0.8432833991062686,-0.0005315889286058699,-0.0016942267443469572,0.05586322044530229,-1.9674306133511459,-0.018256013564157323,0.5770523300899968
P02,session_02,025,lean_forward,0.9599184989929199,0.5584756527365414,0.0291020758785436,-0.8480808113185337,-0.0007983208233613836,-0.002312035293646745,0.07540582078661585,-1.9795567099212774,0.0017674054592064854,0.09303119733480901
P02,session_02,025,lean_forward,0.9920544624328613,0.5651547010128376,0.032915366933929116,-0.848199207108679,-0.004780315500350402,-0.0012808326767475454,0.1539998668285039,-1.999873020475281,-0.009813565001030979,0.3420098068624234
P02,session_02,025,lean_forward,1.0251259803771973,0.5677399209017027,0.034944991629793566,-0.8468439694120263,-0.0013543171605430663,-0.003977598004767067,0.12705313927182238,-1.9733994451492642,0.00030621740914837123,0.12739008550549805
P02,session_02,025,lean_forward,1.055795669555664,0.573157918238041,0.03761605327671638,-0.8458654231565171,-0.002572211930960379,-0.0022794314921933765,0.11206083510587382,-1.9902830751691818,-0.010173181056694654,0.3501192618478304
P02,session_02,025,lean_forward,1.0875749588012695,0.576746588081166,0.03565071264033527,-0.8510769956262055,-0.0019112612403694895,-0.003082046006943919,0.1141170449006269,-1.9969807450543773,0.005101665877149294,0.1969618253407305
P02,session_02,025,lean_forward,1.1194863319396973,0.5838167669117452,0.03849989074718578,-0.8421016922779493,-0.003509303896327141,-0.002597750647022254,0.1368220460965248,-1.9777173796215362,-0.057059905116635744,1.793301384240942
P02,session_02,025,lean_forward,1.1673645973205566,0.5940670063908611,0.039181432137031055,-0.8443842090314941,-0.0017861943649103021,-0.001729343064497172,0.05192722335010471,-2.0106960992887344,-0.03661429429669062,0.7664982318422451
P02,session_02,025,lean_forward,1.1996495723724365,0.599449700057798,0.03970592816882635,-0.8447895964771643,-0.0016020776016564704,-0.0029834155626248084,0.10488959885463632,-1.965121526166384,0.01832509402919412,0.5772145074617102
P02,session_02,025,lean_forward,1.231689214706421,0.6031370275365873,0.04102163090516918,-0.8435619708865039,-0.001469802699370852,-0.002417540888006465,0.08830559727925173,-1.9814233751635169,0.011397045531433413,0.3665139347433197
P02,session_02,025,lean_forward,1.2641863822937012,0.6053327612994982,0.04170127543315805,-0.846466677139163,-0.0006232400147910972,-0.0033702421370190817,0.10546715675232374,-1.9860585333038283,0.025085373670623193,0.7790965356421043
P02,session_02,025,lean_forward,1.2955427169799805,0.6070505232955764,0.040483269478542715,-0.8455315368221398,-0.00014039554893310595,-0.0019968839768700355,0.06384079420682334,-1.9713605349182988,0.002200107116937731,0.09486163081512203
P02,session_02,025,lean_forward,1.3278026580810547,0.6108465806224174,0.0426425759081956,-0.8448971296290787,-0.0026531704443919116,-0.002533833637290486,0.11372421063131072,-1.9569206272833488,0.005538476836530587,0.20593245977410912
P02,session_02,025,lean_forward,1.360382080078125,0.6143378864787014,0.04245493298556236,-0.8431324503957484,-0.0010206532523493552,-0.0018080642300583578,0.06372899049126157,-1.9837854330017326,0.0018536890968011306,0.08543251572477836
P02,session_02,025,lean_forward,1.3923966884613037,0.6177590147465474,0.04173010803729735,-0.8452874218721789,-0.0016457974776351216,-0.0008561137927044663,0.05794697256653901,-1.9902649882587555,-0.0020324380722271393,0.08595440540409416
P02,session_02,025,lean_forward,1.424835443496704,0.6207271537939436,0.03754873140066178,-0.8483604392875834,-0.002233600033550348,-0.002894736617234252,0.11271368839599889,-1.9945260543500194,0.0237023964868698,0.7393238487871193
P02,session_02,025,lean_forward,1.455493450164795,0.6215145923392891,0.03715615006625608,-0.8442890809160178,0.0008959667249616163,-0.001941588903420969,0.06974837196985922,-1.9775086337921148,-0.008081658220051824,0.27267813706508554
P02,session_02,025,lean_forward,1.4875595569610596,0.6235836728427766,0.03738859212132896,-0.8417182857831018,-0.0007273586765529213,-0.0003022367245771424,0.024563420819126502,-1.9732286846712765,-0.02392265326731862,0.7464459794823786
P02,session_02,025,lean_forward,1.5194776058197021,0.6250314107970952,0.03512606516504205,-0.8390090326513735,0.0006888401023004045,-0.0003686242809548464,0.02447740816754675,-1.9489921721403198,-0.014607386790813802,0.4583069894066337
P02,session_02,025,lean_forward,1.5673604011535645,0.6272378743237618,0.03375248934089794,-0.838157807626922,-0.000852084943237757,-0.00022307629902145533,0.01839495333449665,-1.9336134102504126,-0.0048362181410432055,0.10266260157094378
P02,session_02,025,lean_forward,1.5995681285858154,0.6268981842193596,0.03399272768113677,-0.8371468558066081,-0.00012639520522292485,-0.0012713919580561927,0.03966933996645459,-1.9159082187933039,0.07953406700939797,2.4697280758849005
P02,session_02,025,lean_forward,1.631589412689209,0.6292911551228435,0.038109219428399885,-0.8369450362572751,-0.0031620954750209104,-0.002072457906632021,0.11806932355891643,-1.9206148105329492,0.008041080794632453,0.27748871561287575
P02,session_02,025,lean_forward,1.663498878479004,0.6295027499035649,0.0380604412040519,-0.8359698128118601,0.00026662191568283824,-0.00048147465396980774,0.017247801719561598,-1.9212260866316198,0.007025079739751409,0.22083119922206332
P02,session_02,025,lean_forward,1.6954236030578613,0.6295848974757631,0.03803174771567414,-0.8362219135688843,-2.2129796588368634e-06,-0.00012747709564166147,0.003993653957639826,-1.9038169332046955,-0.05887288009565036,1.8441198452426688
P02,session_02,025,lean_forward,1.727942943572998,0.6309735189817184,0.0366622562099748,-0.8347756485041871,0.0005941231310930561,-0.00019681694025755857,0.01924623132674385,-1.9063436612934122,-0.07799774575196142,2.39858052374518
P02,session_02,025,lean_forward,1.7599165439605713,0.630953488527652,0.03410174292316304,-0.834635508763765,6.981153649185861e-05,-7.97306316632323e-05,0.0033144418640208397,-1.8592477394926077,0.02505967289163828,0.7837683796788432
P02,session_02,025,lean_forward,1.7912678718566895,0.6311383449582165,0.035386915388181304,-0.8344742036361951,4.701926725670936e-05,0.00015511754249388927,0.005170026929469081,-1.86262954020887,0.003986426402188849,0.12725841372724006
P02,session_02,025,lean_forward,1.8235692977905273,0.6307081307144203,0.03479658615798121,-0.8338260991945986,0.0002828514381298198,-0.000926756641503534,0.0299974265754382,-1.8588713000923365,-0.010540256130135334,0.32768523593780546
P02,session_02,025,lean_forward,1.8560056686401367,0.6308190790095006,0.0345889947421718,-0.8330797798808179,0.0001666054394949977,2.6881751048533582e-05,0.005202807325425326,-1.863938617922046,-0.013676197144605537,0.42166364398601686
P02,session_02,025,lean_forward,1.8871901035308838,0.6293851964304559,0.03586105370653586,-0.8300531708093012,0.0011525350946138054,0.0002766747147834209,0.03800866977577399,-1.8664163739502209,-0.006695168226488487,0.21803430853710726
P02,session_02,025,lean_forward,1.9193828105926514,0.6283217621153744,0.03558071513878039,-0.8294494958428771,0.00022321322865583167,0.00019167119783217507,0.009139156769604622,-1.8950150453716,0.14130175252569044,4.389256813853996
P02,session_02,025,lean_forward,1.9514405727386475,0.6268051280030352,0.035858276490472615,-0.8307307529950211,-5.1825567391386415e-06,-0.0006785345616903446,0.02116661637674567,-1.8844586494029523,-0.02777051632790995,0.866523526492737
P02,session_02,025,lean_forward,1.9993867874145508,0.6256182583526569,0.0431114620898708,-0.8313119972560555,-0.0006333165956618689,-0.0009732155963347923,0.02421748491533205,-1.8804922156368296,-0.01764080696243262,0.36872523537281376
P02,session_02,025,lean_forward,2.0316028594970703,0.6239520051596209,0.043633776958680995,-0.8316219271800785,-0.0004366089485941005,-0.0011381637278250543,0.037839313845988085,-1.892383309178357,0.13416210619158106,4.164618330074734
P02,session_02,025,lean_forward,2.0641162395477295,0.6247026856510993,0.04650466158202749,-0.8284751436906965,0.0006751768927211312,0.0004651374965311356,0.025216948818148274,-1.8463059493756422,-0.16944753861066697,5.211685831776303
P02,session_02,025,lean_forward,2.095381259918213,0.6231565738354288,0.04447038033571752,-0.8308984911021484,0.001289583078065763,0.0006727989223793714,0.04652287792170696,-1.859966824875687,0.007489168328754623,0.24401424619979306
P02,session_02,025,lean_forward,2.1279046535491943,0.6221689102563044,0.046253484626180175,-0.8316862842789716,-3.473997809175649e-05,-0.0002148346111568809,0.0066913469738951285,-1.8806082019855574,0.018382753412364297,0.5652559434870674
P02,session_02,025,lean_forward,2.1597681045532227,0.6210978684526999,0.04648940730640578,-0.8314518046698723,0.00013864773156245934,-0.0005800700560161172,0.018717672603600858,-1.8937811602681478,0.13070565649449276,4.102098582444182
P02,session_02,025,lean_forward,2.1916558742523193,0.6218104750649688,0.044806830782833706,-0.8245103033455625,0.0006178198215436101,0.00023039136435050103,0.020678136116347834,-1.9007766123046363,-0.13096299232085792,4.107049614523716
P02,session_02,025,lean_forward,2.223525285720825,0.6217182063019246,0.0432397966964604,-0.824894491597197,0.0009625072512554449,0.00019897992205691705,0.030840221675440316,-1.86855722121955,-0.09266177637720376,2.907709447311054
P02,session_02,025,lean_forward,2.255200147628784,0.6203930565877173,0.04193764267500468,-0.8240692809156676,0.0012299360109706036,0.0005356695943262913,0.0423529298198119,-1.875032296669803,0.010034833833018874,0.31962597376137336
P02,session_02,025,lean_forward,2.2883400917053223,0.618679245590563,0.043074326746091934,-0.8259205306549537,5.331311909630496e-05,-0.001393342642747342,0.04207497211585528,-1.8569409297242438,0.12702814644388277,3.833313621041911
P02,session_02,025,lean_forward,2.3198719024658203,0.6184831320588909,0.0459169820490601,-0.8228506849529623,-0.00011958598343571367,9.560132613537058e-05,0.004855498141646199,-1.8736015838484648,-0.011746217877370941,0.3725512534029806
P02,session_02,025,lean_forward,2.3530030250549316,0.6199241417384184,0.044856613545958844,-0.8204638666221563,0.0012628476671781384,0.0007259676468068358,0.04396604778704585,-1.8575062944526708,-0.07510491295252185,2.267325445569261
P02,session_02,025,lean_forward,2.3838696479797363,0.61969689502516,0.04428542937172692,-0.8218137135871367,0.0006290884822613392,0.0006687161031911873,0.029744560216549275,-1.8854503670884664,0.04792852544975943,1.5530470700329628
P02,session_02,025,lean_forward,2.431840658187866,0.6151781521084415,0.04478716131289785,-0.8240068955879637,-6.40443261216275e-05,-0.0012828727685528125,0.02677597151606678,-1.847084581903804,0.1479949077505782,3.085206691726314
P02,session_02,025,lean_forward,2.463719606399536,0.615228142678851,0.033002479264727075,-0.8244252234782119,-3.3254808907258624e-05,-0.0005927736294218846,0.018623754332293987,-1.9028205470315214,0.0148463708642729,0.4660830450048854
P02,session_02,025,lean_forward,2.4962656497955322,0.61671337180679,0.03544976313653078,-0.8234621141142244,0.0012022393407006627,0.0019409507453922912,0.07015067990115068,-1.8731275040314896,-0.13882637521255392,4.266114510858108
P02,session_02,025,lean_forward,2.5279693603515625,0.6183595916323638,0.03350404299400066,-0.8216536457410915,0.0019310602880042585,0.001170579086905619,0.07122673309065476,-1.87269618732197,-0.0786131717762732,2.4806433141972715
P02,session_02,025,lean_forward,2.560014009475708,0.6183268622135191,0.04011032520337052,-0.8198523466044422,3.182294763328756e-05,0.0014475404562976529,0.04518352529537719,-1.8647237558085052,-0.01775653000274914,0.5559575187047651
P02,session_02,025,lean_forward,2.59116792678833,0.619570164885536,0.0385328288088328,-0.8192758075182336,0.0010609170829325647,0.0005909282778335153,0.038980307118015624,-1.8523050922214843,-0.04869164831530812,1.563424244545054
P02,session_02,025,lean_forward,2.6235952377319336,0.6191386763514645,0.04129528684045211,-0.8187550702958935,4.795462601965946e-05,0.0005486923784171626,0.016985187655491084,-1.8513405039390902,0.003878656795709039,0.12081076728495528
P02,session_02,025,lean_forward,2.655503034591675,0.6178269711570918,0.04176122571537093,-0.8169014204730207,-0.00025525988158096684,-0.0001404670997616621,0.009131200963741024,-1.8955258974225322,0.1585655523585634,4.969500737768625
P02,session_02,025,lean_forward,2.6876726150512695,0.6153386899124594,0.04406371425905135,-0.8192328800471405,-0.00192806916344191,-0.0009922343398292973,0.0674054445200385,-1.914819030641085,0.1779001537003505,5.530484572342392
P02,session_02,025,lean_forward,2.7202134132385254,0.616522524110752,0.042940918930912064,-0.8219621078232239,0.0010110183300078021,0.00019321253956687475,0.03163151951984475,-1.9292544226514956,-0.152164083562601,4.6762087411205435
P02,session_02,025,lean_forward,2.7515923976898193,0.6154382010295064,0.04306801430190491,-0.8231805734088187,0.0006801592247227149,-0.0001663383540873592,0.02231441098745279,-1.933293548579844,5.292804105312478e-05,0.022378069928427183
P02,session_02,025,lean_forward,2.7836296558380127,0.6153914926743009,0.04474989046765082,-0.8180271386318095,0.0003186698779981714,0.0009459486686582246,0.031156943335939127,-1.9539455503511083,-0.058424425240753614,1.823906132718448
P02,session_02,025,lean_forward,2.8155360221862793,0.6152763557466724,0.0420360280047175,-0.818738359351158,0.00040402758743213413,0.0006442160243185834,0.023833149714930685,-1.9231891168828934,-0.027302311046277117,0.8560328840105975
P02,session_02,025,lean_forward,2.8634068965911865,0.6167328434114298,0.04316750308450828,-0.8187202833494469,0.001358393091935632,0.00127374344371215,0.03889972471333337,-1.9007129325928236,-0.048209031726812186,1.0078149542576214
P02,session_02,025,lean_forward,2.89538836479187,0.6166231787111542,0.04352867688549401,-0.8191274121918098,0.00035552650476439364,0.00022324319270075233,0.013126522232605601,-1.875910349181229,0.015348223238545131,0.4800893861348859
P02,session_02,025,lean_forward,2.9287102222442627,0.6166926987362428,0.04543099369979569,-0.8188971007434106,0.00011261177874529883,0.0005981315247422223,0.018265490448065313,-1.8750291021309804,-0.005128336296346632,0.1549831744286468
P02,session_02,025,lean_forward,2.959693193435669,0.6167793891949664,0.04603543611682674,-0.8191205266680628,0.00012922985531330008,8.794104941865999e-05,0.005045149924531963,-1.8907509721384583,0.016252327359953047,0.5245810335420359
P02,session_02,025,lean_forward,2.991210460662842,0.6166502278981253,0.04780142856413877,-0.8138745666172511,9.833820330377177e-05,-4.3689758342110666e-05,0.003414213469595402,-1.8899530729365432,0.002993328398978945,0.09503558542801559
P02,session_02,025,lean_forward,3.023428201675415,0.6139865267407514,0.05006151314800031,-0.8146823669763507,-0.0020638682481696584,-0.0016544535007581844,0.08210198689851618,-1.8660162628445238,0.2150738342288462,6.676138451128664
P02,session_02,025,lean_forward,3.055402994155884,0.6139364413416779,0.04950394245062663,-0.8142106815786099,-0.00012794723678839447,-0.0004140233264035726,0.013552632176978576,-1.9563806524629783,-0.11746667972087808,3.6737526632935285
P02,session_02,025,lean_forward,3.087189197540283,0.6132823391203882,0.05460951759217997,-0.8142489411869055,-0.00047485607397345026,-7.274639064018778e-05,0.01511334984506922,-1.9210932443218283,0.16239351237881264,5.108953119450372
P02,session_02,025,lean_forward,3.119385242462158,0.6132621892160295,0.05276885303933618,-0.8139208927257398,2.4954241130771378e-05,5.4330752841679455e-05,0.0018569826705019108,-1.9166014754204055,-0.037238677049451115,1.156624210670548
P02,session_02,025,lean_forward,3.1522812843322754,0.6138304793731693,0.05126467124259672,-0.816206965201011,0.0015790368246373224,3.13156459087745e-05,0.04801025388253369,-1.894212633096599,0.02880816087217827,0.8770483913149366
P02,session_02,025,lean_forward,3.183199644088745,0.6137883801690808,0.05203936990605032,-0.8175020159942487,0.00044326816936957866,0.0006968573285639229,0.026712009584249838,-1.8942752343537725,-0.14846044785900428,4.8017665311066215
P02,session_02,025,lean_forward,3.215752363204956,0.6131025292798757,0.053491302320469336,-0.8184040270957075,0.0005101032147164884,5.716422531985806e-05,0.01576815277010704,-1.8999352506884148,0.012160522319956539,0.3738965886531427
P02,session_02,025,lean_forward,3.263354778289795,0.6116843239358122,0.050052923857119,-0.8158148299604643,-0.000858123762689334,-1.5055016546025137e-05,0.01802966959601328,-1.8935939393909385,-0.03239907771135562,0.6808571227863817
P02,session_02,025,lean_forward,3.29536771774292,0.6122519315614134,0.0475731912689778,-0.8158771940620803,0.0004994094119676722,0.0004143836179322882,0.020271188296645738,-1.8702387559190696,-0.0374526514429736,1.1700978960426953
P02,session_02,025,lean_forward,3.3276724815368652,0.6116658723610071,0.04964660834251046,-0.8159376658970282,0.00036077097986177825,-0.0006294063769132894,0.022457088567455756,-1.8822360428339224,-0.021694129341739,0.6719212153021722
P02,session_02,025,lean_forward,3.3611135482788086,0.6115822399252839,0.04951055797138128,-0.8164374255934101,-7.001263917629836e-05,0.0003718088998887465,0.011313732002486414,-1.8974386169792035,0.0005579813641122007,0.020159535861011574
P02,session_02,025,lean_forward,3.3918278217315674,0.6126202478267001,0.04741982140108147,-0.815356272179929,0.000905764121419421,0.0001448716662327212,0.02986483292002393,-1.8906294374317676,-0.01911600608388651,0.6230979580784778
P02,session_02,025,lean_forward,3.4238314628601074,0.6123511111849438,0.04948944429018801,-0.8161675431190935,0.0002709628950822313,-0.0003222353530919539,0.013155328865397437,-1.9054546853586174,0.01678553690821573,0.5246533057797746
P02,session_02,025,lean_forward,3.4557137489318848,0.6121393234535514,0.04949168103109257,-0.8146062484309589,-6.937686859074702e-07,0.00029985412887748134,0.009405063701618857,-1.8816555935114843,-0.02070663402652981,0.6495395274165144
P02,session_02,025,lean_forward,3.4878811836242676,0.6116635001284706,0.05209376287564656,-0.8151283677587021,0.00044577034181009006,-0.00032147696089878395,0.017085559261890454,-1.9071615345746897,0.025629772633183348,0.7969446407698458
P02,session_02,025,lean_forward,3.5195345878601074,0.6118975552131103,0.052452942308435134,-0.81468780008981,-0.00034296673010968923,-3.7892301775174954e-05,0.010900995765438452,-1.9023891230697958,-0.00813761533000915,0.257316006774573
P02,session_02,025,lean_forward,3.5514955520629883,0.6122309035644142,0.048472451973635165,-0.814274154837268,0.0002880169719639836,0.00040592783693880243,0.015572934870456757,-1.9117705967699645,-0.0190120165048571,0.5950549673481402
P02,session_02,025,lean_forward,3.584284782409668,0.6099203220687224,0.04967988864092315,-0.8162471249282109,-6.932388273952056e-05,-0.0015502652529880308,0.047326956306641244,-1.8663773697406791,0.16910734804761138,5.15762237254513
P02,session_02,025,lean_forward,3.6155238151550293,0.6101709844293867,0.048952190471080285,-0.8145281926181152,-0.000188483498935413,0.00011038422067738621,0.006992143634748689,-1.970134102827127,-0.03581533262059046,1.1465143294196705
P02,session_02,025,lean_forward,3.647736072540283,0.6107591669390249,0.045889129752701874,-0.8134726653749922,0.00044244134561930896,0.0006495174117332842,0.02439731596753047,-1.9562308475101664,-0.05304162856791309,1.6468094648834124
P02,session_02,025,lean_forward,3.695404529571533,0.610153871836065,0.04641537556917417,-0.8143574197671261,0.00045346718888264703,-0.00014184281737561472,0.009967462023138038,-1.9502729949642246,-0.006968907594593864,0.14653475963831009
P02,session_02,025,lean_forward,3.7277328968048096,0.6101451260336713,0.04817497320392804,-0.8132934848039014,7.094684759595796e-06,0.0004733534595885911,0.01464369113439741,-1.9326216795244253,-0.050085739102598045,1.549350636641851
P02,session_02,025,lean_forward,3.759704828262329,0.6113279151563289,0.04677203141626401,-0.814227203911463,0.0012396307864677228,0.0008951988489930213,0.047825493531616185,-1.930140514945463,0.002059108478122705,0.08021910948328138
P02,session_02,025,lean_forward,3.7918121814727783,0.6116426048348592,0.04606648637474092,-0.8153859045834192,0.00046533650065128015,0.0012522827573349965,0.04160870597061431,-1.9317117127569532,-0.046397024997949024,1.4456580760053437
P02,session_02,025,lean_forward,3.8231894969940186,0.6123326962513822,0.0446489951920496,-0.8152822483325296,0.0007664453086597195,0.00036176520323650646,0.027011015934356435,-1.9315103160284033,0.006528808209734686,0.2098200330321181
P02,session_02,025,lean_forward,3.8557515144348145,0.6117977436979813,0.04442724038681232,-0.8156584243980918,0.00017915314708230444,0.0009350403529997508,0.029238006631795273,-1.9188654560740959,-0.015186039329336458,0.46728840340361083
P02,session_02,025,lean_forward,3.887539863586426,0.6117372992311381,0.04441283736608164,-0.8174156799508184,-2.4078632868441327e-05,-0.00013295010439651265,0.00425039234143655,-1.9185417186269733,0.1030885560857191,3.2429694331362864
P02,session_02,025,lean_forward,3.9192113876342773,0.61107743258858,0.04753636214978667,-0.8165729209222787,-0.0005208893133451453,-0.0006871222822639158,0.02722454512437265,-1.9119826390498214,-0.011390213776737544,0.3606647778314872
P02,session_02,025,lean_forward,3.9516823291778564,0.6095059556433867,0.03990059246755722,-0.8189643152831886,-0.0012569905112296176,-0.0014824738037526315,0.05985796381197954,-1.9200818422410408,0.08229795461224827,2.5352176187689004
P02,session_02,025,lean_forward,3.983612298965454,0.609827740531054,0.04418678716864194,-0.818230208156739,-0.00018759996874878086,-0.00024972604110876464,0.009782060922513337,-1.9325913713981946,-0.0037737954247475365,0.11859387749512852
